image_path,label,image_name,try_num,valence,arousal,reasoning
../database/final_database/001/001.jpg,1,001.jpg,1,0.23,-0.18,口角がわずかに上がっており、全体として穏やかな表情で軽い快の印象です。一方で目や眉の動きが小さく、興奮や緊張は低めに見えるため覚醒度はやや低いと判断しました。
../database/final_database/001/001.jpg,1,001.jpg,2,0.32,-0.18,口角がわずかに上がっており、全体として穏やかな微笑みに見えるため快寄りです。目元や表情筋の緊張が少なく落ち着いた印象なので覚醒度は低めと判断しました。
../database/final_database/001/001.jpg,1,001.jpg,3,0.15,-0.35,口角がわずかに上がっており全体として中立〜軽い快の表情ですが、目元や眉の動きが少なく覚醒度は低めに見えます。
../database/final_database/001/001.jpg,1,001.jpg,4,0.25,-0.15,口角がわずかに上がっており全体として穏やかな表情で、快寄りのvalenceと判断しました。目や眉の動きが小さく緊張感が低いため、arousalはやや低めです。
../database/final_database/001/001.jpg,1,001.jpg,5,0.32,-0.18,口角がわずかに上がった穏やかな表情で、不快さは見られないためvalenceはやや正寄りです。目の開きや表情筋の緊張が強くなく落ち着いて見えるため、arousalはやや低めにしました。
../database/final_database/001/001.jpg,1,001.jpg,6,0.32,-0.18,口角がわずかに上がっており全体として穏やかな表情のため、快寄りのvalenceと判断しました。目や眉の動きが小さく緊張感が低いので、arousalはやや低めです。
../database/final_database/001/001.jpg,1,001.jpg,7,0.42,-0.18,口角がわずかに上がり、全体として穏やかな微笑に見えるため快（正のvalence）寄りです。一方で目の見開きや表情筋の緊張が強くなく落ち着いた印象なので、覚醒度はやや低めと判断しました。
../database/final_database/001/001.jpg,1,001.jpg,8,0.25,-0.15,口角がわずかに上がった穏やかな表情で、全体として軽い快の印象です。目や眉の動きが小さく緊張感も低いため、覚醒度はやや低めと判断しました。
../database/final_database/001/001.jpg,1,001.jpg,9,0.15,-0.25,口角がわずかに上がっており不快ではないためvalenceは弱い快寄りです。一方で目元や表情筋の緊張が少なく、全体に落ち着いた印象なのでarousalはやや低めです。
../database/final_database/001/001.jpg,1,001.jpg,10,0.22,-0.18,口角がわずかに上がり、全体として穏やかでやや快の表情に見えます。一方で目の開きや表情筋の緊張が弱く、覚醒度は低めに感じられます。
../database/final_database/001/002.jpg,1,002.jpg,1,0.35,-0.15,口角がわずかに上がっており穏やかな微笑に見えるため、快方向のvalenceです。一方で目元の緊張や大きな表情変化が少なく、全体として落ち着いた覚醒度なのでarousalはやや低めです。
../database/final_database/001/002.jpg,1,002.jpg,2,0.25,-0.15,口元がわずかに上がっており、全体として穏やかで軽い好意・満足が感じられます。一方で目元や表情の動きは強くなく、覚醒度は低めです。
../database/final_database/001/002.jpg,1,002.jpg,3,0.35,-0.15,口角がわずかに上がり、全体として穏やかな微笑みに見えるため快寄りです。一方で目元の動きが小さく表情の強度は弱いので覚醒度はやや低めと判断しました。
../database/final_database/001/002.jpg,1,002.jpg,4,0.32,-0.18,口角がわずかに上がっており、全体として穏やかな微笑に見えるため快寄りです。一方で目元や表情筋の動きが強くなく、落ち着いた状態なので覚醒度は低めです。
../database/final_database/001/002.jpg,1,002.jpg,5,0.18,-0.22,口角がわずかに上がっており軽い肯定的感情が見られる一方、目元や眉の動きが少なく全体として落ち着いた表情です。強い興奮や緊張は感じられないためarousalは低めにしました。
../database/final_database/001/002.jpg,1,002.jpg,6,0.32,-0.18,口角がわずかに上がっており、穏やかな微笑みに見えるため快寄りのvalenceです。一方で目の開きや表情筋の緊張が強くなく、落ち着いた状態に見えるためarousalはやや低めです。
../database/final_database/001/002.jpg,1,002.jpg,7,0.32,-0.18,口角がわずかに上がっており全体として穏やかな微笑みで、軽い快の感情が見られます。一方で目の開きや表情筋の緊張は強くなく、落ち着いた低覚醒と判断しました。
../database/final_database/001/002.jpg,1,002.jpg,8,0.35,-0.25,口角がわずかに上がり、眉や目元の緊張が少ないため軽い快の表情に見えます。一方で表情の動きは控えめで、興奮や緊張は低めに感じられます。
../database/final_database/001/002.jpg,1,002.jpg,9,0.32,-0.08,口角がわずかに上がり、全体として穏やかな表情のためやや快寄りです。一方で目元や表情筋の緊張が強くなく、興奮度は低めと判断しました。
../database/final_database/001/002.jpg,1,002.jpg,10,0.35,-0.15,口角がわずかに上がっており全体として穏やかな微笑みに見えるため快寄りです。一方で目元の緊張や表情の強さは低く、落ち着いた状態に見えるため覚醒度はやや低めです。
../database/final_database/001/003.jpg,1,003.jpg,1,0.18,-0.12,口元がわずかに上がっており軽い肯定的感情が見られますが、表情全体は落ち着いていて強い興奮や緊張は感じられません。
../database/final_database/001/003.jpg,1,003.jpg,2,0.18,-0.12,口角がわずかに上がっており不快感は低いものの、強い笑顔ではなく中立寄りです。目元や表情筋の緊張が少なく、落ち着いた低覚醒に見えます。
../database/final_database/001/003.jpg,1,003.jpg,3,0.12,-0.18,口元がわずかに上がっており軽い好意・落ち着きが感じられます。一方で目元や眉の動きが小さく、全体として覚醒度は低めに見えます。
../database/final_database/001/003.jpg,1,003.jpg,4,0.18,-0.12,口角がわずかに上がっており軽い好意・安心感が見られる一方、目元や表情筋の緊張が少なく落ち着いた状態に見えるためです。
../database/final_database/001/003.jpg,1,003.jpg,5,0.12,-0.18,口元がわずかに上がっており穏やかな印象で、強い不快感は見られません。目元や表情の動きが小さく落ち着いているため、覚醒度はやや低めと判断しました。
../database/final_database/001/003.jpg,1,003.jpg,6,0.2,-0.1,口元がわずかに上がっており軽い肯定的感情（小さな笑み）が見られます。一方で目元や表情筋の緊張は強くなく、全体として落ち着いた低覚醒の状態に見えます。
../database/final_database/001/003.jpg,1,003.jpg,7,0.12,-0.18,口角がわずかに上がり穏やかな表情で、強い不快感は見られません。一方で目や眉の動きが少なく興奮度は低めに見えます。
../database/final_database/001/003.jpg,1,003.jpg,8,0.18,-0.12,口元がわずかに上がり、全体として穏やかで軽い好意（微笑）を示しています。一方で目や眉の緊張が少なく、興奮度は低めに見えます。
../database/final_database/001/003.jpg,1,003.jpg,9,0.15,-0.2,口角がわずかに上がり表情は穏やかで、軽い快の方向に見えます。一方で目元や全体の緊張が少なく、覚醒度は低めに感じられます。
../database/final_database/001/003.jpg,1,003.jpg,10,0.1,-0.05,口角がわずかに上がっており軽い快の印象ですが、目元や表情全体の動きが少なく落ち着いた状態に見えます。強い興奮や緊張は感じられません。
../database/final_database/001/004.jpg,1,004.jpg,1,0.2,-0.25,口角がわずかに上がり表情は穏やかで、軽い快の印象です。一方で目元や表情の動きが少なく落ち着いているため覚醒度は低めです。
../database/final_database/001/004.jpg,1,004.jpg,2,0.28,-0.32,口角がわずかに上がり、目元も比較的落ち着いているため軽い快（ポジティブ）に見えます。一方で表情の動きは小さく、興奮や緊張が強くないため覚醒度は低めと判断しました。
../database/final_database/001/004.jpg,1,004.jpg,3,0.22,-0.12,口角がわずかに上がった穏やかな表情で、不快感は少なく軽い快の印象です。目元や表情筋の緊張が強くなく、全体に落ち着いていて覚醒度は低めに見えます。
../database/final_database/001/004.jpg,1,004.jpg,4,0.32,-0.18,口元がわずかに上がり、表情は穏やかで軽い快の印象です。一方で目元や表情筋の緊張が少なく、全体として落ち着いていて覚醒度は低めです。
../database/final_database/001/004.jpg,1,004.jpg,5,0.28,-0.18,口角がわずかに上がっており全体として穏やかな表情で、軽い快の印象です。目元や眉の緊張が少なく動きも小さいため、覚醒度はやや低めと判断しました。
../database/final_database/001/004.jpg,1,004.jpg,6,0.32,-0.18,口角がわずかに上がっており全体として穏やかで軽い快の表情に見えます。一方で目元や眉の動きが小さく、興奮度は低めで落ち着いた状態です。
../database/final_database/001/004.jpg,1,004.jpg,7,0.22,-0.18,口角がわずかに上がり全体に落ち着いた表情で、軽い快のサインが見られます。一方で目や眉の緊張が少なく、興奮度は低めに見えます。
../database/final_database/001/004.jpg,1,004.jpg,8,0.18,-0.22,口角がわずかに上がっており穏やかな微笑に見えるため、快方向だが強くはありません。目元や表情筋の緊張が少なく落ち着いた印象なので覚醒度は低めです。
../database/final_database/001/004.jpg,1,004.jpg,9,0.32,-0.18,口角がわずかに上がり、全体として穏やかでやや快の表情に見えます。目や眉の緊張が少なく動きも小さいため、覚醒度は低めと判断しました。
../database/final_database/001/004.jpg,1,004.jpg,10,0.12,-0.18,口元がわずかに上がり、眉や目元の緊張も少ないため、軽い快の感情に見えます。一方で表情変化が小さく、覚醒度は低めに感じられます。
../database/final_database/001/005.jpg,1,005.jpg,1,0.12,-0.18,口元がわずかに上がり全体として中立〜軽い快の表情ですが、目元や眉の動きが小さく強い感情は見られません。表情の強度が低いため覚醒度はやや低めと判断しました。
../database/final_database/001/005.jpg,1,005.jpg,2,0.12,-0.08,口角がわずかに上がっており強い不快感は見られない一方、目元や表情全体の動きが少なく感情の強度は低めです。落ち着いた中立〜軽い快の状態と判断しました。
../database/final_database/001/005.jpg,1,005.jpg,3,0.12,-0.08,口角がわずかに上がり全体として中立～軽い快の表情に見えますが、目元の緊張が少なく落ち着いた状態で覚醒度は低めと判断しました。
../database/final_database/001/005.jpg,1,005.jpg,4,0.12,-0.18,口元がわずかに上がり、全体として中立〜軽い快の表情に見えます。一方で目や眉の動きが小さく、強い緊張や興奮は感じられないため覚醒度は低めです。
../database/final_database/001/005.jpg,1,005.jpg,5,0.08,-0.22,口元がわずかに上がった中立〜軽い快の表情ですが、目元の緊張や強い表出は少なく落ち着いた印象です。そのため快寄りの低覚醒と判断しました。
../database/final_database/001/005.jpg,1,005.jpg,6,0.05,-0.15,口元がわずかに上がっており大きな不快感は見られない一方、目元や眉の動きが少なく表情の強度は低めです。そのため快は弱く、覚醒度もやや低いと判断しました。
../database/final_database/001/005.jpg,1,005.jpg,7,0.15,-0.2,口角がわずかに上がり、全体として穏やかで中立～軽い快の表情に見えます。目の見開きや眉の緊張が強くないため覚醒度は低めと判断しました。
../database/final_database/001/005.jpg,1,005.jpg,8,0.12,-0.18,口元がわずかに上がっており強い不快感は見られないため、valenceはやや快寄りです。目や眉の緊張が少なく表情変化も穏やかなので、arousalはやや低めと判断しました。
../database/final_database/001/005.jpg,1,005.jpg,9,0.1,-0.25,口元がわずかに上がっており軽いポジティブさが感じられますが、表情全体は穏やかで動きが少なく覚醒度は低めに見えます。
../database/final_database/001/005.jpg,1,005.jpg,10,0.1,-0.2,口元がわずかに上がり、表情は全体として中立〜軽い快の印象です。目や眉の緊張が少なく落ち着いて見えるため、覚醒度はやや低めと判断しました。
../database/final_database/001/006.jpg,1,006.jpg,1,0.22,-0.18,口角がわずかに上がっており全体として穏やかな表情で、軽い快の印象です。一方で目元の緊張が少なく、興奮や強い活性は感じにくいため覚醒度は低めです。
../database/final_database/001/006.jpg,1,006.jpg,2,0.22,-0.28,口角がわずかに上がり、表情は穏やかで軽い快の印象があります。一方で目元や筋緊張が強くなく、全体として落ち着いた低覚醒寄りに見えます。
../database/final_database/001/006.jpg,1,006.jpg,3,0.18,-0.22,口角がわずかに上がり、全体として穏やかで軽いポジティブさが見られます。一方で目元や表情筋の動きが小さく、興奮度は低めに見えます。
../database/final_database/001/006.jpg,1,006.jpg,4,0.2,-0.35,口元がわずかに上がり、眉や目元の緊張が少ないため軽い快の印象です。一方で表情の変化が小さく、活発さが低いので覚醒度はやや低めと判断しました。
../database/final_database/001/006.jpg,1,006.jpg,5,0.28,-0.18,口角がわずかに上がっており、全体として穏やかで軽い快の表情に見えます。一方で目元や表情筋の緊張が少なく、覚醒度は低めです。
../database/final_database/001/006.jpg,1,006.jpg,6,0.18,-0.22,口元がわずかに上がっており不快感は少ない一方、目元や眉に強い緊張や驚きが見られず全体に落ち着いた表情です。
../database/final_database/001/006.jpg,1,006.jpg,7,0.18,-0.22,口元がわずかに上がっており中立〜軽い快の印象ですが、目元や表情筋の動きが小さく全体として落ち着いて見えます。そのため快寄りだが低覚醒と判断しました。
../database/final_database/001/006.jpg,1,006.jpg,8,0.15,-0.35,口角がわずかに上がり穏やかな表情で、強い不快感は見られません。一方で目元や表情筋の緊張が少なく、全体として落ち着いていて覚醒度は低めに見えます。
../database/final_database/001/006.jpg,1,006.jpg,9,0.22,-0.18,口角がわずかに上がり表情は穏やかで、軽い肯定的（快）に見えます。一方で目元や筋緊張が強くなく、全体に落ち着いているため覚醒度は低めです。
../database/final_database/001/006.jpg,1,006.jpg,10,0.18,-0.22,口角がわずかに上がっており、全体として穏やかで軽い好意的表情に見えます。目や眉の緊張が少なく、興奮度は低めで落ち着いた状態と判断しました。
../database/final_database/001/007.jpg,1,007.jpg,1,0.1,-0.2,口元がわずかに上がり穏やかな表情で、強い不快感は見られません。一方で目元の動きや表情筋の緊張が弱く、全体として落ち着いた低覚醒寄りに見えます。
../database/final_database/001/007.jpg,1,007.jpg,2,0.25,-0.15,口角がわずかに上がり、全体として穏やかな表情で不快感は少ないためvalenceはやや正寄りです。一方で目の開きや表情筋の緊張が強くなく落ち着いて見えるため、arousalはやや低めと判断しました。
../database/final_database/001/007.jpg,1,007.jpg,3,0.22,-0.08,口角がわずかに上がり、全体として穏やかな表情で軽い快の印象があります。一方で目の開きや表情筋の緊張が弱く、覚醒度は低めに見えます。
../database/final_database/001/007.jpg,1,007.jpg,4,0.22,-0.28,口角がわずかに上がっており不快感は少ないため、ややポジティブ寄りと判断しました。一方で目や表情筋の緊張が強くなく、全体として落ち着いた印象なので覚醒度は低めです。
../database/final_database/001/007.jpg,1,007.jpg,5,0.18,-0.22,口元がわずかに上がり、全体として中立～軽い快の表情に見えます。一方で目元の動きが小さくリラックスしており、覚醒度は低めと判断しました。
../database/final_database/001/007.jpg,1,007.jpg,6,0.26,-0.18,口角がやや上がり、全体として穏やかな表情で軽いポジティブさが見られます。一方で目元や表情の動きは強くなく、覚醒度は低めと判断しました。
../database/final_database/001/007.jpg,1,007.jpg,7,0.18,-0.22,口角がわずかに上がり穏やかな表情で、全体としてやや快の印象です。一方で目元の動きが少なく表情の強度も低いため、覚醒度は低めと判断しました。
../database/final_database/001/007.jpg,1,007.jpg,8,0.18,-0.12,口角がわずかに上がり穏やかな微笑みに見えるため、快寄りのvalenceです。一方で目や表情筋の緊張が強くなく落ち着いた印象のため、arousalはやや低めです。
../database/final_database/001/007.jpg,1,007.jpg,9,0.35,-0.15,口角がわずかに上がっており全体として穏やかな表情なので快寄りです。一方で目の開きや顔の緊張が強くなく、落ち着いた状態に見えるため覚醒度は低めです。
../database/final_database/001/007.jpg,1,007.jpg,10,0.28,-0.12,口角がわずかに上がり目元も緩んでいるため、軽い快の表情に見えます。一方で動きは小さく落ち着いた印象なので覚醒度は低めです。
../database/final_database/001/008.jpg,1,008.jpg,1,0.22,-0.28,口角がわずかに上がっており不快ではないためvalenceはやや正寄りです。一方で目元や表情筋の動きが小さく、落ち着いた（低覚醒）印象なのでarousalはやや負寄りです。
../database/final_database/001/008.jpg,1,008.jpg,2,0.12,-0.28,口角がわずかに上がっており軽い快の表情ですが、目元や表情筋の動きが小さく全体として落ち着いて見えるため覚醒度は低めと判断しました。
../database/final_database/001/008.jpg,1,008.jpg,3,0.25,-0.15,口角がわずかに上がっており全体として穏やかな表情で、軽い快の感情が示唆されます。目元の緊張や大きな動きが少なく落ち着いて見えるため、覚醒度はやや低めと判断しました。
../database/final_database/001/008.jpg,1,008.jpg,4,0.12,-0.18,口元がわずかに上がっており、全体として穏やかで軽い好意的表情に見えます。一方で目元や表情筋の動きは小さく、興奮度は低めに感じられます。
../database/final_database/001/008.jpg,1,008.jpg,5,0.25,-0.2,口角がわずかに上がっており軽い微笑みに見えるため快寄りです。一方で目元や表情筋の動きが小さく、興奮度は低めに感じられます。
../database/final_database/001/008.jpg,1,008.jpg,6,0.12,-0.28,口角がわずかに上がり全体として中立〜軽い快の表情ですが、目元や表情筋の動きが小さく落ち着いて見えます。そのため快寄りの低覚醒と判断しました。
../database/final_database/001/008.jpg,1,008.jpg,7,0.18,-0.22,口元がわずかに上がっており軽い好意・落ち着きが感じられます。一方で目の開きや表情筋の動きは小さく、全体として覚醒度は低めです。
../database/final_database/001/008.jpg,1,008.jpg,8,0.12,-0.28,口元がわずかに上がっており、全体として穏やかで軽い好意的表情に見えます。目の開きや表情筋の緊張が弱く、覚醒度は低めと判断しました。
../database/final_database/001/008.jpg,1,008.jpg,9,0.25,-0.15,口角がわずかに上がっており穏やかな快の表情に見えます。一方で目元の動きが小さく、全体として落ち着いた低覚醒寄りです。
../database/final_database/001/008.jpg,1,008.jpg,10,0.25,-0.15,口角がわずかに上がっており、全体として穏やかで軽い好意的感情が見られます。一方で目元や表情筋の緊張は強くなく、落ち着いた低覚醒寄りに見えます。
../database/final_database/001/009.jpg,1,009.jpg,1,0.12,-0.18,口角がわずかに上がっており不快感は少ない一方、目元や表情筋の緊張が弱く落ち着いた印象です。強い驚きや興奮は見られません。
../database/final_database/001/009.jpg,1,009.jpg,2,0.12,-0.18,口角がわずかに上がっており全体として中立〜軽い快の印象です。一方で目の開きや表情筋の緊張は強くなく、覚醒度は低めに見えます。
../database/final_database/001/009.jpg,1,009.jpg,3,0.18,-0.22,口角がわずかに上がり、表情は穏やかで軽い快の印象です。一方で目元や全体の緊張が少なく、興奮度は低めに見えます。
../database/final_database/001/009.jpg,1,009.jpg,4,0.2,-0.25,口角がわずかに上がり、表情は穏やかで軽い快の印象があります。一方で目の開きや表情筋の緊張が弱く、落ち着いた低覚醒に見えます。
../database/final_database/001/009.jpg,1,009.jpg,5,0.12,-0.18,口角がわずかに上がり中立〜軽い快の表情に見えますが、目元の緊張は少なく落ち着いた印象です。驚きや強い興奮の兆候がないため覚醒度は低めと判断しました。
../database/final_database/001/009.jpg,1,009.jpg,6,0.18,-0.22,口角がわずかに上がり全体として中立〜軽い快の表情に見えます。一方で目の開きや表情筋の緊張が強くなく、興奮度は低めです。
../database/final_database/001/009.jpg,1,009.jpg,7,0.1,-0.2,口角がわずかに上がっており、全体として中立〜軽い快の表情に見えます。目や眉の緊張が少なく動きも小さいため、覚醒度はやや低めと判断しました。
../database/final_database/001/009.jpg,1,009.jpg,8,0.12,-0.28,口角がわずかに上がり、表情は中立〜軽い微笑に見えるため快寄りのvalenceです。一方で目や眉の緊張が少なく落ち着いた印象なのでarousalは低めです。
../database/final_database/001/009.jpg,1,009.jpg,9,0.2,-0.15,口角がわずかに上がり、全体として穏やかで軽い快の表情に見えます。一方で目や眉の動きが小さく、興奮度は低め（落ち着いた状態）と判断しました。
../database/final_database/001/009.jpg,1,009.jpg,10,0.15,-0.25,口角がわずかに上がっており不快さは少ないため、valenceはやや正にしました。一方で目元や表情筋の緊張が弱く、落ち着いた印象なのでarousalはやや低めにしました。
../database/final_database/001/010.jpg,1,010.jpg,1,0.35,-0.2,口角がわずかに上がっており全体として穏やかな表情なので快寄りです。一方で目元や表情筋の緊張が強くなく、落ち着いた状態に見えるため覚醒度は低めです。
../database/final_database/001/010.jpg,1,010.jpg,2,0.28,-0.12,口角がわずかに上がり穏やかな微笑が見られるため、快方向のvalenceと判断しました。目や表情筋の緊張が強くなく落ち着いた印象なので、arousalはやや低めです。
../database/final_database/001/010.jpg,1,010.jpg,3,0.28,-0.12,口角がわずかに上がっており全体として穏やかな表情で、軽い快の印象です。一方で目の開きや表情筋の動きが小さく、興奮度は低めに見えます。
../database/final_database/001/010.jpg,1,010.jpg,4,0.18,-0.22,口角がわずかに上がり、全体として穏やかな表情で軽い快が見られます。一方で目元や表情筋の緊張が少なく、覚醒度は低めに見えます。
../database/final_database/001/010.jpg,1,010.jpg,5,0.22,-0.12,口角がわずかに上がり、全体として穏やかで軽い好意的表情に見えます。一方で目や眉の動きが小さく、興奮度は低めです。
../database/final_database/001/010.jpg,1,010.jpg,6,0.18,-0.22,口角がわずかに上がっており不快ではないものの、笑顔は控えめで表情の動きも少ないため快の度合いは弱めです。目元の緊張や驚きが少なく落ち着いた印象なので覚醒度は低めと判断しました。
../database/final_database/001/010.jpg,1,010.jpg,7,0.24,-0.12,口角がわずかに上がり、全体として穏やかな表情で軽い快の印象です。一方で目の開きや表情筋の動きは強くなく、覚醒度はやや低めに見えます。
../database/final_database/001/010.jpg,1,010.jpg,8,0.18,-0.22,口角がわずかに上がっており軽い快の表情ですが、目元の緊張が少なく全体として落ち着いた印象です。そのためvalenceはやや正、arousalはやや低めと判断しました。
../database/final_database/001/010.jpg,1,010.jpg,9,0.22,-0.18,口角がわずかに上がり、全体として穏やかで軽い好意・満足が見られます。一方で表情筋の動きは小さく、興奮度は低めに感じられます。
../database/final_database/001/010.jpg,1,010.jpg,10,0.31,-0.22,口角がわずかに上がっており、全体として穏やかな微笑みで快寄りに見えます。一方で目の開きが小さく表情の動きも控えめなため、覚醒度はやや低めと判断しました。
../database/final_database/002/002.jpg,2,002.jpg,1,0.32,-0.18,口元がわずかに上がった穏やかな表情で、強い不快感は見られません。一方で目や眉の動きが小さく、興奮や緊張は低めに感じられます。
../database/final_database/002/002.jpg,2,002.jpg,2,0.32,-0.18,口角がわずかに上がっており、強い不快サインは見られないため軽い快の方向と判断しました。目や表情筋の緊張が弱く、興奮度は低め（落ち着いた状態）に見えます。
../database/final_database/002/002.jpg,2,002.jpg,3,0.32,-0.18,口角がわずかに上がった穏やかな表情で、不快さはあまり見られません。一方で目の開きや表情筋の緊張が強くなく、落ち着いた低めの覚醒度と判断しました。
../database/final_database/002/002.jpg,2,002.jpg,4,0.25,-0.15,口角がわずかに上がっており穏やかな微笑が見られるため、快方向のvalenceは小さめにプラスです。目元の緊張や動きが少なく落ち着いた表情なので、arousalはやや低めと判断しました。
../database/final_database/002/002.jpg,2,002.jpg,5,0.18,-0.22,口角がわずかに上がっており穏やかな表情なので、快寄りのvalenceと判断しました。一方で目元の動きが少なく全体に落ち着いて見えるため、arousalは低めです。
../database/final_database/002/002.jpg,2,002.jpg,6,0.35,-0.15,口角がわずかに上がっており不快感は少ないため、やや快寄りのvalenceと判断しました。一方で目元や表情筋の緊張が弱く、全体に落ち着いた印象なのでarousalは低めです。
../database/final_database/002/002.jpg,2,002.jpg,7,0.25,-0.2,口元がわずかに上がった穏やかな表情で、強い不快感は見られません。一方で目や口の動きが小さく、興奮や緊張は低めに見えます。
../database/final_database/002/002.jpg,2,002.jpg,8,0.28,-0.22,口角がわずかに上がっており穏やかな微笑みに見えるため、快寄りのvalenceと判断しました。目元や表情筋の動きが控えめで落ち着いた印象なので、arousalはやや低めとしました。
../database/final_database/002/002.jpg,2,002.jpg,9,0.35,-0.2,口角がわずかに上がっており穏やかな微笑が見られるため、快寄りのvalenceと判断しました。目や表情筋の動きが大きくなく落ち着いた印象なので、arousalはやや低めです。
../database/final_database/002/002.jpg,2,002.jpg,10,0.25,-0.15,口角がわずかに上がっており穏やかな微笑みに見えるため、快の方向に寄せました。目元や表情筋の緊張が強くなく落ち着いた印象なので、覚醒度はやや低めにしました。
../database/final_database/002/003.jpg,2,003.jpg,1,0.22,-0.18,口角がわずかに上がっており全体として穏やかな表情なので軽い快（ポジティブ）寄りです。一方で目の開きや表情筋の緊張が強くなく、落ち着いた低覚醒と判断しました。
../database/final_database/002/003.jpg,2,003.jpg,2,0.32,-0.18,口角がわずかに上がっており全体として穏やかな微笑みが見られるため快寄りです。一方で目元の緊張や大きな表情変化が少なく落ち着いた状態に見えるため覚醒度は低めです。
../database/final_database/002/003.jpg,2,003.jpg,3,0.3,-0.25,口角がわずかに上がり、目元も緊張が少ないため軽い快の表情に見えます。一方で表情の動きが小さく落ち着いているので覚醒度はやや低めと判断しました。
../database/final_database/002/003.jpg,2,003.jpg,4,0.32,-0.12,口角がわずかに上がっており、全体として穏やかで軽い肯定的感情が見られます。一方で目元や表情の動きが少なく落ち着いているため、覚醒度は低めと判断しました。
../database/final_database/002/003.jpg,2,003.jpg,5,0.35,-0.15,口角がわずかに上がり、全体として穏やかな表情で快寄りに見えます。一方で目元や表情筋の緊張が強くなく、覚醒度はやや低めと判断しました。
../database/final_database/002/003.jpg,2,003.jpg,6,0.35,-0.15,口角がわずかに上がっており、落ち着いた穏やかな表情に見えるため快寄りのvalenceです。一方で目の開きや表情筋の緊張が強くなく、興奮度は低めと判断しました。
../database/final_database/002/003.jpg,2,003.jpg,7,0.32,-0.18,口角がわずかに上がった穏やかな表情で、全体として軽い快の印象です。一方で目の開きや表情筋の動きが小さく、落ち着いた低覚醒に見えます。
../database/final_database/002/003.jpg,2,003.jpg,8,0.38,-0.18,口角がわずかに上がり、全体的に穏やかな表情で軽い快の印象があります。一方で目の開きや表情筋の緊張は強くなく、覚醒度はやや低めに見えます。
../database/final_database/002/003.jpg,2,003.jpg,9,0.36,-0.18,口角がわずかに上がり全体に穏やかな表情で、軽い快の感情が示唆されます。一方で目元の緊張や驚きは強くなく、覚醒度は低めと判断しました。
../database/final_database/002/003.jpg,2,003.jpg,10,0.22,-0.18,口角がわずかに上がり、全体として落ち着いた穏やかな表情に見えるため快寄りです。一方で目の開きや表情筋の緊張が強くなく、覚醒度は低めと判断しました。
../database/final_database/002/004.jpg,2,004.jpg,1,0.12,-0.18,表情は口元がわずかに上がり、全体として中立〜軽い好意の印象です。一方で目元や眉の動きが小さく、興奮や緊張はあまり感じられません。
../database/final_database/002/004.jpg,2,004.jpg,2,0.1,-0.2,口角がわずかに上がっており大きな不快サインは見られないため、valenceはやや快寄りです。一方で目の開きや表情筋の緊張が弱く、全体に落ち着いた印象なのでarousalは低めです。
../database/final_database/002/004.jpg,2,004.jpg,3,0.1,-0.2,口角がわずかに上がった中立〜軽い微笑で、不快感は少ない一方、目元や表情筋の動きが小さく落ち着いた印象です。全体として感情強度は低めに見えます。
../database/final_database/002/004.jpg,2,004.jpg,4,0.15,-0.25,口角がわずかに上がり、表情全体は穏やかで軽い快の印象です。一方で目の開きや顔の筋緊張が強くなく、覚醒度は低めに見えます。
../database/final_database/002/004.jpg,2,004.jpg,5,0.15,-0.2,口元がわずかに上がり全体として中立〜軽い快の表情ですが、目元や眉の動きが小さく感情の強さは低めに見えます。
../database/final_database/002/004.jpg,2,004.jpg,6,0.12,-0.18,口角がわずかに上がっており軽い快の印象ですが、目元の動きが少なく全体として穏やかで覚醒度は低めに見えます。
../database/final_database/002/004.jpg,2,004.jpg,7,0.1,-0.2,口元がわずかに上がった中立〜軽い好意の表情で、不快のサインは強くありません。目や眉の緊張が少なく全体に落ち着いているため覚醒度は低めです。
../database/final_database/002/004.jpg,2,004.jpg,8,0.1,-0.3,口元がわずかに上がり目元も落ち着いており、弱い快の表情に見えます。驚きや緊張のサインは少なく全体に静的なので覚醒度は低めです。
../database/final_database/002/004.jpg,2,004.jpg,9,0.18,-0.22,口角がわずかに上がっており不快感は低い一方、目元や表情の動きが少なく落ち着いた印象です。強い興奮や緊張は見られません。
../database/final_database/002/004.jpg,2,004.jpg,10,0.18,-0.12,口角がわずかに上がり、全体として中立〜軽い快の表情に見えます。目や眉の緊張が少なく、興奮度は低めで落ち着いた状態に見えます。
../database/final_database/002/005.jpg,2,005.jpg,1,0.28,-0.22,口元がわずかに上がっており、軽い微笑みに見えるため快寄りです。一方で目元や表情筋の緊張が少なく落ち着いた印象なので覚醒度は低めです。
../database/final_database/002/005.jpg,2,005.jpg,2,0.22,-0.18,口角がわずかに上がった穏やかな表情で、全体として軽い快の印象です。目や眉の緊張が少なく動きも小さいため、覚醒度はやや低めと判断しました。
../database/final_database/002/005.jpg,2,005.jpg,3,0.18,-0.22,口元がわずかに上がっており軽いポジティブさが見られる一方、目元や表情全体の動きは小さく落ち着いています。強い緊張や興奮の兆候が少ないため低覚醒寄りと判断しました。
../database/final_database/002/005.jpg,2,005.jpg,4,0.35,-0.15,口元がわずかに上がっており穏やかな微笑みに見えるため、快寄りのvalenceと判断しました。目や眉の動きが小さく表情の強度が低いので、arousalはやや低めとしました。
../database/final_database/002/005.jpg,2,005.jpg,5,0.1,-0.2,口角がわずかに上がっており強い不快感は見られないため、軽い快の方向と判断しました。一方で目元や表情筋の動きが小さく、興奮・緊張は低めに見えるためarousalはやや低くしました。
../database/final_database/002/005.jpg,2,005.jpg,6,0.25,-0.1,口元がわずかに上がっており全体として穏やかな肯定感が見られます。一方で目の開きや表情筋の緊張は強くなく、覚醒度は低めです。
../database/final_database/002/005.jpg,2,005.jpg,7,0.35,-0.15,口角がわずかに上がり、全体として穏やかな微笑に見えるため快寄りのvalenceです。一方で目や口の緊張が強くなく、落ち着いた表情なのでarousalはやや低めです。
../database/final_database/002/005.jpg,2,005.jpg,8,0.32,-0.18,口角がわずかに上がった穏やかな表情で、不快さは見られず軽い快を示しています。目元や全体の緊張が少なく落ち着いているため覚醒度は低めです。
../database/final_database/002/005.jpg,2,005.jpg,9,0.22,-0.18,口角がわずかに上がっており全体として穏やかで軽いポジティブさが見られます。一方で目元や表情筋の動きは強くなく、興奮度は低めに感じられます。
../database/final_database/002/005.jpg,2,005.jpg,10,0.22,-0.18,口角がわずかに上がり全体として穏やかな表情で、軽い快の印象があります。目や眉の緊張が少なく動きも小さいため、覚醒度は低めと判断しました。
../database/final_database/002/006.jpg,2,006.jpg,1,0.22,-0.12,口角がわずかに上がっており、全体として穏やかでやや好意的な表情に見えます。一方で目元や表情の動きは小さく、興奮度は低めと判断しました。
../database/final_database/002/006.jpg,2,006.jpg,2,0.32,-0.18,口角がわずかに上がった穏やかな表情で、不快さはあまり見られません。一方で目の開きや表情筋の緊張が弱く、全体として落ち着いた低覚醒寄りに見えます。
../database/final_database/002/006.jpg,2,006.jpg,3,0.18,-0.12,口角がわずかに上がり、全体として穏やかで中立～軽い快の表情に見えます。目元や眉の緊張が少なく、興奮度は低めで落ち着いた状態と判断しました。
../database/final_database/002/006.jpg,2,006.jpg,4,0.22,-0.12,口元がわずかに上がっており、全体として穏やかで軽い肯定的感情が示唆されます。目や眉の緊張が少なく、興奮度は低めに見えます。
../database/final_database/002/006.jpg,2,006.jpg,5,0.18,-0.12,口角がわずかに上がった穏やかな表情で、不快感は見られません。目元や表情筋の緊張が少なく、落ち着いた低覚醒状態に見えます。
../database/final_database/002/006.jpg,2,006.jpg,6,0.2,-0.2,口角がわずかに上がり穏やかな表情で、全体として軽いポジティブさが見られます。目や眉の動きが小さく緊張感が低いため、覚醒度はやや低めと判断しました。
../database/final_database/002/006.jpg,2,006.jpg,7,0.26,-0.18,口角がわずかに上がり穏やかな微笑みが見られるため、快の方向にやや寄っています。一方で目元や表情筋の緊張が少なく落ち着いた印象なので、覚醒度はやや低めです。
../database/final_database/002/006.jpg,2,006.jpg,8,0.28,-0.12,口角がわずかに上がっており全体として穏やかな微笑に見えるため快寄りです。一方で目の開きや表情筋の緊張が強くなく落ち着いた状態に見えるため覚醒度はやや低めです。
../database/final_database/002/006.jpg,2,006.jpg,9,0.22,-0.12,口角がわずかに上がり、全体として穏やかで軽い肯定的感情が見られます。一方で目元の緊張や大きな動きは少なく、覚醒度は低めです。
../database/final_database/002/006.jpg,2,006.jpg,10,0.22,-0.18,口角がわずかに上がった穏やかな表情で、全体として軽い快の感情が読み取れます。目元や表情筋の緊張が少なく、落ち着いた低めの覚醒度に見えます。
../database/final_database/002/007.jpg,2,007.jpg,1,0.22,-0.08,口角がわずかに上がり、全体として穏やかな微笑に見えるため快寄りです。目元や表情筋の緊張が強くなく落ち着いた印象なので覚醒度はやや低めです。
../database/final_database/002/007.jpg,2,007.jpg,2,0.2,-0.1,口角がわずかに上がり、表情全体は穏やかで軽いポジティブさが見られます。一方で目元の動きは小さく、興奮や緊張は強くないため覚醒度は低めです。
../database/final_database/002/007.jpg,2,007.jpg,3,0.3,-0.2,口角がわずかに上がり、全体として穏やかな表情で軽い快の印象があります。一方で目元や表情筋の動きが小さく、興奮度は低めに見えます。
../database/final_database/002/007.jpg,2,007.jpg,4,0.38,-0.12,口角がわずかに上がり、全体として穏やかな微笑に見えるため快寄りです。一方で目や表情筋の緊張が強くなく、落ち着いた状態に見えるため覚醒度は低めです。
../database/final_database/002/007.jpg,2,007.jpg,5,0.18,-0.1,口角がわずかに上がり、全体として穏やかな微笑みに見えるためvalenceはやや正寄りです。一方で目の開きや表情筋の緊張が強くなく、興奮度は低めに見えるためarousalは軽く負寄りにしました。
../database/final_database/002/007.jpg,2,007.jpg,6,0.22,-0.08,口角がわずかに上がっており、全体として軽い快の表情に見えます。一方で目元の動きが少なく落ち着いた印象のため、覚醒度はやや低めと判断しました。
../database/final_database/002/007.jpg,2,007.jpg,7,0.34,-0.08,口角がわずかに上がり、目元も緊張が少ないため軽い快の印象です。一方で表情の動きは控えめで、興奮や強い緊張は感じにくいため覚醒度は低めです。
../database/final_database/002/007.jpg,2,007.jpg,8,0.38,-0.12,口角がわずかに上がっており穏やかな微笑みに見えるため、快寄りのvalenceです。一方で目の開きや表情筋の緊張が強くなく落ち着いた印象なので、arousalはやや低めと判断しました。
../database/final_database/002/007.jpg,2,007.jpg,9,0.22,-0.08,口角がわずかに上がっており軽い微笑に見えるため、快寄りのvalenceです。一方で目元や表情の動きが控えめで落ち着いているため、arousalはやや低めと判断しました。
../database/final_database/002/007.jpg,2,007.jpg,10,0.3,-0.1,口角がわずかに上がり、全体として穏やかな微笑に見えるため快寄りです。一方で目の開きや表情筋の緊張が強くなく、落ち着いた状態に見えるため覚醒度はやや低めです。
../database/final_database/002/008.jpg,2,008.jpg,1,0.25,-0.15,口角がわずかに上がり穏やかな表情で、強い不快感は見られません。目や口の開きが小さく動きも少ないため覚醒度は低めと判断しました。
../database/final_database/002/008.jpg,2,008.jpg,2,0.12,-0.08,口角がわずかに上がり穏やかな表情に見えるため、快寄りのvalenceとしました。一方で目元や表情筋の緊張が弱く、興奮度は低めに見えるためarousalはやや非覚醒寄りです。
../database/final_database/002/008.jpg,2,008.jpg,3,0.22,-0.18,口元がわずかに上がり表情は中立〜軽い微笑みに見えるため、快寄りのvalenceです。一方で目や口の開きが小さく緊張感が低いため、覚醒度はやや低めと判断しました。
../database/final_database/002/008.jpg,2,008.jpg,4,0.12,-0.18,口元がわずかに上がっており全体として中立〜軽い快の表情に見えます。一方で目元や表情筋の動きが小さく、興奮度は低めに感じられます。
../database/final_database/002/008.jpg,2,008.jpg,5,0.22,-0.12,口角がわずかに上がり、全体として穏やかな表情で不快感は強くありません。一方で目の開きや表情筋の緊張は弱く、落ち着いた低覚醒寄りに見えます。
../database/final_database/002/008.jpg,2,008.jpg,6,0.1,-0.05,口元がわずかに上がっていて強い不快感は見られず、全体として中立〜やや快の印象です。一方で目や眉の緊張が少なく、興奮度は低めに見えます。
../database/final_database/002/008.jpg,2,008.jpg,7,0.12,-0.18,口角がわずかに上がり、眉や目元の緊張が少ないため軽い快の印象です。一方で目の開きや表情筋の動きが控えめで、覚醒度は低めに見えます。
../database/final_database/002/008.jpg,2,008.jpg,8,0.18,-0.12,口元がわずかに上がっており軽いポジティブさが見られますが、目元の緊張は強くなく全体として落ち着いた表情のため覚醒度は低めと判断しました。
../database/final_database/002/008.jpg,2,008.jpg,9,0.25,-0.05,口元がわずかに上がり、全体として穏やかで軽い好意的表情に見えます。一方で目や眉の動きが小さく、興奮度は低めで落ち着いた状態と判断しました。
../database/final_database/002/008.jpg,2,008.jpg,10,0.15,-0.05,口元がわずかに上がっており、強い否定感は見られないため軽い快寄りと判断しました。目元や眉の動きが小さく表情の強度が低いので、覚醒度はほぼ中立～やや低めです。
../database/final_database/003/001.jpg,3,001.jpg,1,-0.1,-0.25,口元がわずかに下がり気味で笑顔の要素が少なく、全体として中立〜やや不快寄りに見えます。目や眉の緊張も強くなく表情変化が小さいため、覚醒度は低めと判断しました。
../database/final_database/003/001.jpg,3,001.jpg,2,-0.15,-0.35,口元がわずかに下がり、目元も緊張が少なく、全体としてやや不快寄りの中立表情に見えます。表情の動きが小さく落ち着いているため覚醒度は低めと判断しました。
../database/final_database/003/001.jpg,3,001.jpg,3,-0.12,-0.28,口元がわずかに下がり気味で笑顔の要素が少なく、全体として快よりやや不快寄りに見えます。目や眉の動きが小さく表情の強さも弱いため、覚醒度は低めと判断しました。
../database/final_database/003/001.jpg,3,001.jpg,4,0.05,-0.35,口元がわずかに上がっているものの全体として表情の変化が小さく、中立〜わずかに快寄りに見えます。目元や眉の緊張が少なく落ち着いた印象のため覚醒度は低めです。
../database/final_database/003/001.jpg,3,001.jpg,5,-0.12,-0.28,口元はほぼ中立で笑いが弱く、目元も緊張が少ないため快-不快はやや不快寄りの中立に近いと判断しました。表情の強い動きが少なく落ち着いて見えるため覚醒度は低めです。
../database/final_database/003/001.jpg,3,001.jpg,6,-0.25,-0.1,口角がやや下がり、目元も緊張が少なく全体的にやや不快寄りの落ち着いた表情に見えます。強い驚きや興奮のサインがなく、覚醒度は低めと判断しました。
../database/final_database/003/001.jpg,3,001.jpg,7,0.1,-0.05,口元がわずかに上がり、全体として中立〜やや快の表情に見えます。目や眉の動きが少なく緊張感も低いため、覚醒度はほぼ中程度（やや低め）と判断しました。
../database/final_database/003/001.jpg,3,001.jpg,8,-0.05,-0.25,口元がやや下がり気味で、笑顔や強い喜びのサインは見られず中立〜わずかに不快寄りに見えます。目や眉の緊張も強くなく、全体として落ち着いた低覚醒の表情です。
../database/final_database/003/001.jpg,3,001.jpg,9,-0.12,-0.35,口元がわずかに下がり、目元も緊張や喜びのサインが少なく中立～やや不快寄りに見えます。表情の動きが小さく全体に落ち着いているため覚醒度は低めと判断しました。
../database/final_database/003/001.jpg,3,001.jpg,10,-0.15,-0.35,口元がわずかに引きつり笑いが弱く、目元もリラックスしていないため快・不快はやや不快寄りに見えます。表情の変化が小さく緊張感も強くないので、覚醒度は低めと判断しました。
../database/final_database/003/002.jpg,3,002.jpg,1,0.12,-0.28,口元がわずかに上がっており強い不快サインは見られないため、valenceは軽くポジティブ寄りです。一方で目の開きや表情筋の緊張が弱く、全体に落ち着いた印象なのでarousalはやや低めです。
../database/final_database/003/002.jpg,3,002.jpg,2,0.12,-0.18,口元がわずかに上がっており軽い快の表情に見えますが、目元の動きが少なく全体として落ち着いた印象です。強い驚きや緊張は感じられないため覚醒度は低めと判断しました。
../database/final_database/003/002.jpg,3,002.jpg,3,0.12,-0.28,口元がわずかに上がり全体として中立～軽い快の表情ですが、目元や眉の動きが少なく落ち着いた印象です。そのため快寄りで、覚醒度はやや低めと判断しました。
../database/final_database/003/002.jpg,3,002.jpg,4,0.08,-0.22,口角がわずかに上がり表情は穏やかで、強い不快感は見られません。一方で目元や表情筋の緊張が少なく、全体として覚醒度は低めに見えます。
../database/final_database/003/002.jpg,3,002.jpg,5,0.1,-0.35,口角がわずかに上がり中立〜軽い快の表情ですが、目元の動きが少なく全体として落ち着いた印象です。強い緊張や興奮は見られないため覚醒度は低めにしました。
../database/final_database/003/002.jpg,3,002.jpg,6,0.2,-0.15,口元がわずかに上がっており不快感は少ないため、やや快寄りのvalenceと判断しました。一方で目元や表情筋の緊張が弱く、全体に落ち着いた印象なのでarousalは低めです。
../database/final_database/003/002.jpg,3,002.jpg,7,0.12,-0.18,口角がわずかに上がり全体として中立〜やや快の表情ですが、目元の動きが少なく強い感情は見られません。落ち着いた状態で覚醒度は低めと判断しました。
../database/final_database/003/002.jpg,3,002.jpg,8,0.12,-0.22,口角がわずかに上がり穏やかな表情で、不快さは見られません。一方で目元の動きが小さく全体に落ち着いているため覚醒度は低めです。
../database/final_database/003/002.jpg,3,002.jpg,9,0.05,-0.15,口元がわずかに上がっており中立〜軽い快の表情ですが、目元の緊張は少なく落ち着いた印象です。そのためvalenceはわずかに正、arousalはやや低めと判断しました。
../database/final_database/003/002.jpg,3,002.jpg,10,0.18,-0.22,口角がわずかに上がっており軽い快の表情ですが、目元や顔全体の動きが少なく落ち着いた印象です。緊張や興奮は低く、覚醒度はやや低めと判断しました。
../database/final_database/003/003.jpg,3,003.jpg,1,0.15,-0.2,口角がわずかに上がり、表情は穏やかで軽い快の印象があります。一方で目元の動きが小さく全体に落ち着いているため覚醒度は低めと判断しました。
../database/final_database/003/003.jpg,3,003.jpg,2,0.22,-0.18,口角がわずかに上がり表情は穏やかで、強い不快さは見られないため軽い快寄りと判断しました。目元や眉の動きが小さく全体に落ち着いた印象なので、覚醒度はやや低めです。
../database/final_database/003/003.jpg,3,003.jpg,3,0.32,-0.18,口角がわずかに上がり、全体として穏やかな微笑に見えるため快寄りです。一方で目元や表情の動きが小さく、落ち着いた状態に見えるため覚醒度は低めです。
../database/final_database/003/003.jpg,3,003.jpg,4,0.2,-0.15,口角がわずかに上がっており軽い肯定的（快）な表情に見えますが、目元の緊張が少なく全体として落ち着いた印象で覚醒度は低めです。
../database/final_database/003/003.jpg,3,003.jpg,5,0.12,-0.18,口元がわずかに上がっており軽い微笑のように見えるため快寄りです。一方で目元や表情筋の緊張が弱く、全体として落ち着いた低覚醒に見えます。
../database/final_database/003/003.jpg,3,003.jpg,6,0.18,-0.22,口角がわずかに上がり、全体として穏やかな表情で軽い快の印象があります。一方で目の開きや表情筋の動きが小さく、覚醒度は低めに見えます。
../database/final_database/003/003.jpg,3,003.jpg,7,0.25,-0.1,口角がわずかに上がっており不快というより軽い肯定的感情に見えます。一方で目元の緊張が弱く、全体として落ち着いた低覚醒の表情です。
../database/final_database/003/003.jpg,3,003.jpg,8,0.2,-0.1,口角がわずかに上がっており、全体として穏やかな（やや快）表情に見えます。一方で目元の動きは小さく、興奮度は低めで落ち着いた印象です。
../database/final_database/003/003.jpg,3,003.jpg,9,0.22,-0.12,口角がわずかに上がっており全体として穏やかな微笑みに見えるため、快（正のvalence）寄りです。一方で目元や表情筋の緊張が強くなく落ち着いた印象なので、arousalはやや低めと判断しました。
../database/final_database/003/003.jpg,3,003.jpg,10,0.35,-0.1,口角がわずかに上がっており軽い微笑みが見られるため、快寄りのvalenceです。一方で目元や表情筋の緊張が強くなく落ち着いた印象なので、arousalはやや低めにしました。
../database/final_database/003/006.jpg,3,006.jpg,1,0.18,-0.22,口角がわずかに上がっており全体として中立〜軽い快の表情です。一方で目元や眉の動きが小さく、緊張感が低いため覚醒度はやや低めと判断しました。
../database/final_database/003/006.jpg,3,006.jpg,2,0.18,-0.22,口角がわずかに上がっており、全体として中立〜軽い快の表情に見えます。一方で目元や表情筋の動きが小さく、興奮度は低め（落ち着いた状態）と判断しました。
../database/final_database/003/006.jpg,3,006.jpg,3,0.12,-0.18,口元がわずかに上がっており、全体として中立〜軽い快の表情に見えます。目や眉の緊張が少なく、興奮度は低めで落ち着いた印象です。
../database/final_database/003/006.jpg,3,006.jpg,4,0.18,-0.22,口角がわずかに上がっており全体として中立〜軽いポジティブに見えますが、目元の動きが少なく落ち着いた表情のため覚醒度は低めと判断しました。
../database/final_database/003/006.jpg,3,006.jpg,5,0.18,-0.12,口角がわずかに上がった中立〜軽い微笑みに見え、不快感は強くありません。一方で目や表情筋の緊張が少なく、全体として落ち着いた低覚醒に見えます。
../database/final_database/003/006.jpg,3,006.jpg,6,0.12,-0.28,口元がわずかに上がっており大きな不快サインは見られないため、軽い快寄りと判断しました。目元や眉の動きが小さく表情の強度が低いので、覚醒度はやや低めです。
../database/final_database/003/006.jpg,3,006.jpg,7,0.28,-0.12,口角がわずかに上がっており、全体として穏やかで軽い肯定的感情が見られます。一方で目元の緊張や大きな動きが少なく、覚醒度は低めに見えます。
../database/final_database/003/006.jpg,3,006.jpg,8,0.25,-0.15,口角がわずかに上がり穏やかな表情で、全体として軽い快の印象です。一方で目元や表情筋の緊張が少なく、興奮度は低めに見えます。
../database/final_database/003/006.jpg,3,006.jpg,9,0.18,-0.22,口角がわずかに上がった中立〜軽い微笑で、不快感は見られません。一方で目の開きや表情筋の緊張が弱く、落ち着いた低覚醒に見えます。
../database/final_database/003/006.jpg,3,006.jpg,10,0.18,-0.22,口元がわずかに上がっており、全体として穏やかでやや肯定的な表情に見えます。目や眉の緊張が少なく、興奮度は低め（落ち着いた状態）と判断しました。
../database/final_database/003/007.jpg,3,007.jpg,1,0.35,-0.05,口角がわずかに上がり穏やかな微笑みが見られるため、快寄りのvalenceです。一方で目の開きや表情筋の緊張が強くなく落ち着いた印象なので、arousalはほぼ中立〜やや低めです。
../database/final_database/003/007.jpg,3,007.jpg,2,0.4,0.1,口角がわずかに上がり、全体として穏やかでややポジティブな表情に見えます。目元や表情筋の緊張は強くなく、覚醒度は低めと判断しました。
../database/final_database/003/007.jpg,3,007.jpg,3,0.32,0.18,口角がやや上がり、全体として穏やかで軽い微笑みに見えるため快寄りです。一方で目や眉の動きが小さく、興奮や緊張は強くないので覚醒度は低めです。
../database/final_database/003/007.jpg,3,007.jpg,4,0.38,-0.05,口角がやや上がり、表情全体も穏やかで軽い快のサインが見られます。一方で目の開きや顔の緊張は強くなく、覚醒度は低めに見えます。
../database/final_database/003/007.jpg,3,007.jpg,5,0.24,-0.08,口角がわずかに上がり穏やかな微笑みに見えるため快寄りです。一方で目の開きや表情筋の緊張が強くなく、覚醒度は低めと判断しました。
../database/final_database/003/007.jpg,3,007.jpg,6,0.38,0.05,口角がやや上がり、表情は穏やかで軽いポジティブさが見られます。一方で目元の緊張や大きな動きは少なく、覚醒度は低めに見えます。
../database/final_database/003/007.jpg,3,007.jpg,7,0.42,0.18,口角がやや上がり、穏やかな微笑みに近い表情で快の傾向があります。一方で目の開きや表情筋の緊張は強くなく、覚醒度は低〜中程度です。
../database/final_database/003/007.jpg,3,007.jpg,8,0.32,0.12,口角がわずかに上がり、全体として穏やかな表情で不快感は小さいためvalenceはやや正寄りです。目や口の開きが小さく緊張感も強くないのでarousalは低めと判断しました。
../database/final_database/003/007.jpg,3,007.jpg,9,0.35,0.1,口角がわずかに上がり、全体として穏やかな微笑みに見えるため快寄りです。一方で目元や表情筋の緊張は強くなく、覚醒度は低めと判断しました。
../database/final_database/003/007.jpg,3,007.jpg,10,0.32,-0.08,口角がやや上がり、全体として穏やかな微笑みに見えるため快寄りです。目や眉の緊張が少なく動きも小さいので覚醒度は低めと判断しました。
../database/final_database/003/008.jpg,3,008.jpg,1,0.12,-0.18,口角がわずかに上がっており、全体として軽い快の表情に見えます。一方で目元や表情筋の緊張が少なく、落ち着いた（低覚醒）状態に見えます。
../database/final_database/003/008.jpg,3,008.jpg,2,0.35,-0.15,口角がわずかに上がり、全体として穏やかで軽い好意的表情に見えます。一方で目の開きや表情筋の緊張が強くなく、覚醒度はやや低めと判断しました。
../database/final_database/003/008.jpg,3,008.jpg,3,0.25,-0.15,口角がわずかに上がり、全体として穏やかな微笑みに見えるため快寄りです。一方で目や眉の動きが小さく、興奮や緊張は低めに見えるため覚醒度はやや低めです。
../database/final_database/003/008.jpg,3,008.jpg,4,0.28,-0.22,口元がわずかに上がっており、全体として穏やかで軽い好意的（快）な表情に見えます。一方で目元や眉の動きが小さく、興奮や緊張は低めで落ち着いた状態（低覚醒）です。
../database/final_database/003/008.jpg,3,008.jpg,5,0.12,-0.18,口角がわずかに上がっており軽い微笑みが見られるため快寄りです。一方で目元や表情筋の緊張が強くなく、全体に落ち着いた印象なので覚醒度は低めです。
../database/final_database/003/008.jpg,3,008.jpg,6,0.18,-0.22,口角がわずかに上がっており、全体として穏やかで軽い好意的（快）な表情に見えます。目元や眉の緊張が少なく、強い興奮や緊張は感じられないため覚醒度は低めと判断しました。
../database/final_database/003/008.jpg,3,008.jpg,7,0.22,-0.18,口角がわずかに上がり、全体として穏やかな表情で軽い快の印象です。目や眉の動きが小さく緊張感も低いため、覚醒度はやや低めと判断しました。
../database/final_database/003/008.jpg,3,008.jpg,8,0.25,-0.2,口角がわずかに上がっており、穏やかな微笑みで快寄りの印象です。目元や眉の緊張が少なく全体に落ち着いているため覚醒度はやや低めと判断しました。
../database/final_database/003/008.jpg,3,008.jpg,9,0.18,-0.22,口角がわずかに上がっており軽い快の表情ですが、目元の緊張が少なく全体として落ち着いた印象です。興奮や驚きの要素は弱く、低めの覚醒度と判断しました。
../database/final_database/003/008.jpg,3,008.jpg,10,0.18,-0.22,口角がわずかに上がっており、全体として穏やかな表情で軽い快の印象です。一方で目元の緊張や動きが少なく、覚醒度はやや低めに見えます。
../database/final_database/003/009.jpg,3,009.jpg,1,0.12,-0.08,口角がわずかに上がっており軽い微笑みで、強い不快感は見られません。一方で目の開きや表情の動きが小さく、覚醒度は低めに見えます。
../database/final_database/003/009.jpg,3,009.jpg,2,0.18,-0.22,口角がわずかに上がり、全体として中立〜軽い好意的表情に見えます。一方で目元の動きが小さく表情の強度は低いため、覚醒度はやや低めと判断しました。
../database/final_database/003/009.jpg,3,009.jpg,3,0.22,-0.18,口角がわずかに上がり、全体として穏やかな微笑みに見えるため快寄りです。一方で目の開きや表情筋の緊張が弱く、落ち着いた状態に見えるため覚醒は低めです。
../database/final_database/003/009.jpg,3,009.jpg,4,0.22,-0.08,口角がわずかに上がっており、全体として穏やかで軽い快の表情に見えます。目元の緊張が少なく動きも小さいため、覚醒度は低めと判断しました。
../database/final_database/003/009.jpg,3,009.jpg,5,0.2,0.05,口角がわずかに上がり、全体として穏やかで軽い好意的表情に見えます。一方で目元の動きが小さく、興奮度は低めで落ち着いた状態です。
../database/final_database/003/009.jpg,3,009.jpg,6,0.12,-0.08,口角がわずかに上がり微笑みに近い一方、目元の開きが小さく全体に落ち着いた表情です。強い緊張や興奮は見られません。
../database/final_database/003/009.jpg,3,009.jpg,7,0.25,-0.1,口角がわずかに上がり、全体として穏やかな表情で軽い快が見られます。一方で目の開きや表情筋の緊張が強くなく、覚醒度は低めです。
../database/final_database/003/009.jpg,3,009.jpg,8,0.12,-0.18,口角がわずかに上がっており軽い快の要素がありますが、目元の動きが小さく全体として表情は落ち着いています。驚きや緊張は強く見られないため覚醒度はやや低めと判断しました。
../database/final_database/003/009.jpg,3,009.jpg,9,0.15,-0.1,口角がわずかに上がっており不快感は低い一方、目元や表情筋の緊張が弱く落ち着いた印象です。そのため快寄りだが覚醒度は低めと判断しました。
../database/final_database/003/009.jpg,3,009.jpg,10,0.15,-0.05,口角がわずかに上がっており軽い快の表情ですが、目元や眉の動きが小さく全体として落ち着いた印象です。そのため覚醒度は低めに見積もりました。
../database/final_database/003/010.jpg,3,010.jpg,1,-0.12,0.18,眉がやや寄り、口元も緊張していて不快寄りの表情に見えます。一方で目の開きは極端ではなく、覚醒度は軽度の高まりに留まります。
../database/final_database/003/010.jpg,3,010.jpg,2,-0.25,0.15,眉間にしわが寄り、口元もわずかに緊張しており、軽い不快・困惑の表情に見えます。一方で目の開きや表情の強さは中程度で、覚醒度はやや低め～中程度と判断しました。
../database/final_database/003/010.jpg,3,010.jpg,3,-0.08,0.18,眉がわずかにひそまり口元も引き締まっており、軽い不快・困惑寄りの表情に見えます。一方で表情変化は強くなく、覚醒度は低〜中程度と判断しました。
../database/final_database/003/010.jpg,3,010.jpg,4,-0.12,0.18,眉間にしわが寄り、口元もわずかに緊張して見えるため快よりやや不快寄りです。一方で表情の強さは中程度で、覚醒度はわずかに高めと判断しました。
../database/final_database/003/010.jpg,3,010.jpg,5,-0.12,0.18,眉間にしわが寄り、口元もやや引き締まっていて軽い不快・困惑の表情に見えます。一方で目の開きは極端ではなく、覚醒度は低〜中程度です。
../database/final_database/003/010.jpg,3,010.jpg,6,-0.12,0.18,眉が中央に寄り、目元もやや緊張していて軽い不快・困惑の印象があります。一方で口元は大きく崩れておらず、覚醒度は低〜中程度に見えます。
../database/final_database/003/010.jpg,3,010.jpg,7,-0.18,0.12,眉間にしわが寄り、口角もやや下がって見えるため軽い不快寄りの表情です。一方で目の開きは大きくなく緊張も強くないため、覚醒度は低〜中程度と判断しました。
../database/final_database/003/010.jpg,3,010.jpg,8,-0.32,0.12,眉間にしわが寄り、口元も緊張していてやや不快寄りに見えます。一方で表情の強度は高くなく、覚醒度は低～中程度です。
../database/final_database/003/010.jpg,3,010.jpg,9,-0.25,0.1,眉が中央に寄っており、口元もわずかに緊張して見えるため不快寄りです。一方で表情の強い動きは少なく、覚醒度は低〜中程度と判断しました。
../database/final_database/003/010.jpg,3,010.jpg,10,-0.25,0.15,眉が寄り気味で目が細く、口元もやや緊張して見えるため不快寄りです。一方で強い驚きや興奮はなく、覚醒度は低〜中程度に留まります。
../database/final_database/004/001.jpg,4,001.jpg,1,0.18,-0.22,口角がわずかに上がり表情は穏やかで、強い不快感は見られません。一方で目元や筋緊張が弱く、全体として落ち着いた低覚醒寄りに見えます。
../database/final_database/004/001.jpg,4,001.jpg,2,0.12,-0.18,口角がわずかに上がっており不快感は少ない一方、目元や眉の動きが小さく表情の活発さが低い。全体として穏やかで落ち着いた印象です。
../database/final_database/004/001.jpg,4,001.jpg,3,0.12,-0.18,口元がわずかに上がっており中立〜軽いポジティブさが見られますが、目元や眉の緊張が少なく全体として落ち着いた印象で覚醒度は低めです。
../database/final_database/004/001.jpg,4,001.jpg,4,0.12,-0.18,口元がわずかに上がっており強い不快感は見られない一方、目や眉の動きが小さく表情のエネルギーは低めに見えます。全体として穏やかでやや無表情寄りです。
../database/final_database/004/001.jpg,4,001.jpg,5,0.12,-0.18,口元がわずかに上がっており強い不快感は見られない一方、目や眉の動きが少なく全体に落ち着いた表情です。緊張や興奮のサインが弱いため覚醒度はやや低めと判断しました。
../database/final_database/004/001.jpg,4,001.jpg,6,0.12,-0.18,口元がわずかに上がっており軽いポジティブさはある一方、目や眉の緊張が少なく全体として落ち着いた表情に見えます。強い喜びや驚きは感じられないため覚醒度は低めと判断しました。
../database/final_database/004/001.jpg,4,001.jpg,7,0.05,-0.35,口元がわずかに上がっており軽い好意的（中立寄り）な表情に見える一方、眉や目元の緊張が少なく全体として落ち着いた印象です。
../database/final_database/004/001.jpg,4,001.jpg,8,0.1,-0.2,口元がわずかに上がっており強い不快感は見られない一方、目元や眉の動きが小さく表情の活性は低めです。そのため軽い快と低覚醒寄りと判断しました。
../database/final_database/004/001.jpg,4,001.jpg,9,0.12,-0.28,口元にわずかな微笑があり全体として中立〜やや快の印象ですが、目元や眉の動きが小さく感情の強度は低めに見えます。緊張や興奮は感じにくく、落ち着いた（低覚醒）表情です。
../database/final_database/004/001.jpg,4,001.jpg,10,0.1,-0.25,口角がわずかに上がっており全体として中立〜軽い快の印象です。一方で目元や表情筋の動きが小さく、興奮度は低めに見えます。
../database/final_database/004/003.jpg,4,003.jpg,1,0.2,-0.25,口角がわずかに上がり、全体として穏やかな表情で軽い快が見られます。一方で目元や表情筋の緊張が少なく、興奮度は低めに感じられます。
../database/final_database/004/003.jpg,4,003.jpg,2,0.12,-0.25,口角がわずかに上がり、目元も緊張が少ないため軽い快の表情に見えます。一方で表情の動きは小さく、興奮や驚きは乏しいので覚醒度は低めです。
../database/final_database/004/003.jpg,4,003.jpg,3,0.28,-0.22,口元がわずかに上がっており全体として穏やかな表情で、軽い快が見られます。目や眉の緊張が少なく動きも小さいため覚醒度は低めです。
../database/final_database/004/003.jpg,4,003.jpg,4,0.22,-0.18,口角がわずかに上がっており全体として穏やかな表情で、軽い快が見られます。一方で目の開きや表情筋の緊張が弱く、興奮度は低めに見えます。
../database/final_database/004/003.jpg,4,003.jpg,5,0.18,-0.22,口角がわずかに上がり穏やかな微笑が見られるため、快方向だが強くはありません。目元や表情筋の緊張が少なく落ち着いた印象なので覚醒度はやや低めです。
../database/final_database/004/003.jpg,4,003.jpg,6,0.22,-0.18,口角がわずかに上がり、全体として中立〜軽い快の表情に見えます。一方で目元や表情筋の緊張が少なく、興奮度は低めです。
../database/final_database/004/003.jpg,4,003.jpg,7,0.32,-0.18,口角がわずかに上がり、全体として穏やかで軽い満足感が読み取れます。一方で目元や表情筋の緊張が少なく、興奮度は低めに見えます。
../database/final_database/004/003.jpg,4,003.jpg,8,0.18,-0.22,口角がわずかに上がり、全体として穏やかで軽い好意的表情に見えます。一方で目の開きや表情筋の緊張が弱く、覚醒度は低めです。
../database/final_database/004/003.jpg,4,003.jpg,9,0.18,-0.12,口元がわずかに上がり、全体として穏やかな表情で軽い快の印象があります。一方で目や眉の動きが小さく、興奮度は低めに見えます。
../database/final_database/004/003.jpg,4,003.jpg,10,0.18,-0.22,口元がわずかに上がっており、全体として穏やかで軽い好意・満足が感じられます。一方で目元や表情筋の動きが少なく、興奮や緊張は低めに見えます。
../database/final_database/004/004.jpg,4,004.jpg,1,0.12,-0.08,口角がわずかに上がり、全体としては軽い好意的（快）な表情ですが、目元の動きが小さく落ち着いた印象です。強い興奮や緊張は見られないため覚醒度は低めにしました。
../database/final_database/004/004.jpg,4,004.jpg,2,0.12,0.05,口角がわずかに上がっており軽い快の表情に見えますが、目元の緊張が少なく全体として強い感情は感じられません。
../database/final_database/004/004.jpg,4,004.jpg,3,0.12,0.08,口角がわずかに上がっており、軽い肯定的（快）の表情に見えます。一方で目元や表情筋の緊張は強くなく、覚醒度は低めです。
../database/final_database/004/004.jpg,4,004.jpg,4,0.12,0.08,口角がわずかに上がり全体として中立〜軽いポジティブ寄りですが、目元の緊張が少しあり強い快表情ではありません。表情の動きが小さく落ち着いているため覚醒度も低めです。
../database/final_database/004/004.jpg,4,004.jpg,5,0.18,0.08,口角がわずかに上がり、全体として穏やかでやや快の表情に見えます。一方で目元や眉の動きが小さく、興奮度は低めで落ち着いた状態と判断しました。
../database/final_database/004/004.jpg,4,004.jpg,6,-0.12,0.18,口元はわずかに上がっているものの、眉間に力が入っており不安・戸惑いが混じる表情に見えます。強い興奮はなく、軽い緊張がある程度の覚醒度です。
../database/final_database/004/004.jpg,4,004.jpg,7,0.12,-0.08,口元がわずかに上がっており軽い快の印象ですが、目元の動きが少なく全体として感情の強度は低めに見えます。緊張や興奮のサインは弱く、落ち着いた状態に近いです。
../database/final_database/004/004.jpg,4,004.jpg,8,0.12,-0.08,口角がわずかに上がっており軽い好意・安心感が見られる一方、目元の緊張は強くなく全体として落ち着いた表情です。大きな驚きや興奮のサインが少ないため覚醒度は低めと判断しました。
../database/final_database/004/004.jpg,4,004.jpg,9,0.1,-0.2,口元がわずかに上がっており大きな不快感は見られないため、valenceはやや正寄りです。一方で目の開きや表情筋の動きが小さく、全体として落ち着いた印象なのでarousalはやや低めです。
../database/final_database/004/004.jpg,4,004.jpg,10,0.1,-0.05,口元にわずかな上がりが見られる一方で、目元は強い笑顔ではなく全体的に中立に近い表情です。動きや緊張感も強くないため覚醒度は低めと判断しました。
../database/final_database/004/005.jpg,4,005.jpg,1,0.25,-0.2,口角がわずかに上がっており穏やかな微笑みに見えるため、快寄りのvalenceです。目元や表情筋の緊張が強くなく落ち着いた状態に見えるため、arousalは低めです。
../database/final_database/004/005.jpg,4,005.jpg,2,0.22,-0.18,口元がわずかに上がっており軽い微笑みで、全体として快寄りの印象です。目や眉の緊張が少なく動きも小さいため、覚醒度はやや低めに見えます。
../database/final_database/004/005.jpg,4,005.jpg,3,0.35,-0.25,口角がわずかに上がっており全体として穏やかな微笑みに見えるため快寄りです。一方で目元や表情筋の動きが強くなく落ち着いた状態に見えるため覚醒度はやや低めと判断しました。
../database/final_database/004/005.jpg,4,005.jpg,4,0.18,-0.22,口元がわずかに上がっており全体として穏やかな微笑に見えるため、valenceはやや正寄りです。目元や表情筋の緊張が少なく落ち着いた印象なので、arousalはやや低めにしました。
../database/final_database/004/005.jpg,4,005.jpg,5,0.35,-0.2,口角がわずかに上がっており穏やかな微笑に見えるため、快寄りのvalenceです。一方で目元や表情筋の緊張が少なく落ち着いた印象なので、arousalはやや低めにしました。
../database/final_database/004/005.jpg,4,005.jpg,6,0.22,-0.18,口元がわずかに上がっていて不快感は少ない一方、目元や表情筋の動きが弱く落ち着いた印象です。全体として穏やかな軽いポジティブ感情で、覚醒度は低めと判断しました。
../database/final_database/004/005.jpg,4,005.jpg,7,0.25,-0.15,口角がわずかに上がっており全体として穏やかな微笑みに見えるため、快寄りのvalenceと判断しました。目元や表情筋の緊張が強くなく落ち着いた印象なので、arousalはやや低めとしました。
../database/final_database/004/005.jpg,4,005.jpg,8,0.28,-0.18,口角がわずかに上がり、全体として穏やかな微笑みに見えるため快寄りです。一方で目元や表情筋の緊張が弱く、落ち着いた低覚醒の印象です。
../database/final_database/004/005.jpg,4,005.jpg,9,0.32,-0.18,口角がわずかに上がっており不快感は少なく、軽いポジティブさが見られます。一方で目の開きや表情筋の緊張が弱く、覚醒度は低めに見えます。
../database/final_database/004/005.jpg,4,005.jpg,10,0.22,-0.18,口角がわずかに上がっており、全体として穏やかな微笑みに見えるため快寄りです。一方で目元や表情筋の動きが小さく、落ち着いた低覚醒の状態に見えます。
../database/final_database/004/007.jpg,4,007.jpg,1,0.12,-0.18,口角がわずかに上がっており軽い快の要素がありますが、目元や眉に強い活性が見られず全体として落ち着いた表情です。驚きや強い緊張は感じられないため覚醒度は低めです。
../database/final_database/004/007.jpg,4,007.jpg,2,0.18,-0.12,口角がわずかに上がり穏やかな表情で、強い不快感は見られません。目の開きや表情筋の緊張が弱く、覚醒度は低めに見えます。
../database/final_database/004/007.jpg,4,007.jpg,3,0.12,-0.18,口元がわずかに上がり、全体として中立〜軽い快の表情に見えます。一方で目の開きや表情筋の緊張が強くなく、覚醒度は低めと判断しました。
../database/final_database/004/007.jpg,4,007.jpg,4,0.18,-0.12,口元がわずかに上がり、目元も緊張が少ないため軽い快の印象です。一方で表情の動きは小さく、覚醒度はやや低めに見えます。
../database/final_database/004/007.jpg,4,007.jpg,5,0.18,-0.12,口角がわずかに上がっており軽い快の表情ですが、目元や眉の動きが小さく全体として落ち着いた印象です。強い興奮や緊張は見られないため覚醒度はやや低めと判断しました。
../database/final_database/004/007.jpg,4,007.jpg,6,0.18,-0.12,口元がわずかに上がっており、全体として穏やかで軽いポジティブさが感じられます。目や眉の動きが小さく緊張感が低いため、覚醒度はやや低めと判断しました。
../database/final_database/004/007.jpg,4,007.jpg,7,0.1,-0.2,口角がわずかに上がり、全体として穏やかで軽いポジティブさが見られます。一方で目元の動きが小さく表情の強度が低いため覚醒度はやや低めです。
../database/final_database/004/007.jpg,4,007.jpg,8,0.35,0.1,口角がわずかに上がり、目元も緊張が少ないため軽い快の表情に見えます。一方で表情の動きは控えめで興奮や強い緊張は感じにくいので覚醒度は低めです。
../database/final_database/004/007.jpg,4,007.jpg,9,0.2,-0.1,口角がわずかに上がっており全体として中立〜軽いポジティブ寄りですが、目元の動きが少なく落ち着いた表情です。強い喜びや緊張は見られないため覚醒度は低めと判断しました。
../database/final_database/004/007.jpg,4,007.jpg,10,0.35,-0.1,口元がわずかに上がっており穏やかな微笑に見えるため、快寄りのvalenceです。一方で目の開きや表情筋の緊張は強くなく、落ち着いた状態に見えるためarousalはやや低めです。
../database/final_database/004/008.jpg,4,008.jpg,1,0.18,-0.05,口角がわずかに上がり、全体として軽い微笑のように見えるため快寄りです。一方で目や眉の動きが小さく、表情の強さは弱めなので覚醒度は低めと判断しました。
../database/final_database/004/008.jpg,4,008.jpg,2,0.25,0.05,口角がわずかに上がっており軽い微笑に見えるため、快寄りのvalenceです。一方で目の開きや表情筋の緊張が強くなく、落ち着いた状態に見えるためarousalは低めです。
../database/final_database/004/008.jpg,4,008.jpg,3,0.35,0.1,口角がわずかに上がり、全体として穏やかでやや快の表情に見えます。目元や眉の緊張が少なく、興奮度は低めで落ち着いた状態に見えるためです。
../database/final_database/004/008.jpg,4,008.jpg,4,0.34,0.18,口角がやや上がり、表情は穏やかで軽い好意・安心感が見られるためvalenceは正寄りです。一方で目や眉の動きが小さく落ち着いた印象なのでarousalは低めにしました。
../database/final_database/004/008.jpg,4,008.jpg,5,0.25,0.1,口角がわずかに上がり、表情は穏やかで軽い好意・安心が感じられます。一方で目や顔全体の緊張は強くなく、覚醒度は低めです。
../database/final_database/004/008.jpg,4,008.jpg,6,0.12,-0.08,口角がわずかに上がり、穏やかな表情で軽い快が見られます。一方で目元や姿勢に強い緊張がなく、覚醒度は低めです。
../database/final_database/004/008.jpg,4,008.jpg,7,0.28,0.05,口元がわずかに上がり、表情全体は穏やかで軽い好意が感じられます。一方で目元や表情筋の動きは強くなく、興奮度は低めに見えます。
../database/final_database/004/008.jpg,4,008.jpg,8,0.35,0.1,口角がわずかに上がり、表情全体は穏やかで軽い快の印象です。一方で目元や眉の動きが小さく、興奮度は低めに見えます。
../database/final_database/004/008.jpg,4,008.jpg,9,0.25,0.1,口角がわずかに上がり、全体として穏やかでやや肯定的な表情に見えます。一方で目元の緊張は強くなく、覚醒度は低めです。
../database/final_database/004/008.jpg,4,008.jpg,10,0.24,0.06,口角がわずかに上がり、全体として中立〜やや肯定的な表情に見えます。一方で目元や眉の動きが小さく、興奮度は低めです。
../database/final_database/004/009.jpg,4,009.jpg,1,0.1,0.15,口が少し開き、目元も比較的リラックスしていて強い不快感は見られません。一方で笑顔の強さや緊張感も弱く、感情強度は低めに見えるため覚醒度はやや低〜中程度です。
../database/final_database/004/009.jpg,4,009.jpg,2,0.1,0.15,口元がわずかに開いており緊張や発話中のように見える一方、眉や目元に強い不快・快のサインは少ないため中立寄りです。表情の動きは小さく、覚醒度も低〜中程度と判断しました。
../database/final_database/004/009.jpg,4,009.jpg,3,0.1,0.2,口元がわずかに開いており驚きや興味に近い中立寄りの表情で、強い不快感や喜びは見られません。目元の緊張も軽度で、覚醒度は低～中程度と判断しました。
../database/final_database/004/009.jpg,4,009.jpg,4,0.1,0.2,口元がわずかに上がり表情は中立〜軽いポジティブに見える一方、目元の緊張は強くなく落ち着いた印象です。驚きや強い喜怒哀楽は見られないため覚醒度は低めに推定します。
../database/final_database/004/009.jpg,4,009.jpg,5,0.12,0.18,口角がわずかに上がり、表情は中立寄りで軽い快の印象です。一方で目や眉の緊張は強くなく、覚醒度も低め～中程度に見えます。
../database/final_database/004/009.jpg,4,009.jpg,6,0.1,0.2,口元がわずかに緩み、表情は中立〜軽いポジティブ寄りに見えます。目や眉の動きが小さく、強い緊張や興奮は感じられないため覚醒度は低めです。
../database/final_database/004/009.jpg,4,009.jpg,7,0.18,0.22,口がわずかに開き、目元も緊張が強くないため軽い快の印象です。一方で表情の動きは大きくなく、覚醒度は低〜中程度に見えます。
../database/final_database/004/009.jpg,4,009.jpg,8,0.18,0.22,口角がわずかに上がり、表情全体は穏やかで軽い快の印象です。一方で目の開きや筋緊張は強くなく、覚醒度は低〜中程度に見えます。
../database/final_database/004/009.jpg,4,009.jpg,9,0.12,0.18,口角がわずかに上がり、全体として中立〜軽いポジティブ寄りに見えます。一方で目の開きや表情筋の緊張が強くないため覚醒度は低〜中程度です。
../database/final_database/004/009.jpg,4,009.jpg,10,0.08,0.22,口角がわずかに上がり、表情は中立〜軽い好意寄りに見えます。一方で目元の緊張は強くなく、覚醒度はやや低〜中程度と判断しました。
../database/final_database/004/010.jpg,4,010.jpg,1,0.22,0.12,片目をつぶったウィンクと口角がわずかに上がった表情で、軽い好意・遊び心が感じられます。一方で表情の動きは控えめで、興奮度は低めです。
../database/final_database/004/010.jpg,4,010.jpg,2,0.3,0.05,口角がわずかに上がり、全体として穏やかで軽い好意的（快）な表情に見えます。一方で動きは少なく、覚醒度は低め〜中立に近い印象です。
../database/final_database/004/010.jpg,4,010.jpg,3,0.32,0.18,口角がわずかに上がっており軽い好意・満足の表情に見えます。一方で目の開きや表情筋の動きは強くなく、覚醒度は低めです。
../database/final_database/004/010.jpg,4,010.jpg,4,0.25,0.05,口角がわずかに上がっており、ウィンクのような表情で軽い好意・遊び心が感じられます。一方で表情全体の動きは小さく、興奮度は低めです。
../database/final_database/004/010.jpg,4,010.jpg,5,0.12,0.05,片目を細めた軽いウィンクと口元のわずかな上がりがあり、弱い肯定的感情が示唆されます。一方で表情全体の動きは小さく、覚醒度は低めに見えます。
../database/final_database/004/010.jpg,4,010.jpg,6,0.35,0.1,口元がわずかに上がっており全体として穏やかな微笑みに見えるため快寄りです。一方で目や眉の動きが小さく、強い興奮や緊張は感じにくいので覚醒度は低めです。
../database/final_database/004/010.jpg,4,010.jpg,7,0.42,0.18,口角がやや上がっており全体として穏やかな微笑みに見えるため、快（正のvalence）寄りです。一方で表情の動きは大きくなく落ち着いているため、arousalは低めに見積もりました。
../database/final_database/004/010.jpg,4,010.jpg,8,0.32,0.12,片目を細めて軽く口角が上がっており、穏やかな好意・遊び心が感じられます。驚きや緊張は強くなく、覚醒度は低めです。
../database/final_database/004/010.jpg,4,010.jpg,9,0.35,0.15,片目を細めたウィンクと軽い口角の上がりが見られ、やや快の感情が示唆されます。表情の強さは穏やかで緊張感が低いため、覚醒度はやや低めと判断しました。
../database/final_database/004/010.jpg,4,010.jpg,10,0.28,0.12,口角がわずかに上がり、全体として穏やかな微笑みが見られるため快寄りです。強い緊張や興奮のサインは少なく、覚醒度は低〜中程度と判断しました。
../database/final_database/005/001.jpg,5,001.jpg,1,-0.1,0.05,口元がわずかに下がり、眉間にも軽い緊張が見られるため快よりやや不快寄りです。一方で目や表情筋の動きは強くなく、覚醒度は中立に近いと判断しました。
../database/final_database/005/001.jpg,5,001.jpg,2,0.12,-0.18,口角がわずかに上がっており軽い好意・安心感が見られる一方、目元や表情筋の動きが小さく全体として落ち着いた（低覚醒）印象です。
../database/final_database/005/001.jpg,5,001.jpg,3,-0.12,0.18,口元はわずかに上がっていますが、眉間に緊張があり全体としては軽い不快・不安寄りに見えます。表情の変化は小さく、覚醒度も低〜中程度です。
../database/final_database/005/001.jpg,5,001.jpg,4,0.05,0.1,口元がわずかに上がっており大きな不快感は見られませんが、眉間の緊張が少しあり快・不快は中立寄りです。表情の強さは弱く、覚醒度も低〜中程度に留まります。
../database/final_database/005/001.jpg,5,001.jpg,5,0.12,-0.18,口角がわずかに上がっており大きな不快感は見られないため、valenceはやや正寄りです。一方で目元や表情筋の動きが小さく落ち着いた印象なので、arousalは低めに見積もりました。
../database/final_database/005/001.jpg,5,001.jpg,6,-0.12,0.18,口角はわずかに上がっていますが、眉が内側に寄り気味で緊張や不安が混じった表情に見えます。全体として快・覚醒ともに弱めの中程度です。
../database/final_database/005/001.jpg,5,001.jpg,7,0.12,-0.18,口角がわずかに上がっており大きな不快サインは見られないため、快は弱めと判断しました。目元や表情筋の動きが小さく全体に落ち着いているので、覚醒度はやや低めです。
../database/final_database/005/001.jpg,5,001.jpg,8,-0.12,0.18,口元はわずかに上がっていますが、眉間に軽い緊張があり、全体として中立〜やや不快寄りに見えます。表情の強さは弱く、覚醒度は低めの軽い反応程度です。
../database/final_database/005/001.jpg,5,001.jpg,9,0.12,0.05,口角がわずかに上がり穏やかな表情で、強い不快感は見られません。一方で目元や表情筋の緊張が弱く、興奮・覚醒度は低めに見えます。
../database/final_database/005/001.jpg,5,001.jpg,10,0.05,-0.15,口元がわずかに上がっており不快感は強くない一方、目元や表情全体は落ち着いていて興奮度は低めに見えます。軽い戸惑い・無表情寄りのニュートラルな印象です。
../database/final_database/005/002.jpg,5,002.jpg,1,-0.22,0.18,眉が寄り気味で口元も緊張しており、やや不快・困惑寄りの表情に見えます。一方で表情の強さは中程度で、覚醒度は軽く高い程度です。
../database/final_database/005/002.jpg,5,002.jpg,2,-0.25,0.2,眉がやや寄り、口元も緊張していて快より不快寄りに見えます。一方で表情の強さは大きくなく、覚醒度はやや低め〜中程度です。
../database/final_database/005/002.jpg,5,002.jpg,3,-0.18,0.22,口角がわずかに下がり、眉間に軽い緊張が見られるため快よりやや不快寄りに判断しました。一方で目の開きや表情筋の緊張は中程度で、覚醒度はやや高めと推定しました。
../database/final_database/005/002.jpg,5,002.jpg,4,-0.22,0.18,眉が中央に寄ってわずかにしかめられ、口元もやや緊張して見えるため快の度合いは低めです。一方で表情の強さは大きくなく落ち着いているため、覚醒度はやや低〜中程度と判断しました。
../database/final_database/005/002.jpg,5,002.jpg,5,-0.32,0.18,眉が寄っており口角もやや下がって見えるため、不快寄りの感情が示唆されます。一方で表情の強さは中程度で、覚醒度はやや低〜中程度と判断しました。
../database/final_database/005/002.jpg,5,002.jpg,6,-0.25,0.35,眉間にしわが寄り口元も緊張しており、不快寄りの表情に見えます。一方で目が開いて顔の筋緊張もあるため、覚醒度はやや高めと判断しました。
../database/final_database/005/002.jpg,5,002.jpg,7,-0.35,0.15,口角がやや下がり、眉間に軽いしわが見られるため不快寄りの表情に見えます。一方で目の開きや表情筋の緊張は強くなく、覚醒度は低～中程度です。
../database/final_database/005/002.jpg,5,002.jpg,8,-0.27,0.18,眉が寄っており口元も緊張していて、不快・不安寄りの表情に見えます。一方で動きは強くなく、覚醒度はやや低〜中程度と判断しました。
../database/final_database/005/002.jpg,5,002.jpg,9,-0.32,0.18,眉が内側に寄り、口元も引きつったように見えるためやや不快寄りの表情です。一方で目の開きは中程度で、強い興奮や沈静は感じにくいため覚醒度は低〜中程度と判断しました。
../database/final_database/005/002.jpg,5,002.jpg,10,-0.42,0.18,眉が寄って目が細く、口元も緊張していて不快・不安寄りの表情に見えます。一方で動きは強くなく、覚醒度は低〜中程度と判断しました。
../database/final_database/005/003.jpg,5,003.jpg,1,-0.35,0.25,眉間にしわが寄り目が細く、口元も緊張していて不快寄りの表情に見えます。一方で驚きや強い興奮はなく、覚醒度はやや低〜中程度です。
../database/final_database/005/003.jpg,5,003.jpg,2,-0.55,0.35,眉が寄り目が細く、口角も下がっていて不快・苦痛寄りの表情に見えます。一方で表情の緊張はあるため覚醒度はやや高めと判断しました。
../database/final_database/005/003.jpg,5,003.jpg,3,-0.42,0.24,眉が寄り目が細く、口元も引きつった不快・困惑の表情に見えるためvalenceは低めです。一方で強い驚きや興奮はなく、緊張はあるが中程度の覚醒と判断しました。
../database/final_database/005/003.jpg,5,003.jpg,4,-0.62,0.41,眉が寄り目が細く、口元も引きつっており不快・嫌悪/痛みの表情に見えます。一方で表情筋の緊張は強く、ある程度の覚醒（反応の強さ）が感じられます。
../database/final_database/005/003.jpg,5,003.jpg,5,-0.52,0.34,眉が寄り目が細く、口元もやや歪んでいて不快・痛みや困惑に近い表情に見えます。一方で表情筋の緊張があり、覚醒度は低すぎないと判断しました。
../database/final_database/005/003.jpg,5,003.jpg,6,-0.52,0.34,眉が強く寄って目が細く、口元も歪んでいて不快・苦痛寄りの表情に見えます。一方で表情筋の緊張があり反応ははっきりしているため、覚醒度はやや高めと判断しました。
../database/final_database/005/003.jpg,5,003.jpg,7,-0.35,0.42,眉が寄り、目が細く口元が歪んでおり、不快感や困惑が感じられます。一方で表情の緊張はあり、覚醒度はやや高めです。
../database/final_database/005/003.jpg,5,003.jpg,8,-0.55,0.35,眉間にしわが寄り、目が細く口角も下がっており不快・困惑寄りの表情に見えます。一方で表情の緊張は中程度で、覚醒度はやや高めと判断しました。
../database/final_database/005/003.jpg,5,003.jpg,9,-0.45,0.35,眉が寄り、目が細く口角も下がり気味で不快・苦痛寄りの表情に見えます。一方で顔の緊張はあるため覚醒度はやや高めと判断しました。
../database/final_database/005/003.jpg,5,003.jpg,10,-0.35,0.25,眉間にしわが寄り、目が細く口元も緊張しており不快・困惑寄りの表情に見えます。一方で驚愕や強い怒りほどの開眼・口の開きはなく、覚醒度は中程度と判断します。
../database/final_database/005/004.jpg,5,004.jpg,1,-0.12,0.26,口元がやや緊張していて笑顔ではなく、視線も鋭めで不快寄りに見えます。一方で表情の動きはあり、無表情ではないため覚醒度はやや高めです。
../database/final_database/005/004.jpg,5,004.jpg,2,-0.25,0.15,口角がやや下がり、目元も緊張していて不快寄りの表情に見えます。一方で動きや驚きは強くなく、覚醒度は低〜中程度です。
../database/final_database/005/004.jpg,5,004.jpg,3,-0.12,0.35,目が細く口元が歪んでおり、快よりもやや不快寄りの表情に見えます。一方で表情の緊張感があり、覚醒度は中程度に感じられます。
../database/final_database/005/004.jpg,5,004.jpg,4,-0.12,0.32,口がやや開き眉がわずかに寄って見え、快よりも不快寄りの表情に見えます。一方で視線や表情筋の緊張があり、覚醒度は中程度と判断しました。
../database/final_database/005/004.jpg,5,004.jpg,5,-0.15,0.35,目元が細まり口が片側に引かれており、軽い不快感や緊張を示す表情に見えます。一方で表情の動きはあり、落ち着ききった状態ではないため覚醒度はやや高めと判断しました。
../database/final_database/005/004.jpg,5,004.jpg,6,-0.12,0.28,口元がやや引きつり、目が細く警戒や不快感が少し見られるためvalenceはわずかに負寄りです。一方で表情の緊張感があり、無表情よりは覚醒度が高いのでarousalはやや正寄りです。
../database/final_database/005/004.jpg,5,004.jpg,7,0.05,0.2,口元が少し開き、目線が鋭く緊張感があるため軽い覚醒状態に見えます。一方で笑顔などの快のサインは弱く、快不快はほぼ中立に近い印象です。
../database/final_database/005/004.jpg,5,004.jpg,8,-0.18,0.22,口元がやや歪み、目も細めで不快・不満寄りの表情に見えます。一方で表情の強さは中程度で、覚醒度はやや高めと判断しました。
../database/final_database/005/004.jpg,5,004.jpg,9,-0.32,0.27,口元がやや歪み、目元も緊張していて不快寄りの表情に見えます。一方で強い驚きや興奮はなく、覚醒度は中程度です。
../database/final_database/005/004.jpg,5,004.jpg,10,-0.18,0.32,口が半開きで片目を細めた表情から、やや不快・不満寄りの印象がありつつ、注意が向いた軽い緊張感も感じられます。全体としては強い喜びや怒りではなく中程度の覚醒です。
../database/final_database/005/005.jpg,5,005.jpg,1,-0.38,0.32,眉が寄り、目が細く口角も下がっており、不快感や困惑の表情に見えます。一方で表情の緊張はあるため覚醒度はやや高めと判断しました。
../database/final_database/005/005.jpg,5,005.jpg,2,-0.42,0.25,眉がひそみ口元が引きつっており、不快・困惑寄りの表情に見えます。一方で強い興奮や活発さは少なく、中程度の覚醒度と判断しました。
../database/final_database/005/005.jpg,5,005.jpg,3,-0.42,0.31,口元が引きつり、眉間に力が入っているため不快寄りの表情に見えます。一方で目の開きと表情筋の緊張があり、覚醒度はやや高めです。
../database/final_database/005/005.jpg,5,005.jpg,4,-0.45,0.3,表情は眉が寄り、目が細く口元もゆがんでおり、不快・痛み/嫌悪に近い印象です。一方で驚きや強い興奮ほどではなく、緊張はあるが中程度の覚醒と判断しました。
../database/final_database/005/005.jpg,5,005.jpg,5,-0.35,0.3,眉が寄り、口角が下がり気味で不快・困惑の表情に見えるためvalenceはやや低めです。一方で目の細め方や顔の緊張から一定の覚醒が感じられるためarousalはやや高めにしました。
../database/final_database/005/005.jpg,5,005.jpg,6,-0.35,0.25,眉が寄り口角が下がり気味で、不快・困惑に近い表情に見えます。一方で強い怒りや恐怖ほどの緊張はなく、覚醒度は中程度と判断しました。
../database/final_database/005/005.jpg,5,005.jpg,7,-0.35,0.25,眉間にしわが寄り、口元も引きつった不快寄りの表情に見えます。一方で目や口の緊張はあるものの激しい興奮ではなく、中程度の覚醒と判断しました。
../database/final_database/005/005.jpg,5,005.jpg,8,-0.48,0.32,眉が寄り、目が細く口角が下がっていて不快・嫌悪寄りの表情に見えます。一方で口が開き顔に緊張があるため覚醒度はやや高めです。
../database/final_database/005/005.jpg,5,005.jpg,9,-0.42,0.18,眉が寄り目が細く、口元も緊張していて不快・困惑寄りの表情に見えます。一方で動きは小さく、覚醒度は低〜中程度と判断しました。
../database/final_database/005/005.jpg,5,005.jpg,10,-0.62,0.28,眉が寄り目が細く、口元も緊張しており不快・苦痛寄りの表情に見えます。一方で動きは大きくなく、覚醒度は中程度です。
../database/final_database/005/006.jpg,5,006.jpg,1,-0.18,0.32,眉間にしわが寄り片目を細め、口がやや開いて緊張や不快感が見られるためvalenceは低めです。一方で表情の歪みがあり反応性はあるのでarousalはやや高めにしました。
../database/final_database/005/006.jpg,5,006.jpg,2,-0.43,0.31,眉間にしわが寄り、片目を強くつぶって口元も歪んでおり、不快・困惑の表情に見えます。一方で表情筋の緊張はあるため覚醒度はやや高めです。
../database/final_database/005/006.jpg,5,006.jpg,3,-0.35,0.25,眉が寄り、片目を細めて口角も下がり気味で、不快・困惑の表情に見えます。一方で叫ぶほど強い反応ではなく、覚醒度は中程度と判断しました。
../database/final_database/005/006.jpg,5,006.jpg,4,-0.18,0.42,眉が寄り片目を強くつぶって口元も緊張しており、不快・困惑寄りの表情に見えます。一方で表情筋の動きが大きく、覚醒度はやや高めと判断しました。
../database/final_database/005/006.jpg,5,006.jpg,5,-0.25,0.35,眉が寄り、片目を細め口が開いた困惑・不快寄りの表情に見えます。一方で驚きや訴えかけの要素があり覚醒度はやや高めです。
../database/final_database/005/006.jpg,5,006.jpg,6,-0.25,0.3,眉が寄り、片目を細めて口元もやや歪んでおり、不快・困惑の表情に見えます。一方で表情の動きはあるため覚醒度は中程度です。
../database/final_database/005/006.jpg,5,006.jpg,7,-0.32,0.38,眉が中央に寄り片目が細く、口元も歪んでいて不快・困惑の表情に見えます。一方で口が開き表情筋の動きがあり、覚醒度はやや高めです。
../database/final_database/005/006.jpg,5,006.jpg,8,-0.35,0.25,眉がやや寄り、片目を細め口角も下がり気味で不快・困惑の表情に見えます。表情の強度は中程度で、覚醒度はやや高めと判断しました。
../database/final_database/005/006.jpg,5,006.jpg,9,-0.35,0.25,眉がひそまり片目を細めるなど不快・困惑の表情が見られる一方、口は大きく開き切っておらず緊張は中程度のため覚醒はやや低めと判断しました。
../database/final_database/005/006.jpg,5,006.jpg,10,-0.35,0.2,目を細めて口角が下がり気味で、不快・困惑した表情に見えます。一方で表情の強さは中程度で、覚醒度はやや低め～中程度と判断しました。
../database/final_database/005/007.jpg,5,007.jpg,1,-0.58,0.36,眉が上がり目が細く、口角が下がり気味で不快・困惑の表情に見えます。一方で口が開き表情筋の緊張があり、覚醒度はやや高めです。
../database/final_database/005/007.jpg,5,007.jpg,2,-0.62,0.34,眉が内側に寄り、口角が下がって不快・嫌悪に近い表情に見えます。一方で口が開いて表情の緊張があり、覚醒度はやや高めと判断しました。
../database/final_database/005/007.jpg,5,007.jpg,3,-0.55,0.35,口角が下がり気味で眉間に力が入り、苦痛や不快感を示す表情に見えます。一方で目は開いており表情筋の緊張もあるため、覚醒度はやや高めと判断しました。
../database/final_database/005/007.jpg,5,007.jpg,4,-0.62,0.31,口角が下がり眉間にしわが寄っており、不快・苦痛や嫌悪の表情に見えます。一方で目は開いており表情の緊張もあるため、覚醒度はやや高めと判断しました。
../database/final_database/005/007.jpg,5,007.jpg,5,-0.45,0.25,口角が下がり気味で眉間に緊張があり、不快・困惑に近い表情に見えます。一方で目の開きは極端ではなく、覚醒度は中程度と判断しました。
../database/final_database/005/007.jpg,5,007.jpg,6,-0.62,0.34,眉が寄り、口角が下がって不快・不満そうな表情に見えます。一方で目は開いており表情の緊張もあるため、覚醒度はやや高めと判断しました。
../database/final_database/005/007.jpg,5,007.jpg,7,-0.45,0.35,眉が寄って目が細く、口角も下がり気味で不快・困惑の表情に見えるためvalenceは低めです。一方で表情筋の緊張があり完全に沈静ではないのでarousalはやや高めと判断しました。
../database/final_database/005/007.jpg,5,007.jpg,8,-0.55,0.35,口角が下がり気味で眉間にも緊張があり、不快・困惑の表情に見えます。一方で目や口周りに力が入っており、覚醒度はやや高めと判断しました。
../database/final_database/005/007.jpg,5,007.jpg,9,-0.48,0.32,眉間にしわが寄り、目が細く口元も歪んでおり不快・困惑の表情に見えます。一方で表情筋の緊張はあるため覚醒度はやや高めと判断しました。
../database/final_database/005/007.jpg,5,007.jpg,10,-0.52,0.28,眉が上がり目が細く、口角が下がり気味で不快・困惑寄りの表情に見えます。一方で表情の緊張はあるため覚醒度はやや高めと判断しました。
../database/final_database/005/008.jpg,5,008.jpg,1,-0.38,0.22,眉が寄り、目が細く口元も緊張しており不快・困惑寄りの表情に見えます。一方で強い興奮や活力は感じにくく、覚醒度はやや低めです。
../database/final_database/005/008.jpg,5,008.jpg,2,-0.22,0.18,眉が寄り目が細く、口元も緊張しており不快・困惑寄りの表情に見えます。一方で大きな驚きや興奮はなく、覚醒度はやや低め～中程度です。
../database/final_database/005/008.jpg,5,008.jpg,3,-0.25,0.35,眉が寄り片目を細めて口元も緊張しており、不快・戸惑い寄りの表情に見えます。一方で表情筋の緊張があり、覚醒度はやや高めと判断しました。
../database/final_database/005/008.jpg,5,008.jpg,4,-0.32,0.28,眉が寄り、片目を細めた不快そうな表情で、口元も緊張して見えるため快の度合いは低めです。一方で表情の歪みがはっきりしており、軽い覚醒（緊張・警戒）が感じられるためarousalはやや高めにしました。
../database/final_database/005/008.jpg,5,008.jpg,5,-0.35,0.15,口角が下がり気味で眉も寄っており、不快・困惑寄りの表情に見えます。一方で表情の強さは中程度で、覚醒度はやや低め〜軽い緊張程度です。
../database/final_database/005/008.jpg,5,008.jpg,6,-0.25,0.1,口角が下がり気味で眉間に緊張があり、不快・困惑寄りの表情に見えます。一方で動きは強くなく、覚醒度は低〜中程度です。
../database/final_database/005/008.jpg,5,008.jpg,7,-0.28,0.24,眉が寄り片目を細めた表情で、口元も緊張しており不快・困惑寄りに見えます。一方で強い興奮ではなく、軽い緊張程度の覚醒と判断しました。
../database/final_database/005/008.jpg,5,008.jpg,8,-0.25,0.35,口角が下がり気味で眉もやや寄っており、不快・困惑寄りの表情に見えます。一方で目の開きや顔の緊張があり、覚醒度は中程度と判断しました。
../database/final_database/005/008.jpg,5,008.jpg,9,-0.28,0.32,眉間にしわが寄り、片目を細め口角も下がり気味で不快・困惑寄りの表情に見えます。一方で表情筋の緊張があり、覚醒度はやや高めと判断しました。
../database/final_database/005/008.jpg,5,008.jpg,10,-0.27,0.31,眉が寄り片目を細めて口角も下がり気味で、不快・困惑の表情に見えます。一方で緊張や注意が向いている印象があり覚醒度はやや高めです。
../database/final_database/005/009.jpg,5,009.jpg,1,-0.35,0.45,眉がややひそまり、口が開いて不安や戸惑いが感じられるため不快寄りのvalenceです。一方で表情筋の緊張と口の開きから覚醒度は中程度に高いと判断しました。
../database/final_database/005/009.jpg,5,009.jpg,2,-0.25,0.35,口が少し開いて眉が寄っており、不快・困惑寄りの表情に見えます。一方で目の開きと口の動きから、落ち着きよりはやや覚醒度が高い印象です。
../database/final_database/005/009.jpg,5,009.jpg,3,-0.32,0.37,眉が内側に寄り、口が開いて緊張や不安を示す表情に見えるため不快寄りです。一方で目が開き気味で表情筋の動きもあり、覚醒度はやや高めと判断しました。
../database/final_database/005/009.jpg,5,009.jpg,4,-0.45,0.35,眉が寄り目が細く、口が開いて緊張や不快感が見られるためvalenceは低めです。一方で表情の筋緊張があり反応性が高いのでarousalはやや高めと判断しました。
../database/final_database/005/009.jpg,5,009.jpg,5,-0.35,0.4,眉が寄り気味で口が開き、やや不快・困惑や不安を感じている表情に見えます。一方で表情筋の緊張があり、覚醒度は中程度に高いと判断しました。
../database/final_database/005/009.jpg,5,009.jpg,6,-0.35,0.45,眉が寄って目が細まり、口が開いて緊張や戸惑いが見られるため不快寄りです。一方で表情筋の動きが大きく、反応が強いので覚醒度はやや高めと判断しました。
../database/final_database/005/009.jpg,5,009.jpg,7,-0.32,0.47,眉が寄り気味で口が半開きになっており、快よりも不快・困惑寄りの表情に見えます。一方で目が開き気味で表情筋の緊張もあるため、覚醒度はやや高めと判断しました。
../database/final_database/005/009.jpg,5,009.jpg,8,-0.25,0.35,眉が内側に寄り、口が開いて緊張や不安を示す表情に見えるため、快は低めです。一方で表情筋の動きがあり、やや覚醒度は高めと判断しました。
../database/final_database/005/009.jpg,5,009.jpg,9,-0.35,0.55,眉が寄り、口が半開きで緊張や不快感が見られるためvalenceはやや低めです。一方で目と口の動きが大きく、驚き・不安による覚醒度が中程度に高いと判断しました。
../database/final_database/005/009.jpg,5,009.jpg,10,0.08,0.42,口が半開きでわずかに口角が上がっている一方、眉が内側に寄っており不安・困惑が混じる表情に見えるため、快-不快はほぼ中立寄りです。目と口の緊張から覚醒度はやや高めと判断しました。
../database/final_database/005/010.jpg,5,010.jpg,1,-0.15,0.25,眉が寄って目もやや細く、少し不快・困惑寄りの表情に見えます。一方で表情の強度は中程度で、緊張や警戒が少しある程度の覚醒レベルです。
../database/final_database/005/010.jpg,5,010.jpg,2,0.05,-0.15,口角がわずかに上がりつつも眉間にしわが寄り、喜びと困惑が混ざった中立寄りの表情に見えます。目の開きや表情筋の緊張が強くないため、覚醒度はやや低めと判断しました。
../database/final_database/005/010.jpg,5,010.jpg,3,-0.12,0.18,眉がやや寄っていて口角も上がりきらず、少し不快・困惑寄りの表情に見えます。一方で目の開きは保たれており、緊張感が少しあるため覚醒度はわずかに高めと判断しました。
../database/final_database/005/010.jpg,5,010.jpg,4,-0.18,0.22,眉が少し寄り、口角もわずかに下がって見えるため軽い不快・困惑寄りの表情です。一方で目は開いており緊張感が少しあるので覚醒度はやや高めと判断しました。
../database/final_database/005/010.jpg,5,010.jpg,5,0.12,-0.18,口角がわずかに上がり目元も強い緊張がなく、軽い快の方向に見えます。一方で表情の動きが小さく落ち着いているため、覚醒度はやや低めと判断しました。
../database/final_database/005/010.jpg,5,010.jpg,6,-0.12,0.18,眉間にしわが寄り口角がやや下がっており、やや不快・困惑寄りの表情に見えます。一方で目の開きは大きくなく緊張も強くないため、覚醒度は低〜中程度と判断しました。
../database/final_database/005/010.jpg,5,010.jpg,7,0.12,-0.18,口角がわずかに上がり不快感は強くない一方、眉間に軽い緊張があり中立～やや快寄りに見えます。表情の動きは大きくなく、覚醒度は低めと判断しました。
../database/final_database/005/010.jpg,5,010.jpg,8,-0.12,0.18,眉がややひそまり口元も引き締まっており、わずかな不快・困惑のニュアンスが見られます。一方で表情の動きは強くなく、覚醒度は低〜中程度です。
../database/final_database/005/010.jpg,5,010.jpg,9,-0.12,0.18,眉がややひそまり、口元も軽く緊張していて快の表情には見えにくい一方、強い怒りや恐怖ほどの高覚醒ではありません。少し困惑・不快寄りで、覚醒度は低〜中程度と判断しました。
../database/final_database/005/010.jpg,5,010.jpg,10,0.08,0.12,口角はわずかに上がっていますが、眉間にしわが寄り目も細めで、快・不快が混ざったやや困惑／疑問の表情に見えます。表情の強度は強くなく、覚醒度も低〜中程度です。
../database/final_database/006/001.jpg,6,001.jpg,1,0.22,-0.18,口角がわずかに上がっており、全体として軽い肯定的（快）な表情に見えます。一方で目元や表情筋の緊張は強くなく、落ち着いた低覚醒寄りです。
../database/final_database/006/001.jpg,6,001.jpg,2,0.12,-0.18,口角がわずかに上がっており軽い快の表情ですが、目元の緊張が弱く全体として落ち着いた印象です。そのためvalenceは小さめの正、arousalはやや低めと判断しました。
../database/final_database/006/001.jpg,6,001.jpg,3,0.1,-0.2,口角がわずかに上がっており軽い好意・安心感が見られる一方、目元や表情筋の動きが小さく全体として落ち着いた印象です。強い興奮や緊張は感じられないため覚醒度は低めにしました。
../database/final_database/006/001.jpg,6,001.jpg,4,0.18,-0.12,口角がわずかに上がり穏やかな表情で、不快さより軽い快が優勢に見えます。目や眉の緊張が少なく動きも控えめに見えるため、覚醒度はやや低めと判断しました。
../database/final_database/006/001.jpg,6,001.jpg,5,0.28,-0.12,口元がわずかに上がっており、全体として軽いポジティブさが感じられます。一方で目元や表情筋の動きが控えめで、興奮度は低めに見えます。
../database/final_database/006/001.jpg,6,001.jpg,6,0.22,0.06,口角がわずかに上がり、全体として穏やかで軽い好意的表情に見えるためvalenceはやや正寄りです。目や眉の動きが小さく緊張感も低いため、arousalは低めに設定しました。
../database/final_database/006/001.jpg,6,001.jpg,7,0.21,-0.12,口角がわずかに上がっており、全体として軽い快の表情に見えます。一方で目元や表情筋の緊張が強くなく、覚醒度はやや低めと判断しました。
../database/final_database/006/001.jpg,6,001.jpg,8,0.14,-0.18,口角がわずかに上がり表情は中立寄りの軽い好意（快）に見えますが、目元や頬の緊張が少なく全体として落ち着いた（低覚醒）印象です。
../database/final_database/006/001.jpg,6,001.jpg,9,0.18,-0.08,口角がわずかに上がり全体として中立寄りの穏やかな表情で、不快さはあまり見られません。目元や眉の緊張が少なく動きも控えめなため覚醒度は低めと判断しました。
../database/final_database/006/001.jpg,6,001.jpg,10,0.22,-0.08,口元がわずかに上がり、全体として中立〜軽い快の表情に見えます。目や眉の動きが少なく表情の強度も低いため、覚醒度はやや低めと判断しました。
../database/final_database/006/002.jpg,6,002.jpg,1,0.18,-0.05,口角がわずかに上がり、全体として中立〜軽い快の表情に見えます。目の開きや表情筋の緊張が強くないため覚醒度は低めと判断しました。
../database/final_database/006/002.jpg,6,002.jpg,2,0.28,-0.12,口元がわずかに上がっており、全体として穏やかな微笑に見えるため快寄りです。一方で目の見開きや表情の動きは強くなく、落ち着いた状態なので覚醒度は低めです。
../database/final_database/006/002.jpg,6,002.jpg,3,0.18,0.12,口角がわずかに上がっており、全体として中立〜軽い快の表情に見えます。目元の緊張や驚きは強くなく、覚醒度は低め〜中程度です。
../database/final_database/006/002.jpg,6,002.jpg,4,0.18,-0.08,口角がわずかに上がり穏やかな表情のため、快（ポジティブ）寄りと判断しました。一方で目元や表情筋の動きが小さく、興奮度は低めに見えます。
../database/final_database/006/002.jpg,6,002.jpg,5,0.22,-0.12,口角がわずかに上がり穏やかな表情で、全体として軽い快の印象です。一方で目元の動きが小さく緊張感も強くないため、覚醒度はやや低めと判断しました。
../database/final_database/006/002.jpg,6,002.jpg,6,0.18,-0.06,口角がわずかに上がり、全体に中立〜軽い好意的な表情に見えます。一方で目の開きや表情筋の動きは強くなく、覚醒度は低めです。
../database/final_database/006/002.jpg,6,002.jpg,7,0.34,0.12,口角がやや上がり、穏やかな微笑みに見えるため快（正のvalence）寄りです。一方で目元や表情筋の緊張は強くなく、落ち着いた状態に見えるためarousalは低めです。
../database/final_database/006/002.jpg,6,002.jpg,8,0.2,0.1,口元がわずかに上がり、全体として中立〜やや快の表情に見えます。一方で目元の緊張や大きな動きは少なく、覚醒度は低めと判断しました。
../database/final_database/006/002.jpg,6,002.jpg,9,0.25,-0.05,口角がわずかに上がり、表情はややポジティブに見える一方で、目元や全体の緊張は強くなく落ち着いた状態に見えます。
../database/final_database/006/002.jpg,6,002.jpg,10,0.26,-0.18,口元がわずかに上がっており全体として穏やかな表情で、軽い快の方向に見えます。目や眉の緊張が少なく動きも小さいため、覚醒度はやや低めと判断しました。
../database/final_database/006/003.jpg,6,003.jpg,1,0.18,0.05,口角がわずかに上がり、全体として穏やかで中立〜軽い快の表情に見えます。目や眉の緊張が少なく、興奮度は低めです。
../database/final_database/006/003.jpg,6,003.jpg,2,0.22,-0.05,口角がわずかに上がっており軽い微笑に見えるため、快寄りのvalenceと判断しました。一方で目元や表情筋の緊張が強くなく、全体として落ち着いた印象なのでarousalは中立付近です。
../database/final_database/006/003.jpg,6,003.jpg,3,0.12,-0.05,口角がわずかに上がっており軽い好意的（快）な表情ですが、目元の緊張や動きは強くなく全体に落ち着いて見えます。したがってvalenceは小さくプラス、arousalはほぼ中立〜やや低めと判断しました。
../database/final_database/006/003.jpg,6,003.jpg,4,0.22,-0.08,口角がわずかに上がっており軽いポジティブさが見られますが、目元の緊張は弱く全体として落ち着いた表情です。
../database/final_database/006/003.jpg,6,003.jpg,5,0.15,-0.05,口角がわずかに上がっており、全体として穏やかで軽いポジティブ感情が示唆されます。目や眉の動きは小さく緊張も強くないため、覚醒度は低めと判断しました。
../database/final_database/006/003.jpg,6,003.jpg,6,0.22,-0.12,口角がわずかに上がっており軽い微笑みが見られるため、快寄りのvalenceと判断しました。一方で目の開きや表情筋の緊張が強くなく落ち着いた印象のため、arousalはやや低めです。
../database/final_database/006/003.jpg,6,003.jpg,7,0.28,0.04,口角がわずかに上がり、表情全体は穏やかで軽いポジティブさが見られます。一方で目や眉の動きは小さく、興奮度は低めで落ち着いた状態に見えます。
../database/final_database/006/003.jpg,6,003.jpg,8,0.22,-0.12,口角がわずかに上がり、全体として穏やかな表情のため快寄りのvalenceです。一方で目の開きや表情筋の緊張が強くなく、落ち着いた状態に見えるためarousalはやや低めです。
../database/final_database/006/003.jpg,6,003.jpg,9,0.22,-0.08,口角がわずかに上がり、全体として穏やかな表情に見えるためvalenceはやや正寄りです。一方で目や眉の緊張が少なく、興奮度は低めに見えるためarousalはわずかに負寄りとしました。
../database/final_database/006/003.jpg,6,003.jpg,10,0.22,-0.08,口角がわずかに上がり、全体として中立〜軽いポジティブさが感じられます。一方で目元や表情筋の動きが小さく、興奮度は低めに見えます。
../database/final_database/006/004.jpg,6,004.jpg,1,-0.2,0.55,口が開いて眉がやや上がり、驚きや不安に近い表情で快より不快寄りに見えます。目が見開き気味で緊張感があり覚醒度は高めです。
../database/final_database/006/004.jpg,6,004.jpg,2,-0.25,0.55,口が開き眉がわずかに上がっており、驚きや不安の混じった表情に見えます。快の要素は弱く、覚醒度は中程度以上と判断しました。
../database/final_database/006/004.jpg,6,004.jpg,3,-0.15,0.55,口が開き眉が少し上がっており、驚きや不安が混じった表情に見えます。快よりやや不快寄りで、反応は比較的覚醒度が高いと判断しました。
../database/final_database/006/004.jpg,6,004.jpg,4,-0.15,0.45,口が開き目が見開かれ気味で、驚きや不安のような緊張感があり覚醒度はやや高いです。一方で笑顔というより戸惑いが強く、快よりもやや不快寄りに見えます。
../database/final_database/006/004.jpg,6,004.jpg,5,0.05,0.35,口が少し開いており驚き・困惑のような表情で、快・不快は中立に近い一方で緊張感があり覚醒度はやや高めに見えます。眉や目元に強い怒り・喜びのサインは少ないため極端には振れません。
../database/final_database/006/004.jpg,6,004.jpg,6,-0.35,0.55,口が開いて眉がやや上がっており、不安や驚きが混ざった表情に見えます。快より不快寄りで、覚醒度は中程度に高いと判断しました。
../database/final_database/006/004.jpg,6,004.jpg,7,-0.35,0.55,眉が寄り気味で口が半開きのため、不安や戸惑いが感じられ快ではありません。一方で目が開き表情の緊張があり、覚醒度はやや高めです。
../database/final_database/006/004.jpg,6,004.jpg,8,-0.25,0.55,口が開き眉がやや上がっており、驚きや不安が混じった表情に見えます。快より不快寄りだが覚醒度は高めと判断しました。
../database/final_database/006/004.jpg,6,004.jpg,9,-0.35,0.45,眉がやや寄り、目がうるんだように見え、口が開いて不安・困惑の表情に近いです。感情の強度は中程度で、落ち着きよりも覚醒がやや高いと判断しました。
../database/final_database/006/004.jpg,6,004.jpg,10,-0.15,0.35,口が開き、眉がやや上がって目も見開き気味で、驚きや不安が混ざった表情に見えます。快よりもやや不快寄りですが、反応ははっきりしており覚醒度は中程度です。
../database/final_database/006/005.jpg,6,005.jpg,1,0.25,-0.15,口角がわずかに上がり表情は穏やかで、軽い快の印象があります。一方で目や口の動きは小さく、興奮度は低めに見えます。
../database/final_database/006/005.jpg,6,005.jpg,2,0.12,-0.08,口元がわずかに上がっており軽い快の表情ですが、目元の動きが少なく全体として落ち着いた印象です。そのためvalenceは小さく正、arousalはほぼ中立でやや低めと判断しました。
../database/final_database/006/005.jpg,6,005.jpg,3,0.18,-0.12,口元がわずかに上がり穏やかな表情で、全体として軽い快の印象があります。一方で目元や表情筋の緊張が強くなく、覚醒度は低めに見えます。
../database/final_database/006/005.jpg,6,005.jpg,4,0.12,-0.18,口元がわずかに上がり表情は穏やかで、強い不快感は見られません。一方で目や眉の動きが小さく、全体として覚醒度は低めに感じられます。
../database/final_database/006/005.jpg,6,005.jpg,5,0.22,-0.12,口角がわずかに上がり、表情は概ね穏やかで軽い快の印象です。一方で目元の緊張や動きは強くなく、覚醒度はやや低めに見えます。
../database/final_database/006/005.jpg,6,005.jpg,6,0.22,-0.08,口元がわずかに緩み、全体として中立〜やや快の表情に見えます。一方で目や眉の緊張が少なく、興奮度は低めです。
../database/final_database/006/005.jpg,6,005.jpg,7,0.18,-0.08,口角がわずかに上がり、全体として穏やかでやや肯定的な表情に見えます。一方で目元の緊張や強い動きは少なく、覚醒度は低めです。
../database/final_database/006/005.jpg,6,005.jpg,8,0.1,-0.2,口角がわずかに上がり不快感は強くない一方、表情全体の緊張や目の開きが小さく落ち着いた印象です。軽い戸惑いはあるものの覚醒度は低めに見えます。
../database/final_database/006/005.jpg,6,005.jpg,9,0.14,-0.05,口元がわずかに上がっており、穏やかな快寄りの表情に見えます。一方で目元や表情筋の緊張は強くなく、覚醒度は低めです。
../database/final_database/006/005.jpg,6,005.jpg,10,0.25,-0.05,口元がわずかに上がり、全体として穏やかで軽い好意・安心感が感じられます。一方で目や眉の動きが小さく、興奮や緊張はあまり見られないため覚醒度は低めです。
../database/final_database/006/007.jpg,6,007.jpg,1,0.46,0.08,口角がやや上がり、全体的に穏やかな笑みが見られるため快寄りです。一方で目元や表情筋の緊張が強くなく、興奮度は低めに見えます。
../database/final_database/006/007.jpg,6,007.jpg,2,0.52,0.18,口角がやや上がり、全体として穏やかな笑顔に見えるため快寄りのvalenceです。一方で目元や表情筋の緊張は強くなく、落ち着いた状態に見えるためarousalは低めです。
../database/final_database/006/007.jpg,6,007.jpg,3,0.35,0.1,口角がやや上がっており軽い微笑の表情で、全体として快方向です。一方で目元や表情の動きは大きくなく、興奮度は低めに見えます。
../database/final_database/006/007.jpg,6,007.jpg,4,0.38,0.12,口角がやや上がり、表情全体に軽い微笑が見られるため快寄りです。一方で目元や顔の緊張は強くなく、興奮度は低めに見えます。
../database/final_database/006/007.jpg,6,007.jpg,5,0.34,0.12,口角がやや上がり、全体として穏やかな微笑に見えるため快寄りのvalenceです。一方で表情の動きは大きくなく落ち着いているのでarousalは低めです。
../database/final_database/006/007.jpg,6,007.jpg,6,0.42,0.18,口角がやや上がり、表情全体に軽い微笑みが見られるため快寄りのvalenceと判断しました。一方で目元や口の開きが控えめで、興奮や緊張は強くないためarousalは低めです。
../database/final_database/006/007.jpg,6,007.jpg,7,0.42,0.05,口角がやや上がり、全体として穏やかな微笑に見えるため快寄りのvalenceです。一方で目元や表情筋の緊張は強くなく、落ち着いた状態に見えるためarousalは低めです。
../database/final_database/006/007.jpg,6,007.jpg,8,0.35,0.25,口角がやや上がり、表情全体に軽い微笑みが見られるため快寄りです。一方で目元の動きや表情の強さは控えめで、覚醒度は低〜中程度と判断しました。
../database/final_database/006/007.jpg,6,007.jpg,9,0.43,0.12,口角がやや上がり、全体に穏やかな笑みが見られるため快寄りのvalenceです。一方で目元や表情筋の緊張は強くなく落ち着いた印象なのでarousalは低めです。
../database/final_database/006/007.jpg,6,007.jpg,10,0.32,0.1,口角がやや上がり、全体として穏やかで軽い微笑が見られるため快寄りです。一方で目の開きや表情筋の緊張は強くなく、覚醒度は低めと判断しました。
../database/final_database/006/008.jpg,6,008.jpg,1,0.18,-0.05,口角がわずかに上がっており軽い快の表情に見えますが、目元の緊張や表情の強さは弱く全体として落ち着いた状態に見えます。
../database/final_database/006/008.jpg,6,008.jpg,2,0.25,-0.1,口角がわずかに上がり中立〜軽い微笑みで、快の方向に寄っています。目の開きや表情筋の緊張が強くなく落ち着いた印象のため覚醒度はやや低めです。
../database/final_database/006/008.jpg,6,008.jpg,3,0.25,0.05,口角がわずかに上がり、全体に穏やかな表情で軽い快の印象です。一方で目元や表情筋の緊張は強くなく、覚醒度は低めに見えます。
../database/final_database/006/008.jpg,6,008.jpg,4,0.12,-0.18,口元がわずかに上がっており軽い微笑に見えるため快方向ですが、目元の強い緊張や興奮は少なく落ち着いた表情です。
../database/final_database/006/008.jpg,6,008.jpg,5,0.18,-0.12,口元がわずかに上がっており全体として中立〜軽い快の表情に見えますが、目元の動きが少なく落ち着いた印象のため覚醒度は低めと判断しました。
../database/final_database/006/008.jpg,6,008.jpg,6,0.35,-0.1,口角がわずかに上がり表情が穏やかで、軽い快の印象があります。一方で目元や全体の緊張感は強くなく、覚醒度は低めに見えます。
../database/final_database/006/008.jpg,6,008.jpg,7,0.15,-0.05,口角がわずかに上がり、表情はやや肯定的ですが強い喜びは見られません。目元や眉の動きが小さく全体に落ち着いた印象のため、覚醒度は低めと判断しました。
../database/final_database/006/008.jpg,6,008.jpg,8,0.22,0.05,口角がわずかに上がり、表情は穏やかで軽い快の印象があります。一方で目元や全体の動きが少なく、覚醒度は低めに見えます。
../database/final_database/006/008.jpg,6,008.jpg,9,0.22,0.12,口角がわずかに上がり、全体として中立寄りの穏やかな表情に見えるためvalenceはやや快寄りです。目や眉の動きが小さく緊張感も低いためarousalは低めと判断しました。
../database/final_database/006/008.jpg,6,008.jpg,10,0.32,-0.08,口元がわずかに上がっており、全体として穏やかで軽い好意的表情に見えます。一方で目元や表情筋の動きが控えめで、覚醒度は低めです。
../database/final_database/006/009.jpg,6,009.jpg,1,-0.18,0.42,口が半開きで眉がやや寄っており、安心というより不安・困惑に近い表情に見えます。一方で目が開き気味で緊張感があり、覚醒度はやや高めと判断しました。
../database/final_database/006/009.jpg,6,009.jpg,2,0.12,0.28,口が少し開いており驚きや戸惑いを含む中立寄りの表情に見えます。眉や目元の緊張がわずかにあり、覚醒度は低〜中程度と判断しました。
../database/final_database/006/009.jpg,6,009.jpg,3,0.12,0.38,眉がやや上がり口が少し開いており、驚きや不安混じりの弱いポジティブ（または中立寄り）に見えます。表情の緊張感はあるため覚醒度はやや高めです。
../database/final_database/006/009.jpg,6,009.jpg,4,0.15,0.1,口が少し開いており驚きや戸惑いの要素もありますが、強い怒りや嫌悪は見られず全体としてやや肯定的です。表情の緊張は強くなく、覚醒度も低め〜中程度に留まります。
../database/final_database/006/009.jpg,6,009.jpg,5,-0.12,0.28,眉がやや上がり口が少し開いており、不安や戸惑いが混じる表情に見えます。緊張感はあるものの強い興奮ではないため覚醒は中程度と判断しました。
../database/final_database/006/009.jpg,6,009.jpg,6,-0.15,0.35,口が半開きで眉がやや寄っており、不安や戸惑いの表情に見えるため快は低めです。一方で目は開いていて表情の緊張感があり、覚醒度はやや高めと判断しました。
../database/final_database/006/009.jpg,6,009.jpg,7,0.05,0.25,口が少し開いて笑みが見える一方、眉がやや寄っていて安心感と不安が混ざった表情に見えます。驚き・緊張が少しありそうで覚醒度はやや高めと判断しました。
../database/final_database/006/009.jpg,6,009.jpg,8,0.05,0.2,口が少し開き眉がやや上がっており、軽い驚き・不安が混ざった表情に見えます。強い怒りや喜びではなく中立寄りのため快‐不快はわずかにプラス、覚醒度も低～中程度と判断しました。
../database/final_database/006/009.jpg,6,009.jpg,9,-0.3,0.35,口が半開きで眉がやや寄り、困惑や軽い不安が感じられるため快は低めです。一方で表情の緊張感があり、覚醒度はやや高めと判断しました。
../database/final_database/006/009.jpg,6,009.jpg,10,-0.25,0.3,口が少し開き眉が寄っており、笑顔というより不安や困惑が混じった表情に見えるためvalenceはやや負寄り。目は開いていて表情の動きもあるのでarousalは低すぎず中程度の覚醒と判断しました。
../database/final_database/007/001.jpg,7,001.jpg,1,0.22,0.12,口角がわずかに上がり口が少し開いた穏やかな表情で、強い不快感は見られません。一方で目や眉の動きが小さく緊張感も低いため、覚醒度はやや低めと判断しました。
../database/final_database/007/001.jpg,7,001.jpg,2,0.05,0.12,口が少し開いていて表情は中立〜わずかにポジティブに見えますが、笑顔の強さは弱く感情は控えめです。目元の緊張も少なく全体として落ち着いた印象のため、覚醒度は低めにしました。
../database/final_database/007/001.jpg,7,001.jpg,3,0.32,0.22,口が少し開き、頬や目元に強い緊張が見られないため、軽い快（ポジティブ）寄りと判断しました。表情の動きは穏やかで興奮度は高くないため、覚醒度はやや低めです。
../database/final_database/007/001.jpg,7,001.jpg,4,0.12,0.2,口が少し開き、眉や目元に強い緊張や怒りは見られず、ややポジティブ寄りの中立的表情に見えます。驚きや強い興奮も小さく、覚醒度は低～中程度です。
../database/final_database/007/001.jpg,7,001.jpg,5,0.25,0.15,口がやや開いており、表情は軽い微笑みに近く不快感は少ないためvalenceはやや正寄りです。目元や眉の動きが控えめで強い興奮は感じにくいためarousalは低めにしました。
../database/final_database/007/001.jpg,7,001.jpg,6,0.25,0.35,口角がやや上がり口が開いており、軽い喜び・興味のような快の表情に見えます。目元は強い緊張がなく全体として中程度の覚醒度です。
../database/final_database/007/001.jpg,7,001.jpg,7,0.25,0.1,口が少し開き、全体として穏やかでやや好意的な表情に見えます。眉や目元の緊張が強くなく、覚醒度は低〜中程度と判断しました。
../database/final_database/007/001.jpg,7,001.jpg,8,0.12,0.28,口がやや開き、表情は穏やかで強い不快感は見られません。驚きや緊張は弱く、軽い覚醒状態にとどまっているように見えます。
../database/final_database/007/001.jpg,7,001.jpg,9,0.25,0.15,口角がやや上がり、表情は全体的に穏やかで軽い快の印象です。一方で目元の動きや緊張感は強くなく、覚醒度は低めに見えます。
../database/final_database/007/001.jpg,7,001.jpg,10,0.05,0.35,口が少し開いており、表情は中立〜わずかに快方向に見えます。目元の緊張は強くなく、驚きほどではないため覚醒度は中程度と判断しました。
../database/final_database/007/002.jpg,7,002.jpg,1,0.12,-0.18,口角がわずかに上がっており大きな不快サインは見られないため、軽い快寄りのvalenceと判断しました。目や表情筋の緊張が強くなく落ち着いた印象なので、arousalはやや低めにしました。
../database/final_database/007/002.jpg,7,002.jpg,2,0.25,-0.1,口角がわずかに上がっており、全体として穏やかで軽い好意的な表情に見えます。一方で目元や表情筋の動きは小さく、興奮度は低めです。
../database/final_database/007/002.jpg,7,002.jpg,3,0.2,-0.25,口角がわずかに上がっており全体として穏やかな表情のため、軽い快のvalenceと判断しました。一方で目の開きや表情筋の緊張が強くなく、落ち着いた状態に見えるためarousalはやや低めです。
../database/final_database/007/002.jpg,7,002.jpg,4,0.35,-0.15,口角がわずかに上がっており全体として穏やかな表情のため快寄りのvalenceです。一方で目元や表情筋の緊張が強くなく落ち着いた印象なのでarousalはやや低めです。
../database/final_database/007/002.jpg,7,002.jpg,5,0.18,-0.12,口角がわずかに上がっており、不快さは見られず軽い快の印象です。一方で目元や表情筋の緊張が少なく、落ち着いた低覚醒に近いと判断しました。
../database/final_database/007/002.jpg,7,002.jpg,6,0.22,-0.18,口角がわずかに上がり、全体として穏やかで軽い好意・安心感が読み取れます。一方で目元の緊張や大きな動きは少なく、覚醒度は低めに見えます。
../database/final_database/007/002.jpg,7,002.jpg,7,0.25,-0.1,口角がわずかに上がり穏やかな表情で、全体として軽い快の印象です。目の開きや表情筋の緊張が強くないため覚醒度はやや低めと判断しました。
../database/final_database/007/002.jpg,7,002.jpg,8,0.26,-0.12,口角がわずかに上がり全体として穏やかな表情で、快寄りのvalenceと判断しました。目元や眉の動きが小さく緊張感が低いため、arousalはやや低めです。
../database/final_database/007/002.jpg,7,002.jpg,9,0.32,-0.18,口角がわずかに上がっており、全体として穏やかで軽い好意的表情に見えます。一方で目元や眉の動きが小さく、興奮や緊張は低めで落ち着いた状態と判断しました。
../database/final_database/007/002.jpg,7,002.jpg,10,0.24,-0.18,口角がわずかに上がっており全体として穏やかな表情で、軽い快（ポジティブ）に見えます。一方で目の開きや表情筋の緊張が強くなく、落ち着いた低覚醒寄りです。
../database/final_database/007/003.jpg,7,003.jpg,1,0.18,-0.12,口角がわずかに上がり穏やかな表情で、強い不快感は見られないためvalenceはやや正にしました。一方で目や口の開きが小さく表情の動きも控えめなので、覚醒度は低めと判断しました。
../database/final_database/007/003.jpg,7,003.jpg,2,0.15,-0.1,口元がわずかに上がり穏やかな表情で、不快さはあまり感じられません。一方で目元や表情筋の緊張が少なく、全体として落ち着いた低めの覚醒度に見えます。
../database/final_database/007/003.jpg,7,003.jpg,3,0.2,-0.15,口角がわずかに上がっており全体として穏やかな表情のため、軽い快のvalenceと判断しました。一方で目の開きや眉の動きが小さく、興奮や緊張は低めに見えるためarousalはやや低めです。
../database/final_database/007/003.jpg,7,003.jpg,4,0.12,-0.08,口角がわずかに上がり表情は穏やかで、軽い快の要素があります。一方で目元や眉の動きが少なく、全体として覚醒度は低めに見えます。
../database/final_database/007/003.jpg,7,003.jpg,5,0.35,-0.15,口元がわずかに上がり、全体として穏やかで軽い好意的表情に見えます。一方で目の開きや表情筋の緊張が強くなく、覚醒度は低めと判断しました。
../database/final_database/007/003.jpg,7,003.jpg,6,0.22,-0.08,口角がわずかに上がっており、全体として中立〜軽い快の表情に見えます。一方で目や眉の動きが少なく、興奮度（覚醒度）は低めと判断しました。
../database/final_database/007/003.jpg,7,003.jpg,7,0.12,-0.08,口元がわずかに上がり穏やかな表情で、強い不快感は見られません。一方で目や口の動きが小さく、興奮度は低めに見えます。
../database/final_database/007/003.jpg,7,003.jpg,8,0.18,-0.12,口角がわずかに上がっており全体として穏やかな表情なので、軽い快（正のvalence）と判断しました。目元や表情筋の緊張は強くなく落ち着いて見えるため、arousalはやや低めにしました。
../database/final_database/007/003.jpg,7,003.jpg,9,0.18,-0.22,口角がわずかに上がり穏やかな表情で、強い不快感は見られません。目元や表情筋の動きが小さく、全体に落ち着いていて覚醒度は低めです。
../database/final_database/007/003.jpg,7,003.jpg,10,0.3,-0.15,口角がわずかに上がっており全体として穏やかな表情のため、快寄りのvalenceと判断しました。一方で目の開きや表情筋の緊張が強くなく落ち着いて見えるため、arousalはやや低めです。
../database/final_database/007/004.jpg,7,004.jpg,1,0.18,-0.12,口角がわずかに上がっており不快感は少ない一方、目元や表情筋の緊張が弱く落ち着いた印象です。全体として穏やかで低覚醒の軽いポジティブと判断しました。
../database/final_database/007/004.jpg,7,004.jpg,2,0.22,-0.08,口角がわずかに上がっており、全体として穏やかで軽い肯定的感情が見られます。一方で目の開きや表情筋の緊張が強くなく、覚醒度は低めに見えます。
../database/final_database/007/004.jpg,7,004.jpg,3,0.28,-0.12,口角がわずかに上がっており、全体として穏やかで軽い肯定的感情が見られます。一方で目の開きや表情筋の緊張が強くなく、覚醒度は低めに感じられます。
../database/final_database/007/004.jpg,7,004.jpg,4,0.24,-0.18,口角がわずかに上がり、全体として穏やかな表情で軽い快の印象があります。一方で目の開きや表情筋の動きが小さく、興奮度は低めに見えます。
../database/final_database/007/004.jpg,7,004.jpg,5,0.22,-0.08,口角がわずかに上がり、全体として穏やかな表情で軽い快の印象です。一方で目の開きや表情筋の緊張が強くなく、覚醒度は低めに見えます。
../database/final_database/007/004.jpg,7,004.jpg,6,0.15,-0.1,口角がわずかに上がっており全体として中立〜やや快の表情に見えますが、目元の動きは小さく落ち着いた印象で覚醒度は低めです。
../database/final_database/007/004.jpg,7,004.jpg,7,0.12,-0.18,口角がわずかに上がり中立〜軽い好意の表情に見える一方、目元の動きが小さく緊張や興奮は強くありません。全体として落ち着いた低覚醒寄りです。
../database/final_database/007/004.jpg,7,004.jpg,8,0.35,-0.1,口角がやや上がり、全体として穏やかな微笑に見えるため快寄りです。一方で目元や表情筋の緊張が強くなく、落ち着いた状態に見えるため覚醒度はやや低めです。
../database/final_database/007/004.jpg,7,004.jpg,9,0.18,-0.22,口元がわずかに上がっており大きな不快サインは見られないため、弱い快寄りです。一方で目の開きや表情筋の動きが小さく、全体に落ち着いた印象なので覚醒度はやや低めと判断しました。
../database/final_database/007/004.jpg,7,004.jpg,10,0.12,-0.18,口角がわずかに上がっており軽いポジティブさが感じられますが、目元の緊張が少なく全体として落ち着いた表情のため覚醒度は低めです。
../database/final_database/007/006.jpg,7,006.jpg,1,0.12,0.35,口が少し開き目も比較的穏やかで、強い不快感よりは中立〜やや快の印象です。一方で驚き・緊張の要素も少しあり覚醒度はやや高めと判断しました。
../database/final_database/007/006.jpg,7,006.jpg,2,0.18,0.22,口が少し開いて軽い笑みのように見え、全体としてやや快の方向です。一方で目元の緊張が弱く落ち着いた表情のため、覚醒度は中低程度と判断しました。
../database/final_database/007/006.jpg,7,006.jpg,3,0.12,0.28,口が少し開き、驚きや軽い興味を示すような表情で、不快さは強くありません。目元の緊張は弱く、覚醒度も中程度にとどまるためです。
../database/final_database/007/006.jpg,7,006.jpg,4,0.12,0.22,口が少し開いており驚きや戸惑いに近い中性的な表情で、快・不快の偏りは小さいです。目元の緊張がややあり、覚醒度は低〜中程度と判断しました。
../database/final_database/007/006.jpg,7,006.jpg,5,0.12,0.32,口が少し開いており驚きや関心の表情に近く、強い不快感は見られません。緊張感はあるものの興奮は強くないため、わずかに覚醒寄りと判断しました。
../database/final_database/007/006.jpg,7,006.jpg,6,0.18,0.42,口が開いて目元もやや緊張しており、驚きや発話中のような軽い覚醒が見られます。一方で明確な笑顔ではなく中性的なので、快は弱めに見積もりました。
../database/final_database/007/006.jpg,7,006.jpg,7,0.18,0.22,口が少し開き、表情は中立寄りでわずかにポジティブに見えます。目や口周りの緊張は強くなく、興奮度も低〜中程度です。
../database/final_database/007/006.jpg,7,006.jpg,8,0.18,0.22,口が少し開いており、驚きや興味を示すような表情で強い不快感は見られません。目元や口角の緊張は弱めで、覚醒度も中程度にとどまっています。
../database/final_database/007/006.jpg,7,006.jpg,9,0.12,0.28,口が少し開き、眉や目元に大きな緊張が見られず中立〜やや快の表情に見えます。驚きや強い喜びのような高覚醒の手がかりは弱いため、覚醒度は軽度にとどめました。
../database/final_database/007/006.jpg,7,006.jpg,10,0.12,0.35,口が少し開いており驚きや注意喚起のような表情で、快・不快は強く偏っていません。目の開きと口の形から覚醒度はやや高めと判断しました。
../database/final_database/007/008.jpg,7,008.jpg,1,0.35,-0.25,口角がわずかに上がっており穏やかな微笑みが見られるため、快（ポジティブ）寄りと判断しました。目や眉の緊張が少なく表情の動きも小さいため、覚醒度はやや低めです。
../database/final_database/007/008.jpg,7,008.jpg,2,0.22,-0.18,口角がわずかに上がった穏やかな表情で、全体として軽い快の印象です。目元や表情筋の緊張が弱く、落ち着いていて覚醒度は低めに見えます。
../database/final_database/007/008.jpg,7,008.jpg,3,0.38,-0.22,口角がわずかに上がっており、全体として穏やかな微笑みで快の方向です。一方で目の開きや表情筋の緊張が強くなく、落ち着いた低覚醒に見えます。
../database/final_database/007/008.jpg,7,008.jpg,4,0.32,-0.18,口角がわずかに上がり、眉や目元の緊張が少ないため軽い快の表情に見えます。大きな驚きや強い緊張はなく全体に落ち着いているので覚醒度はやや低めと判断しました。
../database/final_database/007/008.jpg,7,008.jpg,5,0.35,-0.1,口角がわずかに上がっており、全体として穏やかな微笑みで快寄りに見えます。一方で目の開きや表情筋の緊張が強くなく、覚醒度は低めと判断しました。
../database/final_database/007/008.jpg,7,008.jpg,6,0.22,-0.28,口角がわずかに上がった穏やかな表情で、不快感は少ないためvalenceはやや正寄りです。目元や表情筋の緊張が弱く落ち着いて見えるため、arousalは低めにしました。
../database/final_database/007/008.jpg,7,008.jpg,7,0.35,-0.2,口角がわずかに上がっており穏やかな微笑みで、全体として快の方向です。目や眉の緊張が少なく落ち着いた表情のため覚醒度は低めと判断しました。
../database/final_database/007/008.jpg,7,008.jpg,8,0.42,-0.18,口角がわずかに上がっており、全体として穏やかな微笑みで快方向です。一方で目の見開きや表情筋の緊張が強くなく、落ち着いた低覚醒に見えます。
../database/final_database/007/008.jpg,7,008.jpg,9,0.38,-0.22,口角がわずかに上がっており、全体に穏やかな表情のため快（正のvalence）と判断しました。目元や表情筋の緊張が少なく落ち着いて見えるため、覚醒度はやや低めとしました。
../database/final_database/007/008.jpg,7,008.jpg,10,0.32,-0.18,口角がわずかに上がっており、全体として穏やかな微笑みで快寄りです。目の開きや表情筋の緊張が強くなく、興奮度は低めに見えます。
../database/final_database/007/009.jpg,7,009.jpg,1,0.32,0.18,口がやや開き、表情は穏やかでわずかにポジティブに見えます。一方で目元の動きが少なく、強い興奮は感じられないため覚醒度は低めです。
../database/final_database/007/009.jpg,7,009.jpg,2,0.35,0.4,口が開いて軽く笑っているように見え、全体としてはやや快の表情です。目元の緊張と口の開きから、落ち着きよりは少し覚醒度が高いと判断しました。
../database/final_database/007/009.jpg,7,009.jpg,3,0.35,0.1,口角がやや上がり、表情全体は穏やかで軽い快の印象です。一方で目の開きや表情筋の緊張は強くなく、覚醒度は低めに見えます。
../database/final_database/007/009.jpg,7,009.jpg,4,0.35,0.3,口が少し開き、表情がやや柔らかく見えるため軽い快の方向と判断しました。一方で強い笑顔や緊張はなく、覚醒度は中程度に留まります。
../database/final_database/007/009.jpg,7,009.jpg,5,0.12,0.28,口が少し開き、表情はやや上向きで不快さは強くないためvalenceはわずかに快寄りです。一方で目元の緊張は弱めで落ち着いた印象もあるため、arousalは軽度の覚醒に留めました。
../database/final_database/007/009.jpg,7,009.jpg,6,0.12,0.18,口角がわずかに上がり口が開いており、軽い肯定感・興味を示す表情に見えます。一方で目元の強い緊張は少なく、覚醒度は低〜中程度です。
../database/final_database/007/009.jpg,7,009.jpg,7,0.32,0.28,口がわずかに開き、目元も緊張が少ないため、軽い快の表情に見えます。驚きや強い怒りのような高い覚醒ではなく、穏やかな反応に近いので覚醒度は低～中程度です。
../database/final_database/007/009.jpg,7,009.jpg,8,0.15,0.35,口が少し開き、全体として穏やかな表情で軽い好意・驚きが混じった印象です。強い緊張や不快のサインは少なく、覚醒度は中程度と判断しました。
../database/final_database/007/009.jpg,7,009.jpg,9,0.15,0.3,口が少し開いていて笑顔にも見える一方、目元の緊張感が弱く中立寄りの表情です。驚きや喜びの兆候はあるものの強くはないため、快は低めで覚醒も中程度と判断しました。
../database/final_database/007/009.jpg,7,009.jpg,10,0.25,0.35,口が少し開いて上向きで、わずかに笑みが見られるため快寄りです。一方で目元の緊張は強くなく、驚きや強い興奮ではないため覚醒度は中程度にしました。
../database/final_database/007/010.jpg,7,010.jpg,1,0.12,0.05,口角がわずかに上がり、表情は中立〜軽い好意を示していますが、目元や眉の緊張が少なく強い感情は見られません。全体として落ち着いた状態で覚醒度は低めです。
../database/final_database/007/010.jpg,7,010.jpg,2,0.18,-0.08,口角がわずかに上がり穏やかな表情で、強い不快感は見られません。一方で目や口の緊張が少なく、興奮度は低めに見えます。
../database/final_database/007/010.jpg,7,010.jpg,3,0.12,-0.18,口元がわずかに上がり全体として中立〜軽い快の印象ですが、目元の動きが少なく表情の強度は低めです。そのため快度は小さく、覚醒度もやや低いと判断しました。
../database/final_database/007/010.jpg,7,010.jpg,4,0.12,-0.08,口角がわずかに上がり、全体として中立〜軽い快の表情に見えます。一方で目の開きや表情筋の緊張が強くなく、覚醒度は低めです。
../database/final_database/007/010.jpg,7,010.jpg,5,0.15,0.05,口元がわずかに上がっており不快感は少なく、全体として中立〜軽い快の表情に見えます。目や眉の動きが小さく、興奮・緊張は低めで落ち着いた印象です。
../database/final_database/007/010.jpg,7,010.jpg,6,0.18,0.08,口角がわずかに上がり、表情は全体に落ち着いていて大きな緊張や驚きは見られません。快-不快はやや快寄りですが、覚醒度は低めに見えます。
../database/final_database/007/010.jpg,7,010.jpg,7,0.12,-0.08,口角がわずかに上がり中立〜軽い好意的表情に見える一方、目元の緊張や大きな動きが少なく落ち着いた状態に見えます。
../database/final_database/007/010.jpg,7,010.jpg,8,0.12,-0.18,口元がわずかに上がり、表情は中立〜軽い快の印象です。一方で目や眉の緊張が少なく、全体として落ち着いた低覚醒に見えます。
../database/final_database/007/010.jpg,7,010.jpg,9,0.18,0.1,口角がわずかに上がっており不快感は少ない一方、目元の緊張や大きな動きが少なく全体として落ち着いた表情です。強い喜びや驚きのサインは弱いため覚醒度は低めに見えます。
../database/final_database/007/010.jpg,7,010.jpg,10,0.12,-0.05,口角がわずかに上がり穏やかな表情で、全体として軽い快の印象です。一方で目元や表情筋の動きが控えめで、覚醒度はほぼ中立〜やや低めと判断しました。
../database/final_database/008/001.jpg,8,001.jpg,1,0.12,-0.28,口角がわずかに上がりつつも表情全体は落ち着いており、強い喜びや不快は見られません。目元や眉の緊張が少なく穏やかなため、覚醒度はやや低めと判断しました。
../database/final_database/008/001.jpg,8,001.jpg,2,0.05,-0.15,口元がわずかに上がっているものの、目元の表情変化が小さく全体として中立に近い印象です。強い緊張や興奮は見られず落ち着いた表情なので覚醒度はやや低めと判断しました。
../database/final_database/008/001.jpg,8,001.jpg,3,0.2,-0.1,口角がわずかに上がり、全体として穏やかで軽い好意的表情に見えます。一方で目元の動きや表情の強度は弱く、覚醒度は低めです。
../database/final_database/008/001.jpg,8,001.jpg,4,0.12,-0.18,口角がわずかに上がっており強い不快は見られない一方、目元の表情が弱く全体に淡々とした印象です。驚きや緊張などの強い覚醒サインも少ないため低めの覚醒と判断しました。
../database/final_database/008/001.jpg,8,001.jpg,5,0.12,-0.18,口元はわずかに上がっており強い不快感は見られない一方、目元や眉の動きが小さく表情の活力は低めです。そのため、やや快寄りだが落ち着いた（低覚醒）状態と判断しました。
../database/final_database/008/001.jpg,8,001.jpg,6,0.12,-0.18,口角がわずかに上がっており軽いポジティブさはあるものの、目元の緊張が少なく全体として表情の強度は弱いです。そのため快は小さめ、覚醒度も低めと判断しました。
../database/final_database/008/001.jpg,8,001.jpg,7,0.05,0.02,口元はわずかに上がっているものの、目元の動きが少なく全体として中性的な表情です。強い喜怒哀楽のサインが乏しく、覚醒度も低めに見えます。
../database/final_database/008/001.jpg,8,001.jpg,8,0.08,-0.12,口元はわずかに上がっていますが、目元の緊張が少なく全体として中立に近い表情です。強い興奮や緊張は見られないため覚醒度はやや低めと判断しました。
../database/final_database/008/001.jpg,8,001.jpg,9,0.15,-0.1,口元がわずかに上がっており大きな不快感は見られないため、valenceはやや快寄りです。目や眉の動きが小さく表情の強度も低いので、arousalはやや低めと判断しました。
../database/final_database/008/001.jpg,8,001.jpg,10,0.12,-0.18,口元がわずかに上がっている一方、目元や眉の動きが少なく全体として穏やかで中立寄りに見えます。強い緊張や興奮のサインが乏しいため覚醒度は低めと判断しました。
../database/final_database/008/002.jpg,8,002.jpg,1,-0.12,0.08,口角があまり上がらず、目元もやや緊張して見えるため、わずかに不快寄りの中立と判断しました。一方で表情の強い動きは少なく、覚醒度は低〜中程度です。
../database/final_database/008/002.jpg,8,002.jpg,2,-0.12,-0.18,口角がほぼ水平で軽く閉じ、眉間にわずかな緊張があり、快でも不快でもないがやや不快寄りに見えます。目の開きも小さめで表情の動きが少なく、覚醒度は低めです。
../database/final_database/008/002.jpg,8,002.jpg,3,-0.18,0.12,眉がやや寄り、目が細く口角も上がっていないため軽い不快・困惑寄りに見えます。一方で表情の強い緊張や興奮は少なく、覚醒度は低〜中程度です。
../database/final_database/008/002.jpg,8,002.jpg,4,-0.12,-0.08,口角がわずかに下がり目元も緊張が少なく、やや不快寄りの落ち着いた表情に見えます。強い興奮や驚きは感じられず、覚醒度は低めです。
../database/final_database/008/002.jpg,8,002.jpg,5,-0.12,-0.28,眉がわずかに寄って目が細く、口元も引き締まっていて快感情は強くないためvalenceはやや低めです。表情の動きが小さく落ち着いて見えるためarousalは低めにしました。
../database/final_database/008/002.jpg,8,002.jpg,6,-0.12,0.18,口角がやや下がり、目元も緊張していて快の表情は強くありません。驚きや興奮は小さく、軽い緊張・不快寄りの低〜中程度の覚醒に見えます。
../database/final_database/008/002.jpg,8,002.jpg,7,-0.12,-0.18,口角がわずかに下がり、眉間に軽い緊張が見られるためやや不快寄りです。目の開きや表情の強さが弱く、全体として落ち着いた低覚醒に見えます。
../database/final_database/008/002.jpg,8,002.jpg,8,-0.12,-0.18,口角がわずかに下がり、眉間も軽く寄っていて快より不快寄りに見えます。表情変化が小さく目の開きも強くないため、覚醒度はやや低めです。
../database/final_database/008/002.jpg,8,002.jpg,9,-0.18,0.12,口角がやや下がり、目も細く緊張感があり、快より不快寄りに見えます。一方で表情の動きは強くなく、覚醒度はやや低め～中程度です。
../database/final_database/008/002.jpg,8,002.jpg,10,-0.2,0.1,眉がやや寄っていて口元も力が抜けきらず、軽い不快・困惑の表情に見えます。目の開きは強くなく動きも大きくないため覚醒度は低めです。
../database/final_database/008/003.jpg,8,003.jpg,1,-0.35,0.45,眉間にしわが寄り、目が細く口角が下がり気味で不快寄りの表情に見えます。一方で口が開き顔の緊張があり、覚醒度はやや高めと判断しました。
../database/final_database/008/003.jpg,8,003.jpg,2,-0.45,0.35,眉間にしわが寄り、目が細く口元も緊張して見えるため不快寄りの感情が示唆されます。一方で表情の強さは中程度で、覚醒度はやや高めと判断しました。
../database/final_database/008/003.jpg,8,003.jpg,3,-0.25,0.35,眉が寄り目が細く、口元も緊張していて不快・困惑寄りの表情に見えます。一方で表情筋の緊張があり、覚醒度はやや高めと判断しました。
../database/final_database/008/003.jpg,8,003.jpg,4,-0.25,0.35,眉が寄り目も細く、口元も緊張しており不快寄りの表情に見えます。一方で表情筋の緊張があり、覚醒度はやや高めと判断しました。
../database/final_database/008/003.jpg,8,003.jpg,5,-0.42,0.48,眉間にしわが寄り、目が細く口角が下がっており不快・困惑寄りの表情に見えます。一方で口が開き緊張感があるため覚醒度はやや高めと判断しました。
../database/final_database/008/003.jpg,8,003.jpg,6,-0.25,0.45,眉が寄り、口元も引きつっており不快・困惑寄りの表情に見えます。一方で目が開き気味で表情筋の緊張があり、覚醒度はやや高めと判断しました。
../database/final_database/008/003.jpg,8,003.jpg,7,-0.35,0.45,眉間にしわが寄り口元も緊張しており、不快・困惑寄りの表情に見えます。一方で目や口が大きく動いていて反応は強めなので覚醒度はやや高めです。
../database/final_database/008/003.jpg,8,003.jpg,8,-0.35,0.45,眉が寄り、目が細く口角も下がり気味で不快・困惑寄りの表情に見えます。一方で口が開いていて表情筋の緊張があり、覚醒度はやや高めと判断しました。
../database/final_database/008/003.jpg,8,003.jpg,9,-0.35,0.3,眉が寄り、目が細く口角が下がり気味で不快・困惑寄りの表情に見えるためvalenceは低め。口が開き表情筋の緊張があり、覚醒度は中程度と判断しました。
../database/final_database/008/003.jpg,8,003.jpg,10,-0.35,0.42,眉間にしわが寄り、目が細く口がやや開いて緊張や不快感がうかがえます。一方で表情の収縮が強く、覚醒度は中程度に高いと判断しました。
../database/final_database/008/004.jpg,8,004.jpg,1,-0.46,0.42,眉が寄り、口元が歪んでいて不快・困惑寄りの表情に見えるためvalenceは低めです。一方で目が開き表情筋の緊張があり、一定の覚醒度が感じられるためarousalはやや高めです。
../database/final_database/008/004.jpg,8,004.jpg,2,-0.62,0.48,眉が強くひそまり口元が引きつっており、不快・困惑の表情に見えます。目の開きと表情筋の緊張があるため覚醒度はやや高めです。
../database/final_database/008/004.jpg,8,004.jpg,3,-0.46,0.38,眉が強く寄って目も細まり、口元も不満そうに歪んでいるため不快寄りの表情です。一方で筋緊張があり表情が強いので覚醒度はやや高めと判断しました。
../database/final_database/008/004.jpg,8,004.jpg,4,-0.52,0.38,眉が強く寄っていて口角も下がり気味で、不快・困惑の表情に見えるためvalenceは低めです。一方で目が開き緊張感があるので、覚醒度はやや高めと判断しました。
../database/final_database/008/004.jpg,8,004.jpg,5,-0.52,0.47,眉間にしわが寄り口角も下がっており、不快・困惑の表情に見えます。一方で目が開き口も開いていて緊張感があるため、覚醒度はやや高めと判断しました。
../database/final_database/008/004.jpg,8,004.jpg,6,-0.45,0.35,眉間にしわが寄り口角が下がっており、不快・困惑の表情に見えます。一方で目が開き表情筋の緊張があるため覚醒度はやや高めです。
../database/final_database/008/004.jpg,8,004.jpg,7,-0.45,0.35,眉間にしわが寄り、口元も緊張していて不快・不満寄りの表情に見えます。一方で目が開いて表情筋の緊張があり、覚醒度はやや高めです。
../database/final_database/008/004.jpg,8,004.jpg,8,-0.45,0.35,眉が寄って目が細く、口元も緊張しているため不快寄りの感情が示唆されます。一方で表情筋の緊張があり、覚醒度は中程度に見えます。
../database/final_database/008/004.jpg,8,004.jpg,9,-0.48,0.42,眉間にしわが寄り、口角が下がって不快・困惑の表情に見えます。一方で目の開きと顔の緊張があり、覚醒度はやや高めです。
../database/final_database/008/004.jpg,8,004.jpg,10,-0.55,0.35,眉間にしわが寄り、口角が下がってやや嫌悪・不快そうな表情に見えます。一方で目は開いており表情の緊張もあるため、覚醒度は中程度と判断しました。
../database/final_database/008/005.jpg,8,005.jpg,1,-0.35,0.25,眉が中央に寄って上がり、口角がやや下がって不安・不快寄りの表情に見えます。一方で目の開きは強すぎず、全体の緊張は中程度なので覚醒度はやや低め～中程度と判断しました。
../database/final_database/008/005.jpg,8,005.jpg,2,-0.55,0.4,眉が中央に寄り、口角が下がり気味で不快・悲しみ寄りの表情に見えるためvalenceは低めです。一方で目がしっかり開き顔の緊張もあり、覚醒度はやや高めと判断しました。
../database/final_database/008/005.jpg,8,005.jpg,3,-0.52,0.41,眉が寄り、口角が下がってやや不快・不安そうな表情に見えます。一方で目が開き緊張感があり、覚醒度は中程度と判断しました。
../database/final_database/008/005.jpg,8,005.jpg,4,-0.52,0.28,眉が中央に寄って上がり、口角も下がり気味で不快・不安の表情に見えます。一方で目の開きは保たれており、強い沈静ではなく軽い覚醒が感じられます。
../database/final_database/008/005.jpg,8,005.jpg,5,-0.62,0.34,眉が寄って口角が下がり、泣きそうな不快・悲しみ寄りの表情に見えます。一方で表情の緊張はあるものの激しい興奮ではなく中程度の覚醒と判断しました。
../database/final_database/008/005.jpg,8,005.jpg,6,-0.42,0.28,眉が中央に寄って上がり、口角が下がり気味で不快・悲しみ寄りの表情に見えます。一方で目は開いており緊張感も少しあるため、覚醒度はやや高めと判断しました。
../database/final_database/008/005.jpg,8,005.jpg,7,-0.52,0.24,眉が中央に寄り、口角が下がって見えるため不快・悲しみ寄りの表情です。一方で目の見開きは強くなく、緊張はあるが覚醒度は中程度と判断しました。
../database/final_database/008/005.jpg,8,005.jpg,8,-0.4,0.35,眉が内側に寄って上がり、口角が下がって不快・不安寄りの表情に見えます。目もやや細く緊張感があるため、覚醒度は中程度にしました。
../database/final_database/008/005.jpg,8,005.jpg,9,-0.62,0.28,眉が中央に寄り、口角が下がり気味で、不快・悲しみや不安寄りの表情に見えます。目の開きは中程度で強い興奮はなく、覚醒度はやや低〜中程度と判断しました。
../database/final_database/008/005.jpg,8,005.jpg,10,-0.42,0.18,眉が中央に寄り、口角が下がり気味で不快・不安のサインが見られます。一方で表情の強度は極端ではなく、覚醒度はやや低〜中程度に留まります。
../database/final_database/008/006.jpg,8,006.jpg,1,-0.25,0.35,眉が寄り、口元もやや緊張していて不快・困惑寄りの表情に見えます。一方で目は開いており表情の動きもあるため、覚醒度は中程度と判断しました。
../database/final_database/008/006.jpg,8,006.jpg,2,-0.32,0.41,眉が寄り、目元もやや緊張していて不快・困惑寄りの表情に見えます。一方で口が開き気味で緊張感があり、覚醒度は中程度に感じられます。
../database/final_database/008/006.jpg,8,006.jpg,3,-0.35,0.25,眉が寄って目が細く、口元も緊張しており不快寄りの表情に見えます。一方で大きく興奮しているほどではなく、軽い緊張・困惑程度の覚醒に感じられます。
../database/final_database/008/006.jpg,8,006.jpg,4,-0.35,0.25,眉が寄って目が細く、口元も緊張していて不快・困惑寄りの表情に見えます。一方で表情の強度は中程度で、覚醒度はやや高い程度です。
../database/final_database/008/006.jpg,8,006.jpg,5,-0.35,0.32,眉が寄り目が細く、口が緊張して半開きで、困惑・不快寄りの表情に見えます。一方で表情筋の緊張があり、落ち着いた無表情よりは覚醒度はやや高めです。
../database/final_database/008/006.jpg,8,006.jpg,6,-0.38,0.42,眉が内側に寄り、口元も緊張しており不快・困惑寄りの表情に見えます。一方で目が開いて表情筋の緊張があり、覚醒度はやや高めです。
../database/final_database/008/006.jpg,8,006.jpg,7,-0.25,0.35,眉が寄り、口角が下がり気味でやや不快・困惑の表情に見えます。一方で目が開き緊張感があり、覚醒度は中程度と判断しました。
../database/final_database/008/006.jpg,8,006.jpg,8,-0.25,0.35,眉が中央に寄り、口元がやや引きつって見えるため快より不快寄りです。一方で目は開いており表情の緊張感もあるので、覚醒度は中程度に高いと判断しました。
../database/final_database/008/006.jpg,8,006.jpg,9,-0.12,0.38,眉が寄り、口元も緊張していて不快・困惑寄りの表情に見えます。一方で目が開いて注意が向いており、完全に落ち着いた状態よりは覚醒度がやや高めです。
../database/final_database/008/006.jpg,8,006.jpg,10,-0.35,0.25,眉が寄っていて目も細く、口元もやや引きつっており不快・困惑寄りに見えます。一方で表情の強さは中程度で、覚醒度はやや高め程度です。
../database/final_database/008/007.jpg,8,007.jpg,1,-0.58,0.32,眉が寄り目が細く、口角も下がり気味で不快・苦痛を示す表情に見えるためvalenceは低めです。一方で表情筋の緊張はあるものの激しい驚きや興奮ほどではないためarousalは中程度と判断しました。
../database/final_database/008/007.jpg,8,007.jpg,2,-0.62,0.48,眉が寄り目が細く、口元も引きつった表情で不快・苦痛の感情が強く見えます。一方で表情筋の緊張があり、覚醒度は中程度に高いと判断しました。
../database/final_database/008/007.jpg,8,007.jpg,3,-0.62,0.38,眉が強く寄り、目が細く、口角が下がっているため不快（ネガティブ）寄りの表情に見えます。緊張や不満を示す表情で、覚醒度は中程度と判断しました。
../database/final_database/008/007.jpg,8,007.jpg,4,-0.45,0.35,眉間が寄り目が細く、口角も下がり気味で不快・困惑寄りの表情に見えます。一方で表情筋の緊張はあるため覚醒度はやや高めと判断しました。
../database/final_database/008/007.jpg,8,007.jpg,5,-0.55,0.3,眉が強く寄り目も細く、口角が下がっており不快・苦痛寄りの表情に見えます。一方で動きは大きくなく、覚醒度は中程度と判断しました。
../database/final_database/008/007.jpg,8,007.jpg,6,-0.62,0.55,眉が寄り、目を強く閉じ、口元も緊張しており不快・苦痛寄りの表情です。顔全体の力みが強く、感情の強度も中程度以上に見えるため覚醒度はやや高めです。
../database/final_database/008/007.jpg,8,007.jpg,7,-0.55,0.25,眉が寄り、目を強く細め口角も下がり気味で、不快・嫌悪や痛みを示す表情に見えます。一方で体の動きは少なく、興奮度は中程度と判断しました。
../database/final_database/008/007.jpg,8,007.jpg,8,-0.55,0.35,眉が寄り目が細く、口角も下がり気味で不快・嫌悪や痛みを示す表情に見えます。一方で顔全体の緊張はあるものの極端ではなく、中程度の覚醒と判断しました。
../database/final_database/008/007.jpg,8,007.jpg,9,-0.55,0.4,眉間にしわが寄り、目を細めて口角が下がっており、不快・苦痛寄りの表情に見えます。一方で顔の緊張はあるため覚醒度はやや高めと判断します。
../database/final_database/008/007.jpg,8,007.jpg,10,-0.52,0.34,眉が寄り目が細く、口元もやや引きつっており不快・困惑寄りの表情に見えます。表情の緊張はあるものの極端ではないため、覚醒度は中程度と判断しました。
../database/final_database/008/008.jpg,8,008.jpg,1,-0.12,0.22,眉がやや寄っていて口元も緊張しており、快よりやや不快寄りに見えます。一方で目は開いていて表情の緊張もあるため、覚醒度はわずかに高めです。
../database/final_database/008/008.jpg,8,008.jpg,2,-0.18,0.22,眉が内側に寄ってわずかに下がり、口元も引き締まっていて不快寄りの困惑・不安の表情に見えます。一方で目は開いており緊張感があるため、覚醒度はやや高めと判断しました。
../database/final_database/008/008.jpg,8,008.jpg,3,-0.15,0.25,口角はわずかに下がり、眉間に軽い緊張があり不快寄りに見えます。一方で目の開きは保たれており、低～中程度の覚醒が感じられます。
../database/final_database/008/008.jpg,8,008.jpg,4,0.05,0.12,口角の上がりが弱く、眉間に軽い緊張が見られるため快・不快はほぼ中立です。目の開きや表情筋の動きも控えめで、覚醒度は低めですがわずかに緊張がある印象です。
../database/final_database/008/008.jpg,8,008.jpg,5,-0.12,0.1,口角がわずかに下がり、眉間に軽いしわが見られるため、やや不快寄りに見えます。一方で目の開きや表情の強さは弱く、覚醒度は低め～中立程度です。
../database/final_database/008/008.jpg,8,008.jpg,6,-0.08,0.22,眉がやや寄っていて口元も緊張気味で、軽い不快・困惑寄りの表情に見えます。一方で目は開いており表情の緊張もあるため、覚醒度はやや高めと判断しました。
../database/final_database/008/008.jpg,8,008.jpg,7,-0.12,0.18,眉が中央に寄り、口元が引き締まっていてわずかに不快・困惑のニュアンスがあります。一方で表情の強さはそれほど高くなく、覚醒度は軽度にとどまります。
../database/final_database/008/008.jpg,8,008.jpg,8,-0.2,0.15,口角があまり上がらず、眉間にわずかな緊張があり不快寄りに見えます。一方で表情の強さは大きくなく、覚醒度は低〜中程度です。
../database/final_database/008/008.jpg,8,008.jpg,9,-0.15,0.1,眉が中央に寄りやや不安・困惑の表情で、口元も大きな笑顔ではありません。強い興奮は見られず、覚醒度は低〜中程度です。
../database/final_database/008/008.jpg,8,008.jpg,10,-0.12,0.28,眉が内側に寄り、口元がやや緊張しているため少し不快寄りに見えます。一方で目は開いており表情の緊張感もあるので、覚醒度はやや高めです。
../database/final_database/008/009.jpg,8,009.jpg,1,-0.05,-0.25,口角がわずかに下がり、目元も大きな緊張や笑いが見られないため快不快はほぼ中立寄りです。表情の動きが小さく落ち着いているため覚醒度は低めと判断しました。
../database/final_database/008/009.jpg,8,009.jpg,2,0.05,-0.1,口角がわずかに上がっているものの全体的に表情の変化が小さく、ほぼ中立に見えます。目元や眉の緊張も強くないため覚醒度は低めと判断しました。
../database/final_database/008/009.jpg,8,009.jpg,3,0.05,-0.35,口元はわずかに上がっており中立〜軽い快の印象ですが、目元や眉に強い緊張がなく全体として落ち着いた表情です。そのため覚醒度は低めに見えます。
../database/final_database/008/009.jpg,8,009.jpg,4,0.05,-0.15,口元がわずかに上がっていますが、目元や眉の動きが少なく全体として感情表出は弱いです。落ち着いた中立寄りの表情のため、快はごく小さく、覚醒度も低めと判断しました。
../database/final_database/008/009.jpg,8,009.jpg,5,-0.08,-0.22,口角がほぼ水平で笑顔の要素が弱く、やや不快寄りの中立表情に見えます。目元や眉の緊張も強くなく、全体として覚醒度は低めです。
../database/final_database/008/009.jpg,8,009.jpg,6,-0.05,-0.1,口元はほぼ中立で、わずかに緊張・不快寄りに見えるためvalenceはわずかにマイナスです。目や眉の動きが小さく表情変化が弱いので、arousalは低めと判断しました。
../database/final_database/008/009.jpg,8,009.jpg,7,-0.05,-0.2,口角がわずかに下がり気味で、喜びよりも中立〜軽い不快寄りに見えます。目や眉の緊張が強くなく、全体として落ち着いた低覚醒の表情です。
../database/final_database/008/009.jpg,8,009.jpg,8,0.1,-0.05,口角がわずかに上がり表情は穏やかで、軽い快の印象です。一方で目元や眉の動きが小さく、全体として落ち着いていて覚醒度は低めに見えます。
../database/final_database/008/009.jpg,8,009.jpg,9,0.05,-0.15,口角がわずかに上がっているものの、目元や眉の動きが少なく全体として中性的です。表情の強さも弱く、落ち着いた（低覚醒）状態に見えます。
../database/final_database/008/009.jpg,8,009.jpg,10,0.05,-0.25,口元がわずかに上がっていますが、目元や眉の動きが少なく全体として中立に近い表情です。表情の強度が低く落ち着いて見えるため覚醒度は低めと判断しました。
../database/final_database/008/010.jpg,8,010.jpg,1,-0.35,0.15,眉が寄って目が細まり、口元も引きつっていて不快・困惑寄りの表情に見えます。一方で動きは大きくなく、興奮度は低〜中程度です。
../database/final_database/008/010.jpg,8,010.jpg,2,-0.35,0.25,口元がやや歪み、眉間に緊張が見られるため不快寄りの感情が示唆されます。一方で目は開いており表情筋の動きもあるため、覚醒度はやや高めと判断しました。
../database/final_database/008/010.jpg,8,010.jpg,3,-0.45,0.35,眉が寄り、口角が下がってやや苦痛・不快そうな表情に見えるためvalenceは低めです。一方で目の開きや表情筋の緊張があり、落ち着いた無表情よりは覚醒度がやや高いと判断しました。
../database/final_database/008/010.jpg,8,010.jpg,4,-0.52,0.34,眉が寄り、片目を細めて口元も緊張しており、不快・困惑寄りの表情に見えます。一方で強い興奮というより中程度の緊張が感じられるため覚醒はやや高めです。
../database/final_database/008/010.jpg,8,010.jpg,5,-0.35,0.3,口角が下がり気味で眉間にも緊張が見られ、不快・困惑寄りの表情です。一方で目の開きや口の動きから、覚醒度は中程度と判断します。
../database/final_database/008/010.jpg,8,010.jpg,6,-0.35,0.1,口角が下がり気味で眉もやや寄っており、不快・困惑のニュアンスが見られます。一方で表情の強い緊張や興奮は少なく、覚醒度は低めに感じられます。
../database/final_database/008/010.jpg,8,010.jpg,7,-0.35,0.25,眉が寄り気味で口元も緊張しており、不快・困惑寄りの表情に見えます。一方で目は開いており表情筋の緊張もあるため、覚醒度はやや高めです。
../database/final_database/008/010.jpg,8,010.jpg,8,-0.35,0.3,眉間にしわが寄り、口元も引きつったように見えるため不快寄りの感情と判断しました。一方で表情の緊張感はあるものの極端ではないため、覚醒度はやや高めにしました。
../database/final_database/008/010.jpg,8,010.jpg,9,-0.32,0.28,口角が下がり気味で眉間にも緊張が見られ、不快寄りの表情に見えます。一方で目や口周りに軽い力みがあり、落ち着ききった状態よりはやや覚醒している印象です。
../database/final_database/008/010.jpg,8,010.jpg,10,-0.35,0.25,眉が寄り気味で片目を細め、口元も緊張しており不快寄りに見えます。一方で表情の強さは中程度で、覚醒度はやや高い程度です。
../database/final_database/009/001.jpg,9,001.jpg,1,-0.45,0.2,眉が中央に寄り、目を細めて口角が下がっており不快・不満寄りの表情に見えます。一方で大きく口を開ける等の強い興奮はなく、覚醒度はやや低～中程度です。
../database/final_database/009/001.jpg,9,001.jpg,2,-0.45,0.35,眉間にしわが寄り、口元も引き締まっていて不快・不満そうな表情に見えます。一方で目の開きはあり、緊張感や警戒のような適度な覚醒が感じられます。
../database/final_database/009/001.jpg,9,001.jpg,3,-0.41,0.24,眉が寄り、目元が細く口角も下がり気味で不快・不満の表情に見えます。一方で口の緊張は強すぎず、覚醒度は中程度と判断しました。
../database/final_database/009/001.jpg,9,001.jpg,4,-0.35,0.3,眉間にしわが寄り、目が細まり口角も下がっており不快寄りの表情に見えます。一方で大きく口を開けて叫ぶ等ではなく緊張・不満程度なので覚醒は中程度です。
../database/final_database/009/001.jpg,9,001.jpg,5,-0.45,0.35,眉間のしわと口角の下がりが見られ、不快・不満寄りの表情です。一方で目の開きや表情筋の緊張があり、覚醒度はやや高めです。
../database/final_database/009/001.jpg,9,001.jpg,6,-0.35,0.25,眉間にしわが寄り、口角も下がり気味で不快・不満寄りの表情に見えます。一方で目は開いており緊張感はあるものの強い興奮ではなく中程度の覚醒と判断しました。
../database/final_database/009/001.jpg,9,001.jpg,7,-0.45,0.25,眉間にしわが寄り、口角も下がり気味で不快・不満そうな表情に見えます。一方で目の開きは極端ではなく、強い興奮というよりは軽度の覚醒にとどまっています。
../database/final_database/009/001.jpg,9,001.jpg,8,-0.32,0.18,眉が中央に寄って目が細く、口角も下がり気味で不快・不満寄りの表情に見えます。一方で表情の強い緊張や驚きは小さく、覚醒度は低〜中程度と判断しました。
../database/final_database/009/001.jpg,9,001.jpg,9,-0.35,0.25,眉が寄って目が細く、口角も下がり気味で不快・不満そうな表情に見えます。一方で驚きや強い興奮は少なく、緊張はあるが中程度の覚醒と判断しました。
../database/final_database/009/001.jpg,9,001.jpg,10,-0.42,0.35,眉が寄り、目が細く口角も下がり気味で、不快・嫌悪や不満寄りの表情に見えます。表情筋の緊張はあるものの激しい驚き等ではなく、中程度の覚醒と判断しました。
../database/final_database/009/002.jpg,9,002.jpg,1,-0.25,0.35,眉が寄り、目が細く口角もあまり上がっていないため、やや不快寄りの印象です。一方で表情の緊張感があり、覚醒度は中程度に高いと判断しました。
../database/final_database/009/002.jpg,9,002.jpg,2,-0.35,0.15,眉間にしわが寄り口角がやや下がっており、不快・不満寄りの表情に見えます。一方で目の開きや表情筋の緊張は強すぎず、覚醒度は中程度と判断しました。
../database/final_database/009/002.jpg,9,002.jpg,3,-0.34,0.18,眉が寄り気味で口角も上がっておらず、やや不快・困惑寄りの表情に見えます。一方で表情の強さは中程度で、覚醒度はわずかに高い程度と判断しました。
../database/final_database/009/002.jpg,9,002.jpg,4,-0.32,0.18,口角が下がり気味で眉間にしわがあり、不快・困惑寄りの表情に見えます。一方で目の開きは強くなく、興奮度は低〜中程度と判断しました。
../database/final_database/009/002.jpg,9,002.jpg,5,-0.25,0.35,眉間にしわが寄り、目が細く口元も緊張しており、不快寄りの表情に見えます。一方で完全に沈静というより緊張感があり、適度な覚醒が感じられます。
../database/final_database/009/002.jpg,9,002.jpg,6,-0.35,0.25,眉が寄り目が細く、口元も緊張していて不快・困惑寄りの表情に見えます。一方で表情の強度は中程度で、覚醒度はやや低〜中程度と判断しました。
../database/final_database/009/002.jpg,9,002.jpg,7,-0.35,0.25,眉が寄り気味で口元も引き締まっており、快より不快寄りの印象です。一方で表情の強さは中程度で、興奮・緊張は強くないため覚醒度はやや低めに見えます。
../database/final_database/009/002.jpg,9,002.jpg,8,-0.28,0.32,眉が寄り気味で目が細く、口元も緊張しているため不快寄りに見えます。一方で表情の強さは中程度で、覚醒度はやや高めと判断しました。
../database/final_database/009/002.jpg,9,002.jpg,9,-0.12,0.18,口角がやや下がり、眉間に軽いしわが見えるため、わずかに不快寄りの表情に見えます。一方で目は開いており表情筋の緊張も少しあるので、覚醒度は低～中程度と判断しました。
../database/final_database/009/002.jpg,9,002.jpg,10,-0.35,0.25,眉間にしわが寄り、口元もやや緊張していて快より不快寄りに見えます。一方で表情の強い興奮や激しい動きはなく、覚醒度は中程度です。
../database/final_database/009/003.jpg,9,003.jpg,1,-0.62,0.32,眉が強く寄り、目が細く口角も下がっており不快・苦痛寄りの表情に見えます。緊張感はあるものの激しい興奮ではないため覚醒度は中程度と判断しました。
../database/final_database/009/003.jpg,9,003.jpg,2,-0.62,0.28,眉間にしわが寄り、目が細く口角も下がり気味で不快・苦痛の表情に見えます。一方で表情の緊張はあるものの激しい興奮や驚きほどではないため覚醒度は中程度と判断しました。
../database/final_database/009/003.jpg,9,003.jpg,3,-0.55,0.35,眉が寄り、目が細く口角が下がっているため不快（ネガティブ）寄りの表情に見えます。一方で表情の緊張はあるものの激しい興奮ではなく中程度の覚醒と判断しました。
../database/final_database/009/003.jpg,9,003.jpg,4,-0.55,0.25,眉が寄り、目を細めて口元が引きつるなど不快・嫌悪寄りの表情が見られます。一方で大きな驚きや興奮はなく、覚醒度は中程度と判断しました。
../database/final_database/009/003.jpg,9,003.jpg,5,-0.55,0.25,眉が寄って目が細く、口元も歪んでおり不快・嫌悪や苦痛を示す表情に見えます。一方で動きは大きくなく、覚醒度は中程度と判断しました。
../database/final_database/009/003.jpg,9,003.jpg,6,-0.62,0.35,眉が寄り目が細く、口元も歪んでおり不快・嫌悪や痛みを示す表情に見えます。一方で表情筋の緊張はあるため覚醒度はやや高めと判断しました。
../database/final_database/009/003.jpg,9,003.jpg,7,-0.62,0.28,眉間にしわが寄り、目を細めて口角も下がっており、不快・嫌悪寄りの表情に見えます。一方で顔の緊張はあるものの激しい興奮ではなく中程度の覚醒と判断しました。
../database/final_database/009/003.jpg,9,003.jpg,8,-0.55,0.25,眉間にしわが寄り、目が細まり口角が下がっていて不快・嫌悪寄りの表情に見えます。一方で口は強く開いておらず緊張は中程度のため、覚醒度はやや低め〜中程度と判断しました。
../database/final_database/009/003.jpg,9,003.jpg,9,-0.62,0.35,眉が寄り、目が細く口角が下がっているため不快・苦痛寄りの感情が示唆されます。一方で表情の強度は中程度で、覚醒度はやや高めと判断しました。
../database/final_database/009/003.jpg,9,003.jpg,10,-0.58,0.42,眉間にしわが寄り目が細く、口角が下がっていて不快・苦痛寄りの表情に見えます。一方で顔全体に緊張があり、反応はやや覚醒寄りです。
../database/final_database/009/004.jpg,9,004.jpg,1,-0.35,0.25,眉が寄り、口元もやや緊張していて不快・不満寄りの表情に見えます。一方で目の開きは極端ではなく、覚醒度は中程度と判断しました。
../database/final_database/009/004.jpg,9,004.jpg,2,-0.35,0.2,眉間にしわが寄り、目が細く口元も緊張しており不快寄りに見えます。一方で表情の動きは強すぎず、覚醒度は中程度と判断しました。
../database/final_database/009/004.jpg,9,004.jpg,3,-0.32,0.18,眉が中央に寄って目が細く、口元も緊張しており不快寄りの表情に見えます。一方で大きな驚きや興奮はなく、覚醒度は低〜中程度です。
../database/final_database/009/004.jpg,9,004.jpg,4,-0.35,0.25,眉が寄り気味で口元も引き締まっており、やや不快・困惑の表情に見えます。一方で表情の強さは中程度で、覚醒度は軽く上がっている程度です。
../database/final_database/009/004.jpg,9,004.jpg,5,-0.34,0.22,眉が寄り目が細く、口元も引き締まっており不快・困惑寄りの表情に見えます。一方で驚きや強い興奮は少なく、覚醒度はやや低〜中程度です。
../database/final_database/009/004.jpg,9,004.jpg,6,-0.42,0.18,眉が寄り、目が細く口角もやや下がっており不快寄りの表情に見えます。一方で動きの強い驚きや興奮は少なく、覚醒度はやや低〜中程度です。
../database/final_database/009/004.jpg,9,004.jpg,7,-0.26,0.22,眉が寄り、目が細く口角が下がり気味で不快・不満の表情に見えるためvalenceはやや低めです。一方で驚きや強い興奮はなく、緊張・警戒程度の覚醒なのでarousalは軽度に正としました。
../database/final_database/009/004.jpg,9,004.jpg,8,-0.32,0.18,眉が内側に寄り、口元がやや緊張していて不快・困惑寄りの表情に見えます。一方で目の開きは大きくなく、強い興奮は感じにくいため覚醒度は低めです。
../database/final_database/009/004.jpg,9,004.jpg,9,-0.27,0.22,眉が中央に寄り、目が細く口角も下がり気味で、不快・困惑寄りの表情に見えます。一方で大きな驚きや強い興奮はなく、覚醒度はやや低〜中程度です。
../database/final_database/009/004.jpg,9,004.jpg,10,-0.32,0.18,眉間にしわが寄り、口元がやや引き締まっていて不快寄りの表情に見えます。一方で目の開きは極端ではなく、強い興奮は感じにくいため覚醒度は低〜中程度と判断しました。
../database/final_database/009/005.jpg,9,005.jpg,1,-0.18,-0.22,眉が寄り、目が強く閉じられて口角もやや下がっており、不快寄りの表情に見えます。一方で動きの強さは中程度で、興奮よりは落ち着いた（低覚醒）状態に近いと判断しました。
../database/final_database/009/005.jpg,9,005.jpg,2,-0.22,-0.18,目が強く閉じられ、眉間に軽い緊張があり、口元もやや不快寄りに見えるためvalenceは低めです。表情の動きは強くなく落ち着いているのでarousalはやや低めと判断しました。
../database/final_database/009/005.jpg,9,005.jpg,3,-0.18,0.22,目が強く閉じられ、眉間に緊張があり、口元もやや歪んでいるため不快寄りに見えます。表情の強度は中程度で、覚醒はやや高めと判断しました。
../database/final_database/009/005.jpg,9,005.jpg,4,-0.2,-0.1,目が強く閉じられ、口元がやや歪んでおり、軽い不快・苦痛の表情に見えます。一方で身体的な緊張は強くなく、覚醒度は低めと判断しました。
../database/final_database/009/005.jpg,9,005.jpg,5,-0.15,0.05,目を強く閉じて口元がわずかにしかめられており、軽い不快感や緊張が示唆されます。一方で表情の動きは大きくなく、覚醒度は中立に近いと判断しました。
../database/final_database/009/005.jpg,9,005.jpg,6,-0.25,0.1,目を強く閉じ口元がやや歪んでおり、軽い不快感や緊張が読み取れます。一方で身体的な動きは少なく、興奮度は低〜中程度に見えます。
../database/final_database/009/005.jpg,9,005.jpg,7,-0.26,0.18,目を強く閉じて口元もやや緊張しており、快より不快寄りの表情に見えます。一方で驚きや興奮は強くなく、軽い覚醒レベルに留まっています。
../database/final_database/009/005.jpg,9,005.jpg,8,-0.32,0.12,目を強く閉じ、眉間にしわが寄って口元も緊張しているため不快寄りの表情に見えます。一方で動きは大きくなく興奮度は低〜中程度と判断しました。
../database/final_database/009/005.jpg,9,005.jpg,9,-0.2,0.1,目を強く閉じて口元もやや緊張しており、不快・痛み寄りの表情に見えます。一方で動きは大きくなく、覚醒度は中程度よりやや低めと判断しました。
../database/final_database/009/005.jpg,9,005.jpg,10,-0.18,0.12,目を強く閉じ、眉間に力が入っていて不快・緊張寄りの表情に見えます。一方で動きは小さく、覚醒度は中程度に留まります。
../database/final_database/009/006.jpg,9,006.jpg,1,-0.36,0.42,眉が寄って目が細まり、口元も緊張していて不快・困惑の表情に見えます。一方で表情の筋緊張があり、覚醒度は中程度と判断しました。
../database/final_database/009/006.jpg,9,006.jpg,2,-0.38,0.32,眉が寄り、口角が下がり気味で不快・不満そうな表情に見えます。一方で目は開いており緊張感があるため、覚醒度はやや高めと判断しました。
../database/final_database/009/006.jpg,9,006.jpg,3,-0.34,0.41,眉が寄って口角が下がり気味で、困惑や不快感が見られるためvalenceはやや低めです。一方で目が開き表情筋の緊張があり、覚醒度は中程度と判断しました。
../database/final_database/009/006.jpg,9,006.jpg,4,-0.35,0.45,眉がひそめられ口角が下がり気味で、不快・困惑の表情に見えるためvalenceはやや低めです。目は開いており表情の緊張もあるので、arousalは中程度に高めと判断しました。
../database/final_database/009/006.jpg,9,006.jpg,5,-0.55,0.35,眉が寄り、口角が下がって不快・困惑の表情に見えるためvalenceは負寄りです。一方で目の開きや表情の緊張があり、完全に沈静ではないのでarousalはやや正としました。
../database/final_database/009/006.jpg,9,006.jpg,6,-0.42,0.38,眉が寄り、口角が下がってやや緊張した不快寄りの表情に見えます。一方で目が開き顔全体にこわばりがあり、覚醒度は中程度と判断しました。
../database/final_database/009/006.jpg,9,006.jpg,7,-0.35,0.3,眉が寄り、口角が下がっていて不快・困惑寄りの表情に見えます。一方で目の見開きは強くなく、緊張はあるものの覚醒度は中程度と判断しました。
../database/final_database/009/006.jpg,9,006.jpg,8,-0.25,0.35,眉間にしわが寄り口元も引き気味で、不快・困惑寄りの表情に見えます。一方で目は開いており表情の緊張感があるため、覚醒度はやや高めと判断しました。
../database/final_database/009/006.jpg,9,006.jpg,9,-0.42,0.25,眉が寄り、口角が下がり気味で不快・困惑寄りの表情に見えます。一方で大きく口を開けたり目を見開くほどではなく、覚醒度は中程度と判断しました。
../database/final_database/009/006.jpg,9,006.jpg,10,-0.35,0.45,眉が寄り、口元も緊張していて不快・困惑寄りの表情に見えます。一方で目が開き気味で表情筋の緊張もあるため覚醒度はやや高めです。
../database/final_database/009/007.jpg,9,007.jpg,1,-0.36,0.22,眉が寄り、口角もやや下がっており不快・不安寄りの表情に見えます。一方で目の見開きは強すぎず、覚醒度は中程度にとどまります。
../database/final_database/009/007.jpg,9,007.jpg,2,-0.35,0.15,眉が寄り、口角が下がり気味で不快・不安寄りの表情に見えます。一方で表情の強さは中程度で、覚醒度はやや低〜中くらいです。
../database/final_database/009/007.jpg,9,007.jpg,3,-0.38,0.42,眉が寄り、口角が下がって不快・不安寄りの表情に見えます。一方で目が開き気味で緊張感があり、覚醒度はやや高めと判断しました。
../database/final_database/009/007.jpg,9,007.jpg,4,-0.32,0.25,眉が寄り気味で口角も下がっており、不快・不安寄りの表情に見えます。一方で目の開きは保たれていて緊張感があるため、覚醒度はやや高めと判断しました。
../database/final_database/009/007.jpg,9,007.jpg,5,-0.35,0.25,眉が寄って口角が下がり気味で、不快・不安寄りの表情に見えます。一方で目の開きは強すぎず、覚醒度は中程度と判断しました。
../database/final_database/009/007.jpg,9,007.jpg,6,-0.32,0.28,眉が寄り、口角が下がり気味で不快・不安寄りの表情に見えます。一方で目は開いており緊張感があるため、覚醒度はやや高めと判断しました。
../database/final_database/009/007.jpg,9,007.jpg,7,-0.35,0.2,眉が寄って口角も下がり気味で、不快・不安寄りの表情に見えます。一方で目の見開きは強くなく、興奮度は中程度にとどまっています。
../database/final_database/009/007.jpg,9,007.jpg,8,-0.4,0.3,眉が寄り、口角が下がって見えるため不快寄り（valence低め）と判断しました。一方で目が開き緊張感があり、やや覚醒度は高めです。
../database/final_database/009/007.jpg,9,007.jpg,9,-0.35,0.25,眉が寄って目がやや見開かれ、口元も緊張しており不快・困惑寄りに見えます。一方で表情の強度は中程度で、覚醒度はやや高めと判断しました。
../database/final_database/009/007.jpg,9,007.jpg,10,-0.34,0.18,眉が寄り気味で口角もやや下がり、不快・不安寄りの表情に見えます。一方で目の開きは極端ではなく、興奮度は低〜中程度です。
../database/final_database/009/008.jpg,9,008.jpg,1,-0.62,0.55,眉が強く寄り、目が細く口角も下がっており不快・苦痛寄りの表情に見えます。一方で表情筋の緊張が強く、感情の強度は中程度以上（覚醒寄り）と判断しました。
../database/final_database/009/008.jpg,9,008.jpg,2,-0.47,0.36,眉間にしわが寄り、目を細め口角が下がり気味で不快・不満の表情に見えます。一方で顔全体の緊張があり、やや覚醒度は高めです。
../database/final_database/009/008.jpg,9,008.jpg,3,-0.35,0.25,眉が寄り、目が細く口元も緊張しており、不快・困惑寄りの表情に見えます。一方で大きく口を開けたり強い驚きはなく、覚醒度は中程度です。
../database/final_database/009/008.jpg,9,008.jpg,4,-0.48,0.42,眉が強く寄り、目が細まって口元も緊張しており、不快・不満の表情に見えます。一方で表情の筋緊張はあるため覚醒度はやや高めと判断しました。
../database/final_database/009/008.jpg,9,008.jpg,5,-0.55,0.35,眉間にしわが寄り口元も引きつっており、不快・嫌悪や困惑の表情に見えます。一方で目の開きと表情筋の緊張があり、覚醒度はやや高めです。
../database/final_database/009/008.jpg,9,008.jpg,6,-0.35,0.25,眉が寄り、目が細く口元も緊張しており、不快・困惑寄りの表情に見えます。一方で動きは強くなく、覚醒度は中程度と判断しました。
../database/final_database/009/008.jpg,9,008.jpg,7,-0.55,0.35,眉が寄って目が細く、口元も緊張しており不快・不満そうな表情に見えます。表情の強さは中程度で、覚醒度はやや高めと判断しました。
../database/final_database/009/008.jpg,9,008.jpg,8,-0.55,0.35,眉間にしわが寄り、口元も緊張していて不快・不満の表情に見えます。一方で目や口の動きがあり、完全に沈静というよりは中程度に覚醒している印象です。
../database/final_database/009/008.jpg,9,008.jpg,9,-0.42,0.38,眉が寄り、口元も引きつった表情で不快・困惑寄りに見えるためvalenceは負寄りです。一方で表情の緊張感があり、一定の覚醒水準が感じられるためarousalはやや正寄りです。
../database/final_database/009/008.jpg,9,008.jpg,10,-0.55,0.35,眉が寄り目が細く、口元も緊張しており不快（嫌悪・不満）寄りの表情に見えます。一方で表情筋の緊張はあるため覚醒度はやや高めです。
../database/final_database/009/009.jpg,9,009.jpg,1,-0.35,0.25,眉間にしわが寄り、口角も下がり気味で不快・不満の感情がうかがえます。一方で表情の強度は中程度で、興奮というより軽い緊張・不快の覚醒レベルです。
../database/final_database/009/009.jpg,9,009.jpg,2,-0.42,0.35,眉が中央に寄って下がり、口元も引き結ばれており不快・困惑寄りの表情に見えます。目は開いていて表情筋の緊張もあるため、覚醒度はやや高めと判断しました。
../database/final_database/009/009.jpg,9,009.jpg,3,-0.35,0.25,眉が寄り、口角が下がり気味で不快・不満そうな表情に見えるためvalenceは負寄りです。一方で驚きや強い興奮はなく、緊張・不快が中程度なのでarousalはやや正寄りにしました。
../database/final_database/009/009.jpg,9,009.jpg,4,-0.35,0.3,眉が寄り気味で口角もやや下がっており、不快・不満寄りの表情に見えます。一方で目の開きは保たれ緊張感が少しあるため、覚醒度は中程度と判断しました。
../database/final_database/009/009.jpg,9,009.jpg,5,-0.42,0.18,眉が内側に寄っており、口角も下がり気味で不快・不満寄りの表情に見えます。一方で目の見開きや動きは強くなく、覚醒度は低〜中程度と判断しました。
../database/final_database/009/009.jpg,9,009.jpg,6,-0.42,0.18,眉が中央に寄り、口角が下がり気味で不快・不満寄りの表情に見えます。一方で目の開きは強くなく、緊張や興奮は中程度以下のため覚醒度は低めです。
../database/final_database/009/009.jpg,9,009.jpg,7,-0.45,0.25,眉間にしわが寄り、口角も下がっており不快・不満寄りの表情に見えます。一方で強い驚きや激しい動きはなく、覚醒度は中程度と判断しました。
../database/final_database/009/009.jpg,9,009.jpg,8,-0.42,0.26,眉が寄り、口角がわずかに下がっていて不快・困惑寄りの表情に見えます。一方で表情の強度は極端ではなく、覚醒度は中程度と判断しました。
../database/final_database/009/009.jpg,9,009.jpg,9,-0.52,0.34,眉が寄り、目が細く口角が下がっており不快・不満寄りの表情に見えます。一方で緊張感はあるものの激しい興奮ではないため覚醒度は中程度と判断しました。
../database/final_database/009/009.jpg,9,009.jpg,10,-0.41,0.18,眉が寄り、口角が下がって不快・不満そうな表情に見えます。一方で目の見開きや動きは強くなく、覚醒度は低〜中程度です。
../database/final_database/009/010.jpg,9,010.jpg,1,-0.42,0.18,眉が寄り、目が細く口角も下がり気味で、不快・困惑寄りの表情に見えます。一方で強い興奮や驚きはなく、覚醒度は低～中程度です。
../database/final_database/009/010.jpg,9,010.jpg,2,-0.42,0.18,眉が寄り、目が細く口角も下がり気味で、不快・不満そうな表情に見えます。一方で動きは強くなく、覚醒度は低〜中程度と判断しました。
../database/final_database/009/010.jpg,9,010.jpg,3,-0.42,0.18,眉が中央に寄り、目が細く口元もやや緊張しており、不快・困惑寄りの表情に見えます。一方で驚きや強い興奮は小さく、覚醒度は低〜中程度です。
../database/final_database/009/010.jpg,9,010.jpg,4,-0.35,0.25,眉が寄り目が細く、口角も下がり気味で不快・困惑寄りの表情に見えます。一方で表情筋の緊張はあるため覚醒度はやや高めと判断しました。
../database/final_database/009/010.jpg,9,010.jpg,5,-0.35,0.25,眉が寄り目が細く、口角も下がり気味で不快・困惑の表情に見えます。一方で表情の強度は中程度で、覚醒度はやや高めと判断しました。
../database/final_database/009/010.jpg,9,010.jpg,6,-0.48,0.22,眉間にしわが寄り、目が細く口角も下がり気味で不快・不満寄りの表情に見えます。一方で強い驚きや興奮はなく、覚醒度はやや低～中程度です。
../database/final_database/009/010.jpg,9,010.jpg,7,-0.35,0.15,眉が寄り、目が細く口角がやや下がっており、不快・困惑寄りの表情に見えます。一方で表情の強さは中程度で、興奮や緊張は強くないため覚醒度はやや低めと判断しました。
../database/final_database/009/010.jpg,9,010.jpg,8,-0.32,0.18,眉が寄り、目が細く口角もやや下がっており、不快・困惑のニュアンスが見られます。一方で表情の強度は強すぎず、興奮度は低〜中程度に留まります。
../database/final_database/009/010.jpg,9,010.jpg,9,-0.34,0.22,眉間にしわが寄り、目が細く口角も下がり気味で不快・困惑寄りの表情に見えます。一方で口の緊張はあるものの激しい興奮は感じにくく、覚醒度はやや低〜中程度と判断しました。
../database/final_database/009/010.jpg,9,010.jpg,10,-0.36,0.28,眉間にしわが寄り、目が細く口元も緊張していて不快寄りに見えます。一方で大きな驚きや興奮はなく、覚醒度は中程度です。
../database/final_database/010/001.jpg,10,001.jpg,1,-0.55,0.65,眉が強く寄り、目が見開かれて口が開いているため、不快（怒り・恐怖）寄りの感情が強いです。表情の緊張感が高く、覚醒度も高いと判断しました。
../database/final_database/010/001.jpg,10,001.jpg,2,-0.62,0.72,眉が強く寄り、目が見開かれて口が開いているため、不快・恐怖/怒り寄りの表情に見えます。緊張感が強く覚醒度も高いと判断しました。
../database/final_database/010/001.jpg,10,001.jpg,3,-0.62,0.74,眉が寄り目が見開かれ、口が開いて歯が見えるなど不快・恐怖や怒りに近い表情です。表情の緊張感が強く、覚醒度も高いと判断します。
../database/final_database/010/001.jpg,10,001.jpg,4,-0.52,0.66,眉が強くしかめられ、口が開いて緊張した表情で不快・不安（怒り/恐怖）寄りに見えます。目も見開き気味で筋緊張があり、覚醒度は高めです。
../database/final_database/010/001.jpg,10,001.jpg,5,-0.68,0.62,眉が強く寄り、目が見開かれて口が開いているため、不快・拒否や恐怖寄りの表情に見えます。表情の緊張が強く、覚醒度も高めと判断しました。
../database/final_database/010/001.jpg,10,001.jpg,6,-0.62,0.72,眉が寄り目が見開かれ、口が開いて歯が見えており、不快・嫌悪や恐怖に近い表情です。表情の緊張が強くエネルギー感があるため覚醒度は高めと判断しました。
../database/final_database/010/001.jpg,10,001.jpg,7,-0.55,0.62,眉が強くひそまり目が見開かれ、口が半開きで緊張が見られるため不快寄りの感情です。驚きや恐れのような覚醒度の高い反応に見えるためarousalは高めです。
../database/final_database/010/001.jpg,10,001.jpg,8,-0.62,0.71,眉が寄って目が見開かれ、口が開いて歯が見えるなど恐怖・不快の表情に見えます。緊張感が強く、覚醒度も高いと判断しました。
../database/final_database/010/001.jpg,10,001.jpg,9,-0.55,0.7,眉が強く寄り、口が開いて歯が見えるなど不快・恐怖/怒り寄りの表情に見えます。目も見開き気味で緊張感があり、覚醒度は高めです。
../database/final_database/010/001.jpg,10,001.jpg,10,-0.55,0.7,眉が寄り目が見開かれ、口が半開きで緊張した表情のため不快寄りに判断しました。驚きや怒りに近い高い緊張が見られるので覚醒度は高めです。
../database/final_database/010/002.jpg,10,002.jpg,1,-0.38,0.42,眉が寄り、目元と口元に緊張があり、不快・警戒や困惑に近い表情に見えます。表情の強度は中程度で、落ち着きよりもやや覚醒寄りです。
../database/final_database/010/002.jpg,10,002.jpg,2,-0.55,0.45,眉間にしわが寄り、口角も下がり気味で不快・不満の表情に見えます。一方で目は開いており緊張感があるため覚醒度はやや高めです。
../database/final_database/010/002.jpg,10,002.jpg,3,-0.35,0.4,眉が寄って口角が下がり気味で、不快・不満そうな表情に見えます。目の開きと顔の緊張から、落ち着いた状態よりやや覚醒度が高いと判断しました。
../database/final_database/010/002.jpg,10,002.jpg,4,-0.35,0.45,眉が寄り、口角が下がって緊張・不快寄りの表情に見えるためvalenceは負寄りです。一方で目が開き表情筋の緊張もあるので覚醒度はやや高めと判断しました。
../database/final_database/010/002.jpg,10,002.jpg,5,-0.42,0.35,眉が寄って口元もやや緊張しており、不快・不満そうな表情に見えます。一方で目の開きは大きく、表情筋の緊張もあるため覚醒度はやや高めです。
../database/final_database/010/002.jpg,10,002.jpg,6,-0.32,0.37,眉が寄り、口角が下がり気味で不快・困惑寄りの表情に見えます。一方で目は開き気味で緊張感があり、覚醒度はやや高めと判断しました。
../database/final_database/010/002.jpg,10,002.jpg,7,-0.55,0.35,眉間にしわが寄り、口角が下がっていて不快・困惑の表情に見えます。一方で目は開いており表情の緊張もあるため、覚醒度はやや高めです。
../database/final_database/010/002.jpg,10,002.jpg,8,-0.55,0.45,眉が寄って口角が下がり、嫌悪・不快寄りの表情に見えます。一方で目が開き緊張感があり、覚醒度はやや高めです。
../database/final_database/010/002.jpg,10,002.jpg,9,-0.46,0.52,眉が寄って目が細まり、口元も引き締まって不快・警戒の表情に見えるためvalenceは低めです。一方で表情の緊張が強く、覚醒度はやや高いと判断しました。
../database/final_database/010/002.jpg,10,002.jpg,10,-0.38,0.42,眉が寄り、口元も引き締まっていて不快・不満そうな表情に見えます。一方で目が開き顔の緊張があり、覚醒度はやや高めです。
../database/final_database/010/003.jpg,10,003.jpg,1,-0.35,0.25,眉が寄り、目元と口元に緊張があり不快寄りの表情に見えます。一方で大きな驚きや強い興奮はなく、覚醒度はやや低め～中程度です。
../database/final_database/010/003.jpg,10,003.jpg,2,-0.34,0.28,眉がひそみ目元が細く、口元も緊張していて不快・不満寄りの表情に見えます。一方で表情の緊張はあるものの激しい興奮ではなく、中程度の覚醒と判断しました。
../database/final_database/010/003.jpg,10,003.jpg,3,-0.35,0.3,眉間にしわが寄り、口元も引き締まっていて不快・警戒寄りの表情に見えます。一方で目の開きは大きくなく、強い興奮というほどではないため覚醒度は中程度と判断しました。
../database/final_database/010/003.jpg,10,003.jpg,4,-0.35,0.25,眉が寄り気味で口角も下がっており、不快・困惑寄りの表情に見えます。一方で表情の強さは中程度で、覚醒度はやや高めと判断しました。
../database/final_database/010/003.jpg,10,003.jpg,5,-0.35,0.25,口角がわずかに下がり眉間に緊張が見られるため、不快寄りの感情に見えます。一方で表情の強さは中程度で、覚醒度はやや高い程度と判断しました。
../database/final_database/010/003.jpg,10,003.jpg,6,-0.35,0.25,眉が寄って目がやや細く、口元も緊張しているため不快寄りに見えます。一方で驚きや強い興奮はなく、覚醒度は中程度です。
../database/final_database/010/003.jpg,10,003.jpg,7,-0.22,0.18,口角が下がり気味で眉間に緊張があり、不快寄りの表情に見えます。一方で目の開きは大きくなく、強い興奮や活動性は高くないためarousalはやや低めにしました。
../database/final_database/010/003.jpg,10,003.jpg,8,-0.22,0.31,眉間にしわが寄り、口元もやや緊張していて不快寄りに見えます。一方で表情の強さは中程度で、覚醒度はやや高めと判断しました。
../database/final_database/010/003.jpg,10,003.jpg,9,-0.35,0.25,眉間にしわが寄り、口元もやや緊張して見えるため不快寄りの感情が示唆されます。一方で表情の強さは極端ではなく、覚醒度は中程度と判断しました。
../database/final_database/010/003.jpg,10,003.jpg,10,-0.35,0.25,眉が寄り、口元も緊張していて不快・不安寄りの表情に見えます。一方で目は開いており表情筋の緊張もあるため、覚醒度はやや高めです。
../database/final_database/010/004.jpg,10,004.jpg,1,-0.42,0.38,眉間にしわが寄り、目が細く口元も緊張していて不快・警戒寄りの表情に見えます。一方で顔全体に力が入っており、覚醒度はやや高めです。
../database/final_database/010/004.jpg,10,004.jpg,2,-0.35,0.4,眉が寄って目が細まり、口元も緊張していて不快寄りの表情に見えます。一方で顔の筋緊張があり、落ち着いた無表情よりは覚醒度がやや高い印象です。
../database/final_database/010/004.jpg,10,004.jpg,3,-0.35,0.4,眉間にしわが寄り、目が細まり口元も緊張しており、不快・困惑寄りの表情に見えます。表情筋の緊張が強く、覚醒度は中程度に高いと判断しました。
../database/final_database/010/004.jpg,10,004.jpg,4,-0.42,0.31,眉間にしわが寄り、目が細く口元も緊張しており、不快・困惑のサインが強いです。一方で表情の強度は中程度で、覚醒度はやや高めと判断しました。
../database/final_database/010/004.jpg,10,004.jpg,5,-0.38,0.32,眉が寄って目が細く、口元も緊張していて不快・困惑の表情に見えます。一方で表情の緊張があり、覚醒度はやや高めと判断しました。
../database/final_database/010/004.jpg,10,004.jpg,6,-0.35,0.45,眉間にしわが寄り、目が細く口元も緊張していて不快・警戒のニュアンスが強いです。一方で表情の緊張度は高く、覚醒度はやや高めと判断しました。
../database/final_database/010/004.jpg,10,004.jpg,7,-0.35,0.45,眉が寄り目が細く、口元も緊張していて不快・困惑寄りの表情に見えます。一方で表情筋の緊張が強く、覚醒度はやや高めと判断しました。
../database/final_database/010/004.jpg,10,004.jpg,8,-0.35,0.3,眉が寄り、目が細く口元も緊張しており、不快・不満寄りの表情に見えます。一方で大きな笑顔や強い驚きはなく、覚醒度は中程度です。
../database/final_database/010/004.jpg,10,004.jpg,9,-0.38,0.42,眉が寄って目が細く、口元も緊張しているため不快寄りの印象です。一方で表情の力みがあり、覚醒度はやや高めと判断しました。
../database/final_database/010/004.jpg,10,004.jpg,10,-0.28,0.32,眉が寄り目が細く、口元も緊張しており不快・困惑寄りの表情に見えます。一方で表情筋の緊張があり、覚醒度はやや高めです。
../database/final_database/010/005.jpg,10,005.jpg,1,-0.45,0.3,眉が寄って目が細まり、口元も緊張していて不快・不満寄りの表情に見えます。一方で表情の強さは極端ではなく、覚醒度は中程度です。
../database/final_database/010/005.jpg,10,005.jpg,2,-0.35,0.2,眉間にしわが寄り口角が下がり気味で、不快・不満寄りの表情に見えます。一方で目は大きく見開いておらず動きも強くないため、覚醒度は低～中程度と判断しました。
../database/final_database/010/005.jpg,10,005.jpg,3,-0.25,0.35,眉が中央に寄り、目が細く口元も緊張しており、不快・困惑寄りの表情に見えます。表情の強度は中程度で、覚醒度はやや高めと判断しました。
../database/final_database/010/005.jpg,10,005.jpg,4,-0.38,0.22,眉間にしわが寄り、口角も下がり気味で不快・困惑寄りの表情に見えます。一方で目の見開きは強くなく、興奮度は中程度と判断しました。
../database/final_database/010/005.jpg,10,005.jpg,5,-0.35,0.25,眉間にしわが寄り口角が下がり気味で、不快・困惑のニュアンスが強い表情です。一方で目の見開きは強くなく、覚醒度は中低程度と判断しました。
../database/final_database/010/005.jpg,10,005.jpg,6,-0.35,0.3,眉が寄り、口角がやや下がっていて不快・不満寄りの表情に見えます。一方で目は開いており緊張感はあるため覚醒度は中程度と判断しました。
../database/final_database/010/005.jpg,10,005.jpg,7,-0.35,0.25,眉が寄り、口角が下がり気味で不快・困惑寄りの表情に見えます。一方で目は開いており緊張感が少しあるため、覚醒度はやや高めと判断しました。
../database/final_database/010/005.jpg,10,005.jpg,8,-0.38,0.34,眉が寄り、口角が下がり気味で不快・不満のニュアンスが強い表情に見えます。一方で目の開きはあり緊張感も感じるため、覚醒度はやや高めと判断しました。
../database/final_database/010/005.jpg,10,005.jpg,9,-0.35,0.25,眉間にしわが寄り、口角も下がり気味で不快・不安寄りの表情に見えます。一方で目の開きは極端ではなく、強い興奮よりは軽い緊張程度の覚醒と判断しました。
../database/final_database/010/005.jpg,10,005.jpg,10,-0.35,0.25,眉が寄り、口角がやや下がっていて不快・困惑寄りの表情に見えます。一方で目の開きは強すぎず、興奮というより軽い緊張程度の覚醒に留まっています。
../database/final_database/010/006.jpg,10,006.jpg,1,-0.62,0.41,眉が寄り、目が強く閉じられ、口元も緊張しており不快・苦痛寄りの表情に見えます。一方で表情の収縮が強くエネルギー感があるため覚醒度はやや高めと判断しました。
../database/final_database/010/006.jpg,10,006.jpg,2,-0.62,0.35,眉が寄り目が強く閉じられて口元も緊張しており、不快・苦痛寄りの表情に見えます。一方で表情筋の収縮が強く、一定の覚醒（緊張・反応）が感じられます。
../database/final_database/010/006.jpg,10,006.jpg,3,-0.62,0.35,眉が寄り、目を強く閉じて口角が下がっており、不快・苦痛寄りの表情に見えます。一方で顔の緊張はあるため覚醒度はやや高めと判断しました。
../database/final_database/010/006.jpg,10,006.jpg,4,-0.62,0.48,眉が寄り、目を強く閉じて口角が下がっており、不快・苦痛寄りの表情に見えます。一方で表情筋の緊張が強く、感情の強度（覚醒度）は中程度に高いと判断しました。
../database/final_database/010/006.jpg,10,006.jpg,5,-0.62,0.34,目を強く閉じて眉間にしわが寄り、口元も緊張していて不快・苦痛寄りの表情に見えます。一方で表情筋の収縮が強く、一定の覚醒（緊張・反応）の高さが感じられます。
../database/final_database/010/006.jpg,10,006.jpg,6,-0.62,0.48,眉が中央に寄り目を強く閉じ、口元も緊張していて不快・苦痛の表情に見えます。一方で表情筋の収縮が強く、感情の強度（覚醒度）は中程度に高いと判断しました。
../database/final_database/010/006.jpg,10,006.jpg,7,-0.55,0.35,眉が寄り目が強く閉じられており、口元も緊張していて不快・苦痛寄りの表情に見えます。一方で表情の緊張が強く、覚醒度はやや高めと判断しました。
../database/final_database/010/006.jpg,10,006.jpg,8,-0.42,0.25,眉が寄り、目を強く閉じて口角も下がっており、不快・苦痛寄りの表情に見えます。一方で動きは激しくなく、覚醒度は中程度と判断しました。
../database/final_database/010/006.jpg,10,006.jpg,9,-0.62,0.38,眉間にしわが寄り目が強くつぶれており、口元も引きつっているため不快寄りの感情が示唆されます。一方で表情筋の緊張があり、やや覚醒度は高めに見えます。
../database/final_database/010/006.jpg,10,006.jpg,10,-0.58,0.34,眉が寄り目が細く、口元も引きつった表情で不快・苦痛寄りに見えます。一方で強い驚きや興奮ではなく、緊張や不快の中程度の覚醒度と判断しました。
../database/final_database/010/007.jpg,10,007.jpg,1,-0.28,0.34,片目を強く細め口元も緊張しており、不快感やいらだちがやや感じられます。一方で表情の緊張はあるため覚醒度は中程度に高いと判断しました。
../database/final_database/010/007.jpg,10,007.jpg,2,-0.32,0.48,眉が寄り、片目を細め口元も緊張しているため不快寄りに見えます。一方で表情の緊張と力みがあり、覚醒度はやや高めです。
../database/final_database/010/007.jpg,10,007.jpg,3,-0.35,0.42,眉が寄り、片目を細めて口角が下がり気味で不快・不満の表情に見えます。一方で表情筋の緊張があり、やや覚醒度は高めと判断しました。
../database/final_database/010/007.jpg,10,007.jpg,4,-0.35,0.2,片目を細めて口元も引き締まり、やや不快・不満そうな表情に見えます。一方で強い驚きや興奮はなく、覚醒度は中程度に留まります。
../database/final_database/010/007.jpg,10,007.jpg,5,-0.3,0.45,眉間にしわが寄り片目を細めており、口元も緊張しているため不快寄りの感情に見えます。一方で顔の筋緊張があり反応性も感じられるため覚醒度はやや高めです。
../database/final_database/010/007.jpg,10,007.jpg,6,-0.35,0.25,片目を強く閉じて口元も歪んでおり、不快・嫌悪や痛みのようなネガティブ寄りの表情に見えます。一方で動きは大きいものの激昂ほどではないため、覚醒度は中程度と判断しました。
../database/final_database/010/007.jpg,10,007.jpg,7,-0.25,0.3,眉間にしわが寄り、片目を細め口元も緊張しており、不快・不満寄りの表情に見えます。一方で表情の緊張はあるため覚醒度はやや高めと判断しました。
../database/final_database/010/007.jpg,10,007.jpg,8,-0.28,0.42,眉が寄り片目を強く細めて口元も緊張しており、不快・警戒寄りの表情に見えます。一方で表情筋の緊張が強く、覚醒度はやや高めと判断しました。
../database/final_database/010/007.jpg,10,007.jpg,9,-0.32,0.34,眉間にしわが寄り、片目を強く閉じて口元も緊張しているため不快寄りの表情に見えます。一方で表情筋の緊張が強く、覚醒度はやや高めと判断しました。
../database/final_database/010/007.jpg,10,007.jpg,10,-0.34,0.42,眉間にしわが寄り、片目を細めて口元も緊張しており、不快・不満寄りの表情に見えます。一方で顔の筋緊張があり反応的なので覚醒度は中程度に高いと判断しました。
../database/final_database/010/008.jpg,10,008.jpg,1,-0.25,0.15,眉が寄って目が細く、口角もあまり上がっていないためやや不快寄りに見えます。一方で表情の緊張は強すぎず、覚醒度は低〜中程度です。
../database/final_database/010/008.jpg,10,008.jpg,2,-0.25,0.15,眉間にしわが寄り、目が細く口元も緊張しており不快寄りに見えます。一方で大きな驚きや興奮はなく、覚醒度は低〜中程度です。
../database/final_database/010/008.jpg,10,008.jpg,3,-0.3,0.25,口角がやや下がり、目元も細く緊張して見えるため不快寄りの表情です。一方で眉間の寄りや口元の力みから軽い覚醒（緊張・不快感）が感じられます。
../database/final_database/010/008.jpg,10,008.jpg,4,-0.15,0.35,目を細め口元も緊張しており、やや不快・困惑寄りの表情に見えます。一方で表情筋の緊張があり、覚醒度は中程度と判断しました。
../database/final_database/010/008.jpg,10,008.jpg,5,-0.25,0.35,目を細め口角が下がり気味で、軽い不快感や困惑が見られます。一方で表情の緊張は中程度で、覚醒度はやや高めと判断しました。
../database/final_database/010/008.jpg,10,008.jpg,6,-0.32,0.18,眉間にしわが寄り、目が細く口角も下がり気味で不快寄りの表情に見えます。一方で表情の強度は中程度で、興奮・緊張は強くないため覚醒度はやや低めです。
../database/final_database/010/008.jpg,10,008.jpg,7,-0.35,0.25,眉間にしわが寄り、目も細く口元が引き締まっており、不快・不満寄りの表情に見えます。一方で表情の強さは中程度で、覚醒度はやや高めと判断しました。
../database/final_database/010/008.jpg,10,008.jpg,8,-0.24,0.31,目が細まり口角もやや下がっており、不快・困惑寄りの表情に見えます。一方で表情筋の緊張があり、落ち着いた無表情よりは覚醒度がやや高めです。
../database/final_database/010/008.jpg,10,008.jpg,9,-0.3,0.25,眉が寄り気味で目も細く、口元も緊張しており不快寄りに見えます。一方で表情の強さは中程度で、覚醒度はやや高めと判断しました。
../database/final_database/010/008.jpg,10,008.jpg,10,-0.2,0.15,眉が寄り目が細く、口元も引き締まっており、やや不快・不満そうな表情に見えます。一方で動きや興奮は強くなく、覚醒度は中程度より少し低めです。
../database/final_database/010/009.jpg,10,009.jpg,1,-0.42,0.35,眉間にしわが寄り、目が細く口元が緊張しており、不快・嫌悪寄りの表情に見えます。一方で表情の歪みはあるものの激しい興奮ではなく中程度の覚醒と判断しました。
../database/final_database/010/009.jpg,10,009.jpg,2,-0.52,0.18,眉が寄って目が細く、口元も緊張していて不快・嫌悪寄りの表情に見えます。一方で大きく驚いたり興奮しているほどではなく、覚醒度はやや低〜中程度です。
../database/final_database/010/009.jpg,10,009.jpg,3,-0.28,0.22,眉が寄り目が細く、口元も引きつったように見え、不快・困惑寄りの表情です。一方で大きな驚きや興奮はなく、覚醒度はやや低〜中程度と判断しました。
../database/final_database/010/009.jpg,10,009.jpg,4,-0.35,0.3,眉が寄り、目が細く口角も下がり気味で不快・困惑の表情に見えます。一方で表情筋の緊張があり、覚醒度はやや高めと判断しました。
../database/final_database/010/009.jpg,10,009.jpg,5,-0.45,0.2,眉が寄り、目が細く口角も下がり気味で、不快・困惑の表情に見えます。一方で表情の強度は極端ではなく、覚醒度はやや低～中程度です。
../database/final_database/010/009.jpg,10,009.jpg,6,-0.35,0.25,眉が寄り目が細く、口元もやや緊張していて不快・不満寄りの表情に見えます。一方で表情の強度は中程度で、覚醒度はやや高めにとどまります。
../database/final_database/010/009.jpg,10,009.jpg,7,-0.42,0.28,口角が下がり気味で眉間に軽い緊張があり、不快寄りの表情に見えます。一方で目の開きや表情筋の緊張は強すぎず、覚醒度は中程度と判断しました。
../database/final_database/010/009.jpg,10,009.jpg,8,-0.32,0.21,眉が寄り気味で目が細く、口元も緊張しており不快寄りの表情に見えます。一方で表情の強さは中程度で、覚醒度はやや高めと判断しました。
../database/final_database/010/009.jpg,10,009.jpg,9,-0.4,0.25,眉が寄り、目が細く口元も緊張しており、不快・不満寄りの表情に見えます。一方で驚きや強い興奮はなく、覚醒度は中程度です。
../database/final_database/010/009.jpg,10,009.jpg,10,-0.38,0.22,眉がひそまり目が細く、口元もやや緊張しており不快寄りの表情に見えます。一方で強い興奮や沈静は感じにくく、覚醒度はやや低〜中程度です。
../database/final_database/010/010.jpg,10,010.jpg,1,-0.35,0.3,眉間にしわが寄り、口元も緊張していて不快・困惑寄りの表情に見えます。一方で目の開きや表情筋の緊張があり、覚醒度はやや高めです。
../database/final_database/010/010.jpg,10,010.jpg,2,-0.35,0.25,眉が寄って目が細く、口元も緊張しており不快寄りの表情に見えます。一方で大きな驚きや強い興奮はなく、覚醒度は中程度です。
../database/final_database/010/010.jpg,10,010.jpg,3,-0.3,0.2,眉間にしわが寄り、口元も緊張していて不快・困惑寄りの表情に見えます。一方で目の開きは比較的保たれており、強い沈静ではないため覚醒度はやや高めと判断しました。
../database/final_database/010/010.jpg,10,010.jpg,4,-0.22,0.18,眉が寄り、口元がやや緊張していて不快寄りの表情に見えます。一方で目の開きは強くなく、興奮度は低〜中程度です。
../database/final_database/010/010.jpg,10,010.jpg,5,-0.28,0.32,口元が引きつり、眉間に緊張が見られるため不快寄りの表情です。一方で目の開きや顔全体のこわばりから、適度な覚醒（緊張・警戒）が感じられます。
../database/final_database/010/010.jpg,10,010.jpg,6,-0.32,0.28,眉が寄って目が細まり、口元も緊張しているため不快寄りに見えます。一方で表情の緊張感はあるので覚醒度はやや高めです。
../database/final_database/010/010.jpg,10,010.jpg,7,-0.35,0.25,眉が寄って目が細く、口元も緊張しており不快寄りの表情に見えます。一方で驚きや強い興奮は弱く、覚醒度はやや低～中程度です。
../database/final_database/010/010.jpg,10,010.jpg,8,-0.32,0.28,眉が内側に寄って上がり、口元が引き締まってやや不快・困惑の表情に見えます。目の開きは中程度で、緊張感はあるものの強い興奮ではないため覚醒度はやや高めに留まります。
../database/final_database/010/010.jpg,10,010.jpg,9,-0.42,0.31,眉が寄り、口元も緊張していて不快・不満寄りの表情に見えます。一方で目は開いており顔の緊張もあるため、覚醒度はやや高めと判断しました。
../database/final_database/010/010.jpg,10,010.jpg,10,-0.35,0.3,眉が寄り、目が細く口角も下がり気味で不快・困惑寄りの表情に見えます。一方で表情の緊張があり、覚醒度はやや高めです。
../database/final_database/011/001.jpg,11,001.jpg,1,-0.48,0.42,眉が寄り、口角が下がって緊張した表情で不快寄りに見えます。一方で目が見開き気味で表情筋の緊張があり、覚醒度はやや高めです。
../database/final_database/011/001.jpg,11,001.jpg,2,-0.42,0.47,眉が強く寄り、口元も緊張していて不快・不安寄りの表情に見えます。一方で目が大きく開き顔の筋緊張も強いため、覚醒度はやや高めです。
../database/final_database/011/001.jpg,11,001.jpg,3,-0.45,0.4,眉間にしわが寄り、口角が下がって緊張した不快寄りの表情に見えます。一方で目が大きく開き顔の筋緊張もあり、覚醒度はやや高めです。
../database/final_database/011/001.jpg,11,001.jpg,4,-0.55,0.35,眉が強く寄っていて口元も緊張しており、不快・不安寄りの表情に見えます。一方で目は開いていて表情筋の緊張があるため、覚醒度はやや高めです。
../database/final_database/011/001.jpg,11,001.jpg,5,-0.42,0.58,眉が寄り、口角が下がって緊張した表情で不快寄りに見えます。目が見開かれ顔の筋緊張も強く、覚醒度は高めです。
../database/final_database/011/001.jpg,11,001.jpg,6,-0.55,0.45,眉が強く寄っており口元も緊張しているため、不快寄りの感情が示唆されます。目の見開きと表情のこわばりから覚醒度は中程度に高いと判断します。
../database/final_database/011/001.jpg,11,001.jpg,7,-0.35,0.45,眉が強く寄り、目が見開き気味で口元も緊張しており、不快寄りの表情に見えます。驚きや不安を示すような緊張感があるため覚醒度はやや高めです。
../database/final_database/011/001.jpg,11,001.jpg,8,-0.55,0.35,眉が強くひそまり目も見開き気味で、口元が引きつっているため不快・警戒（怒り/不安）寄りに見えます。一方で表情の緊張があり、覚醒度はやや高めと判断しました。
../database/final_database/011/001.jpg,11,001.jpg,9,-0.55,0.35,眉が強くひそまり、口元も引きつっていて不快・不満の表情に見えます。一方で目の見開きは中程度で、緊張はあるが過度に高覚醒ではないためarousalはやや高めにしました。
../database/final_database/011/001.jpg,11,001.jpg,10,-0.52,0.48,眉が強く寄り、口元も緊張していて不快・怒り/不安寄りの表情に見えます。一方で目が見開き気味で筋緊張もあり、覚醒度は中程度以上と判断しました。
../database/final_database/011/002.jpg,11,002.jpg,1,-0.42,0.58,眉間にしわが寄り口角が下がっていて、不快・困惑の表情が強いです。目が見開き気味で口も開いており、緊張や反発を示す覚醒度は高めです。
../database/final_database/011/002.jpg,11,002.jpg,2,-0.45,0.55,眉をひそめ口角も下がり気味で、不快・困惑の表情に見えます。口が開き緊張感があり、覚醒度はやや高めと判断しました。
../database/final_database/011/002.jpg,11,002.jpg,3,-0.42,0.58,眉がひそまり口角が下がっており、不快・困惑の表情が強いです。目や口の緊張が見られ、覚醒度もやや高めと判断しました。
../database/final_database/011/002.jpg,11,002.jpg,4,-0.45,0.55,眉が寄り、口が開いて歯が見えるなど不快・困惑や嫌悪に近い表情に見えます。一方で表情筋の緊張が強く、覚醒度はやや高めです。
../database/final_database/011/002.jpg,11,002.jpg,5,-0.55,0.35,眉をひそめて口元が歪み、嫌悪や困惑を示す表情で快の要素が少ないためvalenceは低めです。一方で表情筋の緊張があり反応は強めなのでarousalはやや高めです。
../database/final_database/011/002.jpg,11,002.jpg,6,-0.55,0.35,眉をひそめ口元が歪み、嫌悪や不快感が示唆されるためvalenceは低めです。一方で表情の緊張はあるものの激しい興奮ではないためarousalは中程度にしました。
../database/final_database/011/002.jpg,11,002.jpg,7,-0.45,0.6,眉が寄り、片目を細めて口が開いた緊張した表情で、不快・困惑が強く見えます。表情の強さから覚醒度はやや高めです。
../database/final_database/011/002.jpg,11,002.jpg,8,-0.42,0.55,眉間にしわが寄り口が開いて歯が見えており、不快感や困惑が強い表情に見えます。表情の緊張が高く、覚醒度はやや高めです。
../database/final_database/011/002.jpg,11,002.jpg,9,-0.52,0.48,眉が寄り、口が開いて歯が見えるなど苦痛・不快や困惑の表情が強いです。一方で表情筋の緊張が高く、覚醒度は中程度に高いと判断しました。
../database/final_database/011/002.jpg,11,002.jpg,10,-0.52,0.44,眉間にしわが寄り口が開いて歪んでおり、不快・困惑や苛立ちの表情に見えます。一方で表情の緊張感があり、覚醒度はやや高めです。
../database/final_database/011/003.jpg,11,003.jpg,1,-0.35,0.25,眉が中央に寄って上がり、口角が下がっているため不快寄りの表情に見えます。一方で激しい興奮は感じにくく、覚醒度はやや低〜中程度です。
../database/final_database/011/003.jpg,11,003.jpg,2,-0.48,0.41,眉が寄っていて目が細く、口元も緊張しているため不快寄りに見えます。一方で表情筋のこわばりがあり、軽い覚醒（緊張・不快による注意喚起）が感じられます。
../database/final_database/011/003.jpg,11,003.jpg,3,-0.45,0.35,眉間にしわが寄り、口元もこわばっていて不快・不満そうな表情に見えます。一方で目は開いており緊張感があるため、覚醒度はやや高めと判断しました。
../database/final_database/011/003.jpg,11,003.jpg,4,-0.42,0.31,眉が内側に寄り目が細く、口角も下がっており不快・不満の表情に見えます。一方で表情筋の緊張はあるため覚醒度はやや高めと判断しました。
../database/final_database/011/003.jpg,11,003.jpg,5,-0.45,0.35,眉が強く寄り、目も細められていて不快・困惑の表情に見えます。口元も緊張しており、覚醒度は中程度と判断しました。
../database/final_database/011/003.jpg,11,003.jpg,6,-0.42,0.32,眉が寄り、口角が下がってやや不快・困惑した表情に見えます。一方で目の開きや表情筋の緊張があり、覚醒度は中程度に感じられます。
../database/final_database/011/003.jpg,11,003.jpg,7,-0.62,0.28,眉が寄り、目が細まり、口角も下がっていて不快・困惑の表情に見えます。一方で動きは強くなく、覚醒度は中程度と判断しました。
../database/final_database/011/003.jpg,11,003.jpg,8,-0.35,0.55,眉が寄り、目が細く口元が緊張しており、不快寄りの表情に見えます。表情筋の収縮が強く緊張感があるため覚醒度はやや高めと判断しました。
../database/final_database/011/003.jpg,11,003.jpg,9,-0.35,0.3,眉が寄り、口角が下がって見えるため不快寄り（ネガティブ）の表情です。一方で強い興奮というほどではなく、軽い緊張・不快感程度の覚醒と判断しました。
../database/final_database/011/003.jpg,11,003.jpg,10,-0.46,0.32,眉が寄って目が細く、口角も下がり気味で不快・困惑寄りの表情に見えます。一方で表情の緊張はあるため、覚醒度はやや高めと判断しました。
../database/final_database/011/004.jpg,11,004.jpg,1,-0.36,0.22,眉が寄り、口元も緊張していて不快・不満寄りの表情に見えます。一方で目の開きや表情の強さは中程度で、覚醒度はやや高めに留まります。
../database/final_database/011/004.jpg,11,004.jpg,2,-0.28,0.22,眉が寄って目が細く、口元もやや緊張しており不快寄りの表情に見えます。一方で驚きや強い興奮はなく、覚醒度は中程度と判断しました。
../database/final_database/011/004.jpg,11,004.jpg,3,-0.25,0.35,眉が寄り、目元も細めで口角がやや下がっており、不快・不満寄りの表情に見えます。一方で表情筋の緊張があり、覚醒度は中程度と判断しました。
../database/final_database/011/004.jpg,11,004.jpg,4,-0.32,0.36,眉が寄り、目が細く口元が緊張しており、不快寄りの表情に見えます。一方で表情筋の緊張があり、落ち着いた無表情よりは覚醒度がやや高いと判断しました。
../database/final_database/011/004.jpg,11,004.jpg,5,-0.48,0.32,眉が寄り気味で目元も緊張しており、口元も引きつって見えるため不快寄りです。一方で表情の緊張はあるため覚醒度はやや高めと判断しました。
../database/final_database/011/004.jpg,11,004.jpg,6,-0.34,0.22,眉が寄り、目元が細く口角が下がって見えるため不快寄りの印象です。一方で表情の強さは中程度で、覚醒度はやや高めと判断しました。
../database/final_database/011/004.jpg,11,004.jpg,7,-0.38,0.32,眉が寄って目が細く、口元も緊張しており不快・不満寄りの表情に見えます。一方で表情筋の緊張はあるため覚醒度はやや高めです。
../database/final_database/011/004.jpg,11,004.jpg,8,-0.43,0.22,眉間にしわが寄り、目が細く口角も下がっていて不快寄りの表情に見えます。一方で表情の緊張は強すぎず、覚醒度は中程度と判断しました。
../database/final_database/011/004.jpg,11,004.jpg,9,-0.42,0.31,眉が寄り目が細く、口元も緊張していて不快・困惑のサインが見られます。一方で表情の収縮が強く、一定の覚醒（緊張・警戒）が感じられます。
../database/final_database/011/004.jpg,11,004.jpg,10,-0.42,0.18,眉が寄り、口元が緊張していて不快・不満寄りの表情に見えます。一方で動きは大きくなく、覚醒度は中程度にとどまっています。
../database/final_database/011/005.jpg,11,005.jpg,1,-0.62,0.48,眉間にしわが寄り、目が細まり口が開いて歯が見えるなど、不快・嫌悪や怒り寄りの表情に見えます。表情の緊張が強く、感情の活性度は中程度に高いと判断しました。
../database/final_database/011/005.jpg,11,005.jpg,2,-0.62,0.58,眉が強く寄り、目を細めて口が開いているため、不快（怒り・苦痛）寄りの表情に見えます。表情の緊張と口の開きから覚醒度もやや高いと判断しました。
../database/final_database/011/005.jpg,11,005.jpg,3,-0.62,0.48,眉間にしわが寄り、片目を強く細めて口が開いているため、不快・痛み/嫌悪の表情に見えます。一方で表情筋の緊張が強く、反応も大きいので覚醒度は中程度に高いと判断しました。
../database/final_database/011/005.jpg,11,005.jpg,4,-0.52,0.62,眉が寄り、目が細まり、口が開いて歯が見えるなど苦痛・不快寄りの表情に見えます。表情の緊張感が強く、反応も大きいため覚醒度は高めと判断しました。
../database/final_database/011/005.jpg,11,005.jpg,5,-0.55,0.6,眉が寄り、目が細く、口が開いて歯が見えるなど苦痛・不快や怒りに近い表情に見えます。一方で表情筋の緊張が強く、反応が活発で覚醒度は高めと判断しました。
../database/final_database/011/005.jpg,11,005.jpg,6,-0.62,0.58,眉間にしわが寄り、目が細く、口が開いて歯が見えるなど不快・苦痛や怒りに近い表情に見えます。表情筋の緊張が強く、反応も強めなので覚醒度はやや高めと判断しました。
../database/final_database/011/005.jpg,11,005.jpg,7,-0.55,0.35,眉間にしわが寄り目が細く、口が開いて不快感や苦痛を示す表情に見えます。一方で叫ぶほど激しくはなく、覚醒度は中程度です。
../database/final_database/011/005.jpg,11,005.jpg,8,-0.62,0.41,眉間にしわが寄り、目が細く口が開いていて不快・嫌悪や不満の表情に見えるためvalenceは低めです。一方で表情の緊張感はあるが激しい興奮ではないためarousalは中程度にしました。
../database/final_database/011/005.jpg,11,005.jpg,9,-0.58,0.62,眉が強く寄り、目が細く口が開いて歯が見えており、不快感や苦痛・怒りに近い表情に見えます。表情筋の緊張が強く、反応も強めなので覚醒度は高めと判断しました。
../database/final_database/011/005.jpg,11,005.jpg,10,-0.62,0.48,眉間にしわが寄り、目が細く口が開いており、不快・嫌悪や痛みを示す表情に見えます。一方で表情筋の緊張と口の開きから覚醒度はやや高めです。
../database/final_database/011/007.jpg,11,007.jpg,1,-0.55,0.7,眉が寄り目が見開かれ、口元も緊張しており不快・怒りや苛立ちの表情に見えます。表情の強度が高く覚醒度も高いと判断しました。
../database/final_database/011/007.jpg,11,007.jpg,2,-0.55,0.65,眉が寄り、口が開いて歯が見える緊張した表情で、不快・怒り/苛立ち寄りに見えます。目の開きも強く、覚醒度は高めです。
../database/final_database/011/007.jpg,11,007.jpg,3,-0.65,0.7,眉が強く寄り、口が開いて歯が見えるなど怒り・不快の表情が強いです。視線も鋭く緊張感があり、覚醒度は高めと判断しました。
../database/final_database/011/007.jpg,11,007.jpg,4,-0.62,0.74,眉を寄せて口を開き、緊張や怒り・不快感が強く見られる表情です。目の見開きと口元の力みから覚醒度も高いと判断しました。
../database/final_database/011/007.jpg,11,007.jpg,5,-0.62,0.73,眉が強く寄り、目が見開かれ口元も緊張しており、怒り・嫌悪に近い不快な表情に見えます。表情の強度が高く緊張感があるため覚醒度は高めです。
../database/final_database/011/007.jpg,11,007.jpg,6,-0.58,0.67,眉が寄り、口が開いて歯が見えるなど怒り・不快の表情が強く、快感情は低いと判断しました。目の見開きと表情筋の緊張が強く、覚醒度は高めです。
../database/final_database/011/007.jpg,11,007.jpg,7,-0.62,0.74,眉を強く寄せて目を見開き、口を開けて歯を見せるなど怒り・不快の表情が強いです。表情の緊張と攻撃性が高く、覚醒度も高いと判断しました。
../database/final_database/011/007.jpg,11,007.jpg,8,-0.62,0.68,眉が寄って目が見開かれ、口が開いて歯が見えるなど怒り・不快の表情が強いです。表情の緊張感が高く、覚醒度も高いと判断します。
../database/final_database/011/007.jpg,11,007.jpg,9,-0.62,0.74,眉が寄って目が見開かれ、口元も緊張しており不快・怒り/恐れ系の表情に見えます。表情筋の緊張が強く、覚醒度は高めと判断しました。
../database/final_database/011/007.jpg,11,007.jpg,10,-0.62,0.72,眉間にしわが寄り、口が開いて歯が見えるなど怒り・不快の表情が強いです。目の見開きと筋緊張があり覚醒度も高めです。
../database/final_database/011/008.jpg,11,008.jpg,1,-0.32,0.34,眉が寄り、口角が下がり気味で不快・不満寄りの表情に見えます。一方で目は開いており緊張感があるため、覚醒度はやや高めと判断しました。
../database/final_database/011/008.jpg,11,008.jpg,2,-0.4,0.3,眉間のしわと口角がやや下がった表情から、不快寄りの感情が見られます。一方で目の開きは中程度で緊張感はあるものの、強い興奮ではないため覚醒度はやや高めに留まります。
../database/final_database/011/008.jpg,11,008.jpg,3,-0.42,0.26,眉が寄り、口元が引き締まっており不快・不満寄りの表情に見えます。一方で驚きや強い興奮はなく、覚醒度は中程度と判断しました。
../database/final_database/011/008.jpg,11,008.jpg,4,-0.32,0.22,眉が寄り、口角がやや下がっていて不快・不満寄りの表情に見えます。一方で目の開きは大きくなく、強い興奮や緊張は感じにくいため覚醒度は中低程度です。
../database/final_database/011/008.jpg,11,008.jpg,5,-0.35,0.25,眉が寄って口角が下がり気味で、不快・不満寄りの表情に見えます。一方で目の開きや緊張は強すぎず、覚醒度は中程度と判断しました。
../database/final_database/011/008.jpg,11,008.jpg,6,-0.44,0.32,眉が寄っていて口角もわずかに下がり、全体に不快・不満そうな表情に見えます。一方で目は開いており緊張感があるため、覚醒度は中程度と判断しました。
../database/final_database/011/008.jpg,11,008.jpg,7,-0.25,0.1,眉が寄り、口角もやや下がっていて不快寄りの表情に見えます。一方で目の見開きや口の開きは大きくなく、覚醒度は低〜中程度です。
../database/final_database/011/008.jpg,11,008.jpg,8,-0.35,0.3,眉が寄り、口角がやや下がっていて不快・不満そうな表情に見えます。一方で目の開きは極端に大きくなく、緊張はあるが高覚醒まではいかないため中程度の覚醒と判断しました。
../database/final_database/011/008.jpg,11,008.jpg,9,-0.35,0.25,眉が寄り、口元もやや引き結ばれていて不快・不満寄りの表情に見えます。一方で激しい驚きや興奮はなく、覚醒度は中程度に留まっています。
../database/final_database/011/008.jpg,11,008.jpg,10,-0.35,0.25,眉が寄り、口角が下がり気味で不快・不満の表情に見えるためvalenceは低めです。一方で目は開いており緊張感はあるものの強い興奮ではないためarousalはやや高めにしました。
../database/final_database/011/009.jpg,11,009.jpg,1,-0.62,0.58,眉間にしわが寄り、口が開いて歯が見える緊張した表情で、不快・警戒の感情が強いと判断しました。目も見開き気味で筋緊張があり、覚醒度は高めです。
../database/final_database/011/009.jpg,11,009.jpg,2,-0.62,0.71,眉が寄り目が見開かれており、口も緊張して開いているため不快・怒り/恐怖寄りの表情に見えます。表情の緊張と覚醒度が高く、落ち着きより興奮・警戒が強い印象です。
../database/final_database/011/009.jpg,11,009.jpg,3,-0.55,0.62,眉が寄って目が見開かれ、口が開いて歯が見えるなど、怒りや不快感を示す表情に見えます。緊張感が強く、覚醒度も高いと判断しました。
../database/final_database/011/009.jpg,11,009.jpg,4,-0.55,0.62,眉が強く寄り、口が開いて歯を見せるなど緊張・不快のサインがあり、全体としてネガティブ寄りです。目も見開き気味で表情の強度が高く、覚醒度は高めと判断します。
../database/final_database/011/009.jpg,11,009.jpg,5,-0.62,0.67,眉が強く寄って口が開き歯が見える表情で、不快・怒りや恐怖のようなネガティブさが強いです。目も見開き気味で緊張感があり覚醒度は高めと判断しました。
../database/final_database/011/009.jpg,11,009.jpg,6,-0.62,0.74,眉が寄り、口が開いて歯が見えるなど緊張や不快の表情が強いです。目も見開き気味で、驚き・恐怖に近い高い覚醒が見られます。
../database/final_database/011/009.jpg,11,009.jpg,7,-0.62,0.58,眉が寄り、口が開いて歯が見えるなど緊張・不快のサインが強く、ネガティブ寄りの表情です。目も見開き気味で表情筋の緊張があり、覚醒度はやや高いと判断しました。
../database/final_database/011/009.jpg,11,009.jpg,8,-0.62,0.58,眉が寄り、口が開いて歯が見えるなど不快・怒り/恐怖寄りの表情に見えます。目も見開き気味で緊張感があり、覚醒度は高めです。
../database/final_database/011/009.jpg,11,009.jpg,9,-0.62,0.68,眉が寄り、口が開いて歯が見えるなど不快・怒り/恐怖寄りの表情に見えます。目も見開き気味で緊張感があり、覚醒度は高めと判断しました。
../database/final_database/011/009.jpg,11,009.jpg,10,-0.62,0.74,眉が強くひそまり、口が開いて歯が見える緊張した表情で、不快・怒り/恐怖寄りに見えます。目も見開き気味で筋緊張があり、覚醒度は高めです。
../database/final_database/012/001.jpg,12,001.jpg,1,0.18,-0.22,口角がわずかに上がり穏やかな表情で、強い不快感は見られません。目や眉の緊張が少なく動きも控えめに見えるため覚醒度は低めです。
../database/final_database/012/001.jpg,12,001.jpg,2,0.05,-0.1,口角がわずかに上がり中立～軽い快の表情ですが、目元の緊張が少なく全体として落ち着いた印象です。大きな驚きや怒りなどの高覚醒サインが見られないため覚醒度は低めと判断しました。
../database/final_database/012/001.jpg,12,001.jpg,3,0.18,-0.22,口角がわずかに上がり、表情は穏やかで軽い快の印象がある一方、目元や顔全体の緊張が少なく落ち着いているため覚醒度は低めに見えます。
../database/final_database/012/001.jpg,12,001.jpg,4,0.15,-0.1,口元がわずかに上がっており、全体として軽い好意的（快）な表情に見えます。一方で目の開きや表情筋の動きが小さく、興奮度は低め（落ち着いた状態）と判断しました。
../database/final_database/012/001.jpg,12,001.jpg,5,0.12,-0.18,口角がわずかに上がり、全体として穏やかで軽い肯定感が見られます。一方で目元や表情筋の緊張が少なく、覚醒度は低めに見えます。
../database/final_database/012/001.jpg,12,001.jpg,6,0.22,-0.18,口角がわずかに上がり表情は穏やかで、全体として軽い快の印象です。一方で目元や表情筋の動きが小さく、興奮度は低めに見えます。
../database/final_database/012/001.jpg,12,001.jpg,7,0.12,-0.18,口元がわずかに上がり穏やかな表情で、強い不快・快のサインは少ないためvalenceは軽く正寄りです。目や眉の緊張が弱く全体に落ち着いて見えるためarousalはやや低めです。
../database/final_database/012/001.jpg,12,001.jpg,8,0.12,-0.18,口角がわずかに上がり、全体として穏やかな表情で不快感は強く見られません。一方で目元や表情筋の緊張が少なく、覚醒度は低めに見えます。
../database/final_database/012/001.jpg,12,001.jpg,9,0.12,-0.18,口角がわずかに上がっており不快ではないが、笑顔は弱く中立寄りの快です。目元や表情筋の緊張が少なく、全体に落ち着いていて覚醒度は低めです。
../database/final_database/012/001.jpg,12,001.jpg,10,0.18,-0.22,口角がわずかに上がり柔らかい表情で、全体として軽い快の印象です。一方で目の開きや表情筋の緊張が弱く、興奮度は低めに見えます。
../database/final_database/012/002.jpg,12,002.jpg,1,0.12,-0.28,口角がわずかに上がり表情は穏やかで、強い不快感は見られないためvalenceはややプラスにしました。一方で目が細く全体に力が抜けた印象で興奮や緊張が低いためarousalはマイナス寄りです。
../database/final_database/012/002.jpg,12,002.jpg,2,0.18,-0.22,口角がわずかに上がっており不快ではないものの、笑顔は控えめで中立寄りです。目の開きや表情筋の緊張が弱く、落ち着いた低覚醒に見えます。
../database/final_database/012/002.jpg,12,002.jpg,3,0.12,-0.35,口角がわずかに上がり表情は穏やかで、強い不快感は見られません。一方で目元の動きが少なく全体に力が抜けており、覚醒度は低めです。
../database/final_database/012/002.jpg,12,002.jpg,4,0.25,-0.35,口元がわずかに上がっており不快感は少なく、軽いポジティブさが感じられます。一方で目が半開きで表情の動きが少なく、覚醒度は低めに見えます。
../database/final_database/012/002.jpg,12,002.jpg,5,0.1,-0.35,口元がわずかに緩み不快感は強くない一方、目が細く表情の動きが少ないため落ち着いた（低覚醒）状態に見えます。全体としてニュートラル寄りの穏やかさです。
../database/final_database/012/002.jpg,12,002.jpg,6,0.12,-0.28,口角がわずかに上がっており不快感は少ない一方、目元がリラックスしていて表情の動きが小さいため落ち着いた状態に見えます。全体として穏やかな軽いポジティブで低覚醒寄りです。
../database/final_database/012/002.jpg,12,002.jpg,7,0.12,-0.48,口元がわずかに上がっており大きな不快感は見られないため、valenceは軽い快寄りと判断しました。目元が半閉じで表情の動きが少なく、全体に落ち着いているためarousalは低めです。
../database/final_database/012/002.jpg,12,002.jpg,8,0.12,-0.28,口角がわずかに上がっており軽い快の印象ですが、目の開きが小さく表情全体の動きが少ないため覚醒度は低めに見えます。
../database/final_database/012/002.jpg,12,002.jpg,9,0.18,-0.22,口角がわずかに上がっており不快感は少ないため、valenceはややプラス寄りと判断しました。一方で目元の動きが小さく表情全体が落ち着いているため、arousalはやや低めとしました。
../database/final_database/012/002.jpg,12,002.jpg,10,0.12,-0.38,口角がわずかに上がっており不快感は少ない一方、目元が半開きで表情の動きが小さく落ち着いた印象です。全体として軽い快・低覚醒寄りと判断しました。
../database/final_database/012/003.jpg,12,003.jpg,1,-0.35,0.15,口元がわずかに下がり、目も細く緊張や不快感がうかがえるためvalenceはやや低めです。一方で表情の動きは小さく、強い興奮は見られないためarousalは低〜中程度にしました。
../database/final_database/012/003.jpg,12,003.jpg,2,-0.25,0.15,口元がわずかに下がり気味で、目も細く緊張感があるため快よりやや不快寄りに見えます。一方で表情の強い高揚はなく、覚醒度は軽度と判断しました。
../database/final_database/012/003.jpg,12,003.jpg,3,-0.22,-0.18,眉間にわずかな緊張があり口元もやや下がって見えるため、快より不快寄りです。一方で表情全体の動きは小さく、強い興奮や緊張は感じにくいため覚醒度は低めです。
../database/final_database/012/003.jpg,12,003.jpg,4,-0.18,-0.34,口角がわずかに下がり、目も細めで緊張や不快感が少し見られます。一方で表情の動きは大きくなく、全体として落ち着いた低覚醒に見えます。
../database/final_database/012/003.jpg,12,003.jpg,5,-0.18,0.22,口角がやや下がり、目も細く緊張感があるため快よりは不快寄りに見えます。一方で表情の動きは小さく、強い興奮ではないため覚醒度はやや低め〜中程度です。
../database/final_database/012/003.jpg,12,003.jpg,6,-0.12,-0.18,口角がわずかに下がり目も細く、軽い不快・戸惑いの表情に見えます。表情の動きは大きくなく緊張感も弱いため、覚醒度は低めと判断しました。
../database/final_database/012/003.jpg,12,003.jpg,7,-0.22,-0.08,口角がやや下がり、目も細く緊張や不快感が少し見られるためvalenceは軽くマイナスと判断しました。表情の動きは強くなく落ち着いているためarousalはほぼ中立寄りです。
../database/final_database/012/003.jpg,12,003.jpg,8,0.12,-0.18,口元がわずかに上がり表情は中立〜軽い快の方向ですが、目元が細く全体として落ち着いた印象です。強い驚きや緊張は見られず覚醒度は低めと判断しました。
../database/final_database/012/003.jpg,12,003.jpg,9,-0.18,-0.22,口元がやや下がり、目も細めで全体に不快・戸惑い気味の表情に見えます。表情の動きは強くなく落ち着いているため、覚醒度はやや低めと判断しました。
../database/final_database/012/003.jpg,12,003.jpg,10,-0.15,0.05,口元がやや引きつり気味で笑顔ではなく、全体に中立〜わずかに不快寄りに見えます。目の開きや表情筋の動きが小さく、覚醒度は低め〜中程度です。
../database/final_database/012/004.jpg,12,004.jpg,1,0.25,-0.15,口角がわずかに上がり、全体として穏やかな表情でやや快寄りに見えます。一方で目元や表情筋の動きが小さく、興奮度は低め（落ち着いた状態）と判断しました。
../database/final_database/012/004.jpg,12,004.jpg,2,0.18,-0.12,口角がわずかに上がっており軽い快の印象がありますが、目元や表情筋の動きが小さく全体として落ち着いた状態に見えます。強い緊張や興奮のサインは少ないため覚醒度はやや低めと判断しました。
../database/final_database/012/004.jpg,12,004.jpg,3,0.32,-0.05,口角がわずかに上がっており不快感は少ないため、ややポジティブ寄りのvalenceと判断しました。一方で目や口の開きが小さく表情の動きが控えめなので、arousalはほぼ中立〜やや低めです。
../database/final_database/012/004.jpg,12,004.jpg,4,0.23,-0.18,口角がわずかに上がり、表情は軽い好意・安心感に寄っています。一方で目元や顔全体の緊張が少なく、興奮度は低めに見えます。
../database/final_database/012/004.jpg,12,004.jpg,5,0.12,-0.18,口角がわずかに上がり表情は中立〜軽い快の方向ですが、目や眉の動きが小さく落ち着いた印象で覚醒度は低めに見えます。
../database/final_database/012/004.jpg,12,004.jpg,6,0.18,-0.22,口角がわずかに上がり、全体として穏やかで軽い快の表情に見えます。一方で目元の動きや表情筋の緊張が弱く、覚醒度はやや低めと判断しました。
../database/final_database/012/004.jpg,12,004.jpg,7,0.22,-0.08,口角がわずかに上がっており全体として中立〜軽い快の表情に見えます。一方で目元や眉の動きが小さく、興奮度は低めで落ち着いた印象です。
../database/final_database/012/004.jpg,12,004.jpg,8,0.18,-0.12,口角がわずかに上がっており、強い不快感は見られないため軽い快を示します。一方で目元の緊張や大きな表情変化が少なく、覚醒度はやや低めに見えます。
../database/final_database/012/004.jpg,12,004.jpg,9,0.18,-0.12,口角がわずかに上がり、全体として中立より少し好意的な表情に見えます。一方で目元や表情筋の動きが小さく、活性度は低めです。
../database/final_database/012/004.jpg,12,004.jpg,10,0.18,-0.12,口角がわずかに上がり、全体として穏やかな表情で軽い快が感じられます。一方で目元や表情筋の動きが小さく、興奮度は低めに見えます。
../database/final_database/012/005.jpg,12,005.jpg,1,-0.05,0.1,口元がわずかに下がり気味で笑顔要素が少なく、全体として中立〜やや不快寄りに見えます。目の開きや表情筋の緊張は強くないため覚醒度は低〜中程度です。
../database/final_database/012/005.jpg,12,005.jpg,2,-0.08,-0.22,口元がわずかに開いていますが笑顔の上がりは弱く、全体として中立〜やや不快寄りに見えます。目元や眉の動きが小さく、強い緊張や興奮は感じられないため覚醒度は低めです。
../database/final_database/012/005.jpg,12,005.jpg,3,0.05,-0.1,口元がわずかに緩んでいる一方、目元や眉の動きが少なく感情の強さは弱めに見えます。全体として中立〜ごく軽い快の表情で、覚醒度も低めです。
../database/final_database/012/005.jpg,12,005.jpg,4,-0.12,-0.18,口角が少し下がり気味で、全体に落ち着いた（やや不快寄りの）表情に見えます。目の開きや表情筋の緊張が強くなく、覚醒度は低めと判断しました。
../database/final_database/012/005.jpg,12,005.jpg,5,0.05,-0.1,口角がわずかに上がり気味で強い不快感は見られませんが、目元の動きが少なく表情は全体的にフラットです。驚きや興奮のサインも弱いため覚醒度はやや低めと判断しました。
../database/final_database/012/005.jpg,12,005.jpg,6,-0.05,-0.2,口元が少し開いているものの笑顔は弱く、目元も落ち着いていて全体的に中立〜わずかに不快寄りに見えます。表情の動きが小さく緊張感も強くないため覚醒度は低めです。
../database/final_database/012/005.jpg,12,005.jpg,7,-0.22,-0.18,口元がやや開いて緊張感があり、目元もリラックスした笑顔には見えないため、快よりもやや不快寄りと判断しました。表情の動きは大きくなく、強い興奮や活発さも感じにくいため覚醒度は低めです。
../database/final_database/012/005.jpg,12,005.jpg,8,-0.12,0.1,口角があまり上がらず、目元も大きな変化がないため快・不快はやや不快寄りに見えます。一方で表情の動きが小さく、強い緊張や興奮は感じにくいので覚醒度は低めです。
../database/final_database/012/005.jpg,12,005.jpg,9,0.1,-0.15,口元がやや緩み、表情は中立〜わずかに快の方向ですが、目元の緊張が少なく落ち着いた印象です。強い感情の高まりは見られないため覚醒度は低めにしました。
../database/final_database/012/005.jpg,12,005.jpg,10,0.05,-0.15,口元がわずかに開いているものの笑顔や強いしかめ面はなく、全体として中立に近い表情に見えます。目元や眉の緊張が少なく落ち着いた印象のため、覚醒度はやや低めと判断しました。
../database/final_database/012/006.jpg,12,006.jpg,1,-0.12,-0.35,口角がわずかに下がり、目元もやや沈んで見えるため快よりやや不快寄りです。表情の動きが小さく落ち着いており、覚醒度は低めと判断しました。
../database/final_database/012/006.jpg,12,006.jpg,2,-0.1,-0.35,口角がわずかに下がり、目元もリラックスしていて快・不快は中立〜やや不快寄りに見えます。表情の動きが小さく緊張感も強くないため、覚醒度は低めです。
../database/final_database/012/006.jpg,12,006.jpg,3,0.08,-0.22,口元がわずかに上がっており、強い不快感は見られないためvalenceは軽くプラス寄りです。一方で目の開きや表情筋の緊張が弱く、全体に落ち着いた印象なのでarousalはやや低めにしました。
../database/final_database/012/006.jpg,12,006.jpg,4,0.05,-0.4,口元がわずかに上がっており強い不快感は見られない一方、目元や表情筋の動きが小さく全体に落ち着いた印象です。緊張や興奮のサインが少ないため低覚醒寄りと判断しました。
../database/final_database/012/006.jpg,12,006.jpg,5,0.12,-0.28,口角がわずかに上がっており軽い好意的（快）な印象ですが、目元の動きが小さく全体として落ち着いた表情で覚醒度は低めに見えます。
../database/final_database/012/006.jpg,12,006.jpg,6,0.1,-0.35,口元がわずかに上がっており大きな不快サインは見られないため、valenceはやや快寄りです。一方で目の開きや表情筋の緊張が弱く全体に落ち着いた印象なので、arousalは低めです。
../database/final_database/012/006.jpg,12,006.jpg,7,-0.08,-0.52,口角がわずかに下がり、目元も力が抜けていて快・不快は中立〜やや不快寄りに見えます。表情の動きが小さく全体に落ち着いているため覚醒度は低めです。
../database/final_database/012/006.jpg,12,006.jpg,8,0.1,-0.35,口元がわずかに上がっており軽い好意的（快）さが見られますが、目元や表情全体の動きが少なく落ち着いた印象で覚醒度は低めです。
../database/final_database/012/006.jpg,12,006.jpg,9,0.05,-0.35,口元がわずかに上がっていますが、目元や眉の動きが小さく全体として表情は落ち着いています。強い喜びや怒りなどの高い覚醒を示すサインが少ないため、低覚醒寄りと判断しました。
../database/final_database/012/006.jpg,12,006.jpg,10,-0.05,-0.35,口角がわずかに上がっているものの、目元の緊張が少なく全体として感情表出が弱い中立寄りに見えます。表情の動きが小さく落ち着いた状態に見えるため覚醒度は低めにしました。
../database/final_database/012/009.jpg,12,009.jpg,1,-0.15,0.35,目が細く口が開いており、苦痛や不快感を示す表情に見えるためvalenceはやや低めです。一方で口の緊張と表情の動きがあり、覚醒度は中程度と判断しました。
../database/final_database/012/009.jpg,12,009.jpg,2,0.1,0.25,口が少し開き、目が細く力が抜けた表情で、強い不快や快は感じにくい中立寄りです。驚きや発話のような軽い動きがあり覚醒度はやや高めと判断しました。
../database/final_database/012/009.jpg,12,009.jpg,3,-0.28,0.12,目が細く、口が半開きで眉もやや下がっており、快というより不快寄りの表情に見えます。一方で表情の緊張や動きは強くなく、覚醒度は低〜中程度と判断しました。
../database/final_database/012/009.jpg,12,009.jpg,4,-0.35,0.3,目が細く口が開いており、快よりも不快・困惑寄りの表情に見えます。一方で表情の動きはあり、覚醒度は中程度と判断しました。
../database/final_database/012/009.jpg,12,009.jpg,5,-0.15,0.35,目が細く口が半開きで、快の笑顔よりも不快・困惑寄りの表情に見えます。口の開きと表情の張りから覚醒度はやや高めと判断しました。
../database/final_database/012/009.jpg,12,009.jpg,6,-0.1,0.2,目が細く口が半開きで、苦痛や不快よりも軽い戸惑い・疲労感のような表情に見えます。表情の緊張は強くなく、覚醒度はやや低〜中程度と判断しました。
../database/final_database/012/009.jpg,12,009.jpg,7,-0.35,0.25,目が細く口が開いた表情で、やや不快・困惑のニュアンスが感じられます。一方で表情の強さは中程度で、覚醒度はやや高めに留まります。
../database/final_database/012/009.jpg,12,009.jpg,8,-0.35,0.25,目が細く口が半開きで、快の笑顔というより不快・困惑寄りの表情に見えます。一方で強い緊張や興奮は感じにくく、覚醒度はやや低〜中程度です。
../database/final_database/012/009.jpg,12,009.jpg,9,0.1,0.35,口が少し開き目が細く、驚きや不快よりも軽い発声・訴えのような中立〜やや快の表情に見えます。表情の動きは小さくないため、覚醒度はやや高めと判断しました。
../database/final_database/012/009.jpg,12,009.jpg,10,-0.45,0.35,目が細く口が開いており、苦痛や不快感を示す表情に見えます。一方で表情の動きがあり緊張感も感じられるため、覚醒度はやや高めと判断しました。
../database/final_database/013/001.jpg,13,001.jpg,1,-0.2,-0.35,目が閉じ気味で口元がやや下がり、快よりも不快寄りの印象です。表情の動きが小さく全体に落ち着いて見えるため、覚醒度は低めと判断しました。
../database/final_database/013/001.jpg,13,001.jpg,2,-0.18,-0.42,目が閉じ気味で口元も力が抜けており、活性度が低い落ち着いた（やや沈んだ）表情に見えます。口角が下がり気味で快の要素が弱く、わずかに不快寄りと判断しました。
../database/final_database/013/001.jpg,13,001.jpg,3,-0.35,-0.25,目が閉じ気味で口元もやや下がり、全体に不快・落ち込み寄りの表情に見えます。動きや緊張感は強くなく、覚醒度は低めと判断しました。
../database/final_database/013/001.jpg,13,001.jpg,4,-0.28,-0.22,目が閉じ気味で口元も緊張が少なく、全体に落ち着いた低覚醒の状態に見えます。わずかに眉間付近の寄りや口の形から不快・不満寄りの印象があります。
../database/final_database/013/001.jpg,13,001.jpg,5,-0.32,-0.18,目が閉じ気味で口元も力が抜けており、全体に沈んだ不快寄りの表情に見えます。動きや緊張感は強くなく、覚醒度はやや低めと判断しました。
../database/final_database/013/001.jpg,13,001.jpg,6,-0.25,-0.35,目が閉じ気味で口元も力が抜けており、快よりは不快寄りの沈んだ表情に見えます。動きや緊張感が少なく、覚醒度も低めと判断しました。
../database/final_database/013/001.jpg,13,001.jpg,7,-0.25,-0.3,目が閉じ気味で口元もやや下がっており、快より不快寄りの表情に見えます。動きが少なく落ち着いた印象で、覚醒度は低めと判断しました。
../database/final_database/013/001.jpg,13,001.jpg,8,-0.15,-0.35,目が閉じ気味で口元も緊張が少なく、全体に落ち着いた低覚醒の表情に見えます。口角がやや下がり気味で、快よりはわずかに不快寄りと判断しました。
../database/final_database/013/001.jpg,13,001.jpg,9,-0.25,-0.35,目が閉じ気味で口元も強い笑顔ではなく、全体に落ち着いた（やや不快寄りの）表情に見えます。緊張や興奮は強くなく、覚醒度は低めと判断しました。
../database/final_database/013/001.jpg,13,001.jpg,10,-0.25,-0.35,目が閉じ気味で口元も力が抜けており、全体として落ち着いた（低覚醒）状態に見えます。表情はやや不快・苦痛寄りで、快の要素は弱いです。
../database/final_database/013/002.jpg,13,002.jpg,1,-0.12,-0.18,口元がわずかに下がり、目元も力が抜けたように見えるため、快よりやや不快寄りです。表情の動きが小さく落ち着いているため、覚醒度もやや低めと判断しました。
../database/final_database/013/002.jpg,13,002.jpg,2,-0.12,-0.28,口角がやや下がり、目元も力が抜けていて快より不快寄りに見えます。表情の動きが少なく落ち着いているため、覚醒度は低めと判断しました。
../database/final_database/013/002.jpg,13,002.jpg,3,-0.18,-0.32,口角がやや下がり気味で表情が乏しく、快よりもわずかに不快寄りに見えます。目も半開きで力が抜けた印象のため、覚醒度は低めと判断しました。
../database/final_database/013/002.jpg,13,002.jpg,4,-0.12,-0.18,口元がわずかに下がり、目も半開きで緊張や活気が少ない表情に見えます。強い喜び・怒りは感じられず、やや不快寄りかつ低覚醒と判断しました。
../database/final_database/013/002.jpg,13,002.jpg,5,-0.15,-0.35,口角がやや下がり気味で目も半開きに見え、快よりもわずかに不快寄りの印象です。表情の動きが小さく緊張感も強くないため、覚醒度は低めと判断しました。
../database/final_database/013/002.jpg,13,002.jpg,6,-0.25,-0.35,口角がやや下がり、目元も力が抜けていて不快寄りに見えます。表情の動きが小さく全体に落ち着いているため覚醒度は低めです。
../database/final_database/013/002.jpg,13,002.jpg,7,-0.25,-0.15,口元がわずかに下がり、目も細く力が抜けた表情で、快より不快寄りに見えます。表情の動きが小さく緊張感も低いため、覚醒度はやや低めと判断しました。
../database/final_database/013/002.jpg,13,002.jpg,8,-0.22,-0.18,口角がやや下がり、目元も力が抜けていて快の表情には見えにくいです。一方で表情の強い緊張や驚きはなく、覚醒度は低めに見えます。
../database/final_database/013/002.jpg,13,002.jpg,9,-0.12,-0.18,表情は口角がやや下がり気味で、目元も緩く無表情に近いため快よりわずかに不快寄りです。動きや緊張感が少なく落ち着いた印象なので覚醒度は低めです。
../database/final_database/013/002.jpg,13,002.jpg,10,-0.12,-0.28,口角がわずかに下がり、目も半開きで表情が沈んで見えるため快感情は低めです。一方で大きな驚きや緊張のサインは少なく、覚醒度も低めと判断しました。
../database/final_database/013/003.jpg,13,003.jpg,1,-0.1,0.35,口が開き眉がやや寄っており、驚きや不安・困惑に近い表情で快よりわずかに不快寄りに見えます。表情の動きは中程度で、覚醒度はやや高めと判断しました。
../database/final_database/013/003.jpg,13,003.jpg,2,-0.1,0.25,眉がやや寄り、口が開いて緊張や不快感が少し見られる一方、表情の動きは強すぎず中程度の覚醒に留まっています。
../database/final_database/013/003.jpg,13,003.jpg,3,-0.1,0.2,口が開いていてやや緊張・戸惑いのような表情に見え、快の要素は強くありません。目元は大きく見開いておらず強い興奮ではないため、覚醒度は軽度にとどまります。
../database/final_database/013/003.jpg,13,003.jpg,4,-0.32,0.18,口が開いて眉がやや寄っており、快というより不快・困惑寄りの表情に見えます。一方で動きは大きくなく、覚醒度は低〜中程度と判断しました。
../database/final_database/013/003.jpg,13,003.jpg,5,-0.18,0.32,口が開いて発声しているようで、眉や目元にわずかな緊張があり驚き・不快寄りの印象です。一方で強い怒りや恐怖ほどではなく、覚醒度は中程度と判断しました。
../database/final_database/013/003.jpg,13,003.jpg,6,-0.08,0.22,口が開いて眉がやや寄っており、驚きや不快寄りの緊張が見られる一方、強い怒りや喜びではありません。表情の動きは中程度で、軽い覚醒状態と判断しました。
../database/final_database/013/003.jpg,13,003.jpg,7,-0.25,0.35,眉間がやや寄り、口が開いて不満や困惑の表情に見えるため快は低めです。一方で口の開きと表情筋の緊張があり、覚醒度はやや高めと判断しました。
../database/final_database/013/003.jpg,13,003.jpg,8,-0.12,0.35,口が開いて眉がやや寄っており、驚きや不快寄りの緊張が感じられます。一方で強い怒りや喜びではなく中程度の覚醒に留まっています。
../database/final_database/013/003.jpg,13,003.jpg,9,-0.25,0.35,口が開いて眉間がやや寄っており、やや不快・困惑寄りの表情に見えます。一方で眠そうではなく反応が出ているため覚醒度は中程度にしました。
../database/final_database/013/003.jpg,13,003.jpg,10,-0.2,0.4,口が開いて眉がやや寄っており、不快寄り（困惑・不満）の表情に見えます。一方で表情筋の動きがあり、覚醒度は中程度と判断しました。
../database/final_database/013/005.jpg,13,005.jpg,1,-0.42,0.15,眉がやや寄り、目が細く口が開いて下がり気味で、快より不快寄りの表情に見えます。強い興奮はなく、軽い緊張・不快感程度の覚醒度と判断しました。
../database/final_database/013/005.jpg,13,005.jpg,2,-0.28,0.32,目が半開きで眉がやや寄り、口が開いて力が抜けた表情から、不快・困惑寄りの感情が示唆されます。一方で口の開きや表情の動きがあり、覚醒度は低すぎないと判断しました。
../database/final_database/013/005.jpg,13,005.jpg,3,-0.32,0.18,眉がやや寄り、目が細く口が開いて下向き気味で、不快・困惑寄りの表情に見えます。一方で表情の強さは中程度で、覚醒度はやや低〜中程度と判断しました。
../database/final_database/013/005.jpg,13,005.jpg,4,-0.35,0.2,眉がやや下がり目も細く、口が開いていて不快・困惑寄りの表情に見えます。一方で表情の強さは中程度で、覚醒度はやや低〜中程度と判断しました。
../database/final_database/013/005.jpg,13,005.jpg,5,-0.38,0.12,口が半開きで眉がやや寄っており、快よりも不快寄りの困惑・不安の表情に見えます。目の開きは強くなく、覚醒度はやや低め～中程度と判断しました。
../database/final_database/013/005.jpg,13,005.jpg,6,-0.25,0.15,眉が内側に寄り目が細く、口も半開きで緊張や困惑が感じられるため快より不快寄りです。一方で動きや表情の強さは控えめで、覚醒度は低～中程度と判断しました。
../database/final_database/013/005.jpg,13,005.jpg,7,-0.42,0.18,眉が下がり気味で目が細く、口も半開きで緊張や不快感が見られるためvalenceはやや低めです。一方で表情の強い興奮や活発さは少なく、arousalはやや低〜中程度と判断しました。
../database/final_database/013/005.jpg,13,005.jpg,8,-0.25,0.15,眉がやや寄り、口が半開きで力が抜けた表情のため快よりは不快寄りに見えます。一方で動きは強くなく、覚醒度は低〜中程度と判断しました。
../database/final_database/013/005.jpg,13,005.jpg,9,-0.32,0.18,口が半開きで眉がやや寄り、困惑や不快寄りの表情に見えます。一方で動きは大きくなく、覚醒度は低〜中程度と判断しました。
../database/final_database/013/005.jpg,13,005.jpg,10,-0.35,0.15,目が半開きで口が少し開き、眉もやや下がっていて不快・困惑寄りの表情に見えます。一方で動きは小さく、強い興奮や緊張は感じにくいため覚醒度は低めです。
../database/final_database/013/006.jpg,13,006.jpg,1,-0.55,0.35,目が細く口が開いて歯を見せる表情で、不快・苦痛や嫌悪に近いネガティブさが強いです。一方で驚きや激しい怒りほどの活性はなく、中程度の覚醒と判断しました。
../database/final_database/013/006.jpg,13,006.jpg,2,-0.45,0.25,口が半開きで眉・まぶたが落ち、快よりも不快（困惑・不満）寄りの表情に見えます。一方で強い緊張や興奮はなく、覚醒度はやや低〜中程度です。
../database/final_database/013/006.jpg,13,006.jpg,3,-0.62,0.38,口が半開きで眉や目元がややしかめられており、不快・苦痛寄りの表情に見えます。一方で表情の強度は中程度で、強い覚醒というより軽〜中程度の覚醒と判断しました。
../database/final_database/013/006.jpg,13,006.jpg,4,-0.35,0.25,目が細く口が半開きで、苦痛や不快感がにじむ表情に見えます。一方で表情の緊張は強すぎず、覚醒度は中程度と判断しました。
../database/final_database/013/006.jpg,13,006.jpg,5,-0.55,0.25,目が細く口が半開きで、苦痛や不快感を示す表情に見えます。一方で表情の強さは中程度で、覚醒度はやや高い程度と判断しました。
../database/final_database/013/006.jpg,13,006.jpg,6,-0.35,0.25,目が細く口が開き気味で、嫌悪や不快そうな表情に見えるためvalenceはやや低めです。一方で表情の緊張は強すぎず、覚醒度は軽度の高まり程度に留まると判断しました。
../database/final_database/013/006.jpg,13,006.jpg,7,-0.62,0.18,口が開いて眉間がやや寄り、苦痛・不快そうな表情に見えるためvalenceは低めです。一方で動きは大きくなく、覚醒度は中程度よりやや低めと判断しました。
../database/final_database/013/006.jpg,13,006.jpg,8,-0.35,0.25,目が細く口が開いており、苦痛や不快感を示す表情に見えます。一方で表情の動きは強すぎず、覚醒度はやや高い程度と判断しました。
../database/final_database/013/006.jpg,13,006.jpg,9,-0.55,0.15,口が半開きで眉も下がり気味で、やや不快・苦痛を示す表情に見えます。一方で目がほぼ閉じており緊張感は強くないため、覚醒度は低め寄りと判断しました。
../database/final_database/013/006.jpg,13,006.jpg,10,-0.35,0.2,目が細まり口が開いていて、痛みや不快感を示す表情に見えます。一方で動きは大きくなく、覚醒度は中程度と判断しました。
../database/final_database/013/007.jpg,13,007.jpg,1,0.05,0.15,口が少し開き、目元は緊張が弱く全体として中立に近い表情に見えます。驚きや強い喜怒哀楽のサインは少なく、覚醒度も低〜中程度と判断しました。
../database/final_database/013/007.jpg,13,007.jpg,2,-0.12,-0.05,口が少し開いていますが笑顔ではなく、目元も穏やかで感情の強い高揚は見られません。全体としてやや不快寄りの中立で、覚醒度も低めに見えます。
../database/final_database/013/007.jpg,13,007.jpg,3,-0.08,-0.12,口がわずかに開き目元もやや落ち着いており、強い喜びや怒りは見られません。全体として中立に近いが少し不快寄りで、覚醒度も低めに見えます。
../database/final_database/013/007.jpg,13,007.jpg,4,-0.22,-0.18,口が少し開いているものの笑顔はなく、目元もやや落ち着いていて中立〜わずかに不快寄りに見えます。表情の緊張や動きは強くなく、覚醒度は低めと判断しました。
../database/final_database/013/007.jpg,13,007.jpg,5,-0.12,-0.08,口元がわずかに開いているものの、口角の上がりや目の開きに強い変化がなく、全体として中立〜やや不快寄りに見えます。表情の緊張感や活動性も強くないため、覚醒度は低めと判断しました。
../database/final_database/013/007.jpg,13,007.jpg,6,-0.08,-0.05,口元が少し開いているものの笑顔ではなく、目元もリラックスしていて感情の強い表出は見られません。全体としてやや不快寄りだが低覚醒の中立的な表情に近いです。
../database/final_database/013/007.jpg,13,007.jpg,7,-0.18,0.22,口が少し開き目元が緊張気味で、快というよりやや不快・困惑寄りに見えます。表情の動きは小さめですが注意が向いている印象があり、覚醒度はわずかに高めと判断しました。
../database/final_database/013/007.jpg,13,007.jpg,8,-0.08,0.12,口がわずかに開き、目元もやや重く見えるため、強い喜びや怒りではなく中立〜軽い不快寄りに見えます。表情の変化は小さく、覚醒度も低〜中程度と判断しました。
../database/final_database/013/007.jpg,13,007.jpg,9,-0.1,-0.05,表情は口がわずかに開いていますが、笑顔の要素は少なく全体的に中立〜やや不快寄りに見えます。目元や眉の動きが小さく、強い興奮や緊張は感じられないため覚醒度は低めと判断しました。
../database/final_database/013/007.jpg,13,007.jpg,10,-0.1,0.05,口がわずかに開き、目元も力が弱く、強い笑顔や怒りは見られないため全体としてやや不快寄りの中立に近い印象です。表情の変化が小さく動きも少なそうなので覚醒度は低〜中程度と判断しました。
../database/final_database/013/008.jpg,13,008.jpg,1,-0.12,-0.38,口角がわずかに下がり気味で、目元も力が抜けており快・不快はやや不快寄りに見えます。表情の動きが少なく落ち着いているため覚醒度は低めと判断しました。
../database/final_database/013/008.jpg,13,008.jpg,2,0.05,-0.35,表情は口元がわずかに上がるものの全体として中立に近く、快・不快の強い偏りは見られません。目や眉の動きが小さく落ち着いた印象のため、覚醒度はやや低めと判断しました。
../database/final_database/013/008.jpg,13,008.jpg,3,0.05,-0.25,表情筋の動きが小さく、口元もほぼ中立で強い快・不快のサインが見られません。目の開きがやや控えめで全体に落ち着いた印象のため、覚醒度はやや低めと判断しました。
../database/final_database/013/008.jpg,13,008.jpg,4,-0.1,-0.35,口角がやや下がり気味で、目元もリラックスしており、快・不快の中間より少し不快寄りに見えます。表情の動きが小さく緊張感も弱いため、覚醒度は低めと判断しました。
../database/final_database/013/008.jpg,13,008.jpg,5,-0.12,-0.35,口元がわずかに下がり気味で笑顔の要素が少なく、全体として中立～やや不快寄りに見えます。目の開きや表情筋の緊張が弱く、落ち着いた低覚醒の印象です。
../database/final_database/013/008.jpg,13,008.jpg,6,-0.2,-0.35,口角がほぼ水平で笑顔ではなく、目元もやや落ち着いて見えるため快の度合いは低めです。表情の緊張や開眼が強くないので覚醒度も低めと判断しました。
../database/final_database/013/008.jpg,13,008.jpg,7,0.12,-0.28,口角がわずかに上がっており軽い快の要素がある一方、目元や表情筋の緊張が弱く全体として落ち着いた（低覚醒）印象です。驚きや強い喜怒哀楽のサインは見られません。
../database/final_database/013/008.jpg,13,008.jpg,8,0.05,-0.25,口元がわずかに上がっている一方、目元の緊張が少なく全体に落ち着いた表情に見えます。強い喜怒哀楽は感じられず、やや低覚醒でニュートラル寄りと判断しました。
../database/final_database/013/008.jpg,13,008.jpg,9,-0.08,-0.35,口角がわずかに下がり気味で表情の明るさが少なく、全体として中立〜やや不快寄りに見えます。目の開きや表情筋の緊張が弱く、覚醒度は低めに感じられます。
../database/final_database/013/008.jpg,13,008.jpg,10,0.05,-0.25,表情は口元がわずかに上がっており中立〜軽い快の印象です。一方で目元や眉の動きが少なく、全体として落ち着いた低覚醒に見えます。
../database/final_database/013/009.jpg,13,009.jpg,1,0.12,-0.18,口角がわずかに上がり、全体としては中立〜軽い快の表情に見えます。一方で目の開きが小さく、表情筋の動きも強くないため覚醒度は低めと判断しました。
../database/final_database/013/009.jpg,13,009.jpg,2,-0.18,-0.12,口角がわずかに下がり、目も細めでリラックスしている一方、強い喜びや怒りのサインは見られません。全体としてやや不快寄りで低覚醒の表情に見えます。
../database/final_database/013/009.jpg,13,009.jpg,3,0.1,-0.2,口元がわずかに上がっており不快ではない一方、目元の動きが少なく全体として落ち着いた表情です。そのため快は弱めで、覚醒度も低めと判断しました。
../database/final_database/013/009.jpg,13,009.jpg,4,-0.12,-0.18,口元がわずかに下がり、目もやや細く見えるため軽い不快寄りの表情に見えます。表情筋の動きが小さく全体に落ち着いているため覚醒度は低めと判断しました。
../database/final_database/013/009.jpg,13,009.jpg,5,0.1,-0.2,口角がわずかに上がっており中立〜軽い快の印象ですが、目が細く表情の動きが少ないため覚醒度は低めに見えます。全体として落ち着いた穏やかな表情です。
../database/final_database/013/009.jpg,13,009.jpg,6,-0.18,-0.12,目元が細く口角がやや下がっており、わずかに不快・不満寄りの表情に見えます。表情の強さは弱く、覚醒度は低め（落ち着いた状態）と判断しました。
../database/final_database/013/009.jpg,13,009.jpg,7,0.02,-0.12,口角はわずかに上がっているものの、目元の緊張が少なく全体として中立に近い表情です。強い驚きや怒りなどの覚醒サインが見られないため、arousalはやや低めと判断しました。
../database/final_database/013/009.jpg,13,009.jpg,8,-0.22,-0.05,口角がやや下がり、目も細く緊張感が少ないため、やや不快寄りに見えます。表情の動きが小さく全体に落ち着いているので覚醒度はほぼ中立です。
../database/final_database/013/009.jpg,13,009.jpg,9,-0.12,-0.28,口元がやや下がり、目も細く緊張や不快が少し感じられる一方、表情の動きは小さく全体として落ち着いた印象です。強い興奮や喜びは見られません。
../database/final_database/013/009.jpg,13,009.jpg,10,-0.12,-0.28,口角がやや下がり、まぶたも重く見えて快の表情は弱い一方、強い怒りや喜びなどの高い覚醒サインも少ないため、わずかに不快寄り・低覚醒と判断しました。
../database/final_database/013/010.jpg,13,010.jpg,1,-0.32,0.41,眉がひそまり口が開いており、困惑や不快感がうかがえるためvalenceはやや低めです。一方で表情の緊張感があり、覚醒度は中程度と判断しました。
../database/final_database/013/010.jpg,13,010.jpg,2,-0.35,0.45,眉がひそまり口が開いており、困惑や不快感がうかがえる表情です。一方で表情筋の緊張があり、覚醒度はやや高めと判断しました。
../database/final_database/013/010.jpg,13,010.jpg,3,-0.22,0.34,眉が寄り気味で口が半開きのため、やや不快・困惑寄りの印象です。一方で表情の動きはあり、緊張や注意喚起を感じるため覚醒度はやや高めと判断しました。
../database/final_database/013/010.jpg,13,010.jpg,4,-0.35,0.55,眉が寄って口が開き、苦痛や不安・不快を示す表情に見えます。一方で目と口周りの緊張があり、覚醒度はやや高めと判断しました。
../database/final_database/013/010.jpg,13,010.jpg,5,-0.28,0.52,眉が寄り気味で口が開いており、苦痛・困惑や不快寄りの表情に見えます。一方で表情の緊張と口の開きから覚醒度はやや高めと判断しました。
../database/final_database/013/010.jpg,13,010.jpg,6,-0.35,0.45,眉がひそみ、口が開いて不快・困惑の表情に見えるためvalenceはやや低めです。一方で口の動きと表情の緊張感から覚醒度は中程度に高いと判断しました。
../database/final_database/013/010.jpg,13,010.jpg,7,-0.32,0.41,眉が寄り気味で口が開き、苦痛や不快を示す表情に見えます。一方で表情筋の緊張と口の開きから覚醒度はやや高めと判断しました。
../database/final_database/013/010.jpg,13,010.jpg,8,-0.35,0.55,眉が寄り、口が開いて緊張や不快感（困惑・苦痛）を示す表情に見えます。表情の強さが中程度で、反応性も感じられるため覚醒度はやや高めと判断しました。
../database/final_database/013/010.jpg,13,010.jpg,9,-0.25,0.35,眉が寄って口が開いた表情で、困惑・不安や軽い不快感が読み取れます。一方で表情の動きはあり、無気力ではないため覚醒度はやや高めです。
../database/final_database/013/010.jpg,13,010.jpg,10,-0.35,0.45,眉が寄り、口が開いて緊張や不快感が見られるためvalenceはやや負。表情の動きが大きく警戒・驚きの要素があるのでarousalはやや高め。
../database/final_database/014/001.jpg,14,001.jpg,1,0.24,-0.12,口角がわずかに上がっており全体として中立〜軽い快の表情に見えます。一方で目元や表情筋の動きが小さく、興奮度は低め（落ち着いた状態）と判断しました。
../database/final_database/014/001.jpg,14,001.jpg,2,0.22,-0.08,口角がわずかに上がり、全体として穏やかでやや快の表情に見えます。一方で目元や表情筋の動きは強くなく、覚醒度は低めです。
../database/final_database/014/001.jpg,14,001.jpg,3,0.32,-0.18,口角がわずかに上がり穏やかな表情で、軽い快の感情が見られます。一方で目元や全体の緊張が少なく、覚醒度は低めに感じられます。
../database/final_database/014/001.jpg,14,001.jpg,4,0.12,-0.08,口角がわずかに上がり、全体として中立〜軽い快の表情に見えます。一方で目元や表情筋の動きが小さく、覚醒度は低めと判断しました。
../database/final_database/014/001.jpg,14,001.jpg,5,0.18,-0.12,口角がわずかに上がり、全体として穏やかな表情で軽い快が見られます。一方で目の開きや顔の緊張が弱く、覚醒度は低めに見えます。
../database/final_database/014/001.jpg,14,001.jpg,6,0.18,-0.12,口角がわずかに上がっており、表情は軽い快の方向ですが強い感情は見られません。目や眉の緊張が少なく全体に落ち着いているため、覚醒度はやや低めと判断しました。
../database/final_database/014/001.jpg,14,001.jpg,7,0.22,-0.12,口角がわずかに上がり全体に穏やかな表情のため、やや快のvalenceと判断しました。一方で目や口周りの動きが小さく緊張感が少ないため、arousalは低めです。
../database/final_database/014/001.jpg,14,001.jpg,8,0.22,-0.12,口角がわずかに上がっており不快というより軽い快の表情に見えます。一方で目元や顔全体の緊張が強くなく、覚醒度はやや低めと判断しました。
../database/final_database/014/001.jpg,14,001.jpg,9,0.32,-0.08,口元がわずかに上がっており軽い微笑に見えるため、快の方向に寄っています。一方で目元や表情筋の緊張が強くなく落ち着いた印象なので覚醒度は低めです。
../database/final_database/014/001.jpg,14,001.jpg,10,0.18,-0.12,口角がわずかに上がっており不快感は少ないため、valenceはやや正に寄ります。一方で目や口の開きが小さく表情の動きが控えめなので、arousalは低めと判断しました。
../database/final_database/014/002.jpg,14,002.jpg,1,0.35,0.25,口が少し開き、眉が上がっており驚きや関心が混じった穏やかな表情に見えるため、快寄りのvalenceと中程度のarousalと判断しました。強い興奮や緊張は感じにくいのでarousalはやや低めです。
../database/final_database/014/002.jpg,14,002.jpg,2,0.35,0.3,口が少し開いて眉がやや上がっており、驚きや関心に近い表情で強い不快感は見られません。表情の強度は中程度で、覚醒度も高すぎないため穏やかな上向きと判断しました。
../database/final_database/014/002.jpg,14,002.jpg,3,0.25,0.3,口が少し開き、眉がやや上がっていて驚きや戸惑いが混ざった表情に見えます。不快さは強くなく、覚醒度も中程度と判断しました。
../database/final_database/014/002.jpg,14,002.jpg,4,0.25,0.35,口が少し開いており、目元も緊張が少なく、軽い微笑や驚きを感じる表情です。一方で笑顔は強くないため快・覚醒ともに中程度にとどまります。
../database/final_database/014/002.jpg,14,002.jpg,5,0.25,0.35,口角が少し上がり、表情はやや快寄りに見える一方で、眉の寄りと目元の緊張から不安・戸惑いも混じっています。口が開いており注意喚起的で、覚醒度は中程度に感じられます。
../database/final_database/014/002.jpg,14,002.jpg,6,0.42,0.18,口角がやや上がり目元も柔らかく、全体として軽いポジティブ感が見られます。一方で表情の強さは控えめで、覚醒度は中低程度にとどまります。
../database/final_database/014/002.jpg,14,002.jpg,7,0.25,0.35,口が少し開いており、眉も大きく下がっていないため強い不快感は見られず、やや快寄りに見えます。一方で目元に緊張があり驚き・不安も混ざるため覚醒度は中程度と判断しました。
../database/final_database/014/002.jpg,14,002.jpg,8,0.25,0.35,口が少し開いて微笑みに近い表情で、全体としてはやや快の印象です。一方で眉がやや上がり不安げにも見えるため、覚醒度は中程度と判断しました。
../database/final_database/014/002.jpg,14,002.jpg,9,0.35,0.25,口が少し開いて口角がわずかに上がっており、全体として穏やかなポジティブ感があるためvalenceはやや高め。目元の緊張が強くなく表情の動きも小さいのでarousalは低〜中程度と判断しました。
../database/final_database/014/002.jpg,14,002.jpg,10,0.15,0.35,口角がやや上がり口が開いており、軽い快の表情に見えます。一方で眉が少し寄り、驚きや戸惑いも混ざっていて覚醒度は中程度です。
../database/final_database/014/004.jpg,14,004.jpg,1,0.18,0.34,口角がやや上がり口が開いており、軽いポジティブさ（微笑・興味）を感じます。一方で目元の強い喜びサインは弱く、落ち着いた覚醒度に見えます。
../database/final_database/014/004.jpg,14,004.jpg,2,0.38,0.32,口角がやや上がり、表情全体に軽いポジティブさが見られるため快寄りと判断しました。目の開きや表情筋の緊張は強くなく、覚醒度は中程度に留まるためやや低めの覚醒としました。
../database/final_database/014/004.jpg,14,004.jpg,3,0.18,0.22,口角がやや上がり、驚きよりも軽い微笑に近い表情でわずかに快寄りです。一方で目の開きや表情筋の緊張は強くなく、覚醒度は中程度よりやや低めと判断しました。
../database/final_database/014/004.jpg,14,004.jpg,4,0.32,0.18,口角がやや上がり、表情全体が穏やかで軽いポジティブさが見られます。一方で目元の緊張や大きな動きは少なく、覚醒度は低めです。
../database/final_database/014/004.jpg,14,004.jpg,5,0.32,0.18,口角がやや上がり、表情は軽い喜び・安心に近い一方で、目元や全体の緊張は強くなく落ち着いた印象です。大きな驚きや怒りのような高覚醒のサインは見られません。
../database/final_database/014/004.jpg,14,004.jpg,6,0.2,0.1,口角がやや上がり軽い微笑に見えるため快寄りですが、目元の表情変化が少なく強い喜びは感じにくいです。表情の強度が弱めで落ち着いた印象なので覚醒度は低めにしました。
../database/final_database/014/004.jpg,14,004.jpg,7,0.25,0.15,口角がやや上がり表情は穏やかで、軽いポジティブさが見られます。一方で目元や全体の緊張は強くなく、覚醒度は低めです。
../database/final_database/014/004.jpg,14,004.jpg,8,0.12,0.08,口がわずかに開いて穏やかな表情で、強い不快感や怒りは見られません。一方で目元や口角の上がりが弱く、覚醒度も高くないため中立寄りにしました。
../database/final_database/014/004.jpg,14,004.jpg,9,0.34,0.22,口角がやや上がり、表情全体に軽い快の要素が見られます。一方で目元の強い緊張や大きな動きは少なく、覚醒度は中程度より低めです。
../database/final_database/014/004.jpg,14,004.jpg,10,0.25,0.15,口角がやや上がり表情は穏やかで、わずかに快の印象があります。一方で目元の緊張や動きは強くなく、覚醒度は低めに見えます。
../database/final_database/014/006.jpg,14,006.jpg,1,0.1,0.35,口が少し開いて目線が上向きで、驚きや関心があるように見えます。強い喜びや怒りではなく中程度の覚醒で、快不快はわずかに快寄りと判断しました。
../database/final_database/014/006.jpg,14,006.jpg,2,0.2,0.35,口が少し開き、視線が上向きで驚きや関心がある表情に見えます。強い不快感はなくややポジティブ寄りですが、覚醒度は中程度です。
../database/final_database/014/006.jpg,14,006.jpg,3,0.12,0.34,口が少し開き目が上を向いており、驚きや関心を示す中立〜やや快の表情に見えます。表情の緊張は強くないため覚醒度は中程度にとどまります。
../database/final_database/014/006.jpg,14,006.jpg,4,0.25,0.4,口が少し開き、目線が上向きで驚き・関心のような表情に見えます。ネガティブさは強くなく、覚醒度はやや高めと判断しました。
../database/final_database/014/006.jpg,14,006.jpg,5,0.12,0.28,口が少し開き目線が上向きで、驚きや興味を示すような表情に見えます。強い喜び・怒りはなく中立寄りだが、わずかに快で覚醒度も軽く高めです。
../database/final_database/014/006.jpg,14,006.jpg,6,0.1,0.35,口が少し開いていて驚き・関心のような表情で、快不快は中立に近いです。目線が上向きで緊張感があり、覚醒度はやや高めと判断しました。
../database/final_database/014/006.jpg,14,006.jpg,7,0.1,0.25,口が少し開き、目線も上向きで驚きや関心を示すような表情に見えます。強い笑顔や怒りではなく中立寄りのため、快はわずか・覚醒も中程度と判断しました。
../database/final_database/014/006.jpg,14,006.jpg,8,0.18,0.42,口が少し開いて上方を見る表情で、驚きや関心が混ざった中立～やや快の印象です。目元の緊張と口の開きから覚醒度はやや高めと判断しました。
../database/final_database/014/006.jpg,14,006.jpg,9,0.1,0.3,口が少し開き目線が上向きで、驚き・好奇心のようなややポジティブな表情に見えます。緊張や動きは強くなく、覚醒度は中程度と判断しました。
../database/final_database/014/006.jpg,14,006.jpg,10,0.1,0.35,口が少し開き目線が上向きで、驚きや関心のような軽い覚醒が見られます。明確な笑顔や強い不快表情ではないため快・不快は中立寄りと判断しました。
../database/final_database/014/007.jpg,14,007.jpg,1,-0.12,0.34,口が半開きで眉や目元にわずかな緊張があり、快よりもやや不快・不安寄りに見えます。一方で目の開きが比較的大きく、驚き/警戒の要素があるため覚醒度はやや高めです。
../database/final_database/014/007.jpg,14,007.jpg,2,0.05,0.35,口が少し開いて目が見開かれており、驚きや戸惑いが混じったニュートラル寄りの表情に見えます。強い不快や喜びは弱く、覚醒度はやや高めです。
../database/final_database/014/007.jpg,14,007.jpg,3,0.1,0.35,口が少し開いて目が見開き気味で、驚きや緊張が感じられる一方、強い怒りや悲しみは見られません。全体として中立寄りでやや覚醒度が高い表情です。
../database/final_database/014/007.jpg,14,007.jpg,4,-0.1,0.35,口が少し開き目が見開かれており、驚きや不安が混ざった表情に見えます。笑顔の要素は弱く、やや不快寄りだが覚醒度は中程度です。
../database/final_database/014/007.jpg,14,007.jpg,5,-0.35,0.45,口が開き目も大きく、驚きや不安が混ざったような緊張した表情に見えます。快より不快寄りで、覚醒度は中程度に高いと判断しました。
../database/final_database/014/007.jpg,14,007.jpg,6,-0.35,0.45,口が開いて眉がやや上がり、驚きや困惑のような緊張感があるため覚醒度はやや高めです。一方で笑顔ではなく不安げに見えるため快より不快寄りと判断しました。
../database/final_database/014/007.jpg,14,007.jpg,7,-0.12,0.35,口が半開きで緊張感や困惑が見られ、快よりやや不快寄りに感じます。目も大きく開いており、落ち着きより軽い覚醒状態が示唆されます。
../database/final_database/014/007.jpg,14,007.jpg,8,-0.18,0.42,口が半開きで不安そうな表情に見え、快よりもやや不快寄りです。目が見開き気味で緊張感があり、覚醒度は中程度に高いと判断しました。
../database/final_database/014/007.jpg,14,007.jpg,9,0.05,0.35,口が少し開き目も見開き気味で、驚きや戸惑いのような軽い緊張が見られます。一方で口角の上がりは弱く、強い快・不快は感じにくいため中立寄りにしました。
../database/final_database/014/007.jpg,14,007.jpg,10,0.05,0.35,口が少し開いて目が見開き気味で、驚きや戸惑いのような覚醒度のある表情に見えます。一方で笑顔や強い不快のサインは弱く、快・不快は中立寄りと判断しました。
../database/final_database/014/008.jpg,14,008.jpg,1,0.18,0.05,口角がわずかに上がっており全体として穏やかな表情なので、快寄りのvalenceと判断しました。目や眉の動きが小さく緊張感も低いため、arousalは中立に近い低めです。
../database/final_database/014/008.jpg,14,008.jpg,2,0.32,0.05,口角がわずかに上がり表情は穏やかで、軽い快の印象があります。一方で目元や表情筋の緊張が強くなく、覚醒度は低めに見えます。
../database/final_database/014/008.jpg,14,008.jpg,3,0.1,-0.15,口元がわずかに上がり、眉や目元に強い緊張が見られないため、やや快寄りの中立に近い表情です。表情変化が小さく落ち着いているため、覚醒度はやや低めと判断します。
../database/final_database/014/008.jpg,14,008.jpg,4,0.12,-0.18,口角がわずかに上がり中立〜軽い快の表情に見えますが、目元や眉の動きが少なく全体として落ち着いた印象で覚醒度は低めです。
../database/final_database/014/008.jpg,14,008.jpg,5,0.18,-0.12,口角がわずかに上がり、全体として中立〜軽い快の表情に見えます。一方で目の開きや表情筋の緊張が強くなく、覚醒度はやや低めと判断しました。
../database/final_database/014/008.jpg,14,008.jpg,6,0.28,0.12,口角がわずかに上がり、表情は穏やかで軽いポジティブさが見られます。一方で目の開きや表情筋の緊張は強くなく、覚醒度は低めです。
../database/final_database/014/008.jpg,14,008.jpg,7,0.22,-0.08,口角がわずかに上がり、全体として穏やかで軽い好意的表情に見えます。一方で目の開きや表情筋の緊張が強くなく、覚醒度は低めと判断しました。
../database/final_database/014/008.jpg,14,008.jpg,8,0.12,-0.08,口角がわずかに上がり、全体として中立〜軽いポジティブ寄りに見えます。一方で目の開きや表情筋の緊張が強くなく、覚醒度は低めです。
../database/final_database/014/008.jpg,14,008.jpg,9,0.35,0.05,口角がわずかに上がり、全体として穏やかな表情で不快感は低いです。一方で目の開きや表情筋の緊張が強くなく、覚醒度は高くありません。
../database/final_database/014/008.jpg,14,008.jpg,10,0.2,0.1,口角がわずかに上がり、表情全体は中立〜軽い肯定的に見えます。一方で目の開きや眉の動きが小さく、興奮度は低めです。
../database/final_database/014/010.jpg,14,010.jpg,1,0.24,0.18,口角がやや上がり、表情全体に軽いポジティブさが見られるためvalenceは弱めに快寄りです。目や口の開きが大きくなく緊張も強くないため、arousalは低めの覚醒と判断しました。
../database/final_database/014/010.jpg,14,010.jpg,2,0.35,0.1,口角がやや上がり、表情全体が柔らかく見えるため快寄りのvalenceです。一方で目の開きや筋緊張が強くなく、落ち着いた印象なのでarousalは低めです。
../database/final_database/014/010.jpg,14,010.jpg,3,0.35,0.2,口角がやや上がり穏やかな微笑みが見られるため快方向（正のvalence）です。一方で目の開きや表情筋の緊張が強くなく、興奮度は低めなのでarousalはやや低い値にしました。
../database/final_database/014/010.jpg,14,010.jpg,4,0.2,0.1,口角がやや上がり、表情は穏やかで軽い快の印象があります。一方で目元や筋緊張が強くなく、覚醒度は低めに見えます。
../database/final_database/014/010.jpg,14,010.jpg,5,0.35,0.15,口角がやや上がり、表情全体に穏やかな快のサインがあります。一方で目や眉の動きが小さく、強い興奮は感じられないため覚醒度は低めです。
../database/final_database/014/010.jpg,14,010.jpg,6,0.36,0.18,口角がやや上がり、表情全体が穏やかでわずかに快の印象です。一方で目の開きや表情筋の緊張は強くなく、覚醒度は低めに見えます。
../database/final_database/014/010.jpg,14,010.jpg,7,0.35,0.2,口角がやや上がり、表情全体が穏やかで軽い快の印象があります。一方で目の開きや表情筋の緊張は強くなく、覚醒度は低めに見えます。
../database/final_database/014/010.jpg,14,010.jpg,8,0.25,0.1,口角がやや上がり、表情全体に軽い好意・満足が見られるためvalenceはやや正。目や口の開きは大きくなく、動きの強さも控えめなのでarousalは低めです。
../database/final_database/014/010.jpg,14,010.jpg,9,0.35,0.1,口角がやや上がり、表情全体が穏やかでわずかに快の印象です。一方で目の見開きや緊張感が強くなく、覚醒度は低めに見えます。
../database/final_database/014/010.jpg,14,010.jpg,10,0.32,0.28,口角がやや上がり、目元も緊張が少ないため軽い快の印象です。一方で表情の動きは大きくなく、興奮度は中程度にとどまります。
../database/final_database/015/001.jpg,15,001.jpg,1,0.08,0.18,口角がわずかに上がり、強い不快のサインは見られないためvalenceは軽く正寄りです。一方で目や口の緊張が少しあり落ち着きすぎてもいないのでarousalはやや正にしました。
../database/final_database/015/001.jpg,15,001.jpg,2,-0.12,0.18,口元が少し開いており緊張や戸惑いが見える一方、強い怒りや喜びは感じにくい表情です。目元も大きな動きが少なく、覚醒度はやや低〜中程度と判断しました。
../database/final_database/015/001.jpg,15,001.jpg,3,0.12,0.34,口がわずかに開き、表情は中立〜軽い戸惑い/警戒に見えるため、快は弱めです。目が見開かれ気味で緊張感があり、覚醒度はやや高めと判断しました。
../database/final_database/015/001.jpg,15,001.jpg,4,-0.18,0.41,口が半開きで緊張・不安を示すような表情で、快よりもやや不快寄りに見えます。目の開きもあり落ち着きよりはやや覚醒度が高い印象です。
../database/final_database/015/001.jpg,15,001.jpg,5,0.1,0.35,口角がやや上がり表情は中立〜軽いポジティブですが、目元の緊張と驚き気味の開きがあり落ち着きは強くありません。全体として軽い快と中程度の覚醒に見えます。
../database/final_database/015/001.jpg,15,001.jpg,6,-0.05,0.35,口が少し開き、眉がやや上がって目が見開かれているため、軽い驚き・不安が混ざった表情に見えます。笑顔の要素は弱く快・不快は中立寄りですが、緊張感から覚醒度はやや高めです。
../database/final_database/015/001.jpg,15,001.jpg,7,-0.18,0.32,口が少し開いて眉が上がっており、驚きや不安が混ざったような表情に見えます。強い喜びは感じにくいためvalenceはやや低め、緊張感があるのでarousalはやや高めにしました。
../database/final_database/015/001.jpg,15,001.jpg,8,-0.1,0.15,口元がやや引きつり、眉もわずかに寄っていて快より不快寄りに見えます。一方で表情の強度は高くなく、覚醒度はやや低〜中程度です。
../database/final_database/015/001.jpg,15,001.jpg,9,0.15,0.25,口が少し開いていて驚きや戸惑いが混じった表情で、強い喜びや不快は感じにくいです。目の見開きがややあり緊張感があるため、覚醒度はわずかに高めと判断しました。
../database/final_database/015/001.jpg,15,001.jpg,10,0.05,0.2,口角がわずかに上がっている一方で目元の緊張があり、快・不快は中立に近い印象です。表情の動きは小さめで、覚醒度はやや低〜中程度と判断しました。
../database/final_database/015/002.jpg,15,002.jpg,1,0.1,0.05,口角がわずかに上がり、全体として穏やかで軽い好意的表情に見えます。目や眉の緊張が少なく、興奮度は低めです。
../database/final_database/015/002.jpg,15,002.jpg,2,0.12,-0.08,口元がわずかに上がっており、強い不快感は見られないためvalenceはやや正寄りです。一方で目元や表情筋の緊張が強くなく全体に落ち着いた印象なのでarousalは低めと判断しました。
../database/final_database/015/002.jpg,15,002.jpg,3,0.12,0.05,口元がわずかに上がり、表情は穏やかでやや肯定的に見えますが、目元の動きは小さく感情強度は低めです。全体として落ち着いた低覚醒の状態に近いです。
../database/final_database/015/002.jpg,15,002.jpg,4,0.25,-0.05,口角がわずかに上がり、全体として中立～やや快の表情に見えます。一方で目元の緊張や驚きは強くなく、覚醒度は低め～中程度です。
../database/final_database/015/002.jpg,15,002.jpg,5,0.18,-0.06,口角がわずかに上がり、全体として穏やかで軽い肯定的感情が見られます。一方で目の開きや表情筋の緊張は強くなく、覚醒度は低めです。
../database/final_database/015/002.jpg,15,002.jpg,6,0.22,0.08,口角がわずかに上がり、表情は穏やかで軽いポジティブさが見られます。目元の緊張や大きな動きは少なく、覚醒度は低めです。
../database/final_database/015/002.jpg,15,002.jpg,7,0.12,-0.08,口元がわずかに上がり、全体として中立〜やや快の表情に見えます。一方で目元や眉の動きが小さく、興奮度は低めに感じられます。
../database/final_database/015/002.jpg,15,002.jpg,8,0.15,0.05,口元がわずかに上がり、全体として不快さは少ないため軽い快の方向です。一方で目や眉の動きが小さく表情の強度が低いので覚醒度は中立に近いと判断しました。
../database/final_database/015/002.jpg,15,002.jpg,9,0.23,-0.08,口角がわずかに上がり、全体として穏やかな表情で軽い快が示唆されます。目や眉の緊張が強くなく動きも少ないため、覚醒度は低めと判断します。
../database/final_database/015/002.jpg,15,002.jpg,10,0.1,-0.2,口角がわずかに上がり不快感は少ない一方、目元や表情筋の動きが弱く落ち着いた印象です。強い興奮や緊張は見られません。
../database/final_database/015/003.jpg,15,003.jpg,1,0.18,0.52,口が少し開き目も見開き気味で、驚きや注意喚起のような覚醒度が高い表情に見えます。一方で笑顔の要素は弱く、快・不快は中立寄りのやや快と判断しました。
../database/final_database/015/003.jpg,15,003.jpg,2,-0.1,0.45,口が開いて眉がやや上がり、驚きや不安のような緊張感が見られるため快-不快はやや不快寄りです。表情の動きが比較的大きく、覚醒度は中程度に高いと判断しました。
../database/final_database/015/003.jpg,15,003.jpg,3,-0.1,0.45,口が開き眉がやや上がっており、驚きや不安を示す表情に見えます。快よりはやや不快寄りですが、強い嫌悪ではなく中程度の覚醒度です。
../database/final_database/015/003.jpg,15,003.jpg,4,-0.25,0.45,口が開き目も見開かれており、驚きや不安のような緊張感が見られるため覚醒度はやや高めです。笑顔ではなく眉や口元に不快寄りの要素があるので、快‐不快はややマイナスと判断しました。
../database/final_database/015/003.jpg,15,003.jpg,5,-0.18,0.42,口が半開きで眉がやや上がり、驚きや不安の混じった表情に見えるため快-不快はやや不快寄りです。目の見開きと緊張感があり覚醒度は中程度に高めと判断しました。
../database/final_database/015/003.jpg,15,003.jpg,6,-0.25,0.55,口が開き目が見開かれており、驚きや不安が混ざった表情に見えます。快よりもやや不快寄りで、覚醒度は中〜高程度と判断しました。
../database/final_database/015/003.jpg,15,003.jpg,7,-0.35,0.45,口が開き眉が上がっており、驚きや不安が混じった表情に見えるため快は低めです。一方で目が見開かれ緊張感があるので覚醒度はやや高めと判断しました。
../database/final_database/015/003.jpg,15,003.jpg,8,-0.35,0.45,口が開いて目も見開き気味で、驚きや不安が混じった表情に見えます。快よりも不快寄りですが、覚醒度は中程度に高いと判断しました。
../database/final_database/015/003.jpg,15,003.jpg,9,-0.2,0.55,口が開き目が見開かれており、驚きや不安が混じった表情に見えます。快よりもやや不快寄りですが、覚醒度は高めです。
../database/final_database/015/003.jpg,15,003.jpg,10,-0.35,0.55,眉が上がり目が見開かれ、口が開いているため驚きや不安が示唆されます。笑顔の要素は弱く、やや不快寄りだが覚醒度は高めと判断しました。
../database/final_database/015/005.jpg,15,005.jpg,1,-0.12,0.34,口が開いて眉間に軽い緊張があり、快よりもやや不快寄りの表情に見えます。一方で驚きや不安の要素があり、覚醒度は中程度に感じられます。
../database/final_database/015/005.jpg,15,005.jpg,2,-0.12,0.48,口が開いて眉がやや寄っており、戸惑いや不快寄りの表情に見えます。一方で表情筋の緊張があり覚醒度は中程度以上と判断しました。
../database/final_database/015/005.jpg,15,005.jpg,3,-0.25,0.4,口が半開きで眉がやや寄っており、不快寄りの困惑・不安の表情に見えます。目の開きと口の動きから覚醒度は中程度と判断しました。
../database/final_database/015/005.jpg,15,005.jpg,4,-0.28,0.42,眉がやや寄り、口が半開きで緊張や困惑が感じられるため快より不快寄りの印象です。一方で表情の動きがあり、驚き・不安に近い覚醒度は中程度に高いと判断しました。
../database/final_database/015/005.jpg,15,005.jpg,5,-0.35,0.2,眉がわずかに寄り、口が開いて緊張や不快感がうかがえるためvalenceはやや低めです。一方で表情の強さは中程度で、驚き/困惑のような軽い覚醒が見られるためarousalはやや高めにしました。
../database/final_database/015/005.jpg,15,005.jpg,6,-0.22,0.34,眉がやや寄り、口が半開きで困惑や不安を示す表情に見えます。一方で強い怒りや興奮ではなく、覚醒度は中程度と判断しました。
../database/final_database/015/005.jpg,15,005.jpg,7,-0.2,0.35,口が少し開き眉や目元に緊張があり、快よりもやや不快寄りに見えます。表情の緊張と反応の強さから覚醒度は中程度に高いと判断しました。
../database/final_database/015/005.jpg,15,005.jpg,8,-0.12,0.43,口が開いて眉がやや寄っており、驚きや困惑・不安寄りの表情に見えます。強い喜びは感じにくい一方で、反応は比較的高く覚醒度は中程度以上と判断しました。
../database/final_database/015/005.jpg,15,005.jpg,9,-0.18,0.32,口が少し開いて眉がわずかに寄っており、快よりもやや不快・困惑寄りの印象です。表情の緊張感は中程度で、覚醒度はやや高めと判断しました。
../database/final_database/015/005.jpg,15,005.jpg,10,-0.3,0.35,眉がやや寄り、口が開いて緊張や戸惑いが見られるため快より不快寄りです。一方で表情の動きがあり、驚き・不安に近い覚醒度はやや高めと判断しました。
../database/final_database/015/006.jpg,15,006.jpg,1,0.12,0.1,口角がわずかに上がり表情は中立より少しポジティブに見えますが、目元の緊張が弱く全体として感情強度は低めです。
../database/final_database/015/006.jpg,15,006.jpg,2,0.22,0.12,口角がわずかに上がり、表情全体は穏やかで軽いポジティブさが見られます。一方で目元の緊張や動きは強くなく、覚醒度は低めと判断しました。
../database/final_database/015/006.jpg,15,006.jpg,3,0.18,0.12,口角がやや上がり不安は強く見えないため、わずかに快寄りと判断しました。一方で目元の緊張が少なく表情変化も小さいため、覚醒度は低めです。
../database/final_database/015/006.jpg,15,006.jpg,4,0.2,0.1,口角がわずかに上がり、全体として中立寄りの穏やかな表情に見えるため、valenceはやや快寄りです。目の開きや表情筋の緊張が強くないので、arousalは低めと判断しました。
../database/final_database/015/006.jpg,15,006.jpg,5,0.1,0.05,口角がやや上がり、表情は穏やかで軽い肯定感が見られます。一方で目元の動きが小さく、強い興奮や緊張は感じにくいため覚醒度は低めです。
../database/final_database/015/006.jpg,15,006.jpg,6,0.18,0.12,口角がやや上がり、表情に軽い親和性が見られるため快寄りです。一方で目元の緊張は強くなく、全体として落ち着いた印象なので覚醒度は低めです。
../database/final_database/015/006.jpg,15,006.jpg,7,0.12,0.18,口角がわずかに上がり、目元も強い緊張が見られないため軽い快の方向と判断しました。一方で表情の動きは小さく、強い興奮や緊張は感じにくいので覚醒度は低めです。
../database/final_database/015/006.jpg,15,006.jpg,8,0.12,0.18,口角がわずかに上がり、驚きや困惑が混じった軽い微笑のように見えるため快は弱めです。一方で目が見開き気味で緊張感があり、覚醒度は低〜中程度と判断しました。
../database/final_database/015/006.jpg,15,006.jpg,9,0.12,0.1,口角がわずかに上がっており軽いポジティブさが見られる一方、目元の緊張が少なく全体として強い感情は感じにくいです。そのため快は弱め、覚醒度も低めに設定しました。
../database/final_database/015/006.jpg,15,006.jpg,10,0.08,0.12,口角がわずかに上がり目元も柔らかく、弱い快のサインが見られます。一方で表情の強度は低く、驚きや緊張も強くないため覚醒度はやや低めです。
../database/final_database/015/007.jpg,15,007.jpg,1,0.12,0.3,口が少し開いていて驚きや戸惑いが混じった表情に見え、強い不快・快のどちらにも偏っていません。目元の緊張がわずかにあり、覚醒度は低〜中程度と判断しました。
../database/final_database/015/007.jpg,15,007.jpg,2,0.25,0.2,口角がやや上がり、表情は軽い驚きや穏やかな好意を示している一方、目元の動きは大きくなく強い興奮は感じにくいです。全体としてやや快で低〜中程度の覚醒と判断しました。
../database/final_database/015/007.jpg,15,007.jpg,3,0.12,0.18,口が少し開いており驚きや戸惑いを示す表情で、快・不快は中立に近い印象です。目元の緊張は強くなく、覚醒度も低〜中程度に見えます。
../database/final_database/015/007.jpg,15,007.jpg,4,0.12,0.18,口が少し開いて眉もやや上がっており、軽い驚きや戸惑いが混じった中立寄りの表情に見えます。強い笑顔や怒りは見られないため快・覚醒ともに小さめにしました。
../database/final_database/015/007.jpg,15,007.jpg,5,0.15,0.25,口が少し開いて目も柔らかく、軽い驚きや関心がある表情で強い不快感は見られません。緊張は高くなく、覚醒度はやや低〜中程度と判断しました。
../database/final_database/015/007.jpg,15,007.jpg,6,0.1,0.25,口が少し開いており驚き・戸惑いに近い表情で、快不快は大きく偏っていません。目元の緊張がややあり、覚醒度は低〜中程度と判断しました。
../database/final_database/015/007.jpg,15,007.jpg,7,0.12,0.32,口が少し開いて眉がわずかに上がっており、驚き・困惑に近い表情で快不快は中立寄りに見えます。表情の緊張感はあるため覚醒度はやや高めです。
../database/final_database/015/007.jpg,15,007.jpg,8,0.12,0.28,口が少し開いていて驚きや困惑に近い表情で、強い快・不快は読み取りにくいです。目元の緊張があり落ち着きすぎてはいないため、覚醒度はやや高めと判断しました。
../database/final_database/015/007.jpg,15,007.jpg,9,0.1,0.35,口が少し開いていて驚きや軽い興味のような表情で、強い不快さは見られません。目の開きと口の形から覚醒度はやや高めと判断します。
../database/final_database/015/007.jpg,15,007.jpg,10,0.1,0.3,口が少し開いて穏やかな表情で、強い不快感は見られません。目元の緊張は弱く、軽い驚き・注意のような中程度の覚醒度に見えます。
../database/final_database/015/008.jpg,15,008.jpg,1,0.05,0.35,口が開いて歯が見え、目線もやや上がっていて驚き・戸惑いのような表情に見えます。強い喜びや怒りではなく中立寄りですが、多少の緊張感があり覚醒度はやや高めです。
../database/final_database/015/008.jpg,15,008.jpg,2,0.05,0.32,口が少し開き目線が動いており、驚きや戸惑いのような軽い緊張が感じられます。笑顔は強くないため快・不快は中立寄りで、覚醒度はやや高めと判断しました。
../database/final_database/015/008.jpg,15,008.jpg,3,0.12,0.48,口が少し開き、目線が泳いでいるように見えるため驚きや戸惑いが混ざった軽い緊張状態と判断しました。強い不快ではないものの、快でもない中立寄りです。
../database/final_database/015/008.jpg,15,008.jpg,4,0.12,0.35,口が開いて目線が動いており、驚きや戸惑いを含むややポジティブ寄りの表情に見えます。緊張感はあるものの強い怒りや恐怖ではなく、中程度の覚醒と判断しました。
../database/final_database/015/008.jpg,15,008.jpg,5,0.05,0.4,口が少し開いており驚きや戸惑いに近い表情で、快・不快は中立寄りに見えます。目の開きと表情の緊張から覚醒度はやや高めです。
../database/final_database/015/008.jpg,15,008.jpg,6,0.12,0.38,口が少し開き目線も動いており、驚きや戸惑いが混じった軽いポジティブ寄りの表情に見えます。表情の緊張感は中程度で、覚醒度はやや高めと判断しました。
../database/final_database/015/008.jpg,15,008.jpg,7,0.05,0.35,口が少し開いていて驚き・戸惑いに近い表情で、快・不快は中立に近いと判断しました。目線の動きと表情の緊張から、覚醒度はやや高めです。
../database/final_database/015/008.jpg,15,008.jpg,8,0.12,0.46,口が開いて目線も動いており、驚きや興味のような軽いポジティブ寄りの表情に見えます。一方で笑顔の強さは弱く、落ち着きよりはやや覚醒度が高い印象です。
../database/final_database/015/008.jpg,15,008.jpg,9,-0.12,0.52,口が開いて目線が泳いでおり、驚きや戸惑いが混じった表情に見えます。快よりはやや不快寄りだが、覚醒度は高めです。
../database/final_database/015/008.jpg,15,008.jpg,10,-0.15,0.55,口が開き目が見開かれ気味で驚き・戸惑いのような緊張感があり、やや不快寄りに見えます。表情の動きが大きく覚醒度は中〜高めです。
../database/final_database/015/009.jpg,15,009.jpg,1,0.05,0.35,口が少し開き目が見開かれており、驚きや戸惑いに近い表情に見えます。強い喜び・不快は読み取りにくい一方で覚醒度はやや高めです。
../database/final_database/015/009.jpg,15,009.jpg,2,0.15,0.55,口が少し開き目が見開かれており、驚きや興奮に近い覚醒度の高い表情に見えます。口角はわずかに上がっているため不快よりはやや快寄りと判断しました。
../database/final_database/015/009.jpg,15,009.jpg,3,0.25,0.45,口が少し開いて目が見開かれており、驚きや興味のような覚醒度が中程度に感じられます。一方で口角の上がりは強くなく、快の度合いはややプラス程度と判断しました。
../database/final_database/015/009.jpg,15,009.jpg,4,0.12,0.48,口が少し開いて目が見開かれており、驚きや緊張を感じる表情です。一方で口角がわずかに上がっているため強い不快ではなく、快・不快はほぼ中立寄りと判断しました。
../database/final_database/015/009.jpg,15,009.jpg,5,-0.12,0.48,目が大きく見開かれ口が開いており、驚きや緊張を感じさせる表情です。笑顔の要素は弱く、やや不快寄りだが覚醒度は高めと判断しました。
../database/final_database/015/009.jpg,15,009.jpg,6,-0.05,0.45,口が半開きで目もやや見開いており、驚きや戸惑いに近い表情で覚醒度はやや高めです。一方で口角の上がりが弱く緊張感があるため快-不快は中立〜わずかに不快寄りと判断しました。
../database/final_database/015/009.jpg,15,009.jpg,7,0.12,0.46,口が少し開いて眉もわずかに上がっており、驚きや軽い興奮が感じられます。一方で笑顔の明確さは弱く、快・不快は中立寄りです。
../database/final_database/015/009.jpg,15,009.jpg,8,-0.12,0.48,口が開いて目も大きく、驚きや緊張を示す高めの覚醒状態に見えます。笑顔の快さは弱く、やや不安・戸惑い寄りのためvalenceはわずかに負にしました。
../database/final_database/015/009.jpg,15,009.jpg,9,0.12,0.48,口が少し開き目も見開き気味で、驚きや注意喚起のような覚醒度がやや高い表情に見えます。一方で笑顔の明確な上がりは弱く、快・不快は中立に近い軽い快寄りと判断しました。
../database/final_database/015/009.jpg,15,009.jpg,10,-0.2,0.35,口が開いて目が見開かれており、驚きや緊張を感じる表情です。笑顔の要素は弱く、不快寄りだが強い嫌悪ではないためvalenceはやや低め、覚醒度は中程度と判断しました。
../database/final_database/015/010.jpg,15,010.jpg,1,0.12,0.48,口角がやや上がり、全体として軽い快の表情に見えます。一方で目が見開き気味で緊張感もあり、覚醒度は中程度よりやや高めと判断しました。
../database/final_database/015/010.jpg,15,010.jpg,2,0.1,0.35,口角がやや上がり、表情は軽いポジティブさを示していますが、目元の緊張があり強い喜びではありません。視線が鋭く口が開いているため、覚醒度はやや高めと判断しました。
../database/final_database/015/010.jpg,15,010.jpg,3,0.12,0.46,口角がやや上がり目も開いており、軽いポジティブさが見られます。一方で表情の緊張感もあり、覚醒度はやや高めと判断しました。
../database/final_database/015/010.jpg,15,010.jpg,4,0.12,0.48,口角がやや上がり軽い微笑みに見える一方、目が大きく開いていて緊張や驚きの要素も感じられます。そのため快は弱めで、覚醒度は中程度と判断しました。
../database/final_database/015/010.jpg,15,010.jpg,5,0.18,0.32,口角がやや上がり、表情に軽いポジティブさが見られる一方、目元の緊張があり強い快ではありません。口が開いて活動性が感じられるため覚醒度はやや高めです。
../database/final_database/015/010.jpg,15,010.jpg,6,0.15,0.35,口角がやや上がり、表情は軽くポジティブ寄りに見えます。一方で目元の緊張と開きがあり、興奮・覚醒度は中程度と判断しました。
../database/final_database/015/010.jpg,15,010.jpg,7,0.12,0.38,口角がやや上がり表情は軽くポジティブに見える一方、目の見開きと緊張感があり落ち着きは高くありません。全体として軽い快と中程度の覚醒です。
../database/final_database/015/010.jpg,15,010.jpg,8,0.1,0.5,口角がやや上がり、全体として軽い快の表情に見えます。一方で目の見開きがあり緊張感も感じるため、覚醒度は中程度に高めです。
../database/final_database/015/010.jpg,15,010.jpg,9,0.18,0.52,口角がわずかに上がり笑いに近い表情で、全体としてやや快方向です。一方で目が見開き気味で緊張感があり、覚醒度は中程度に高いと判断しました。
../database/final_database/015/010.jpg,15,010.jpg,10,0.3,0.4,口元が軽く上がり、表情全体はややポジティブに見えます。一方で目の開きがやや強く緊張感もあるため、覚醒度は中程度と判断しました。
../database/final_database/016/003.jpg,16,003.jpg,1,-0.35,0.2,眉が寄り、口角が下がってやや苦痛・不快そうな表情に見えるためvalenceは低めです。一方で目の開きや表情の強さは中程度で、arousalはやや低～中程度と判断しました。
../database/final_database/016/003.jpg,16,003.jpg,2,-0.35,0.25,眉が寄り気味で口元が緊張しており、不快・困惑の要素が見られます。一方で表情の強度は中程度で、興奮よりはやや覚醒している程度に留まります。
../database/final_database/016/003.jpg,16,003.jpg,3,-0.35,0.25,眉が寄り、口角が下がっていて不快・戸惑い寄りの表情に見えるためvalenceは低めです。一方で目の開きは極端ではなく、緊張はあるが強い興奮ではないためarousalはやや正にしました。
../database/final_database/016/003.jpg,16,003.jpg,4,-0.28,0.22,眉が寄り気味で口元も緊張しており、やや不快・不安寄りの表情に見えます。一方で表情の強度は中程度で、覚醒度はやや高め程度です。
../database/final_database/016/003.jpg,16,003.jpg,5,-0.45,0.35,眉が寄り気味で口元も緊張しており、不快・不安寄りの表情に見えます。一方で目は開いていて表情の力もあるため、覚醒度はやや高めです。
../database/final_database/016/003.jpg,16,003.jpg,6,-0.38,0.22,眉が寄り、目がやや細く口角が下がり気味で不快・困惑の表情に見えるためvalenceは負寄り。表情の強さは中程度で、緊張はあるが激しい興奮ではないためarousalはやや正寄り。
../database/final_database/016/003.jpg,16,003.jpg,7,-0.32,0.28,眉が寄り、口角が下がってやや不快・困惑の表情に見えます。一方で目は開いており緊張感があるため、覚醒度はやや高めと判断しました。
../database/final_database/016/003.jpg,16,003.jpg,8,-0.35,0.25,口角が下がり気味で眉間にわずかな緊張があり、不快寄りに見えます。一方で目の開きや顔全体の力みは強すぎず、覚醒度はやや低〜中程度です。
../database/final_database/016/003.jpg,16,003.jpg,9,-0.48,0.22,口角が下がり気味で眉間にも緊張が見られ、不快寄りの表情です。一方で表情の動きは強すぎず、覚醒度はやや低〜中程度と判断しました。
../database/final_database/016/003.jpg,16,003.jpg,10,-0.34,0.28,眉間に軽いしわが寄り、口角が下がり気味で不快・困惑寄りの表情に見えます。一方で目の開きや表情の緊張は強すぎず、覚醒度は中程度と判断しました。
../database/final_database/016/004.jpg,16,004.jpg,1,-0.55,0.65,眉が寄り、口が半開きで緊張や不快感が見られるためvalenceは低めです。一方で表情のこわばりが強く、反応性が高そうなのでarousalは高めにしました。
../database/final_database/016/004.jpg,16,004.jpg,2,-0.55,0.45,眉が寄り、目が細まり、口が半開きで緊張や不快感が見られるためvalenceは低めです。一方で表情筋の緊張と口の開きから一定の覚醒度が感じられるためarousalはやや高めです。
../database/final_database/016/004.jpg,16,004.jpg,3,-0.42,0.46,眉が寄り、目が細まり、口が半開きで緊張感があり不快寄りの表情に見えます。表情筋の収縮が強く、困惑・不安のような覚醒度は中程度に高いと判断しました。
../database/final_database/016/004.jpg,16,004.jpg,4,-0.55,0.45,眉間にしわが寄り口が開いて歯が見えており、不快・困惑や痛みのようなネガティブ感情が強い表情です。一方で表情筋の緊張があり、覚醒度はやや高めと判断しました。
../database/final_database/016/004.jpg,16,004.jpg,5,-0.47,0.54,眉が中央に寄って上がり、口が半開きで緊張感があり、不快・不安寄りの表情に見えます。目の開きと表情筋の強さから覚醒度はやや高めと判断しました。
../database/final_database/016/004.jpg,16,004.jpg,6,-0.55,0.62,眉が強く寄り、口が半開きで緊張した表情のため不快寄り（valence低め）に見えます。表情筋の収縮が強く、驚き・不安のような覚醒度が高い状態に見えるためarousalは高めです。
../database/final_database/016/004.jpg,16,004.jpg,7,-0.55,0.52,眉が寄っていて目が細まり、口元も緊張しているため不快寄りの感情が示唆されます。一方で表情の緊張感があり、覚醒度はやや高めに見えます。
../database/final_database/016/004.jpg,16,004.jpg,8,-0.58,0.52,眉が強く寄り、目も細めで口が開いて緊張した表情のため不快寄りと判断しました。筋緊張と表情の強さから覚醒度は中程度に高いと推定しました。
../database/final_database/016/004.jpg,16,004.jpg,9,-0.55,0.4,眉が寄り、口が半開きで緊張や不快感がうかがえるためvalenceは低め。表情のこわばりはあるが激しい興奮ではないのでarousalは中程度。
../database/final_database/016/004.jpg,16,004.jpg,10,-0.62,0.48,眉が寄り、目が細まり、口が半開きで歯が見えるなど不快・苦痛の表情に見えます。一方で表情の緊張があり反応も強めなので覚醒度は中程度に高いと判断しました。
../database/final_database/016/005.jpg,16,005.jpg,1,-0.62,0.55,目が見開かれ眉が上がり、口元も緊張していて驚きや不快・警戒の表情に見えます。緊張感が強く覚醒度は高めですが、快の要素は少ないためvalenceは負寄りです。
../database/final_database/016/005.jpg,16,005.jpg,2,-0.65,0.55,眉が上がり目を見開いて口元が引きつっており、恐怖や嫌悪を示す表情に見えるため不快寄りです。表情の緊張が強く、覚醒度もやや高めと判断しました。
../database/final_database/016/005.jpg,16,005.jpg,3,-0.62,0.74,目が大きく見開かれ眉が上がり、口元も緊張しており恐怖・嫌悪に近い不快な表情です。驚きや警戒が強く、覚醒度は高いと判断しました。
../database/final_database/016/005.jpg,16,005.jpg,4,-0.52,0.62,目が見開かれ眉が上がり、口元が緊張しており不快・警戒（恐怖/嫌悪）寄りに見えるためvalenceは低めです。表情の緊張と驚きが強く覚醒度は高めと判断しました。
../database/final_database/016/005.jpg,16,005.jpg,5,-0.58,0.63,目を見開き眉が上がって口角が下がり気味で、驚きや不安・嫌悪に近い不快寄りの表情です。緊張感が強く覚醒度も高めに見えます。
../database/final_database/016/005.jpg,16,005.jpg,6,-0.62,0.58,眉が上がり目を見開き、口元もこわばっていて不快・不安や嫌悪の表情に見えます。緊張感が強く、覚醒度は高めです。
../database/final_database/016/005.jpg,16,005.jpg,7,-0.62,0.74,目が見開かれ眉が上がり、口元も強張っているため驚き・恐怖のような不快寄りの感情が強いと判断しました。表情の緊張と警戒感が高く、覚醒度も高めです。
../database/final_database/016/005.jpg,16,005.jpg,8,-0.62,0.71,眉が上がり目が見開かれており、口元も緊張しているため恐怖・不快寄りの表情に見える。覚醒度は高く、驚きや警戒による高い緊張が示唆される。
../database/final_database/016/005.jpg,16,005.jpg,9,-0.62,0.64,口角が下がり歯を見せる緊張した表情で、目も見開いており不快・警戒の感情が強いと判断しました。驚きや恐れによる覚醒度は高めです。
../database/final_database/016/005.jpg,16,005.jpg,10,-0.72,0.68,眉が上がり目が見開かれて口角が下がっており、不快・恐怖/嫌悪寄りの表情に見えます。緊張感が強く覚醒度も高いと判断しました。
../database/final_database/016/006.jpg,16,006.jpg,1,-0.48,0.62,眉が強くひそまり目が見開かれ、口が開いて歯が見える緊張した表情で、不快寄りの情動が示唆されます。驚き・警戒のような高い活性度が感じられるためarousalは高めです。
../database/final_database/016/006.jpg,16,006.jpg,2,-0.55,0.62,眉が強くひそまり目が見開かれ、口が緊張して開いているため不快寄りの感情が示唆されます。表情の強さと緊張感から覚醒度は高めと判断しました。
../database/final_database/016/006.jpg,16,006.jpg,3,-0.62,0.67,眉が寄り目が見開かれ、口が緊張して開いているため不快・警戒（恐れ/怒り）寄りの表情です。表情筋の緊張が強く動きも大きいので覚醒度は高めと判断しました。
../database/final_database/016/006.jpg,16,006.jpg,4,-0.55,0.62,眉が寄り、口が半開きで緊張や不快感が強く見えるためvalenceは低めです。目が大きく開き表情の強度が高いのでarousalは高めです。
../database/final_database/016/006.jpg,16,006.jpg,5,-0.58,0.62,眉が強く寄り、口が開いて歯が見えており、不快感や恐怖・怒りに近い表情に見えます。目も見開き気味で緊張が強く、覚醒度は高めと判断しました。
../database/final_database/016/006.jpg,16,006.jpg,6,-0.55,0.6,眉が強くひそまり目が見開かれ、口も緊張して開いており、不快・警戒（怒り/恐怖）寄りの表情に見えます。表情筋の緊張が強く、覚醒度は高めと判断しました。
../database/final_database/016/006.jpg,16,006.jpg,7,-0.62,0.67,眉が強く寄り、口が開いて歯が見えるなど緊張・不快を示す表情に見えます。目も見開き気味で動揺や警戒があり、覚醒度は高めと判断しました。
../database/final_database/016/006.jpg,16,006.jpg,8,-0.58,0.63,眉が強く寄り、目が見開かれて口が緊張しており、不快・恐怖や怒り寄りの表情に見えます。表情の筋緊張が強く覚醒度は高めです。
../database/final_database/016/006.jpg,16,006.jpg,9,-0.55,0.65,眉が強く寄って目が見開かれ、口元も緊張しており、不快・警戒（怒り/恐れ寄り）の表情に見えます。緊張感が高く、覚醒度も高めです。
../database/final_database/016/006.jpg,16,006.jpg,10,-0.52,0.67,眉が強くひそまり目が見開かれており、口元も緊張しているため不快寄りの感情が示唆されます。表情の張りと驚き・怒りの要素があり覚醒度は高めです。
../database/final_database/016/007.jpg,16,007.jpg,1,-0.42,0.48,眉が寄り、口角が下がって不快・不安そうな表情に見えます。一方で目が見開き気味で緊張感があり、覚醒度はやや高めです。
../database/final_database/016/007.jpg,16,007.jpg,2,-0.45,0.35,眉が中央に寄り、口角が下がって不安・不快寄りの表情に見えます。一方で目は開いており緊張感があるため、覚醒度はやや高めと判断しました。
../database/final_database/016/007.jpg,16,007.jpg,3,-0.45,0.55,眉が中央に寄って上がり、口角が下がって口が半開きで不快・不安そうな表情に見えます。表情の緊張感があり落ち着きよりも覚醒度がやや高いと判断しました。
../database/final_database/016/007.jpg,16,007.jpg,4,-0.42,0.35,眉が寄り、口角が下がり気味で不快・不安の表情に見えるためvalenceは低めです。一方で目が開き気味で緊張感があり、arousalはやや高めと判断しました。
../database/final_database/016/007.jpg,16,007.jpg,5,-0.55,0.35,眉が中央に寄って上がり、口角も下がり気味で不快・不安そうな表情に見えます。一方で目は開いており緊張感があるため、覚醒度はやや高めと判断しました。
../database/final_database/016/007.jpg,16,007.jpg,6,-0.45,0.35,眉が寄って口角が下がり、困惑や不快感が強い表情に見えます。一方で目が開き気味で口も開いており、ある程度の緊張・覚醒が感じられます。
../database/final_database/016/007.jpg,16,007.jpg,7,-0.45,0.35,眉が寄り、口角が下がり気味で不快・不安の表情に見えるためvalenceは負寄りです。一方で目が開き口も開いており緊張感があるためarousalはやや高めと判断しました。
../database/final_database/016/007.jpg,16,007.jpg,8,-0.58,0.46,眉が寄り、口角が下がって半開きで不快・不安の表情に見えます。目が開いて緊張感があり、覚醒度はやや高めと判断しました。
../database/final_database/016/007.jpg,16,007.jpg,9,-0.55,0.35,眉が中央に寄り、口角が下がり気味で不快・困惑の表情に見えるためvalenceは低めです。一方で目が開き気味で表情筋の緊張があり、軽い覚醒状態と判断しました。
../database/final_database/016/007.jpg,16,007.jpg,10,-0.48,0.42,眉が寄り、口角が下がって口が半開きで、不快・困惑や不安の表情に見えます。一方で表情筋の緊張があり、落ち着いた無表情より覚醒度はやや高いです。
../database/final_database/016/008.jpg,16,008.jpg,1,-0.62,0.58,眉が強く寄り、口が開いて歯が見えるなど不快・怒り/恐怖寄りの表情に見えるためvalenceは低めです。一方で目が見開かれ表情筋の緊張が強く、覚醒度は高めと判断しました。
../database/final_database/016/008.jpg,16,008.jpg,2,-0.62,0.72,眉が寄り、口が開いて歯が見えるなど不快・怒り/恐怖寄りの表情に見えます。目の見開きと口の緊張から覚醒度も高めです。
../database/final_database/016/008.jpg,16,008.jpg,3,-0.62,0.73,眉が寄り、目が見開き気味で口も緊張して開いており、不快・嫌悪や不安の表情に見えます。表情の緊張が強く、覚醒度も高いと判断しました。
../database/final_database/016/008.jpg,16,008.jpg,4,-0.62,0.58,眉が強く寄り、口が開いて歯が見えるなど不快・怒り/嫌悪寄りの表情です。目も見開き気味で緊張感があり覚醒度は高めと判断しました。
../database/final_database/016/008.jpg,16,008.jpg,5,-0.62,0.55,眉が寄り、口が開いて歯が見えるなど不快・怒り/不安寄りの表情に見えます。目が見開かれ筋緊張が強く、覚醒度もやや高いと判断しました。
../database/final_database/016/008.jpg,16,008.jpg,6,-0.62,0.58,眉が寄って目が見開かれ、口が緊張して開いており、不快・怒りや恐怖寄りの表情に見えるためvalenceは低めです。表情筋の緊張と覚醒感が強く、arousalは高めと判断しました。
../database/final_database/016/008.jpg,16,008.jpg,7,-0.62,0.68,眉が強く寄り、口が半開きで歯が見えるなど不快・怒り/恐怖寄りの表情に見えます。目の見開きと顔全体の緊張から覚醒度も高めです。
../database/final_database/016/008.jpg,16,008.jpg,8,-0.62,0.71,眉が寄り、目が見開かれ、口が緊張して開いており不快・怒り/恐怖寄りの表情に見えます。表情筋の緊張が強く、覚醒度も高いと判断しました。
../database/final_database/016/008.jpg,16,008.jpg,9,-0.62,0.55,眉が寄り、口が開いて歯が見えるなど緊張・不快の表情が強いためvalenceは低めです。一方で目が大きく開き顔の筋緊張も高く、覚醒度は中〜高と判断しました。
../database/final_database/016/008.jpg,16,008.jpg,10,-0.62,0.58,眉が寄り、口が開いて歯が見えるなど怒り・不快の表情が強く出ています。一方で目が見開かれ緊張感があり覚醒度も高めです。
../database/final_database/016/009.jpg,16,009.jpg,1,-0.62,0.68,眉が強く寄り、口元も緊張しており不快・怒り/苛立ち寄りの表情に見えます。目の見開きと筋緊張があり覚醒度は高めです。
../database/final_database/016/009.jpg,16,009.jpg,2,-0.62,0.55,眉が強く寄り、目が見開かれて口元も緊張しており、不快・怒り/苛立ち寄りの表情に見えます。緊張感が高く覚醒度も高めです。
../database/final_database/016/009.jpg,16,009.jpg,3,-0.62,0.72,眉間に強いしわが寄り、口元も緊張しており不快・怒り/苛立ち寄りの表情に見えます。目の見開きと筋緊張が強く、覚醒度も高めです。
../database/final_database/016/009.jpg,16,009.jpg,4,-0.62,0.55,眉が強く寄り、口が開いて歯が見えるなど怒り・嫌悪に近い不快表情が見られます。一方で目の開きや表情筋の緊張が強く、覚醒度も高めです。
../database/final_database/016/009.jpg,16,009.jpg,5,-0.62,0.74,眉が強く寄り、口が開いて緊張した表情で、不快・怒り/不満の感情が強く出ています。表情の強度が高く、覚醒度も高いと判断しました。
../database/final_database/016/009.jpg,16,009.jpg,6,-0.62,0.58,眉が強く寄り、口が開いて歯が見えるなど怒り・苛立ちの表情で不快寄りです。目の開きと表情筋の緊張が強く、覚醒度も高めと判断しました。
../database/final_database/016/009.jpg,16,009.jpg,7,-0.62,0.58,眉間にしわが寄り、口元も緊張していて不快・怒り/苛立ち寄りの表情に見えます。目も見開き気味で緊張感があり覚醒度は高めです。
../database/final_database/016/009.jpg,16,009.jpg,8,-0.62,0.58,眉間に強いしわが寄り、口元も緊張していて不快・怒り/嫌悪寄りの表情に見えるためvalenceは低めです。一方で目の見開きと筋緊張が強く、覚醒度は中〜高程度と判断しました。
../database/final_database/016/009.jpg,16,009.jpg,9,-0.62,0.71,眉が強くしかめられ口が開いて歯が見え、怒りや不快感が強い表情に見えます。緊張感が高く覚醒度も高いと判断しました。
../database/final_database/016/009.jpg,16,009.jpg,10,-0.62,0.74,眉間にしわが寄り口が緊張しており、不快・怒りや不満の表情に見えます。目の開きと顔の緊張が強く、覚醒度は高めです。
../database/final_database/016/010.jpg,16,010.jpg,1,-0.52,0.47,眉が寄り、口角が下がってやや不快・困惑の表情に見えるためvalenceは負に寄せました。一方で目の見開きと口の緊張があり、覚醒度は中程度に高いと判断しました。
../database/final_database/016/010.jpg,16,010.jpg,2,-0.35,0.55,眉間にしわが寄り、口が緊張して半開きで不快・不安そうな表情に見えます。一方で表情筋の緊張が強く、警戒や動揺を示す程度の覚醒が感じられます。
../database/final_database/016/010.jpg,16,010.jpg,3,-0.35,0.55,眉が寄り目が細く、口が半開きで緊張や不快感が見られるためvalenceは負寄りです。一方で表情のこわばりが強く覚醒度は中程度に高いと判断します。
../database/final_database/016/010.jpg,16,010.jpg,4,-0.35,0.45,眉が寄って目が細まり、口が不自然に開いていて不快・困惑の表情に見えるためvalenceはややマイナス。表情の緊張感はある一方で激しい興奮ではないのでarousalは中程度のプラス。
../database/final_database/016/010.jpg,16,010.jpg,5,-0.35,0.55,眉が寄り、口がやや開いて緊張・不快感が見られるためvalenceは低めです。一方で表情筋の緊張が強く、驚きや不安に近い覚醒があるためarousalは中程度に高いと判断しました。
../database/final_database/016/010.jpg,16,010.jpg,6,-0.32,0.41,眉が寄り、口元が緊張して不快・困惑の表情に見えます。一方で目や口の開きがあり、ある程度の覚醒（緊張・警戒）が感じられます。
../database/final_database/016/010.jpg,16,010.jpg,7,-0.35,0.4,眉間にしわが寄り口が緊張しており、不快・困惑の表情に見えます。一方で目が開き顔の筋緊張もあるため、覚醒度はやや高めと判断します。
../database/final_database/016/010.jpg,16,010.jpg,8,-0.45,0.35,眉が寄り、口が少し開いて緊張や不快感が見られるためvalenceは低めです。一方で表情のこわばりから一定の覚醒（緊張）が感じられるためarousalはやや高めです。
../database/final_database/016/010.jpg,16,010.jpg,9,-0.38,0.42,眉が寄り、口が少し開いて緊張や不快感が見られるためvalenceは低めです。一方で表情筋の緊張があり警戒・困惑のような覚醒が感じられるためarousalはやや高めです。
../database/final_database/016/010.jpg,16,010.jpg,10,-0.45,0.35,眉間にしわが寄り口角が下がり気味で、不快・困惑の感情が強く見えます。一方で目が開き口が少し開いており、緊張による軽い覚醒が感じられます。
../database/final_database/017/001.jpg,17,001.jpg,1,-0.35,0.55,眉が強く寄り、目が見開かれ気味で口元も緊張しており、不安・困惑や警戒の表情に見えます。快より不快寄りで、緊張による覚醒度はやや高めです。
../database/final_database/017/001.jpg,17,001.jpg,2,-0.45,0.55,眉が寄っていて口元も緊張しており、不安・不快寄りの表情に見えます。目が開き気味で表情筋の緊張が強く、覚醒度はやや高めと判断しました。
../database/final_database/017/001.jpg,17,001.jpg,3,-0.42,0.51,眉が寄って口元も緊張しており、不快・困惑の表情に見えます。目が大きく開き顔全体に緊張があるため覚醒度はやや高めです。
../database/final_database/017/001.jpg,17,001.jpg,4,-0.42,0.55,眉が寄り、口元が緊張して不安・不快寄りの表情に見えるためvalenceは低めです。一方で目が見開き気味で緊張感があり、覚醒度はやや高めと判断しました。
../database/final_database/017/001.jpg,17,001.jpg,5,-0.42,0.47,眉が寄って目が見開かれ、口元も緊張しており不快・不安寄りの表情に見えます。驚きや警戒の要素があり覚醒度はやや高めです。
../database/final_database/017/001.jpg,17,001.jpg,6,-0.58,0.46,眉が寄り、口元がこわばっていて不快・不安寄りの感情が示唆されます。一方で目が大きく開き緊張感があり、覚醒度はやや高めと判断しました。
../database/final_database/017/001.jpg,17,001.jpg,7,-0.35,0.45,眉が寄り、口角が下がっていて不安・困惑のような不快寄りの表情に見えます。一方で目が見開かれ緊張感があり、覚醒度はやや高めです。
../database/final_database/017/001.jpg,17,001.jpg,8,-0.55,0.45,眉が寄って口元も緊張しており、不快・不安寄りの表情に見えます。目は見開き気味で緊張感があり、覚醒度はやや高めと判断しました。
../database/final_database/017/001.jpg,17,001.jpg,9,-0.42,0.58,眉が寄って口元も緊張しており、不快・不安や警戒の表情に見えます。目が見開かれ気味で筋緊張もあるため覚醒度は高めです。
../database/final_database/017/001.jpg,17,001.jpg,10,-0.32,0.52,眉が寄り口元が緊張しており、不安・困惑などの不快寄りの表情に見えます。目の開きと表情筋の緊張から覚醒度はやや高めです。
../database/final_database/017/002.jpg,17,002.jpg,1,-0.52,0.48,眉が寄って目が細く、口元も緊張しており不快・痛みや困惑に近い表情に見えます。表情の強さは中程度で、覚醒度もやや高めと判断しました。
../database/final_database/017/002.jpg,17,002.jpg,2,-0.52,0.36,眉が寄り、口角が下がって半開きで不快・困惑の表情に見えます。目も細めで緊張感があり、覚醒度は中程度と判断しました。
../database/final_database/017/002.jpg,17,002.jpg,3,-0.45,0.35,眉が寄って目が細く、口が少し開いて不快そうな緊張が見られるためvalenceは低めです。一方で表情筋の緊張と困惑・嫌悪の反応から覚醒度はやや高めと判断しました。
../database/final_database/017/002.jpg,17,002.jpg,4,-0.55,0.45,眉が中央に寄って持ち上がり、口が開いて緊張した形で、不快・苦痛や不安の表情に見えます。一方で目や口周りに力が入っており、覚醒度はやや高めです。
../database/final_database/017/002.jpg,17,002.jpg,5,-0.55,0.6,眉が寄り、目が細まり、口元も引きつって見えるため不快寄りの感情が強いです。表情の緊張感が高く、反応も強そうなので覚醒度はやや高めと判断しました。
../database/final_database/017/002.jpg,17,002.jpg,6,-0.55,0.52,眉が寄って目が細まり、口が開いて歯が見えるなど不快・苦痛寄りの表情に見えます。一方で顔の緊張と口の開きから覚醒度は中程度以上と判断しました。
../database/final_database/017/002.jpg,17,002.jpg,7,-0.62,0.48,眉が強くしかめられ、口元も緊張していて不快・苦痛寄りの表情に見えます。一方で目や口周りに力が入っており、覚醒度は中程度に高いと判断しました。
../database/final_database/017/002.jpg,17,002.jpg,8,-0.65,0.55,眉が寄り、口角が下がって口が半開きで緊張や不快感が強く見えます。表情の強度があり落ち着きよりも動揺・警戒の覚醒が感じられます。
../database/final_database/017/002.jpg,17,002.jpg,9,-0.55,0.35,眉が寄り目が細く、口元も緊張しており不快・困惑寄りの表情に見えます。一方で強い興奮というよりは中程度の緊張・覚醒に留まっています。
../database/final_database/017/002.jpg,17,002.jpg,10,-0.55,0.35,眉が寄り、目が細く、口が半開きで緊張や不快感が見られます。一方で表情の強度は中程度で、強い興奮というよりはやや覚醒した状態に見えます。
../database/final_database/017/003.jpg,17,003.jpg,1,-0.58,0.62,眉が強く寄り、口元も緊張していて怒り・不快感が強い表情に見えます。目も見開き気味で緊張感があり覚醒度は高めです。
../database/final_database/017/003.jpg,17,003.jpg,2,-0.58,0.63,眉が強く寄り、口元も緊張していて不快・怒り/苛立ち寄りの表情に見えます。目の見開きと表情筋の強い収縮から覚醒度も高めと判断しました。
../database/final_database/017/003.jpg,17,003.jpg,3,-0.62,0.58,眉が寄り、口が緊張して開いており、怒りや不快感が強い表情に見えます。目も見開き気味で緊張感があり覚醒度は高めです。
../database/final_database/017/003.jpg,17,003.jpg,4,-0.62,0.58,眉間に強いしわが寄り、目が見開かれて口角が下がっているため不快寄りの感情に見えます。表情の緊張感が強く、覚醒度も高めと判断しました。
../database/final_database/017/003.jpg,17,003.jpg,5,-0.62,0.58,眉が強く寄り、口元も緊張していて不快・怒り/苛立ちに近い表情です。目の開きと筋緊張があり、覚醒度は中程度以上と判断しました。
../database/final_database/017/003.jpg,17,003.jpg,6,-0.55,0.6,眉が強く寄り目も見開かれており、口元も緊張していて怒り・不快感が強い表情に見えます。表情筋の緊張が高く、覚醒度も高めです。
../database/final_database/017/003.jpg,17,003.jpg,7,-0.62,0.58,眉を強くひそめて口角が下がり、怒り・不快感が強い表情に見えるためvalenceは低めです。目の見開きと表情筋の緊張があり、覚醒度は高めと判断しました。
../database/final_database/017/003.jpg,17,003.jpg,8,-0.56,0.62,眉間にしわを寄せ口角が下がっており、不快・怒り/不満寄りの表情に見えます。目も見開き気味で緊張感があり覚醒度は高めです。
../database/final_database/017/003.jpg,17,003.jpg,9,-0.62,0.55,眉を強く寄せ、口元も緊張しており不快・怒りや不満の表情に見えます。目が見開き気味で表情の緊張が強く、覚醒度も高めです。
../database/final_database/017/003.jpg,17,003.jpg,10,-0.58,0.62,眉が強くしかめられ、口も緊張して開いており、不快感や怒り・不満が強く出ています。表情の緊張と目の見開きから覚醒度も高めです。
../database/final_database/017/004.jpg,17,004.jpg,1,-0.46,0.31,眉が中央に寄って上がり、口角も下がり気味で不快・不安寄りの表情に見えます。一方で目は開いており緊張感があるため、覚醒度はやや高めと判断しました。
../database/final_database/017/004.jpg,17,004.jpg,2,-0.35,0.45,眉が寄って目がやや見開かれ、口元も緊張しており不安・困惑の表情に見えます。感情の強さは中程度で、落ち着きよりもやや覚醒寄りです。
../database/final_database/017/004.jpg,17,004.jpg,3,-0.47,0.32,眉が中央に寄って上がり、口元も緊張しており、不安や不快寄りの表情に見えます。目は見開き気味で緊張感があるため、覚醒度はやや高めと判断しました。
../database/final_database/017/004.jpg,17,004.jpg,4,-0.48,0.32,眉が寄り、口角が下がり気味で不快・不安の表情に見えるためvalenceは低めです。一方で目が開き緊張感があるのでarousalはやや高めと判断しました。
../database/final_database/017/004.jpg,17,004.jpg,5,-0.42,0.36,眉が中央に寄り上がり、口角が下がって緊張した表情で不快寄りに見えます。目も見開き気味で、軽い驚きや不安があり覚醒度はやや高めです。
../database/final_database/017/004.jpg,17,004.jpg,6,-0.48,0.42,眉が中央に寄って上がり、口元が引き締まっていて不安・困惑の表情に見えます。感情価はやや不快寄りで、緊張感があるため覚醒度は中程度に高めと判断しました。
../database/final_database/017/004.jpg,17,004.jpg,7,-0.32,0.41,眉が中央に寄って上がり、口角がやや下がっていて不安・困惑の表情に見えます。目も見開き気味で緊張があり、覚醒度はやや高めと判断しました。
../database/final_database/017/004.jpg,17,004.jpg,8,-0.45,0.35,眉が寄り、口角が下がっており不快・不安寄りの表情に見えます。目は開いていて緊張感があり、覚醒度はやや高めと判断しました。
../database/final_database/017/004.jpg,17,004.jpg,9,-0.35,0.45,眉が寄り気味で口角も下がっており、不安・不快寄りの表情に見えます。目は開いていて表情の緊張もあるため、覚醒度はやや高めと判断しました。
../database/final_database/017/004.jpg,17,004.jpg,10,-0.42,0.35,眉が中央に寄って上がり、口元が緊張しているため不安・困惑などの不快寄りの感情が示唆されます。目は開いており表情筋の緊張もあるため、覚醒度はやや高めと判断しました。
../database/final_database/017/005.jpg,17,005.jpg,1,-0.38,0.47,眉をひそめ口元も緊張しており、不快・困惑寄りの表情に見えます。視線が定まらず表情筋の緊張があるため、覚醒度はやや高めと判断しました。
../database/final_database/017/005.jpg,17,005.jpg,2,-0.32,0.41,眉が寄り、口元も緊張していて不快・困惑の表情に見えます。一方で視線や表情のこわばりから覚醒度はやや高めと判断しました。
../database/final_database/017/005.jpg,17,005.jpg,3,-0.32,0.28,眉が寄り口元が緊張しており、不快・困惑寄りの表情に見えます。視線が逸れて警戒や戸惑いがあり、覚醒度は中程度と判断しました。
../database/final_database/017/005.jpg,17,005.jpg,4,-0.38,0.42,眉が寄り、口元も緊張していて不快・警戒の表情に見えます。一方で視線や口の動きから落ち着きよりはやや覚醒度が高い印象です。
../database/final_database/017/005.jpg,17,005.jpg,5,-0.35,0.45,眉間にしわが寄り口元も緊張しており、不快・困惑のニュアンスが強いです。一方で表情筋の緊張が見られるため覚醒度はやや高めと判断しました。
../database/final_database/017/005.jpg,17,005.jpg,6,-0.34,0.41,眉がひそまり口元が緊張していて、不快・不安寄りの表情に見えます。一方で視線や表情筋の緊張があり、覚醒度はやや高めと判断しました。
../database/final_database/017/005.jpg,17,005.jpg,7,-0.32,0.41,眉が寄って口角が下がり、軽い嫌悪・不快感が見られます。一方で目や口周りの緊張があり、落ち着いた状態よりはやや覚醒度が高いと判断しました。
../database/final_database/017/005.jpg,17,005.jpg,8,-0.42,0.38,眉が寄り、口元も緊張していて不快・困惑のニュアンスが強いです。一方で目は開いており表情の緊張もあるため、覚醒度はやや高めと判断しました。
../database/final_database/017/005.jpg,17,005.jpg,9,-0.42,0.35,眉が寄り、口元が引きつった不快・困惑の表情に見えるためvalenceは低めです。一方で目や口周りに緊張があり、反応性は中程度に感じられるためarousalはやや高めです。
../database/final_database/017/005.jpg,17,005.jpg,10,-0.32,0.41,眉が寄り、口元も緊張していて不快・困惑の表情に見えるためvalenceは低めです。一方で視線や表情筋の緊張があり、覚醒度はやや高めと判断しました。
../database/final_database/017/006.jpg,17,006.jpg,1,-0.12,0.24,眉間にしわが寄り、口元も緊張していてやや不快寄りに見えます。一方で表情の動きは強すぎず、覚醒度は中程度と判断しました。
../database/final_database/017/006.jpg,17,006.jpg,2,-0.35,0.25,眉間にしわが寄り、口元も引きつっていて不快・困惑寄りの表情に見えます。一方で目は開いており緊張感はあるため、覚醒度はやや高めと判断しました。
../database/final_database/017/006.jpg,17,006.jpg,3,-0.32,0.18,眉が寄り、目が細く口元も引きつって見えるため、不快寄りの表情です。一方で激しい興奮はなく、軽い緊張・不安程度の覚醒に留まります。
../database/final_database/017/006.jpg,17,006.jpg,4,-0.22,0.18,眉間にしわが寄り、目が細まり口元も緊張していて不快寄りの表情に見えます。一方で大きな驚きや高揚はなく、覚醒度はやや低〜中程度です。
../database/final_database/017/006.jpg,17,006.jpg,5,-0.22,0.25,眉が中央に寄り、口元がややこわばって見えるため不快寄りの印象です。一方で表情の強さは中程度で、緊張・警戒のような軽い覚醒が感じられます。
../database/final_database/017/006.jpg,17,006.jpg,6,-0.32,0.18,眉間にしわが寄り、口元も引きつっていて不快・困惑のニュアンスが強いです。一方で表情の激しさは強くなく、覚醒度はやや低〜中程度に見えます。
../database/final_database/017/006.jpg,17,006.jpg,7,-0.22,0.28,眉が寄り、目が細く口角もやや下がっていて不快寄りに見えます。一方で表情の強さは中程度で、緊張・警戒による軽い覚醒が感じられます。
../database/final_database/017/006.jpg,17,006.jpg,8,-0.35,0.25,眉が寄り、目が細く口元も緊張しており、不快・困惑寄りの表情に見えます。一方で大きな驚きや興奮はなく、覚醒度は中程度と判断しました。
../database/final_database/017/006.jpg,17,006.jpg,9,-0.25,0.2,眉が寄って目が細く、口元もやや緊張しており不快寄りに見えます。一方で表情の強さは中程度で、覚醒度はやや高めと判断しました。
../database/final_database/017/006.jpg,17,006.jpg,10,-0.28,0.22,眉が寄り気味で目も細く、口元も緊張しており不快寄りの表情に見えます。一方で大きな驚きや強い怒りではなく、覚醒度は中程度の低めと判断しました。
../database/final_database/017/007.jpg,17,007.jpg,1,-0.55,0.45,眉が寄り口角が下がっており、困惑・不快寄りの表情に見えます。一方で目の開きと口の緊張があり、覚醒度はやや高めです。
../database/final_database/017/007.jpg,17,007.jpg,2,-0.45,0.35,眉が寄り、口元が引きつっていて不快・困惑の表情が強いです。目の動きと表情筋の緊張があり、覚醒度はやや高めに見えます。
../database/final_database/017/007.jpg,17,007.jpg,3,-0.52,0.48,眉が寄って口角が下がり、歯を見せた不快・困惑の表情に見えます。視線の緊張と口元の強張りから覚醒度は中程度に高いと判断しました。
../database/final_database/017/007.jpg,17,007.jpg,4,-0.52,0.48,眉間にしわが寄り口角が下がり、口がこわばった表情で不快・不安が示唆されます。目も見開き気味で緊張感があり、覚醒度はやや高めと判断しました。
../database/final_database/017/007.jpg,17,007.jpg,5,-0.48,0.44,眉が寄り口角が下がって歯が見える緊張した表情で、不快・不安の方向に寄っています。目線が定まらず口元もこわばっており、覚醒度はやや高めと判断しました。
../database/final_database/017/007.jpg,17,007.jpg,6,-0.62,0.48,口角が下がり眉間に緊張が見られ、嫌悪や不快感が強い表情です。目線も落ち着かず口元がこわばっているため、覚醒度は中程度に高いと判断しました。
../database/final_database/017/007.jpg,17,007.jpg,7,-0.55,0.35,眉が寄って口角が下がり、やや不快・不安そうな表情に見えます。一方で目が見開かれ気味で緊張感があり、覚醒度は中程度と判断しました。
../database/final_database/017/007.jpg,17,007.jpg,8,-0.62,0.48,眉間にしわが寄り口元も緊張しており、不快・不安の表情に見えます。視線の泳ぎや口の開きから警戒や緊張があり、覚醒度はやや高めです。
../database/final_database/017/007.jpg,17,007.jpg,9,-0.62,0.38,眉が寄り、口元が引きつって見えるため不快・警戒の感情が強いです。一方で表情の緊張はあるものの極端な興奮状態ではなく、中程度の覚醒と判断しました。
../database/final_database/017/007.jpg,17,007.jpg,10,-0.62,0.54,眉が寄り、口がこわばっていて不快・不安の表情に見えます。視線が定まらず緊張感があり、覚醒度も中程度以上と判断しました。
../database/final_database/017/008.jpg,17,008.jpg,1,-0.35,0.3,眉が中央に寄って上がり、口元も緊張して半開きで、不快・不安寄りの表情に見えます。一方で強い興奮や笑顔ではなく、覚醒度は中程度です。
../database/final_database/017/008.jpg,17,008.jpg,2,-0.35,0.5,眉間にしわが寄り口元も緊張しており、不快・困惑寄りの表情に見えます。一方で目が開き表情筋の緊張が強いため覚醒度は中程度に高いと判断しました。
../database/final_database/017/008.jpg,17,008.jpg,3,-0.32,0.55,眉が寄って口元も緊張しており、不安や困惑などの不快寄りの感情が見られます。一方で目が開き気味で表情の動きも強く、覚醒度はやや高めです。
../database/final_database/017/008.jpg,17,008.jpg,4,-0.55,0.35,眉が寄って額にしわがあり、口元も緊張していて不快・困惑寄りの表情に見えます。一方で目は開いており筋緊張もあるため、覚醒度はやや高めと判断しました。
../database/final_database/017/008.jpg,17,008.jpg,5,-0.35,0.55,眉間にしわが寄り口元も緊張しており、不快・困惑の表情に見えます。目の開きと表情筋の緊張が強めで、覚醒度はやや高いと判断しました。
../database/final_database/017/008.jpg,17,008.jpg,6,-0.35,0.45,眉が寄っており口元も緊張して見えるため不快寄りの感情が示唆されます。一方で目が開いて表情の緊張が強く、覚醒度は中程度に高いと判断しました。
../database/final_database/017/008.jpg,17,008.jpg,7,-0.35,0.45,眉が寄り、口元が引きつっていて不快・困惑のサインが見られます。一方で目の開きと表情筋の緊張があり、覚醒度はやや高めです。
../database/final_database/017/008.jpg,17,008.jpg,8,-0.35,0.4,眉が寄り、口角が下がってやや不快・不安そうな表情に見えます。一方で目が開き気味で緊張感があり、覚醒度はやや高めです。
../database/final_database/017/008.jpg,17,008.jpg,9,-0.35,0.4,眉が寄り、口元も緊張して不快・困惑の表情に見えます。一方で目が見開き気味で緊張感があり、覚醒度はやや高めです。
../database/final_database/017/008.jpg,17,008.jpg,10,-0.38,0.42,眉が寄って額にしわがあり、口元も緊張していて不快・困惑寄りの表情に見えます。目も大きく開き気味で緊張感があり、覚醒度はやや高めです。
../database/final_database/017/009.jpg,17,009.jpg,1,-0.35,0.55,眉が寄り気味で口が開き緊張した表情のため、不快寄りの感情が示唆されます。目も見開き気味で表情筋の緊張があり、覚醒度はやや高めと判断しました。
../database/final_database/017/009.jpg,17,009.jpg,2,-0.35,0.25,口角が下がり気味で口が少し開き、眉間に緊張が見られるため不快寄りの印象です。一方で表情の動きは大きくなく、驚愕や強い怒りほどではないため覚醒度はやや低めに見積もりました。
../database/final_database/017/009.jpg,17,009.jpg,3,-0.42,0.48,口が半開きで口角が下がり、眉間に緊張が見られるため不快寄りの印象です。目の開きと表情筋の緊張から、覚醒度はやや高めと判断しました。
../database/final_database/017/009.jpg,17,009.jpg,4,-0.35,0.55,眉が寄り、口が少し開いて緊張や不安が見られるため不快寄りのvalenceと判断しました。目の見開きと表情筋のこわばりから覚醒度はやや高めです。
../database/final_database/017/009.jpg,17,009.jpg,5,-0.35,0.45,口が少し開いていて眉間が寄っており、不安・戸惑いのような不快寄りの表情に見えます。一方で目が開いて緊張感があるため、覚醒度はやや高めと判断しました。
../database/final_database/017/009.jpg,17,009.jpg,6,-0.42,0.58,眉が中央に寄り、口が開いて緊張した形で、快より不快寄りの表情に見えます。目も見開き気味で、驚き・不安のような覚醒度の高い状態が示唆されます。
../database/final_database/017/009.jpg,17,009.jpg,7,-0.35,0.45,口が半開きで口角が下がり、眉もやや寄っており不快・困惑寄りの表情に見えます。一方で目の開きが比較的大きく緊張感があるため覚醒度はやや高めと判断しました。
../database/final_database/017/009.jpg,17,009.jpg,8,-0.25,0.35,眉がやや寄り、口が半開きで緊張や不安を示す表情に見えるため快感情は低めです。一方で目が見開き気味で表情筋の緊張もあるため、覚醒度はやや高めと判断しました。
../database/final_database/017/009.jpg,17,009.jpg,9,-0.42,0.58,眉が内側に寄り、口が開いてやや緊張した表情で、不快・困惑が示唆されます。目の開きと口周りの力みから覚醒度は中程度以上と判断しました。
../database/final_database/017/009.jpg,17,009.jpg,10,-0.35,0.55,眉が寄り気味で口が開き、やや緊張・不安そうな表情に見えるため不快寄りです。目の開きと口元の動きから覚醒度は中程度に高いと判断しました。
../database/final_database/017/010.jpg,17,010.jpg,1,-0.56,0.48,眉が中央に寄って上がり、口が開いて緊張した形で、不快・不安寄りの表情に見えます。驚きや警戒の要素があり、覚醒度はやや高めと判断しました。
../database/final_database/017/010.jpg,17,010.jpg,2,-0.62,0.48,眉が中央に寄って上がり、口が半開きで緊張が見られるため不快寄りです。驚きや不安のような反応で覚醒度はやや高めです。
../database/final_database/017/010.jpg,17,010.jpg,3,-0.55,0.45,眉が寄って口が半開きで、困惑や不快感が強い表情に見えます。一方で表情筋の緊張があり、落ち着いた低覚醒ではなく中程度の覚醒が感じられます。
../database/final_database/017/010.jpg,17,010.jpg,4,-0.55,0.4,眉が寄って目が潤んだように見え、口角も下がり気味で不快・不安の表情に近いです。一方で口が開いて表情筋の緊張があり、覚醒度はやや高めと判断しました。
../database/final_database/017/010.jpg,17,010.jpg,5,-0.55,0.45,眉が寄り、口が半開きで緊張や不安を示す表情に見えるため不快寄りです。目の開きと表情筋の緊張があり、覚醒度はやや高めと判断しました。
../database/final_database/017/010.jpg,17,010.jpg,6,-0.55,0.35,眉が中央に寄り、口がわずかに開いて緊張感があり、不快・不安寄りの表情に見えます。一方で驚きや警戒のような適度な覚醒が感じられるためarousalはやや高めです。
../database/final_database/017/010.jpg,17,010.jpg,7,-0.55,0.45,眉が寄って口が半開きで緊張・不快そうな表情に見えるためvalenceは低めです。一方で顔の筋緊張があり注意・覚醒が感じられるためarousalはやや高めです。
../database/final_database/017/010.jpg,17,010.jpg,8,-0.55,0.48,眉が寄り、口が開いて不快そうで不安・恐れの表情に見えるためvalenceは低めです。目の開きと表情筋の緊張があり、覚醒度は中程度に高いと判断しました。
../database/final_database/017/010.jpg,17,010.jpg,9,-0.55,0.45,眉が寄り、口が半開きで緊張や不安が見られるため不快寄りの感情です。一方で表情筋の緊張があり、覚醒度は中程度と判断しました。
../database/final_database/017/010.jpg,17,010.jpg,10,-0.42,0.48,眉が中央に寄り、口が半開きで緊張や不安が感じられるため不快寄りのvalence。表情の強さと目の見開きから覚醒度は中程度に高いと判断しました。
../database/final_database/018/001.jpg,18,001.jpg,1,-0.58,0.42,眉が強く寄り、目が細く口元も緊張しており、不快・苛立ちや痛みの表情に見えます。表情の強さは中程度で、覚醒度はやや高めと判断しました。
../database/final_database/018/001.jpg,18,001.jpg,2,-0.62,0.48,眉が寄り目が細く、口元も緊張していて不快・嫌悪や怒り寄りの表情に見えます。一方で表情筋の収縮が強く、一定の覚醒（緊張・興奮）が感じられます。
../database/final_database/018/001.jpg,18,001.jpg,3,-0.62,0.34,眉が寄り目が細く、口元も緊張していて不快・嫌悪や不満に近い表情に見えます。一方で口が開き表情筋の緊張があるため、覚醒度はやや高めと判断しました。
../database/final_database/018/001.jpg,18,001.jpg,4,-0.55,0.35,眉が寄り目が細く、口元も緊張していて不快・不満の表情に見えます。一方で力みはあるものの激しい興奮ではなく中程度の覚醒と判断しました。
../database/final_database/018/001.jpg,18,001.jpg,5,-0.62,0.46,眉が寄って目が細まり、口元も緊張していて不快・嫌悪や困惑の表情に見えます。表情の強さは中程度で、覚醒度はやや高めと判断しました。
../database/final_database/018/001.jpg,18,001.jpg,6,-0.62,0.48,眉が寄り、目が細く、口元が引きつった表情で不快・不満が強く見えます。一方で表情筋の緊張があり、落ち着いた無表情よりは覚醒度がやや高いと判断しました。
../database/final_database/018/001.jpg,18,001.jpg,7,-0.55,0.35,眉間にしわが寄り、目が細まり口元も緊張しているため不快寄りの感情に見えます。一方で表情の強さは中程度で、覚醒度はやや高めと判断しました。
../database/final_database/018/001.jpg,18,001.jpg,8,-0.52,0.31,眉間にしわが寄り、目が細く口元も不快そうに歪んでいるため不快寄りの感情が強いです。一方で表情の緊張はあるものの極端な興奮ではないため覚醒度は中程度です。
../database/final_database/018/001.jpg,18,001.jpg,9,-0.52,0.38,眉が強く寄り、目が細く口元も緊張しており、不快・不満や痛みを示す表情に見えます。口が開いて発声しているようで一定の覚醒度も感じられます。
../database/final_database/018/001.jpg,18,001.jpg,10,-0.62,0.48,眉が寄り目が細く、口元も緊張していて不快・嫌悪や痛みの表情に見えます。表情筋の緊張が強く、一定の覚醒（興奮・ストレス反応）が感じられます。
../database/final_database/018/002.jpg,18,002.jpg,1,-0.35,0.25,眉がやや寄り、目元も細く、口元が緊張していて不快・困惑の表情に見えます。一方で強い興奮はなく、覚醒度は中程度です。
../database/final_database/018/002.jpg,18,002.jpg,2,-0.25,0.15,眉間に軽いしわが寄り、口元もやや緊張していて快より不快寄りに見えます。一方で表情の強度は高くなく、覚醒度は低〜中程度と判断しました。
../database/final_database/018/002.jpg,18,002.jpg,3,-0.15,0.05,口元がやや下がり、眉も軽く寄っていて不快寄りの表情に見えます。一方で目や口の開きは大きくなく、興奮度は低めに見えます。
../database/final_database/018/002.jpg,18,002.jpg,4,-0.35,0.2,眉が寄り気味で口角も下がっており、不快・困惑のニュアンスが見られます。一方で表情の強さは中程度で、興奮というより軽い緊張に留まっています。
../database/final_database/018/002.jpg,18,002.jpg,5,-0.18,0.22,眉間にやや緊張があり、口元もリラックスしきっていないため快よりは不快寄りと判断しました。一方で表情の強い高揚は見られず、覚醒度は軽度のプラスに留まると見積もりました。
../database/final_database/018/002.jpg,18,002.jpg,6,-0.25,0.15,口角がやや下がり、眉も少し寄っていて不快寄りの表情に見えます。一方で目の開きや表情筋の緊張は強くなく、覚醒度は低〜中程度と判断しました。
../database/final_database/018/002.jpg,18,002.jpg,7,-0.28,0.22,口角がやや下がり眉間にも軽い緊張が見られ、不快寄りの表情に見えます。一方で目の開きや表情筋の緊張は強すぎず、覚醒度は中程度と判断しました。
../database/final_database/018/002.jpg,18,002.jpg,8,-0.28,0.12,眉がやや寄り、口角が下がり気味で不快・不満寄りの表情に見えます。一方で目の開きや表情筋の緊張は強くなく、覚醒度は中立に近いと判断しました。
../database/final_database/018/002.jpg,18,002.jpg,9,-0.35,0.2,眉が寄り気味で口元も緊張しており、快より不快寄りの印象です。一方で目は大きく開きすぎておらず、覚醒度はやや低〜中程度に見えます。
../database/final_database/018/002.jpg,18,002.jpg,10,-0.24,0.18,口角が下がり気味で眉間にわずかな緊張があり、不快寄りの表情に見えます。一方で目の見開きや動きは強くなく、覚醒度は低〜中程度です。
../database/final_database/018/003.jpg,18,003.jpg,1,-0.72,0.48,眉が強く寄り、目が細く閉じ気味で口も苦痛を示す形になっており、不快感（泣き・痛み）の表情に見えます。表情の緊張と口周りの動きが大きく、ある程度の覚醒度が感じられます。
../database/final_database/018/003.jpg,18,003.jpg,2,-0.63,0.42,眉が強く寄り、目が細まり口が開いて苦痛・泣きそうな表情に見えるため不快寄りです。表情の緊張はあるものの激しい興奮ではないため中程度の覚醒と判断しました。
../database/final_database/018/003.jpg,18,003.jpg,3,-0.72,0.38,眉が強く寄り、目も細く口角が下がって半開きで、苦痛や不快感が強い表情に見えます。一方で表情の緊張はあるものの極端な興奮ではないため覚醒度は中程度と判断しました。
../database/final_database/018/003.jpg,18,003.jpg,4,-0.72,0.46,眉が強く寄り、目が細く口角が下がって半開きで、不快・苦痛の表情に見えます。一方で顔の緊張があり、覚醒度は中程度に感じられます。
../database/final_database/018/003.jpg,18,003.jpg,5,-0.62,0.34,眉が中央に寄り、目が細く口が開いて下がっているため、不快・悲しみ/苦痛寄りの表情に見えます。一方で表情筋の緊張はあるため、覚醒度は低すぎず中程度と判断しました。
../database/final_database/018/003.jpg,18,003.jpg,6,-0.62,0.34,眉が中央に寄り目が細く、口元も下がっていて不快・苦痛系の表情に見えます。一方で口が開き顔全体に緊張があり、覚醒度はやや高めです。
../database/final_database/018/003.jpg,18,003.jpg,7,-0.74,0.48,眉が寄り、目が細く口が半開きで苦痛・不快を示す表情に見えます。一方で表情の緊張があり、覚醒度は中程度と判断しました。
../database/final_database/018/003.jpg,18,003.jpg,8,-0.74,0.42,眉が強くしかめられ、目が細く口が開いて苦痛・不快を示す表情に見えます。一方で表情筋の緊張があり、一定の覚醒（興奮）度が感じられます。
../database/final_database/018/003.jpg,18,003.jpg,9,-0.62,0.38,眉が寄り目が細く、口が半開きで苦痛や不快感を示す表情に見えます。一方で表情の緊張や歯の見え方から、覚醒度はやや高めと判断しました。
../database/final_database/018/003.jpg,18,003.jpg,10,-0.68,0.32,眉が強く寄り、目が細まり口角が下がって半開きで、不快・苦痛の表情に見えます。一方で口が開いて表情の緊張があり、覚醒度はやや高めです。
../database/final_database/018/004.jpg,18,004.jpg,1,-0.55,0.35,眉が寄り、口元が緊張して開いており、不快・不安や痛みのようなネガティブ感情が強く見えます。一方で表情の張りがあり無気力ではないため、覚醒度はやや高めと判断しました。
../database/final_database/018/004.jpg,18,004.jpg,2,-0.62,0.41,眉が寄り、口角が下がって口が開き気味で、苦痛や不快感を示す表情に見えます。一方で表情筋の緊張があり、落ち着いた状態よりはやや覚醒度が高いと判断しました。
../database/final_database/018/004.jpg,18,004.jpg,3,-0.65,0.55,眉が寄り、口が開いて下がり気味で不快・苦痛の表情に見えるためvalenceは低めです。目の開きと緊張感があり、反応が強そうなのでarousalはやや高めにしました。
../database/final_database/018/004.jpg,18,004.jpg,4,-0.62,0.38,口が開いて口角が下がり、眉が寄って不快・苦痛の表情に見えます。目の開きと緊張感があり、覚醒度はやや高めです。
../database/final_database/018/004.jpg,18,004.jpg,5,-0.62,0.42,眉が寄り、口角が下がって半開きで不快・苦痛の表情に見えるためvalenceは低めです。一方で表情の緊張があり反応性は高いのでarousalはやや高めにしました。
../database/final_database/018/004.jpg,18,004.jpg,6,-0.62,0.41,口角が下がり、眉が内側に寄って不快・苦痛の表情に見えるためvalenceは低めです。一方で口が開いて緊張感があり、感情の強さは中程度に感じられるためarousalはやや高めです。
../database/final_database/018/004.jpg,18,004.jpg,7,-0.62,0.48,眉が寄り、口が開いて下がり気味で不快・不安寄りの表情に見えます。一方で目が開き気味で緊張感があり、覚醒度は中程度に高いと判断しました。
../database/final_database/018/004.jpg,18,004.jpg,8,-0.62,0.54,口角が下がり眉間に緊張が見られ、不快・苦痛寄りの表情に見えます。目の開きと口の開きから緊張感があり覚醒度はやや高めと判断しました。
../database/final_database/018/004.jpg,18,004.jpg,9,-0.55,0.35,眉が中央に寄って目が細く、口角が下がって半開きで不快・苦痛寄りの表情に見えます。一方で表情の緊張はあるものの激しい驚きほどではないため覚醒度は中程度です。
../database/final_database/018/004.jpg,18,004.jpg,10,-0.52,0.41,眉が寄り、口角が下がって半開きで不快・困惑の表情に見えるためvalenceは低めです。一方で目の緊張と表情筋のこわばりがあり、覚醒度は中程度と判断しました。
../database/final_database/018/005.jpg,18,005.jpg,1,-0.45,0.3,眉が寄り目が強く閉じられており、口元も緊張しているため不快寄りの表情に見えます。一方で表情筋の収縮が強く、落ち着いた無表情よりは覚醒度がやや高いと判断しました。
../database/final_database/018/005.jpg,18,005.jpg,2,-0.35,0.4,目を強く閉じて眉間にしわが寄り、口元も緊張しているため不快寄りの表情です。顔全体に力が入っており、反応の強さから覚醒度はやや高めと判断しました。
../database/final_database/018/005.jpg,18,005.jpg,3,-0.35,0.25,目を強く閉じて眉が寄り、口元も緊張しているため不快寄りの表情に見えます。一方で表情筋の収縮がはっきりしており、軽い覚醒状態と判断しました。
../database/final_database/018/005.jpg,18,005.jpg,4,-0.35,0.25,眉が寄って目を強く閉じ、口元も緊張しており不快・痛み/嫌悪寄りの表情に見えます。一方で表情筋の収縮が強く、受動的ではないため覚醒度はやや高めと判断しました。
../database/final_database/018/005.jpg,18,005.jpg,5,-0.35,0.2,目を強く閉じて眉間にしわが寄っており、口元も緊張しているため不快寄りに見えます。一方で表情の強さはあるものの激しい興奮ではないため、覚醒度はやや低～中程度と判断しました。
../database/final_database/018/005.jpg,18,005.jpg,6,-0.35,0.25,眉が寄り目を閉じて口元も緊張しており、不快・苦痛寄りの表情に見えます。一方で激しい興奮というよりは軽い緊張や不快感程度の覚醒に留まっています。
../database/final_database/018/005.jpg,18,005.jpg,7,-0.45,0.35,目を強く閉じ、眉が寄って口元も緊張しているため不快寄りの感情が示唆されます。一方で表情筋の収縮が強く、緊張・ストレス反応として覚醒度はやや高めです。
../database/final_database/018/005.jpg,18,005.jpg,8,-0.48,0.22,目を強く閉じ、眉間にしわが寄っており、口元も緊張しているため不快寄りの表情に見えます。一方で動きは強くなく、覚醒度は中程度と判断しました。
../database/final_database/018/005.jpg,18,005.jpg,9,-0.35,0.3,目を閉じて眉が寄り、口元も緊張しているため不快寄りの表情に見えます。一方で力みはあるものの激しい驚きや興奮ほどではないため、覚醒度は中程度と判断しました。
../database/final_database/018/005.jpg,18,005.jpg,10,-0.35,0.2,眉間にしわが寄り目を閉じて口元も引き締まっており、不快・苦痛寄りの表情に見えます。一方で激しい驚きや興奮ではなく、緊張や困惑程度の覚醒と判断しました。
../database/final_database/018/006.jpg,18,006.jpg,1,-0.62,0.28,眉が寄って目が細く、口が開いて不快・嫌悪や痛みを訴えるような表情に見えるためvalenceは低めです。一方で強い驚きや興奮は小さく、覚醒度は中程度と判断しました。
../database/final_database/018/006.jpg,18,006.jpg,2,-0.55,0.35,眉が寄り、目が細く口が開いて緊張や不快感が見られるためvalenceは低めです。表情のこわばりと口元の動きから、覚醒度はやや高めと判断しました。
../database/final_database/018/006.jpg,18,006.jpg,3,-0.58,0.22,眉が寄り目が細く、口が開いて苦痛や不快感を示す表情に見えます。強い興奮というよりは中程度の緊張・不快で、覚醒度はやや高めと判断しました。
../database/final_database/018/006.jpg,18,006.jpg,4,-0.55,0.35,眉が寄って目が細く、口も開いて不快・困惑の表情に見えるためvalenceは低めです。一方で表情の緊張感はあるものの極端ではないのでarousalは中程度の覚醒と判断しました。
../database/final_database/018/006.jpg,18,006.jpg,5,-0.58,0.47,眉が寄り、目が細く、口が開いて不快や困惑の表情に見えるためvalenceは低めです。一方で口周りの緊張や表情の強さから覚醒度はやや高めと判断しました。
../database/final_database/018/006.jpg,18,006.jpg,6,-0.55,0.35,眉が寄り、目が細く口が開いて緊張や不快感を示す表情に見えます。一方で体の力みは強すぎず、覚醒度は中程度と判断しました。
../database/final_database/018/006.jpg,18,006.jpg,7,-0.62,0.34,眉が寄り、目が細く、口が開いて歯が見えるなど不快・苦痛寄りの表情に見えます。一方で驚愕ほど強くはなく、緊張・不快を伴う中程度の覚醒と判断しました。
../database/final_database/018/006.jpg,18,006.jpg,8,-0.62,0.55,眉が寄り、口が開いて歯が見えるなど不快・嫌悪や苦痛を示す表情に見えます。一方で表情筋の緊張が強く、反応がはっきりしているため覚醒度はやや高めです。
../database/final_database/018/006.jpg,18,006.jpg,9,-0.55,0.35,眉が寄って目が細く、口が半開きで不快・困惑の表情に見えるためvalenceは低めです。一方で表情の緊張はあるものの激しい興奮ではないためarousalはやや高めにしました。
../database/final_database/018/006.jpg,18,006.jpg,10,-0.62,0.34,眉がひそまり口が開いて緊張や不快感が見られるため、快-不快はやや不快寄りです。表情にある程度の力みがあり落ち着きより覚醒が高めに見えるため、arousalはやや正にしました。
../database/final_database/018/007.jpg,18,007.jpg,1,-0.55,0.35,眉が寄り目を閉じ、口元も緊張していて不快・苦痛寄りの表情に見えます。一方で表情筋の収縮が強く、感情の強度はやや高めです。
../database/final_database/018/007.jpg,18,007.jpg,2,-0.58,0.42,眉が寄り目が閉じ気味で口元も緊張しており、不快・苦痛寄りの表情に見えます。表情の収縮が強く感情の強度は中程度以上で、覚醒はやや高めと判断しました。
../database/final_database/018/007.jpg,18,007.jpg,3,-0.62,0.48,眉が寄って目を強く閉じ、口が開いて緊張した表情で、不快・苦痛寄りの感情が強いと判断しました。顔の筋緊張があり反応性も高いため覚醒度はやや高めです。
../database/final_database/018/007.jpg,18,007.jpg,4,-0.62,0.38,眉が寄り目が閉じ、口元も緊張しており不快・苦痛寄りの表情に見えます。一方で表情筋の緊張が強く、情動の喚起は中程度に感じられます。
../database/final_database/018/007.jpg,18,007.jpg,5,-0.55,0.3,目を強く閉じ、眉間にしわが寄って口元も歪んでおり、不快・苦痛寄りの表情に見えます。一方で表情筋の緊張はあるため覚醒度は中程度と判断しました。
../database/final_database/018/007.jpg,18,007.jpg,6,-0.62,0.42,眉が寄り、目を強く閉じて口角も下がっており、不快・苦痛寄りの表情に見えます。一方で表情筋の緊張が強く、一定の覚醒度があると判断しました。
../database/final_database/018/007.jpg,18,007.jpg,7,-0.62,0.48,眉が寄り目を閉じ、口元も緊張していて不快・苦痛の表情に見えます。一方で表情筋の収縮が強く、感情の強度は中程度に高いと判断しました。
../database/final_database/018/007.jpg,18,007.jpg,8,-0.65,0.55,眉が寄り目が強く閉じられ、口元も緊張しており不快・苦痛寄りの表情に見えます。一方で顔全体の緊張が強く、感情の強度（覚醒度）は中程度以上と判断しました。
../database/final_database/018/007.jpg,18,007.jpg,9,-0.68,0.55,目を強く閉じ眉間にしわが寄っており、口元も緊張していて不快・苦痛の表情に見えます。筋緊張が強く表情の動きも大きいため覚醒度はやや高めと判断しました。
../database/final_database/018/007.jpg,18,007.jpg,10,-0.6,0.4,眉が強く寄り、目を閉じて口も緊張しており、不快・苦痛寄りの表情に見えます。一方で表情筋の緊張が強く、感情の活性は中程度に高いと判断しました。
../database/final_database/018/008.jpg,18,008.jpg,1,-0.28,-0.18,眉がやや寄り、目が細く口角が下がって見えるため、軽い不快・困惑寄りの表情に見えます。表情の動きは強くなく、覚醒度は低めと判断しました。
../database/final_database/018/008.jpg,18,008.jpg,2,-0.25,-0.1,口角がやや下がり、眉間に軽い緊張が見られるため不快寄りの表情に見えます。一方で動きや開眼が強くなく、興奮度は低めと判断しました。
../database/final_database/018/008.jpg,18,008.jpg,3,-0.28,0.12,眉が中央に寄り、目が細く口角が下がり気味で、不快・困惑寄りの表情に見えます。一方で動きは強くなく、覚醒度は低〜中程度です。
../database/final_database/018/008.jpg,18,008.jpg,4,-0.38,0.12,眉が寄り、目が細く口元も緊張しており、不快・不満寄りの表情に見えます。一方で動きは強くなく、覚醒度は低〜中程度です。
../database/final_database/018/008.jpg,18,008.jpg,5,-0.35,0.05,口角が下がり気味で、眉間にもわずかな緊張が見られるため不快寄りの表情です。一方で目の開きや表情筋の強さは弱く、覚醒度は低めと判断しました。
../database/final_database/018/008.jpg,18,008.jpg,6,-0.28,0.18,眉が少し寄り、目が細く口角も下がり気味で、不快寄りの表情に見えます。一方で驚きや強い興奮はなく、緊張が少しある程度の覚醒水準と判断しました。
../database/final_database/018/008.jpg,18,008.jpg,7,-0.35,-0.2,眉が寄り、目が細く口角がやや下がっており、不快・困惑寄りの表情に見えます。一方で表情の強度は高くなく、覚醒度はやや低めと判断しました。
../database/final_database/018/008.jpg,18,008.jpg,8,-0.35,-0.25,口角がやや下がり、眉間に軽い緊張が見られるため不快寄りの表情に見えます。目の開きが小さく全体の動きも弱いので、覚醒度はやや低めと判断します。
../database/final_database/018/008.jpg,18,008.jpg,9,-0.35,0.1,口角が下がり、眉間に軽いしわが見られて不快寄りの表情です。一方で目の開きや顔の緊張は強くなく、覚醒度は低〜中程度に見えます。
../database/final_database/018/008.jpg,18,008.jpg,10,-0.22,0.18,眉が少しひそまり目が細く、口元も力が入っていて不快寄りに見えます。一方で表情の動きは強くなく、覚醒度はやや低〜中程度と判断しました。
../database/final_database/018/009.jpg,18,009.jpg,1,-0.28,0.42,目を細めて眉間にしわが寄り、口元も緊張しているため不快寄りに見えます。一方で顔全体に力が入っているので覚醒度はやや高めと判断しました。
../database/final_database/018/009.jpg,18,009.jpg,2,-0.52,0.34,眉が強く寄り目が細くなっており、口元も緊張しているため不快・苦痛寄りの表情に見えます。一方で表情筋の緊張が強く、反応性は中程度に高いので覚醒はやや高めです。
../database/final_database/018/009.jpg,18,009.jpg,3,-0.42,0.32,眉が寄り、目を細め口元も緊張しているため不快寄りの感情が示唆されます。一方で表情の収縮が強く、一定の緊張・覚醒が見られるためarousalはやや高めです。
../database/final_database/018/009.jpg,18,009.jpg,4,-0.55,0.42,眉間にしわが寄り、目が細く口角も下がっていて不快・苦痛寄りの表情に見えます。一方で筋緊張があり表情の動きが強めなので覚醒度はやや高めと判断しました。
../database/final_database/018/009.jpg,18,009.jpg,5,-0.35,0.25,眉が寄り目が細く、口元も引きつった不快・困惑寄りの表情に見えます。一方で強い興奮や活発さはなく、軽い緊張程度の覚醒度です。
../database/final_database/018/009.jpg,18,009.jpg,6,-0.35,0.4,眉が寄り、目が細く口元も緊張しており不快・困惑寄りの表情に見えます。一方で表情筋の動きははっきりしていて、覚醒度はやや高めと判断しました。
../database/final_database/018/009.jpg,18,009.jpg,7,-0.3,0.35,目を細め口元も引きつっており、不快・緊張（困惑や痛み）を示す表情に見えます。表情の強さは中程度で、覚醒度もやや高めと判断しました。
../database/final_database/018/009.jpg,18,009.jpg,8,-0.55,0.45,眉が寄り、目が細く口元も引きつっており、不快・苦痛寄りの表情に見えます。一方で顔の緊張感があり、情動の強さ（覚醒度）は中程度に高いと判断しました。
../database/final_database/018/009.jpg,18,009.jpg,9,-0.4,0.35,眉が寄り目が細く、口元も緊張しており不快・困惑の表情に見えます。一方で表情筋の緊張があり、覚醒度はやや高めと判断しました。
../database/final_database/018/009.jpg,18,009.jpg,10,-0.38,0.34,眉が強く寄り、目が細く口元も緊張していて不快・困惑寄りの表情に見えます。一方で表情筋の収縮がはっきりしており、覚醒度はやや高めです。
../database/final_database/018/010.jpg,18,010.jpg,1,-0.32,0.41,口角が下がり気味で眉もやや寄っており、不快・困惑の要素が見られます。一方で目が開き気味で表情の緊張があるため、覚醒度はやや高めと判断しました。
../database/final_database/018/010.jpg,18,010.jpg,2,-0.35,0.45,口が半開きで眉が内側に寄り、困惑や不快感がうかがえます。一方で目が開き気味で表情の緊張もあるため覚醒度はやや高めです。
../database/final_database/018/010.jpg,18,010.jpg,3,-0.3,0.35,口角がやや下がり、目元も緊張していて不快・困惑寄りの表情に見えます。一方で口が開き気味で筋緊張もあり、覚醒度は中程度に感じられます。
../database/final_database/018/010.jpg,18,010.jpg,4,-0.35,0.2,口角が下がり気味で眉もやや寄っており、不快・困惑寄りの表情に見えます。一方で動きは大きくなく、覚醒度はやや低〜中程度と判断しました。
../database/final_database/018/010.jpg,18,010.jpg,5,-0.35,0.4,口角が下がり気味で眉もやや寄っており、不快・困惑寄りの表情に見えます。一方で目が開き、口も開いていて反応は強めなので覚醒度はやや高めと判断しました。
../database/final_database/018/010.jpg,18,010.jpg,6,-0.35,0.25,口元が歪み眉もやや寄っており、不快・戸惑いのニュアンスが見られます。一方で表情の強さは極端ではなく、覚醒度は中程度に留まります。
../database/final_database/018/010.jpg,18,010.jpg,7,-0.42,0.46,眉が寄り、口元が緊張して下がっており不快・不安寄りの表情に見えます。目の開きと口の動きから、落ち着きよりもやや覚醒度が高い状態と判断しました。
../database/final_database/018/010.jpg,18,010.jpg,8,-0.42,0.35,口角が下がり気味で眉間にも緊張があり、不快・不安寄りの表情に見えます。一方で目と口周りの動きがあり、覚醒度はやや高めです。
../database/final_database/018/010.jpg,18,010.jpg,9,-0.32,0.48,口元が引きつり、眉もやや寄っていて不快・緊張寄りの表情に見えます。目も大きく開き気味で反応性があり、覚醒度は中程度に高いと判断しました。
../database/final_database/018/010.jpg,18,010.jpg,10,-0.25,0.35,口角が下がり気味で眉も寄っており、不快・戸惑い寄りの表情に見えます。一方で目や口の緊張があり、落ち着きよりはやや覚醒度が高い印象です。
../database/final_database/019/001.jpg,19,001.jpg,1,-0.48,0.42,眉が寄り目が細く、口元も緊張しており不快・困惑寄りの表情に見えます。表情筋の緊張があり落ち着きより覚醒度はやや高めです。
../database/final_database/019/001.jpg,19,001.jpg,2,-0.35,0.25,眉間にしわが寄り、目が細く口元も緊張しており、不快寄りの表情に見えます。一方で大きな驚きや興奮はなく、覚醒度は中程度と判断しました。
../database/final_database/019/001.jpg,19,001.jpg,3,-0.35,0.2,眉が寄り目が細く、口角も下がり気味で不快・困惑の表情に見えるためvalenceはやや低めです。一方で強い驚きや興奮はなく、緊張・不快による軽い覚醒程度に見えるためarousalはやや低〜中程度です。
../database/final_database/019/001.jpg,19,001.jpg,4,-0.35,0.25,眉が寄り、目が細く口角も下がっているため不快寄りの表情に見えます。一方で表情の強度は中程度で、強い興奮や緊張は感じにくいため覚醒度はやや低め〜中程度です。
../database/final_database/019/001.jpg,19,001.jpg,5,-0.45,0.35,眉が寄り、目も細く口元が緊張しており、不快・困惑寄りの表情に見えます。一方で強い驚きや興奮ではなく、緊張感のある中程度の覚醒度です。
../database/final_database/019/001.jpg,19,001.jpg,6,-0.42,0.38,眉間にしわが寄り、目が細く口元も緊張しており不快・困惑寄りの表情に見えます。一方で表情筋の緊張があり、覚醒度はやや高めと判断しました。
../database/final_database/019/001.jpg,19,001.jpg,7,-0.42,0.28,眉が中央に寄って上がり、口角が下がり気味で不快・困惑の表情に見えるためvalenceはやや低め。目が開いており表情筋の緊張もあるので、arousalは低すぎない中程度と判断した。
../database/final_database/019/001.jpg,19,001.jpg,8,-0.55,0.35,眉が寄り、目が細く口元も緊張しており不快・困惑寄りの表情に見えます。一方で表情の動きはあるため覚醒度はやや高めと判断しました。
../database/final_database/019/001.jpg,19,001.jpg,9,-0.45,0.35,眉間にしわが寄り、口元もやや緊張していて不快寄りの表情に見えます。一方で目が細まり表情筋の緊張があるため、覚醒度は中程度と判断しました。
../database/final_database/019/001.jpg,19,001.jpg,10,-0.43,0.31,眉が寄り、目が細く口元も引きつって見えるため不快寄りの感情が示唆されます。一方で表情の緊張はあるものの強い興奮や活動性は高くないため、覚醒はやや高めに留まります。
../database/final_database/019/003.jpg,19,003.jpg,1,-0.32,0.28,眉が寄り、目を細めて口角もやや下がっており不快・不満寄りの表情に見えます。一方で表情筋の緊張は強すぎず、覚醒度は中程度と判断しました。
../database/final_database/019/003.jpg,19,003.jpg,2,-0.35,0.25,眉が寄り目が細く、口元も緊張しており不快・困惑寄りの表情に見えます。一方で表情の強度は中程度で、覚醒度はやや高めと判断しました。
../database/final_database/019/003.jpg,19,003.jpg,3,-0.35,0.25,目が細く、眉間に軽いしわが寄っていて不快・不満そうな表情に見えます。一方で口元の緊張は中程度で、覚醒度は強すぎないためやや低～中程度と判断しました。
../database/final_database/019/003.jpg,19,003.jpg,4,-0.32,0.18,眉が寄り、目を細めて口元も緊張しており、不快・不満寄りの表情に見えます。一方で動きは強くなく、覚醒度はやや低〜中程度です。
../database/final_database/019/003.jpg,19,003.jpg,5,-0.32,0.22,眉が寄り目が細く、口元も緊張していて不快・困惑寄りの表情に見えます。一方で表情の強さは中程度で、覚醒度はやや低〜中程度です。
../database/final_database/019/003.jpg,19,003.jpg,6,-0.35,0.45,目を細めて眉間にしわが寄り、口元も緊張しているため不快寄りの表情に見えます。一方で顔の筋緊張があり、覚醒度はやや高めと判断しました。
../database/final_database/019/003.jpg,19,003.jpg,7,-0.35,0.25,眉間にしわが寄り目が細く、口元も緊張していて不快・不満の表情に見えます。一方で動きは強くなく、覚醒度は中程度と判断しました。
../database/final_database/019/003.jpg,19,003.jpg,8,-0.35,0.25,眉が寄り目が細く、口元も引き結ばれており不快・不満寄りの表情に見えます。一方で強い驚きや興奮は少なく、覚醒度は中程度と判断しました。
../database/final_database/019/003.jpg,19,003.jpg,9,-0.35,0.28,眉間が寄り目が細く、口元も緊張しており不快・不満寄りの表情に見えます。一方で大きな驚きや興奮はなく、覚醒度は中程度と判断しました。
../database/final_database/019/003.jpg,19,003.jpg,10,-0.2,0.35,眉が寄り目が細く、口元も緊張しており不快・不満寄りの表情に見えます。一方で表情筋の緊張があり、覚醒度はやや高めと判断しました。
../database/final_database/019/004.jpg,19,004.jpg,1,-0.46,0.34,眉が寄り目が細く、口元も緊張していて不快・苦痛寄りの表情に見えます。一方で表情筋の緊張があり、やや覚醒度は高めです。
../database/final_database/019/004.jpg,19,004.jpg,2,-0.63,0.42,眉が強く寄り、目が細く口も緊張していて不快・不満そうな表情に見えます。表情の強さは中程度で、覚醒度はやや高めと判断しました。
../database/final_database/019/004.jpg,19,004.jpg,3,-0.64,0.52,眉が寄って目が細まり、口元も緊張しているため不快寄りの表情に見えます。一方で顔の筋緊張が強く、感情の活性度はやや高めと判断しました。
../database/final_database/019/004.jpg,19,004.jpg,4,-0.63,0.42,眉間にしわが寄り目が細く、口元も緊張しており不快・嫌悪寄りの表情に見えます。表情の強さは中程度で、覚醒度はやや高めと判断しました。
../database/final_database/019/004.jpg,19,004.jpg,5,-0.55,0.35,眉が寄り、目が細く口元も緊張しており、不快・嫌悪や苦痛寄りの表情に見えます。一方で口が開き表情の緊張があるため覚醒度は中程度と判断しました。
../database/final_database/019/004.jpg,19,004.jpg,6,-0.55,0.4,眉が寄り、目が細まり、口元も緊張していて不快・嫌悪や痛み寄りの表情に見えます。一方で表情筋の緊張が強く、ある程度の覚醒（興奮・ストレス）も感じられます。
../database/final_database/019/004.jpg,19,004.jpg,7,-0.62,0.48,眉が寄って目が細く、口が開いて緊張や不快感が強い表情に見えます。一方で表情筋の収縮がはっきりしており覚醒度は中程度以上と判断しました。
../database/final_database/019/004.jpg,19,004.jpg,8,-0.62,0.38,眉が内側に寄って目が細く、口元も緊張して開いており不快・不満の表情に見えます。一方で表情筋の緊張があり無気力ではないため、覚醒度はやや高めと判断しました。
../database/final_database/019/004.jpg,19,004.jpg,9,-0.52,0.48,眉が寄り、目が細く、口が歪んで半開きになっており不快・嫌悪寄りの表情に見えます。顔の緊張が強く、感情の立ち上がりも中程度に感じられるため覚醒度はやや高めです。
../database/final_database/019/004.jpg,19,004.jpg,10,-0.58,0.62,眉が強く寄り、目が細く口が開いて歯が見えており、不快・怒りや嫌悪寄りの表情に見えます。表情の緊張が強く、覚醒度（興奮・緊張）は高めです。
../database/final_database/019/005.jpg,19,005.jpg,1,-0.36,0.28,口角が下がり気味で眉間にしわが寄っており、不快・不安寄りの表情に見えます。一方で目の開きや顔の緊張は強すぎず、覚醒度は中程度と判断しました。
../database/final_database/019/005.jpg,19,005.jpg,2,-0.35,0.25,眉が寄り、口角が下がり気味で不快・心配の表情が見られます。一方で目は開いており緊張感があるため、覚醒度はやや高めです。
../database/final_database/019/005.jpg,19,005.jpg,3,-0.34,0.26,眉が内側に寄り、口角がやや下がっていて不快・不安寄りの表情に見えます。一方で目の見開きは強くなく、緊張は中程度なので覚醒度はやや低めです。
../database/final_database/019/005.jpg,19,005.jpg,4,-0.52,0.31,眉が寄って口角が下がり気味で、不快・不安を示す表情に見えます。一方で目は開いており緊張感があるため、覚醒度はやや高めと判断しました。
../database/final_database/019/005.jpg,19,005.jpg,5,-0.35,0.25,眉が寄り、口元がこわばっていて不快・不安寄りの表情に見えます。一方で目は開いており表情筋の緊張もあるため、覚醒度はやや高めです。
../database/final_database/019/005.jpg,19,005.jpg,6,-0.35,0.25,眉が寄り気味で口元も緊張しており、不快・不安寄りの表情に見えます。一方で目は開いていて表情の動きもあるため、覚醒度はやや高めと判断しました。
../database/final_database/019/005.jpg,19,005.jpg,7,-0.43,0.34,眉が寄り、口角が下がって緊張した表情で、不快・不安寄りの印象です。一方で目は開いており表情筋の緊張も見られるため覚醒度はやや高めと判断しました。
../database/final_database/019/005.jpg,19,005.jpg,8,-0.55,0.35,眉が寄り、口角が下がって不快・不安そうな表情に見えるためvalenceは低めです。一方で表情筋の緊張があり、落ち着き切っていないためarousalはやや高めと判断しました。
../database/final_database/019/005.jpg,19,005.jpg,9,-0.38,0.22,口角が下がり気味で眉もやや寄っており、不快・困惑の印象があるためvalenceは負寄り。表情の強さは中程度で、極端な緊張や興奮は見られないためarousalはやや低〜中程度。
../database/final_database/019/005.jpg,19,005.jpg,10,-0.32,0.18,眉が寄って口角が下がり気味で、不快・困惑の表情に見えます。一方で目は大きく見開いておらず緊張感は中程度のため、覚醒度はやや低めに推定しました。
../database/final_database/019/006.jpg,19,006.jpg,1,-0.25,0.15,口元が引きつり気味で眉間に軽い緊張があり、やや不快寄りに見えます。一方で表情の動きは強くなく、覚醒度は低〜中程度です。
../database/final_database/019/006.jpg,19,006.jpg,2,-0.28,0.18,口元がわずかに引きつり、眉間も少し寄っていて快より不快寄りに見えます。一方で表情の動きは強くなく、覚醒度は低〜中程度です。
../database/final_database/019/006.jpg,19,006.jpg,3,-0.28,0.22,口元が引きつり、眉間に軽い緊張があり、快よりやや不快寄りに見えます。一方で表情の強さは中程度で、覚醒度はやや高めに留まります。
../database/final_database/019/006.jpg,19,006.jpg,4,-0.2,0.35,口元が引きつり気味で眉間にも緊張が見られ、やや不快寄りに見えます。一方で目が開いていて表情の緊張感もあるため、覚醒度は中程度に高いと判断しました。
../database/final_database/019/006.jpg,19,006.jpg,5,-0.25,0.35,口角が下がり気味で眉間に軽い緊張があり、不快寄りの表情に見えます。一方で目が開いており表情筋の動きもあるため、覚醒度はやや高めと判断しました。
../database/final_database/019/006.jpg,19,006.jpg,6,-0.18,0.22,口元が引きつり、眉間にわずかな緊張が見られるため快よりやや不快寄りと判断しました。表情の強度は中程度で、軽い緊張・警戒を示す程度の覚醒と考えました。
../database/final_database/019/006.jpg,19,006.jpg,7,-0.22,0.18,口元が引きつり気味で眉間にも緊張があり、やや不快・困惑寄りの表情に見えます。一方で表情の動きは強すぎず、覚醒度は低〜中程度と判断しました。
../database/final_database/019/006.jpg,19,006.jpg,8,-0.35,0.25,眉が内側に寄り、口元も引き締まっていて不快・警戒寄りの表情に見えます。一方で目は開いており緊張感はあるため、覚醒度はやや高めと判断しました。
../database/final_database/019/006.jpg,19,006.jpg,9,-0.25,0.35,口角が下がり気味で眉間に軽い緊張があり、不快寄りの表情に見えます。一方で目は開いており緊張感があるため、覚醒度はやや高めと判断しました。
../database/final_database/019/006.jpg,19,006.jpg,10,-0.35,0.25,口角がやや下がり、眉間に緊張が見られて不快寄りに見えます。一方で目は開いており表情の緊張もあるため、覚醒度はやや高めです。
../database/final_database/019/007.jpg,19,007.jpg,1,-0.22,0.25,眉が寄り、目も細く、口角が下がり気味で不快・困惑寄りの表情に見えます。一方で表情の緊張は強すぎず、覚醒度は中程度と判断しました。
../database/final_database/019/007.jpg,19,007.jpg,2,-0.18,0.22,眉間にしわが寄り目が細く、口元も緊張していてやや不快寄りに見えます。一方で表情の強度は中程度で、興奮というより軽い覚醒が感じられます。
../database/final_database/019/007.jpg,19,007.jpg,3,-0.35,0.25,眉が寄り、目が細く口元も緊張しており、不快寄りの表情に見えます。一方で表情の強さは中程度で、強い興奮というよりやや覚醒した状態に見えます。
../database/final_database/019/007.jpg,19,007.jpg,4,-0.22,0.18,眉間にしわが寄り、目が細く口元も緊張していて快より不快寄りに見えます。一方で表情の動きは強すぎず、覚醒度はやや低～中程度です。
../database/final_database/019/007.jpg,19,007.jpg,5,-0.25,0.1,眉が内側に寄り目が細く、口元もやや緊張しており不快寄りの表情に見えます。一方で動きは強くなく、覚醒度は低〜中程度です。
../database/final_database/019/007.jpg,19,007.jpg,6,-0.22,0.18,眉が寄り目が細く、口元も緊張して見えるため快より不快寄りです。一方で表情の強い驚きや興奮はなく、覚醒度はやや低〜中程度と判断しました。
../database/final_database/019/007.jpg,19,007.jpg,7,-0.2,0.25,眉間にしわが寄り目が細く、口元もやや緊張していて不快寄りに見えます。一方で表情の強さは中程度で、覚醒度はやや高めと判断しました。
../database/final_database/019/007.jpg,19,007.jpg,8,-0.32,0.18,眉が寄って目が細く、口元も引き締まっており不快・困惑寄りの表情に見えます。一方で大きな驚きや興奮はなく、覚醒度はやや低め〜中程度と判断しました。
../database/final_database/019/007.jpg,19,007.jpg,9,-0.32,0.18,眉が中央に寄り、目が細く口元も緊張しており、不快・困惑寄りの表情に見えます。一方で表情の強度は極端ではなく、覚醒度はやや低〜中程度です。
../database/final_database/019/007.jpg,19,007.jpg,10,-0.22,0.18,眉間にしわが寄り、目が細く口角もやや下がっており不快寄りに見えます。一方で表情の強度は中程度で、覚醒度はやや低〜中程度と判断しました。
../database/final_database/019/008.jpg,19,008.jpg,1,-0.35,0.15,片目を強く細めて口元がやや歪んでおり、快よりも不快・戸惑い寄りの表情に見えます。動きは大きくなく、覚醒度は低〜中程度と判断しました。
../database/final_database/019/008.jpg,19,008.jpg,2,-0.2,0.1,目が細く口元がやや引きつった表情で、快よりも不快寄りに見えます。一方で大きな驚きや興奮はなく、覚醒度は中立に近いと判断しました。
../database/final_database/019/008.jpg,19,008.jpg,3,-0.28,0.34,眉が寄り片目を細めて口角も下がり気味で、不快・困惑の表情に見えます。一方で表情筋の緊張があり、落ち着いた無反応ではなくやや覚醒度は高めです。
../database/final_database/019/008.jpg,19,008.jpg,4,-0.35,0.15,眉間のしわと目を細めた表情、口元のゆがみから不快・困惑寄りに見えます。一方で動きは強くなく、覚醒度は低〜中程度と判断しました。
../database/final_database/019/008.jpg,19,008.jpg,5,-0.35,0.25,片目を細め口角が下がり気味で、少し不快・困惑した表情に見えます。表情の強度は中程度で、覚醒度はやや高めと判断しました。
../database/final_database/019/008.jpg,19,008.jpg,6,-0.45,0.3,目を細め口元が歪んでおり、痛みや不快感を示す表情に見えるためvalenceは低めです。一方で表情筋の緊張があり反応は出ているのでarousalはやや高めと判断しました。
../database/final_database/019/008.jpg,19,008.jpg,7,-0.32,0.18,眉が寄り目が細く、口元も引きつったように見えるため不快寄りの表情です。一方で動きは大きくなく、強い興奮は感じにくいので覚醒度は低めと判断しました。
../database/final_database/019/008.jpg,19,008.jpg,8,-0.12,0.28,片目を細めて口元がやや引きつっており、快よりも軽い不快・困惑寄りに見えます。一方で表情の緊張感が少しあるため覚醒度はやや高めと判断しました。
../database/final_database/019/008.jpg,19,008.jpg,9,-0.2,0.3,目を細めて口角がやや下がり、眉間も少し寄っているため不快寄りに見えます。一方で表情の緊張感があり、覚醒度はやや高めと判断しました。
../database/final_database/019/008.jpg,19,008.jpg,10,-0.35,0.25,眉間にしわが寄り、片目をつぶって口元も引きつった表情で、不快・戸惑いが示唆されます。表情の強度は中程度で、覚醒度はやや高めと判断しました。
../database/final_database/019/009.jpg,19,009.jpg,1,-0.32,0.22,眉が寄り目が細く、口元も緊張しているため不快寄りの表情に見えます。一方で表情の動きは強すぎず、覚醒度は中程度と判断しました。
../database/final_database/019/009.jpg,19,009.jpg,2,-0.28,0.22,眉が寄り、目が細く口角もあまり上がっていないため不快寄りに見えます。一方で表情の強さは中程度で、極端な興奮・沈静は感じにくいので軽い覚醒に留まります。
../database/final_database/019/009.jpg,19,009.jpg,3,-0.26,0.22,眉が寄り、目が細く口元が緊張しており、やや不快・不満寄りの表情に見えます。一方で表情の強度は中程度で、覚醒度は軽く高めと判断しました。
../database/final_database/019/009.jpg,19,009.jpg,4,-0.25,0.35,眉が寄り、目が細く口元もやや緊張しており、不快・不満寄りの表情に見えます。一方で表情の緊張感はあるため覚醒度は中程度に高いと判断しました。
../database/final_database/019/009.jpg,19,009.jpg,5,-0.25,0.15,眉間にしわが寄り目が細く、口元もやや緊張しているため不快寄りの印象です。一方で表情の強い興奮や驚きは少なく、覚醒度は低め〜中程度に見えます。
../database/final_database/019/009.jpg,19,009.jpg,6,-0.28,0.22,眉が寄り目が細く、口元も緊張して見えるため不快寄りの表情です。一方で表情の強さは中程度で、強い興奮や沈静は感じにくいので軽い覚醒と判断しました。
../database/final_database/019/009.jpg,19,009.jpg,7,-0.25,0.35,眉が寄り目が細く、口元も緊張しており不快・困惑寄りの表情に見えます。一方で表情筋の緊張があり、覚醒度はやや高めと判断しました。
../database/final_database/019/009.jpg,19,009.jpg,8,-0.22,0.18,眉が寄り目が細く、口元も引き締まっており不快・困惑寄りの表情に見えます。一方で大きな驚きや興奮はなく、覚醒度はやや低め〜中程度です。
../database/final_database/019/009.jpg,19,009.jpg,9,-0.22,0.18,眉間のしわ寄せと目の細まりから不快・困惑気味の表情に見えます。一方で口元の動きは大きくなく、覚醒度は中低程度と判断しました。
../database/final_database/019/009.jpg,19,009.jpg,10,-0.35,0.25,眉がやや寄り目が細く、口元も緊張して見えるため不快寄りの表情です。一方で表情の強さは中程度で、覚醒度はやや高めと判断しました。
../database/final_database/019/010.jpg,19,010.jpg,1,-0.72,0.46,眉が寄り、目を強く閉じて口角が下がっており不快・苦痛の表情に見えます。一方で顔全体の緊張があり、感情の強度は中程度に高いと判断しました。
../database/final_database/019/010.jpg,19,010.jpg,2,-0.72,0.48,目を強く閉じ、口元も歪んでいて不快・苦痛の表情に見えるためvalenceは低めです。表情筋の緊張が強く、泣き出しそうな反応で覚醒度は中程度に高いと判断しました。
../database/final_database/019/010.jpg,19,010.jpg,3,-0.72,0.48,眉が寄り目が強く閉じられ、口元も下がって苦痛・不快の表情に見えます。緊張感はあるものの激しい興奮ではないため中程度の覚醒と判断しました。
../database/final_database/019/010.jpg,19,010.jpg,4,-0.72,0.62,眉が中央に寄って目を強く閉じ、口角も下がっており不快・苦痛の表情に見えます。表情の緊張が強く、泣きそうな力みがあるため覚醒度は高めです。
../database/final_database/019/010.jpg,19,010.jpg,5,-0.72,0.58,眉が寄り目が強く閉じられ、口元も歪んでおり不快・苦痛の表情に見えます。表情の緊張が強く、泣きそうな状態で覚醒度も高めです。
../database/final_database/019/010.jpg,19,010.jpg,6,-0.73,0.52,眉が強く寄り目が閉じ気味で、口元も苦痛・不快を示す形になっており、ネガティブな感情が強いです。一方で表情の緊張や口の開きから一定の覚醒度（興奮・苦痛による高まり）が見られます。
../database/final_database/019/010.jpg,19,010.jpg,7,-0.72,0.58,眉が強く寄り、目が閉じ気味で口が歪んでおり、不快・苦痛や泣き出しそうな表情に見えます。表情筋の緊張が強く、情動の強さも中〜高程度と判断しました。
../database/final_database/019/010.jpg,19,010.jpg,8,-0.72,0.48,眉が寄り目を強く閉じ、口角が下がっており不快・苦痛の表情に見えます。一方で表情筋の緊張が強く、情動の強度は中程度以上で覚醒寄りです。
../database/final_database/019/010.jpg,19,010.jpg,9,-0.72,0.35,目を強く閉じて口元が歪み、苦痛や不快感が強く表れている表情です。一方で泣き叫ぶほどの激しい動きはなく、中程度の覚醒水準と判断しました。
../database/final_database/019/010.jpg,19,010.jpg,10,-0.72,0.58,眉が寄り目が強く閉じられ、口が歪んで開いているため不快・苦痛の表情に見えます。一方で顔全体の緊張が強く、泣き出しそうな反応で覚醒度は高めです。
../database/final_database/020/001.jpg,20,001.jpg,1,-0.22,0.18,眉が寄り目が細く、口元も引き結ばれていて快より不快寄りの表情に見えます。一方で大きな驚きや強い興奮はなく、覚醒度はやや低め〜中程度です。
../database/final_database/020/001.jpg,20,001.jpg,2,-0.28,0.22,眉が寄り目が細く、口元も緊張しており不快寄りの表情に見えます。一方で驚きや強い興奮は小さく、覚醒度はやや低～中程度です。
../database/final_database/020/001.jpg,20,001.jpg,3,-0.32,0.18,眉が寄って目が細く、口元も緊張しているため不快寄りの印象です。一方で表情の動きは強すぎず、覚醒度はやや低め～中程度と判断しました。
../database/final_database/020/001.jpg,20,001.jpg,4,-0.35,0.25,目を細め口元が引き締まっており、やや不快・困惑の表情に見えます。緊張感はあるものの強い興奮ではなく中程度の覚醒と判断しました。
../database/final_database/020/001.jpg,20,001.jpg,5,-0.25,0.15,眉が寄り、目が細く口元もやや緊張していて不快・不満寄りに見えます。一方で表情の強さは中程度で、覚醒度はやや低〜中くらいです。
../database/final_database/020/001.jpg,20,001.jpg,6,-0.35,0.25,眉が寄り目が細く、口元もやや緊張していて不快・不満寄りの表情に見えます。一方で動きは強くなく、覚醒度は中程度と判断しました。
../database/final_database/020/001.jpg,20,001.jpg,7,-0.32,0.18,眉が寄り、目が細く口元も緊張しており、快より不快寄りの表情に見えます。一方で動きは大きくなく、覚醒度は中程度にとどまります。
../database/final_database/020/001.jpg,20,001.jpg,8,-0.34,0.12,眉が寄り目が細く、口元もわずかに歪んでいて不快・困惑寄りの表情に見えます。一方で動きは小さく、強い興奮や緊張は感じにくいため覚醒度は低めです。
../database/final_database/020/001.jpg,20,001.jpg,9,-0.32,0.28,眉が寄り目が細く、口元も緊張しており不快・困惑寄りの表情に見えます。一方で表情筋の緊張があるため覚醒度はやや高めと判断しました。
../database/final_database/020/001.jpg,20,001.jpg,10,-0.32,0.18,眉が寄り、目が細く口元も緊張しており、不快寄りの表情に見えます。一方で動きや表情の強さは中程度で、覚醒度はやや低～中程度と判断しました。
../database/final_database/020/002.jpg,20,002.jpg,1,-0.55,0.2,眉が寄り目が強く閉じられており、口元も緊張していて不快・苦痛の表情に見えます。一方で激しい驚きや興奮ではなく、覚醒度は中程度です。
../database/final_database/020/002.jpg,20,002.jpg,2,-0.42,0.18,眉が寄り目が細く、口角も下がり気味で不快・苦痛寄りの表情に見えます。一方で動きは大きくなく緊張感も強くないため、覚醒度は低〜中程度と判断しました。
../database/final_database/020/002.jpg,20,002.jpg,3,-0.62,0.18,目を強く閉じ、眉間にしわが寄っていて口元も緊張しているため、不快寄りの感情が強いと判断しました。一方で身体の動きは少なく、驚きや興奮ほどの覚醒は感じないため中程度の低～中覚醒としました。
../database/final_database/020/002.jpg,20,002.jpg,4,-0.42,0.18,眉が中央に寄り、目が細く口元も緊張しており、不快・痛み/困惑寄りの表情に見えます。一方で表情の動きは大きすぎず、覚醒度は中程度に留まります。
../database/final_database/020/002.jpg,20,002.jpg,5,-0.52,0.18,眉が中央に寄り、目を強く閉じて口角が下がっているため不快・苦痛寄りの表情に見えます。一方で動きは強い怒りほどではなく、覚醒度はやや低〜中程度と判断しました。
../database/final_database/020/002.jpg,20,002.jpg,6,-0.52,0.21,眉が内側に寄り、目を強く閉じ気味で口元も緊張しており、不快・苦痛寄りの表情に見えます。一方で動きは強い怒りほどではなく、覚醒度は中程度と判断しました。
../database/final_database/020/002.jpg,20,002.jpg,7,-0.55,0.35,眉が寄り目が細く、口元も緊張しており不快・痛み/嫌悪寄りの表情に見えます。一方で強い驚きほどの開眼や口の大きな開きはなく、覚醒度は中程度です。
../database/final_database/020/002.jpg,20,002.jpg,8,-0.55,0.25,眉が寄り、目を強く閉じて口元も緊張しており、不快・苦痛寄りの表情に見えます。一方で動きは大きくないため覚醒度は中程度と判断しました。
../database/final_database/020/002.jpg,20,002.jpg,9,-0.62,0.34,眉間にしわが寄り、目を強く閉じて口元も緊張しており、不快・苦痛寄りの表情に見えます。一方で顔の筋緊張はあるものの激しい興奮ではないため、覚醒度は中程度と判断しました。
../database/final_database/020/002.jpg,20,002.jpg,10,-0.55,0.35,眉が寄り、目が閉じ気味で口元も緊張しており、不快・苦痛寄りの表情に見えます。一方で強い驚きや興奮はなく、覚醒度は中程度と判断しました。
../database/final_database/020/003.jpg,20,003.jpg,1,-0.38,0.32,眉間にしわが寄り、目が細く口が開いているため、不快・困惑寄りの表情に見えます。一方で表情筋の緊張があり反応性は中程度なので覚醒はやや高めと判断しました。
../database/final_database/020/003.jpg,20,003.jpg,2,-0.58,0.42,眉が寄り、目が細く口が開いて緊張した表情で、不快感や嫌悪・不満が読み取れます。一方で表情の動きが強く、覚醒度は中程度に高いと判断します。
../database/final_database/020/003.jpg,20,003.jpg,3,-0.52,0.38,眉間にしわが寄り、口が開いて不快そうな表情で、やや嫌悪・困惑が感じられます。表情の緊張はあるものの過度ではなく、中程度の覚醒と判断しました。
../database/final_database/020/003.jpg,20,003.jpg,4,-0.55,0.35,眉が寄り目が細く、口が開いて不快そうな緊張表情が見られます。強い喜びではなく嫌悪・不満寄りで、覚醒は中程度と判断しました。
../database/final_database/020/003.jpg,20,003.jpg,5,-0.55,0.45,眉間にしわが寄り、目が細まり口が開いて緊張・不快感が見られるためvalenceは低めです。一方で表情の筋緊張が強く反応性があるためarousalはやや高めです。
../database/final_database/020/003.jpg,20,003.jpg,6,-0.52,0.28,眉が寄り、目が細まり、口が開いて不快そうな表情で、ネガティブな感情が強く見えます。一方で動きはあるものの激しい興奮というほどではないため覚醒度は中程度と判断しました。
../database/final_database/020/003.jpg,20,003.jpg,7,-0.42,0.38,眉が中央に寄り、目が細く口が開いて歯が見えるなど、不快・嫌悪や困惑を示す表情に見えます。緊張や不快感がありつつも極端ではないため、覚醒度は中程度と判断しました。
../database/final_database/020/003.jpg,20,003.jpg,8,-0.56,0.47,眉間にしわが寄り、目が細まり口が半開きで緊張・不快感が見られます。一方で表情の力みがあり、一定の覚醒（興奮・警戒）も感じられます。
../database/final_database/020/003.jpg,20,003.jpg,9,-0.45,0.35,眉が寄り目が細く、口が開いて歯が見えるなど不快・困惑の表情に見えるためvalenceは低めです。表情の緊張はある一方で激しい興奮ではないためarousalは中程度と判断しました。
../database/final_database/020/003.jpg,20,003.jpg,10,-0.55,0.35,眉が寄り、目が細まり、口が半開きで不快感や戸惑いが示唆されます。一方で表情の強さは中程度で、覚醒度はやや高めと判断しました。
../database/final_database/020/004.jpg,20,004.jpg,1,-0.32,0.18,眉が寄り気味で口元もやや緊張しており、不快・不安寄りの表情に見えます。一方で強い興奮や驚きはなく、覚醒度は低〜中程度と判断しました。
../database/final_database/020/004.jpg,20,004.jpg,2,-0.32,0.18,眉が中央に寄って上がり、口角が下がり気味で不快・困惑寄りの表情に見えます。一方で目の開きは極端ではなく、覚醒度は低〜中程度と判断しました。
../database/final_database/020/004.jpg,20,004.jpg,3,-0.35,0.25,眉が中央に寄って口元が引きつり、不快・不安寄りの表情に見えます。一方で大きく驚いたり興奮しているほどではなく、覚醒度はやや低〜中程度です。
../database/final_database/020/004.jpg,20,004.jpg,4,-0.42,0.35,口角が下がり、眉が寄っていて不快・困惑寄りの表情に見えます。一方で目が開き気味で緊張感があり、覚醒度はやや高めと判断しました。
../database/final_database/020/004.jpg,20,004.jpg,5,-0.47,0.32,眉間にしわが寄り口角が下がっており、不快・不安寄りの表情に見えます。一方で目は開いていて表情の緊張もあるため、覚醒度はやや高めと判断しました。
../database/final_database/020/004.jpg,20,004.jpg,6,-0.38,0.32,眉が中央に寄り、口元がやや緊張していて不快・困惑寄りの表情に見えます。一方で目は開いており表情筋の動きもあるため、覚醒度は低すぎないと判断しました。
../database/final_database/020/004.jpg,20,004.jpg,7,-0.45,0.35,眉が寄って口角が下がり、やや不快・不安そうな表情に見えます。一方で目は開いており緊張感があるため、覚醒度はやや高めと判断しました。
../database/final_database/020/004.jpg,20,004.jpg,8,-0.28,0.32,眉が中央に寄り、口角もやや下がって不快・不安寄りの表情に見えます。一方で目は開いており表情の緊張感があるため、覚醒度は中程度と判断しました。
../database/final_database/020/004.jpg,20,004.jpg,9,-0.52,0.38,眉が寄り、口角が下がって不快・不安寄りの表情に見えるためvalenceは低めです。一方で目が開き緊張感があるためarousalはやや高めと判断しました。
../database/final_database/020/004.jpg,20,004.jpg,10,-0.45,0.35,眉が寄って口角が下がり気味で、不快・不安寄りの表情に見えます。一方で目は開いており表情の緊張もあるため、覚醒度はやや高めと判断しました。
../database/final_database/020/005.jpg,20,005.jpg,1,-0.62,0.48,眉間にしわが寄り目が細く、口元も緊張していて不快・嫌悪/痛みの表情に見えます。表情の収縮が強く動的で、覚醒度はやや高めと判断しました。
../database/final_database/020/005.jpg,20,005.jpg,2,-0.62,0.48,眉間にしわが寄り、目が細く口が開いて歯が見えるなど不快・嫌悪や怒りに近い表情です。表情の緊張はあるため覚醒度は中程度に高いと判断しました。
../database/final_database/020/005.jpg,20,005.jpg,3,-0.72,0.63,眉間にしわが寄り、目を細めて口を開けた緊張した表情で、不快・嫌悪や怒りの要素が強く見えます。口周りの力みもあり覚醒度は高めと判断しました。
../database/final_database/020/005.jpg,20,005.jpg,4,-0.55,0.45,眉間にしわが寄り、目を細め口を開けた不快そうな表情で、ネガティブな感情が強いと判断しました。表情の緊張と口の開きから、覚醒度はやや高めです。
../database/final_database/020/005.jpg,20,005.jpg,5,-0.62,0.48,目を細めて眉間にしわが寄り、口元も不快そうに歪んでいるため否定的な感情が強いです。表情の緊張と力みがあり、覚醒度は中程度に高いと判断しました。
../database/final_database/020/005.jpg,20,005.jpg,6,-0.62,0.55,眉が寄り、目が細く、口が開いて歯が見えるなど不快・怒り/嫌悪に近い表情です。緊張感があり感情の強度も中〜やや高めに見えるためarousalは正寄りです。
../database/final_database/020/005.jpg,20,005.jpg,7,-0.62,0.58,眉が寄り、目が細く口が開いて歯が見えるなど不快・嫌悪/怒り寄りの表情に見えるためvalenceは低めです。表情筋の緊張と口の開きから覚醒度は中程度以上と判断しました。
../database/final_database/020/005.jpg,20,005.jpg,8,-0.55,0.45,眉が寄り、目が細く、口元が緊張して開いているため不快・嫌悪や苦痛の表情に見えます。一方で表情筋の緊張が強く、反応性は中程度に高いので覚醒はやや高めと判断しました。
../database/final_database/020/005.jpg,20,005.jpg,9,-0.72,0.58,眉が寄り目が細く、口元も強く緊張しており不快・怒り/苦痛寄りの表情に見えます。一方で表情筋の緊張が強く、覚醒度はやや高めと判断しました。
../database/final_database/020/005.jpg,20,005.jpg,10,-0.64,0.55,眉が寄り目が細く、口が開いて歯を見せるなど不快・嫌悪や痛みを示す表情に見えます。一方で表情筋の緊張が強く、覚醒度はやや高めです。
../database/final_database/020/006.jpg,20,006.jpg,1,-0.56,0.38,眉が寄り目が強く閉じられ、口が開いて苦痛や不快を示す表情に見えます。一方で表情の緊張があり、覚醒度はやや高めと判断しました。
../database/final_database/020/006.jpg,20,006.jpg,2,-0.55,0.35,目を強く閉じて眉間にしわが寄り、口も歪んでいるため不快・苦痛寄りの表情に見えます。一方で力が入っている様子から覚醒度はやや高めと判断しました。
../database/final_database/020/006.jpg,20,006.jpg,3,-0.62,0.54,目を強く閉じて眉間にしわが寄り、口も緊張して開いており、不快・苦痛の表情に見えます。表情の緊張度が高く、情動の喚起（覚醒）も中程度以上と判断します。
../database/final_database/020/006.jpg,20,006.jpg,4,-0.62,0.48,目を強く閉じ、口が開いて眉間にしわが寄っており、不快・苦痛を示す表情に見えます。筋緊張が強く反応も大きいため覚醒度はやや高めと判断しました。
../database/final_database/020/006.jpg,20,006.jpg,5,-0.62,0.48,目を強く閉じて眉が寄り、口が開いているため、不快感や苦痛・嫌悪に近い表情に見えます。表情の緊張が強く、感情の動きも中程度に高いと判断しました。
../database/final_database/020/006.jpg,20,006.jpg,6,-0.62,0.48,目を強く閉じて眉間にしわが寄り、口が開いて苦痛や不快を示す表情に見えます。一方で顔全体の緊張が強く、反応はやや覚醒寄りです。
../database/final_database/020/006.jpg,20,006.jpg,7,-0.65,0.35,目を強く閉じ、眉間にしわが寄り口が開いているため、不快・痛みや嫌悪に近い表情に見えます。一方で表情の緊張はあるものの極端に激しい動きではないため覚醒度は中程度と判断しました。
../database/final_database/020/006.jpg,20,006.jpg,8,-0.62,0.48,眉間にしわが寄り目を強く閉じ、口が開いて苦痛や不快を示す表情に見えます。一方で顔の緊張が強く、情動の強度（覚醒度）は中程度以上と判断しました。
../database/final_database/020/006.jpg,20,006.jpg,9,-0.72,0.48,目を強く閉じ、眉間にしわが寄って口が開いているため、不快・苦痛の表情に見えます。緊張感があり、やや覚醒度も高めと判断しました。
../database/final_database/020/006.jpg,20,006.jpg,10,-0.62,0.48,目を強く閉じ、眉間にしわが寄って口が開いているため、不快・苦痛や泣きそうな表情に見えます。表情の緊張が強く、情動の立ち上がりがあるため覚醒度はやや高めです。
../database/final_database/020/007.jpg,20,007.jpg,1,-0.3,0.25,片目を強くつぶり口元も緊張しており、不快感や痛みのようなネガティブ寄りの表情に見えます。一方で表情の強さは中程度で、覚醒度はやや高めと判断しました。
../database/final_database/020/007.jpg,20,007.jpg,2,-0.35,0.25,片目を強くつぶり口元も引きつった表情で、不快や痛み・困惑に近いネガティブ寄りの印象です。表情の緊張はあるものの激しい興奮ではないため覚醒度は中程度にしました。
../database/final_database/020/007.jpg,20,007.jpg,3,-0.35,0.25,片目を強くつぶり口元もやや引きつった表情で、不快・困惑のニュアンスが強いです。一方で表情の緊張があるため覚醒度はやや高めと判断しました。
../database/final_database/020/007.jpg,20,007.jpg,4,-0.15,0.35,片目を強くつむり口元がやや歪んでおり、快よりも不快・困惑寄りの表情に見えます。一方で表情筋の緊張があり、覚醒度はやや高めです。
../database/final_database/020/007.jpg,20,007.jpg,5,-0.12,0.18,片目を強く閉じて口角が下がり、眉間にも緊張が見られるため不快寄りに判断しました。表情の強度は中程度で、覚醒度はやや高めです。
../database/final_database/020/007.jpg,20,007.jpg,6,-0.32,0.35,眉が寄り、片目を強くつぶって口元も緊張しており、不快・苦痛寄りの表情に見えます。一方で表情筋の緊張が強く、やや覚醒度は高めです。
../database/final_database/020/007.jpg,20,007.jpg,7,-0.18,0.22,片目を強くつぶり口元も緊張しており、痛みや不快感に近い表情に見えます。一方で強い興奮というよりは軽い緊張・反応程度の覚醒レベルです。
../database/final_database/020/007.jpg,20,007.jpg,8,-0.28,0.32,片目を強くつぶり口元もやや歪んでおり、不快感や困惑が示唆されるためvalenceはやや負寄りです。表情の緊張があり反応はあるのでarousalは中程度に正寄りと判断しました。
../database/final_database/020/007.jpg,20,007.jpg,9,-0.22,0.31,眉が寄り、片目を強く閉じて口元も緊張しており、不快・痛みや不満寄りの表情に見えます。一方で顔の筋緊張があり反応も強めなので覚醒度はやや高めと判断しました。
../database/final_database/020/007.jpg,20,007.jpg,10,-0.28,0.32,片目を強くつぶり、口元もこわばっていて不快感や痛みを示す表情に見えます。一方で表情筋の緊張があり、覚醒度はやや高めと判断しました。
../database/final_database/020/008.jpg,20,008.jpg,1,-0.62,0.48,眉間にしわが寄り、目が細く口が歪んでいて不快・嫌悪や不満の表情に見えるためvalenceは低めです。一方で表情筋の緊張があり反応性はあるのでarousalは中程度に高いと判断しました。
../database/final_database/020/008.jpg,20,008.jpg,2,-0.62,0.55,眉が寄り、口が歪んで半開きになっており、不快感や嫌悪・痛みを示す表情に見えます。表情の緊張が強く反応も大きいため覚醒度はやや高めです。
../database/final_database/020/008.jpg,20,008.jpg,3,-0.62,0.41,眉間にしわが寄り、口角が下がって歯が見える緊張した表情で不快寄りです。目元と口元の力みがあり、覚醒度はやや高めと判断しました。
../database/final_database/020/008.jpg,20,008.jpg,4,-0.62,0.48,眉がしかめられ口角が下がっており、不快・嫌悪や不満を示す表情に見えます。目がやや細まり口が開いて緊張感があるため、覚醒度は中程度に高いと判断しました。
../database/final_database/020/008.jpg,20,008.jpg,5,-0.62,0.48,眉間にしわが寄り口が開いていて、嫌悪や不快感・困惑が見られる表情です。緊張感があり反応も強めなので覚醒度はやや高めと判断しました。
../database/final_database/020/008.jpg,20,008.jpg,6,-0.62,0.48,眉間にしわが寄り、目を細めて口角が下がった表情で不快・嫌悪の傾向が強いです。一方で口を開けて緊張が見られ、覚醒度は中程度に高いと判断します。
../database/final_database/020/008.jpg,20,008.jpg,7,-0.62,0.48,眉が寄り目が細く、口が半開きで緊張や不快感が強く見えるためvalenceは低めです。一方で表情筋の収縮が強く、反応性が高い表情なのでarousalはやや高めと判断しました。
../database/final_database/020/008.jpg,20,008.jpg,8,-0.58,0.62,眉が寄り目が細く、口が開いて歯が見えるなど不快・嫌悪や痛みを示す表情に見えるためvalenceは低めです。表情筋の緊張が強く反応も強そうなのでarousalは高めにしました。
../database/final_database/020/008.jpg,20,008.jpg,9,-0.62,0.48,眉が寄り、目が細く口角が下がっていて不快・嫌悪寄りの表情に見えるためvalenceは低めです。口が開き表情筋の緊張が見られるので覚醒度はやや高めと判断しました。
../database/final_database/020/008.jpg,20,008.jpg,10,-0.62,0.48,眉間にしわが寄り口角が下がっており、不快・嫌悪や痛みのような否定的感情が強い表情に見えます。一方で目や口周りに緊張があり、反応はやや覚醒寄りです。
../database/final_database/020/009.jpg,20,009.jpg,1,-0.55,0.35,目を強く閉じて眉間にしわが寄り、口元も緊張していて不快・苦痛の表情に見えます。一方で顔全体の緊張があり、覚醒度はやや高めと判断しました。
../database/final_database/020/009.jpg,20,009.jpg,2,-0.55,0.42,眉が寄り、目が強く閉じられ、口元も緊張しており不快・苦痛寄りの表情に見えます。表情の強さは中程度で、覚醒度はやや高めと判断しました。
../database/final_database/020/009.jpg,20,009.jpg,3,-0.72,0.61,目を強く閉じて眉を寄せ、口も緊張しており不快・苦痛寄りの表情に見えます。顔の筋緊張が強く、覚醒度も比較的高いと判断しました。
../database/final_database/020/009.jpg,20,009.jpg,4,-0.72,0.58,眉間にしわが寄り目を強く閉じ、口元も緊張しており不快・苦痛の表情に見えます。表情の強度が高く、身体的な緊張も感じられるため覚醒度はやや高めです。
../database/final_database/020/009.jpg,20,009.jpg,5,-0.62,0.54,目を強く閉じて眉間にしわが寄り、口元も緊張しているため不快寄りの表情に見えます。力が入っている様子から覚醒度はやや高めと判断しました。
../database/final_database/020/009.jpg,20,009.jpg,6,-0.62,0.38,目を強く閉じて眉間にしわが寄り、口も緊張していて不快・苦痛の表情に見えます。一方で表情筋の収縮が強く、一定の覚醒（緊張）も感じられます。
../database/final_database/020/009.jpg,20,009.jpg,7,-0.62,0.48,目を強く閉じて眉間にしわが寄り、口も緊張しているため不快寄りの表情に見えます。一方で表情の筋緊張が強く、覚醒度は中程度以上と判断しました。
../database/final_database/020/009.jpg,20,009.jpg,8,-0.58,0.54,目を強く閉じて眉間にしわが寄り、口元も緊張しているため不快寄りの感情に見えます。表情の強度が高く緊張感があるので覚醒度はやや高めです。
../database/final_database/020/009.jpg,20,009.jpg,9,-0.62,0.58,眉が寄って目が強く閉じられ、口も緊張していて不快・苦痛の表情に見えます。表情の収縮が強くエネルギー感もあるため覚醒度はやや高めと判断しました。
../database/final_database/020/009.jpg,20,009.jpg,10,-0.58,0.42,目を強く閉じて眉間にしわが寄っており、口元も緊張しているため不快寄りの感情が強いです。一方で表情の筋緊張がはっきりしているため覚醒度は中程度に高いと判断しました。
../database/final_database/021/001.jpg,21,001.jpg,1,-0.42,0.28,眉間にしわが寄り目が細く、口元も緊張していて不快・困惑寄りの表情に見えます。一方で強い興奮や活発さは少なく、軽い覚醒程度と判断しました。
../database/final_database/021/001.jpg,21,001.jpg,2,-0.32,0.28,眉が寄り目が細く、口元も緊張しており、不快・困惑寄りの表情に見えます。一方で表情の硬さから適度な覚醒（緊張）が感じられます。
../database/final_database/021/001.jpg,21,001.jpg,3,-0.42,0.31,眉が寄って目が細く、口元も緊張していて不快・困惑寄りの表情に見えます。一方で表情の収縮はあるため覚醒度はやや高めと判断しました。
../database/final_database/021/001.jpg,21,001.jpg,4,-0.58,0.32,眉が寄り目が細く、口元も緊張しており不快・不満の表情に見えます。一方で表情の緊張があるため覚醒度はやや高めと判断しました。
../database/final_database/021/001.jpg,21,001.jpg,5,-0.38,0.22,眉が寄って目が細く、口元も緊張しており不快・困惑寄りの表情に見えます。一方で動きは大きくなく、覚醒度は中程度に留まる印象です。
../database/final_database/021/001.jpg,21,001.jpg,6,-0.28,0.22,眉間にしわが寄り目が細く、口元も緊張していて不快・戸惑い寄りの表情に見えます。一方で強い興奮や活発さはなく、軽い緊張程度の覚醒と判断しました。
../database/final_database/021/001.jpg,21,001.jpg,7,-0.35,0.15,眉間にしわが寄り、目が細く口元も緊張しており不快寄りの表情に見えます。一方で動きは強くなく、覚醒度はやや低〜中程度です。
../database/final_database/021/001.jpg,21,001.jpg,8,-0.42,0.22,眉が寄り目が細く、口元も緊張していて不快・困惑寄りの表情に見えます。一方で動きは強くなく、覚醒度は中程度と判断しました。
../database/final_database/021/001.jpg,21,001.jpg,9,-0.35,0.25,眉間にしわが寄り、目が細く口角も下がり気味で不快寄りの表情に見えます。一方で口がわずかに開き緊張感があるため、覚醒度は低すぎず中程度と判断しました。
../database/final_database/021/001.jpg,21,001.jpg,10,-0.42,0.18,眉間にしわが寄り目が細く、口元も緊張して見えるため不快寄りの表情です。一方で動きは大きくなく、覚醒度は中程度に留まると判断しました。
../database/final_database/021/002.jpg,21,002.jpg,1,-0.08,-0.2,口角がわずかに下がり、眉もやや寄って見えるため軽い不快・不満寄りの印象です。目の開きや表情筋の動きが小さく、全体として落ち着いた低覚醒に見えます。
../database/final_database/021/002.jpg,21,002.jpg,2,-0.18,-0.12,口角がやや下がり、眉間に軽い緊張が見られるため快より不快寄りと判断しました。一方で表情の強い高揚はなく、落ち着いた状態に見えるため覚醒度は低めです。
../database/final_database/021/002.jpg,21,002.jpg,3,-0.18,-0.12,口角があまり上がらず目元もやや緊張しており、快より不快寄りに見えます。一方で表情の動きは強くなく、覚醒度は低めと判断しました。
../database/final_database/021/002.jpg,21,002.jpg,4,-0.12,0.18,口角がやや下がり目元も緊張しており、軽い不快・不満寄りに見えます。一方で表情の強度は強くなく、覚醒度は低〜中程度です。
../database/final_database/021/002.jpg,21,002.jpg,5,0.1,-0.2,口角がわずかに上がって見え、強い不快感は感じられないためvalenceは弱い正寄りです。一方で目の開きが控えめで表情の動きも小さいため、arousalはやや低めと判断しました。
../database/final_database/021/002.jpg,21,002.jpg,6,-0.18,0.12,口角がわずかに下がり、眉間に軽い緊張が見られるため快ではなくやや不快寄りと判断しました。一方で表情の強さは弱く、覚醒度は中立より少し上程度です。
../database/final_database/021/002.jpg,21,002.jpg,7,0.05,-0.15,口角がわずかに上がっているものの、目元は落ち着いており強い喜怒哀楽は見られません。全体として中立〜わずかに快で、覚醒度は低めに見えます。
../database/final_database/021/002.jpg,21,002.jpg,8,-0.28,-0.12,眉が寄り気味で口角がやや下がっており、わずかに不快・困惑寄りの表情に見えます。一方で目の見開きや表情筋の緊張は強くなく、覚醒度は低めと判断しました。
../database/final_database/021/002.jpg,21,002.jpg,9,-0.12,0.18,口角がわずかに下がり、目元もやや緊張していて軽い不快・不満の表情に見えます。一方で強い興奮や沈静はなく、覚醒度は低〜中程度です。
../database/final_database/021/002.jpg,21,002.jpg,10,-0.25,-0.15,口角がやや下がり、目元も緊張が少なく全体に不快寄りの表情に見えます。表情の動きが小さく落ち着いているため覚醒度は低めと判断しました。
../database/final_database/021/003.jpg,21,003.jpg,1,-0.42,0.38,眉が寄り、口が半開きで不快・困惑の表情に見えるためvalenceは負寄りです。表情の緊張感はあるものの強い興奮ではないためarousalは中程度の正にしました。
../database/final_database/021/003.jpg,21,003.jpg,2,-0.42,0.38,眉が寄って片目が細く、口が開いて歯が見えており、不快・困惑や嫌悪に近い表情に見えます。一方で表情筋の緊張があり完全に落ち着いた状態ではないため、覚醒度はやや高めと判断します。
../database/final_database/021/003.jpg,21,003.jpg,3,-0.58,0.42,眉間にしわが寄り、口が開いて歯が見えるなど苦痛・不快の表情に見えるためvalenceは低めです。一方で表情筋の緊張があり、感情の強度は中程度に感じられるためarousalはやや高めです。
../database/final_database/021/003.jpg,21,003.jpg,4,-0.55,0.35,眉間にしわが寄り、口元が引きつった不快・困惑の表情に見えます。一方で目の開きや表情の緊張感から、覚醒度はやや高めと判断しました。
../database/final_database/021/003.jpg,21,003.jpg,5,-0.55,0.35,眉が寄り、口が半開きで不快感や困惑が見られるためvalenceは低めです。一方で表情筋の緊張があり、一定の覚醒が感じられるためarousalはやや高めにしました。
../database/final_database/021/003.jpg,21,003.jpg,6,-0.35,0.55,眉が寄り、口が半開きで緊張や不快感が見られるためvalenceはやや低めです。一方で表情の強さがあり、覚醒度は中程度に高いと判断しました。
../database/final_database/021/003.jpg,21,003.jpg,7,-0.45,0.35,眉が寄り、目が細く口が開いているため、不快・困惑（やや怒り/痛み）寄りの表情に見えます。表情の緊張はあるものの激しい興奮ではないため覚醒度は中程度と判断しました。
../database/final_database/021/003.jpg,21,003.jpg,8,-0.45,0.35,眉が寄り、口が半開きで不快・困惑の表情に見えるためvalenceは低めです。一方で目や口周りに緊張があり、ある程度の覚醒が感じられるためarousalはやや高めです。
../database/final_database/021/003.jpg,21,003.jpg,9,-0.42,0.36,眉が寄り、口が開いて緊張や不快感が見られるためvalenceは低めです。一方で表情筋の緊張があり反応はやや強いのでarousalは中程度にしました。
../database/final_database/021/003.jpg,21,003.jpg,10,-0.45,0.35,眉間にしわが寄り口が半開きで、困惑や不快感を示す表情に見えます。緊張感はあるものの極端ではなく、中程度の覚醒と判断しました。
../database/final_database/021/004.jpg,21,004.jpg,1,-0.62,0.38,眉が中央に寄り、目がやや細く口角が下がって開いているため、不快・悲痛寄りの表情に見えます。一方で表情の緊張があり、感情の動きは中程度に感じられるため覚醒はやや高めと判断しました。
../database/final_database/021/004.jpg,21,004.jpg,2,-0.55,0.35,眉が寄り、口角が下がって不快・悲しみ寄りの表情に見えます。一方で口が開き緊張感があり、覚醒度はやや高めです。
../database/final_database/021/004.jpg,21,004.jpg,3,-0.62,0.38,眉が内側に寄り、目が細く口角が下がり気味で不快・悲しみ寄りの表情に見えます。一方で口が開き顔の緊張もあり、落ち着いた状態よりはやや覚醒度が高いと判断しました。
../database/final_database/021/004.jpg,21,004.jpg,4,-0.55,0.35,眉が中央に寄って下がり、口が少し開いて不快・困惑（泣きそう）な表情に見えます。一方で表情の緊張は中程度で、覚醒度はやや高めと判断しました。
../database/final_database/021/004.jpg,21,004.jpg,5,-0.62,0.32,眉が寄り目が細く、口が開いて下がっているため、不快・苦痛寄りの感情が示唆されます。一方で表情の強度は極端ではなく、覚醒度は中程度と判断しました。
../database/final_database/021/004.jpg,21,004.jpg,6,-0.55,0.35,眉が寄って目が細く、口角も下がり気味で不快・悲しみ寄りの表情に見えます。一方で口が開き緊張感があり、完全に沈静ではなく中程度の覚醒が感じられます。
../database/final_database/021/004.jpg,21,004.jpg,7,-0.62,0.44,眉が中央に寄り、口角が下がって開いているため不快・悲しみ寄りの表情に見えます。一方で表情の緊張と口の開きから覚醒度はやや高めです。
../database/final_database/021/004.jpg,21,004.jpg,8,-0.55,0.35,眉が寄り気味で口元が下がり、泣きそう・不快寄りの表情に見えます。一方で表情の緊張は中程度で、覚醒度はやや高めと判断しました。
../database/final_database/021/004.jpg,21,004.jpg,9,-0.62,0.44,眉が寄って目元が細く、口角も下がり気味で不快・苦痛の表情に見えます。口が開いて緊張があり、覚醒度は中程度に高いと判断しました。
../database/final_database/021/004.jpg,21,004.jpg,10,-0.62,0.38,眉が内側に寄り、口角が下がって少し開いており、不快・悲しみや不安の表情に見えます。一方で表情の緊張は中程度で、強い興奮というよりはやや覚醒した状態と判断しました。
../database/final_database/021/005.jpg,21,005.jpg,1,-0.42,0.18,眉が寄り、口角が下がって不快・困惑寄りの表情に見えます。一方で目の開きや表情の強さは中程度で、覚醒度はやや低めと判断しました。
../database/final_database/021/005.jpg,21,005.jpg,2,-0.18,0.22,口角がやや下がり眉間にしわが寄っており、不快・困惑寄りの表情に見えます。一方で目は開いていて表情筋の緊張もあるため、覚醒度はやや高めと判断しました。
../database/final_database/021/005.jpg,21,005.jpg,3,-0.28,0.22,眉が寄り、口角がわずかに下がっていて不快・困惑寄りの表情に見えます。一方で目の開きは極端ではなく、強い興奮や緊張は低めです。
../database/final_database/021/005.jpg,21,005.jpg,4,-0.25,0.35,眉が寄り、口角がやや下がっていて不快・不安寄りの表情に見えるためvalenceは低めです。一方で目が開き気味で緊張感があり、覚醒度はやや高めと判断しました。
../database/final_database/021/005.jpg,21,005.jpg,5,-0.32,0.18,口角がやや下がり眉が寄っており、不快・困惑寄りの表情に見えます。一方で目の開きは強くなく、興奮度は低〜中程度と判断しました。
../database/final_database/021/005.jpg,21,005.jpg,6,-0.28,0.34,眉が寄って口角が下がり気味で、不快・戸惑いのニュアンスが見られます。一方で目は開いており表情の緊張感もあるため、覚醒度はやや高めと判断しました。
../database/final_database/021/005.jpg,21,005.jpg,7,-0.35,0.25,眉が寄って口角が下がり気味で、不快・困惑のニュアンスが見られます。一方で表情の強度は極端ではなく、覚醒度は中程度と判断しました。
../database/final_database/021/005.jpg,21,005.jpg,8,-0.22,0.18,口角がやや下がり、眉間にしわが寄っていて不安・戸惑いの表情に見えるため快は低めです。一方で目は開いており緊張感があるので覚醒はやや高めと判断しました。
../database/final_database/021/005.jpg,21,005.jpg,9,-0.25,0.3,口角が下がり気味で眉間にしわが寄っており、不快・困惑寄りの表情に見えます。一方で目は開いていて緊張感があり、覚醒度はやや高めと判断しました。
../database/final_database/021/005.jpg,21,005.jpg,10,-0.25,0.3,眉が寄り口角が下がり気味で、やや不快・困惑の表情に見えるためvalenceは低めです。目の開きは中程度で緊張感が少しあるためarousalはやや高めにしました。
../database/final_database/021/006.jpg,21,006.jpg,1,-0.12,-0.18,口角がやや下がり、眉も少し内側に寄っていて不快寄りの表情に見えます。目の開きや表情筋の緊張が強くなく、覚醒度は低めと判断しました。
../database/final_database/021/006.jpg,21,006.jpg,2,-0.12,-0.05,口角がわずかに下がり、眉も少し寄っていて不快寄りの表情に見えます。一方で目の開きや表情筋の緊張は強くなく、覚醒度は低めと判断しました。
../database/final_database/021/006.jpg,21,006.jpg,3,-0.12,0.18,口角がわずかに下がり、眉もやや寄っていて不快寄りの表情に見えます。一方で目の開きは通常で強い緊張はなく、覚醒度は軽度と判断しました。
../database/final_database/021/006.jpg,21,006.jpg,4,-0.12,-0.18,口角がやや下がり、眉も少し寄っていて、軽い不快・不安寄りの表情に見えます。目の開きや表情筋の動きは大きくなく、覚醒度は低めと判断しました。
../database/final_database/021/006.jpg,21,006.jpg,5,-0.05,-0.2,口角がほぼ水平でわずかに下がり、眉も中立〜軽い緊張が見られるため快でも不快でもないがやや不快寄りと判断しました。目の開きや表情の動きが小さく、興奮度は低めに見えます。
../database/final_database/021/006.jpg,21,006.jpg,6,-0.12,-0.18,口角がやや下がり、目元も緊張が少なく全体としてわずかに不快・不安寄りに見えます。一方で表情の動きは大きくなく、覚醒度は低めです。
../database/final_database/021/006.jpg,21,006.jpg,7,-0.25,0.05,口角がやや下がり、眉もわずかに寄っていて不快寄りの表情に見えます。一方で目の開きや表情筋の緊張は強くなく、覚醒度は低めです。
../database/final_database/021/006.jpg,21,006.jpg,8,-0.12,0.05,口元がわずかに下がり、眉間も少し寄っていて軽い不快・不安寄りに見えます。表情の変化は小さく、覚醒度は低め〜中立程度です。
../database/final_database/021/006.jpg,21,006.jpg,9,-0.12,-0.08,口角がわずかに下がり、眉もやや内側に寄っていて軽い不快・不安寄りに見えます。一方で表情の強い緊張や驚きは少なく、覚醒度は低めです。
../database/final_database/021/006.jpg,21,006.jpg,10,-0.18,-0.12,口角がやや下がり、眉と目元に弱い緊張が見られるため、わずかに不快寄りと判断しました。一方で表情の強さは小さく、興奮や強い緊張は感じにくいので覚醒度は低めです。
../database/final_database/021/007.jpg,21,007.jpg,1,-0.32,0.18,眉が寄り、目が細く口元が緊張しており、不快・困惑寄りの表情に見えます。一方で激しい驚きや興奮は弱く、覚醒度はやや低め～中程度です。
../database/final_database/021/007.jpg,21,007.jpg,2,-0.48,0.42,眉が寄って目が細まり、口元も緊張していて不快・不満そうな表情に見えます。一方で表情筋の緊張があり、落ち着いた無表情よりは覚醒度がやや高い印象です。
../database/final_database/021/007.jpg,21,007.jpg,3,-0.42,0.32,眉が寄り気味で口元も緊張しており、不快・困惑の方向の感情が示唆されます。一方で目の開きは保たれており、強い沈静ではないため覚醒度は中程度と判断しました。
../database/final_database/021/007.jpg,21,007.jpg,4,-0.35,0.25,眉がひそまり口角が下がっていて不快・不満寄りの表情に見えます。一方で目は開いており緊張感はあるものの、強い興奮ではないため覚醒はやや低めです。
../database/final_database/021/007.jpg,21,007.jpg,5,-0.42,0.34,眉が寄り、目が細く口元も緊張しており、不快・困惑寄りの表情に見えます。一方で表情筋の緊張があり無表情ではないため、覚醒度はやや高めと判断しました。
../database/final_database/021/007.jpg,21,007.jpg,6,-0.28,0.32,眉が寄って目が細く、口元も引きつって不快・困惑寄りの表情に見えるためvalenceはやや低めです。一方で顔の緊張感があり、落ち着きというよりは軽い覚醒が感じられるためarousalはやや高めにしました。
../database/final_database/021/007.jpg,21,007.jpg,7,-0.35,0.45,眉間にしわが寄り目が細く、口元も緊張して見えるため不快寄りです。一方で表情の筋緊張が強く、警戒や苛立ちのような覚醒度がやや高いと判断しました。
../database/final_database/021/007.jpg,21,007.jpg,8,-0.35,0.25,眉が寄り目が細く、口元も緊張しており不快・不満寄りの表情に見えます。一方で表情の強さは極端ではなく、覚醒度は中程度と判断しました。
../database/final_database/021/007.jpg,21,007.jpg,9,-0.32,0.26,眉間にしわが寄り、目が細く口元も緊張しており、不快・困惑寄りの表情に見えます。一方で動きは強くなく、覚醒度は中程度と判断しました。
../database/final_database/021/007.jpg,21,007.jpg,10,-0.38,0.27,眉間にしわが寄り、口元もやや緊張していて不快寄りの表情に見えます。一方で目の開きや表情筋の動きは強すぎず、覚醒度は中程度と判断しました。
../database/final_database/021/008.jpg,21,008.jpg,1,-0.55,0.35,眉が寄り目元が細く、口が開いて下唇が緊張しており不快・困惑寄りの表情に見えます。緊張感はあるものの激しい興奮ではないため覚醒度は中程度と判断しました。
../database/final_database/021/008.jpg,21,008.jpg,2,-0.43,0.38,眉がひそまり口角が下がって不快・困惑の表情に見えるためvalenceは低めです。一方で口が開き緊張感があり、覚醒度はやや高めと判断しました。
../database/final_database/021/008.jpg,21,008.jpg,3,-0.35,0.45,眉が寄り目が細く、口が半開きで不快・困惑の表情に見えます。一方で表情筋の緊張があり、覚醒度はやや高めと判断しました。
../database/final_database/021/008.jpg,21,008.jpg,4,-0.48,0.32,眉が寄り口角が下がっており、不快・不安や嫌悪の表情に見えるためvalenceは低めです。一方で目や口元に緊張があり反応性はあるので、arousalはやや高めと判断しました。
../database/final_database/021/008.jpg,21,008.jpg,5,-0.35,0.4,眉が寄って口が半開きで、困惑や不快感が見られるためvalenceはやや低めです。一方で表情筋の緊張があり反応性も高そうなのでarousalはやや高めと判断しました。
../database/final_database/021/008.jpg,21,008.jpg,6,-0.45,0.35,眉が寄り口角が下がって不快・不安の表情が強く、快よりも不快寄りです。口が開き緊張感があり、覚醒度はやや高めに見えます。
../database/final_database/021/008.jpg,21,008.jpg,7,-0.55,0.45,眉が寄り口元が引きつった表情で不快・不安寄りの感情が見られます。一方で目や口の緊張があり、覚醒度は中程度に高いと判断しました。
../database/final_database/021/008.jpg,21,008.jpg,8,-0.38,0.32,眉が寄り口が開いて歯が見え、嫌悪や不快感・戸惑いが示唆されるためvalenceはやや低めです。一方で表情の緊張と視線の動きから適度な覚醒があるためarousalは中程度にしました。
../database/final_database/021/008.jpg,21,008.jpg,9,-0.55,0.35,眉が寄り、口元も緊張していて不快・嫌悪や戸惑いが強い表情に見えます。一方で目は開いており表情筋の緊張もあるため、覚醒度はやや高めです。
../database/final_database/021/008.jpg,21,008.jpg,10,-0.55,0.45,眉が寄って口が開き、嫌悪や不快感・困惑が見られる表情です。一方で目や口周りに緊張があり、覚醒度はやや高めと判断しました。
../database/final_database/021/009.jpg,21,009.jpg,1,-0.15,0.2,口角がやや下がり、眉も上がり気味で不快・困惑寄りの表情に見えます。一方で目の開きは保たれており、覚醒度は中程度と判断しました。
../database/final_database/021/009.jpg,21,009.jpg,2,-0.25,0.15,口角が下がり気味で表情がややこわばっており、快よりも不快寄りに見えます。一方で目の開きや筋緊張は強すぎず、覚醒度は低～中程度と判断しました。
../database/final_database/021/009.jpg,21,009.jpg,3,-0.22,0.12,口角がやや下がり気味で、目元も緊張が見られるため軽い不快寄りの印象です。一方で表情の強い動きは少なく、覚醒度は低〜中程度に留まります。
../database/final_database/021/009.jpg,21,009.jpg,4,-0.12,0.18,口角がわずかに下がり、表情全体に軽い不快・戸惑いが見られるためvalenceはやや負寄りです。一方で目は開いており緊張感も少しあるため、arousalは低～中程度の正寄りです。
../database/final_database/021/009.jpg,21,009.jpg,5,-0.18,0.12,口角がやや下がり、目元も緊張していて不快寄りの表情に見えます。一方で大きな驚きや興奮はなく、覚醒度は中程度よりやや低めです。
../database/final_database/021/009.jpg,21,009.jpg,6,-0.18,0.32,口角がわずかに下がり、眉もやや緊張していて快より不快寄りに見えます。一方で目が開いて顔の筋緊張もあり、覚醒度は中程度に感じられます。
../database/final_database/021/009.jpg,21,009.jpg,7,0.05,0.12,口角がわずかに上がり不快感は強くない一方、目元の緊張は弱く全体として中立寄りに見えます。表情の動きも小さく、覚醒度は低～中程度と判断しました。
../database/final_database/021/009.jpg,21,009.jpg,8,-0.28,0.12,口角が下がり気味で目元も緊張しており、不快寄りの表情に見えます。一方で大きな驚きや興奮はなく、覚醒度は低〜中程度です。
../database/final_database/021/009.jpg,21,009.jpg,9,-0.18,0.32,口元がやや引きつり、眉と目元に緊張が見られるため不快寄りの印象です。一方で表情筋の緊張と視線の強さから覚醒度はやや高めと判断しました。
../database/final_database/021/009.jpg,21,009.jpg,10,-0.25,0.2,口角がやや下がり、眉も少し寄っていて不快・困惑寄りの表情に見えます。一方で目の開きは中程度で、強い緊張や興奮は感じにくいため覚醒度は低～中程度です。
../database/final_database/021/010.jpg,21,010.jpg,1,-0.53,0.41,眉が寄り、口元が歪んでおり不快・嫌悪や苦痛に近い表情に見えるためvalenceは低めです。一方で顔の緊張が強く、反応は比較的はっきりしているのでarousalはやや高めと判断しました。
../database/final_database/021/010.jpg,21,010.jpg,2,-0.42,0.48,眉が寄り口角が下がっており、不快・嫌悪寄りの表情に見えます。一方で口が開いて緊張感があり、反応が強めなので覚醒度はやや高めと判断しました。
../database/final_database/021/010.jpg,21,010.jpg,3,-0.62,0.48,眉がひそみ口角が下がっていて不快・嫌悪や困惑に近い表情に見えます。一方で口が開いて緊張感があり、覚醒度は中程度に高いと判断しました。
../database/final_database/021/010.jpg,21,010.jpg,4,-0.62,0.44,眉間にしわが寄り口元が引きつっており、不快・嫌悪や困惑を示す表情に見えます。一方で目や口周りに緊張があり、落ち着いた状態よりは覚醒度がやや高いと判断しました。
../database/final_database/021/010.jpg,21,010.jpg,5,-0.62,0.58,眉間にしわが寄り口が緊張して開いており、不快・嫌悪や苦痛を示す表情に見えるためvalenceは低めです。一方で顔の筋緊張が強く反応性が高い印象なのでarousalはやや高めです。
../database/final_database/021/010.jpg,21,010.jpg,6,-0.62,0.54,眉が寄り口角が下がっており、不快・嫌悪や不満を示す表情に見えます。一方で口が開き緊張感があるため、覚醒度は中程度に高いと判断しました。
../database/final_database/021/010.jpg,21,010.jpg,7,-0.62,0.53,口元が歪み眉間に緊張があり、不快・嫌悪や苦痛寄りの表情に見えます。一方で表情筋の収縮が強く、覚醒度は中程度に高いと判断しました。
../database/final_database/021/010.jpg,21,010.jpg,8,-0.52,0.34,眉がしかめられ口元も緊張しており、不快・困惑などのネガティブ感情が強い表情に見えます。一方で目や口の開きがあり一定の緊張・反応があるため覚醒度はやや高めです。
../database/final_database/021/010.jpg,21,010.jpg,9,-0.62,0.48,眉がひそまり口角が下がって口が歪んでおり、不快・嫌悪や不満に近い表情に見えます。一方で口が開き顔の緊張が強く、覚醒度はやや高めです。
../database/final_database/021/010.jpg,21,010.jpg,10,-0.62,0.54,眉が強く寄り、口元も緊張していて不快・嫌悪や痛みのような否定的感情が示唆されます。目や口の開きが大きく表情の緊張が強いため覚醒度はやや高めです。
../database/final_database/022/001.jpg,22,001.jpg,1,0.35,-0.15,口角がやや上がっていて不快感は見られず、穏やかな快の表情に見えます。目の開きや表情筋の緊張が強くないため覚醒度は低めと判断しました。
../database/final_database/022/001.jpg,22,001.jpg,2,0.33,-0.18,口角がやや上がり穏やかな表情で、全体として軽い快の印象です。一方で目元や筋緊張が弱く、興奮度は低めに見えます。
../database/final_database/022/001.jpg,22,001.jpg,3,0.35,-0.15,口角がやや上がっており不快感は少ないため軽い快に寄っています。一方で目の開きが小さく表情の強さも弱めで、覚醒度はやや低めに見えます。
../database/final_database/022/001.jpg,22,001.jpg,4,0.18,-0.22,口角がわずかに上がり、全体として不快というより軽い肯定的表情に見えます。一方で目の開きや表情筋の緊張が強くなく、覚醒度は低めに感じられます。
../database/final_database/022/001.jpg,22,001.jpg,5,0.35,-0.15,口角がわずかに上がり、全体として穏やかで軽い好意・満足の表情に見えます。目の開きや表情筋の緊張が強くないため覚醒度は低めと判断しました。
../database/final_database/022/001.jpg,22,001.jpg,6,0.35,-0.25,口角がやや上がっていて穏やかな微笑みが見られるため、快寄りのvalenceと判断しました。一方で目の開きや表情筋の緊張が強くなく、落ち着いた状態に見えるためarousalはやや低めです。
../database/final_database/022/001.jpg,22,001.jpg,7,0.32,-0.18,口角がわずかに上がり、表情は穏やかで軽い快の印象があります。一方で目の開きが小さく全体に動きが少ないため、覚醒度はやや低めに見えます。
../database/final_database/022/001.jpg,22,001.jpg,8,0.35,-0.2,口角がやや上がり、表情は軽い微笑みに見えるため快方向のvalenceです。一方で目の開きが小さく全体の緊張感も弱いのでarousalはやや低めと判断しました。
../database/final_database/022/001.jpg,22,001.jpg,9,0.35,-0.25,口角がやや上がり、表情は穏やかで軽い快の印象があります。一方で目の開きが小さく緊張感が低いため、覚醒度はやや低めと判断しました。
../database/final_database/022/001.jpg,22,001.jpg,10,0.32,-0.18,口元がわずかに上がっていて不快感は少なく、やや肯定的な表情に見えます。一方で目の開きが小さく表情の動きも控えめなため、覚醒度は低めと判断しました。
../database/final_database/022/002.jpg,22,002.jpg,1,-0.35,0.25,眉間にしわが寄り、目が細く口元もやや緊張しており、不快・困惑寄りの表情に見えます。一方で強い驚きや興奮はなく、覚醒度は中程度と判断しました。
../database/final_database/022/002.jpg,22,002.jpg,2,-0.35,0.25,眉が寄って目が細く、口元も緊張しており不快寄りの表情に見えます。一方で驚きや強い興奮は少なく、覚醒度は中程度と判断しました。
../database/final_database/022/002.jpg,22,002.jpg,3,-0.32,0.28,眉が寄り、目が細く口角もやや下がっており、不快・困惑寄りの表情に見えます。一方で表情の強さは極端ではなく、覚醒度は中程度と判断しました。
../database/final_database/022/002.jpg,22,002.jpg,4,-0.35,0.25,眉間にしわが寄り、目も細く口角が下がり気味で不快・困惑寄りの表情に見えます。一方で緊張感はあるものの強い興奮ではなく中程度の覚醒と判断しました。
../database/final_database/022/002.jpg,22,002.jpg,5,-0.35,0.25,眉が寄り目が細く、口元もやや緊張しており不快・困惑寄りの表情に見えます。一方で大きな驚きや強い興奮はなく、覚醒度は中程度です。
../database/final_database/022/002.jpg,22,002.jpg,6,-0.35,0.2,眉が寄り気味で目が細く、口元も緊張して見えるため不快寄りの表情です。一方で大きな驚きや興奮はなく、覚醒度はやや低〜中程度に見えます。
../database/final_database/022/002.jpg,22,002.jpg,7,-0.28,0.22,眉が中央に寄り、目が細く口元もやや緊張しており、不快寄りの表情に見えます。一方で驚きや強い興奮はなく、覚醒度は低〜中程度と判断しました。
../database/final_database/022/002.jpg,22,002.jpg,8,-0.35,0.25,眉が内側に寄り目が細く、口元も緊張しており不快・困惑寄りの表情に見えます。一方で強い興奮や活発さはなく、覚醒度はやや低め〜中程度です。
../database/final_database/022/002.jpg,22,002.jpg,9,-0.35,0.25,眉が寄って目が細く、口元も緊張していて不快・困惑寄りの表情に見えます。一方で驚きや強い興奮は少なく、覚醒度は中程度と判断しました。
../database/final_database/022/002.jpg,22,002.jpg,10,-0.25,0.15,眉が寄って目が細く、口元もやや緊張しており、不快・困惑寄りの表情に見えます。一方で動きは強くなく、覚醒度は低〜中程度と判断しました。
../database/final_database/022/003.jpg,22,003.jpg,1,-0.65,0.55,眉が寄り目が閉じ気味で、口が開いて苦痛や不快を示す表情に見えます。緊張感があり感情の強度も中程度以上と判断しました。
../database/final_database/022/003.jpg,22,003.jpg,2,-0.62,0.58,眉が寄って目が閉じ気味で、口が開いて苦痛・不快そうな表情に見えるためvalenceは低めです。一方で口周りの緊張や表情の強さから覚醒度はやや高めと判断しました。
../database/final_database/022/003.jpg,22,003.jpg,3,-0.72,0.58,眉が中央に寄り、目が強く閉じられて口が開いているため、苦痛・不快や泣きそうな表情に見えます。表情の緊張が強く、情動の強度も高いので覚醒度は高めです。
../database/final_database/022/003.jpg,22,003.jpg,4,-0.72,0.56,眉が寄り、目が強く閉じ、口が開いて緊張しているため不快感（苦痛・嫌悪）寄りの表情に見えます。一方で顔全体の力みが強く、反応も大きいので覚醒度は高めと判断しました。
../database/final_database/022/003.jpg,22,003.jpg,5,-0.65,0.55,眉が寄り、目が強く閉じ、口が開いて下がる表情から不快・苦痛寄りの感情が示唆されます。口の緊張と表情の強さがあり、覚醒度は中程度以上と判断します。
../database/final_database/022/003.jpg,22,003.jpg,6,-0.65,0.6,目が強く閉じられ口が開いており、苦痛や嫌悪を示す表情に見えます。表情の緊張が強く、覚醒度も高めと判断しました。
../database/final_database/022/003.jpg,22,003.jpg,7,-0.65,0.55,眉が寄り、目が強く閉じられ、口が開いて緊張した形になっているため不快寄りの感情が強いと判断しました。表情の筋緊張が高く、泣きや叫びに近い反応に見えるため覚醒度もやや高めです。
../database/final_database/022/003.jpg,22,003.jpg,8,-0.62,0.53,眉が寄り目が強く閉じられ、口が開いて下がっているため不快（苦痛・泣き）寄りの表情に見えます。表情の緊張と口の開きから覚醒度はやや高めと判断しました。
../database/final_database/022/003.jpg,22,003.jpg,9,-0.62,0.48,眉が寄り、目が細く閉じ気味で口が開いて歯が見えるなど苦痛・不快の表情に見えます。一方で顔の緊張が強く、感情の強度は中程度に高いと判断しました。
../database/final_database/022/003.jpg,22,003.jpg,10,-0.65,0.55,眉が寄り目が閉じ気味で、口が開いて苦痛・不快そうな表情に見えます。緊張や泣き出しそうな反応があり、覚醒度は中程度に高いと判断しました。
../database/final_database/022/004.jpg,22,004.jpg,1,-0.33,0.22,眉が寄り、目が細く口元も緊張しており、不快・困惑寄りの表情に見えます。一方で大きな驚きや笑いはなく、覚醒度は中程度です。
../database/final_database/022/004.jpg,22,004.jpg,2,-0.35,0.1,眉が内側に寄り、目が細く口角もやや下がっていて不快・困惑寄りに見えます。一方で表情の強さは弱く、覚醒度は低めです。
../database/final_database/022/004.jpg,22,004.jpg,3,-0.3,0.2,眉間にしわが寄り、目が細く口元も緊張しており不快寄りの表情に見えます。一方で驚きや強い興奮は少なく、覚醒度はやや低～中程度です。
../database/final_database/022/004.jpg,22,004.jpg,4,-0.2,0.15,眉がややひそみ、口角も上がっていないため、快よりも軽い不快寄りに見えます。一方で表情の強い緊張や驚きは少なく、覚醒度はわずかに高い程度です。
../database/final_database/022/004.jpg,22,004.jpg,5,-0.18,0.22,眉がやや寄り、目が細く口元も緊張していて快より不快寄りに見えます。一方で表情の強度は中程度で、覚醒度はやや高めと判断しました。
../database/final_database/022/004.jpg,22,004.jpg,6,-0.15,0.05,口角がやや下がり、眉間に軽い緊張が見られるため快ではなくわずかに不快寄りと判断しました。一方で表情の強い高揚はなく、覚醒度はほぼ中立に近いです。
../database/final_database/022/004.jpg,22,004.jpg,7,-0.28,0.12,眉が寄り気味で口角もやや下がっており、不快・困惑寄りの表情に見えます。一方で表情の強さは強烈ではなく、覚醒度は低〜中程度です。
../database/final_database/022/004.jpg,22,004.jpg,8,-0.34,0.12,口角がやや下がり、眉間に軽い緊張が見られるため不快寄りの感情に見えます。一方で表情の強さは弱く、覚醒度は低〜中程度です。
../database/final_database/022/004.jpg,22,004.jpg,9,-0.42,0.12,眉が寄り、目が細く口角も下がり気味で、不快・不満そうな表情に見えます。一方で動きや開眼が強くなく、覚醒度はやや低め〜中程度と判断しました。
../database/final_database/022/004.jpg,22,004.jpg,10,-0.22,0.18,眉がやや寄り、口角もあまり上がっておらず軽い不快・困惑の表情に見えます。一方で目の開きは極端ではなく、強い興奮や緊張は感じにくいため覚醒度は低めです。
../database/final_database/022/005.jpg,22,005.jpg,1,-0.25,0.15,眉が寄り目が細く、口元も緊張していて不快寄りの表情に見えます。一方で動きは強くなく、覚醒度はやや低～中程度です。
../database/final_database/022/005.jpg,22,005.jpg,2,-0.18,0.22,目が細く眉間にしわが寄っており、口元もやや緊張していて不快寄りに見えます。一方で表情の強さは中程度で、覚醒度はやや高めと判断しました。
../database/final_database/022/005.jpg,22,005.jpg,3,-0.25,0.15,眉が寄り、目が細く口元も緊張しており不快寄りの表情に見えます。一方で大きな驚きや興奮はなく、覚醒度はやや低め〜中程度です。
../database/final_database/022/005.jpg,22,005.jpg,4,-0.22,0.18,眉が寄り、目が細く口元も緊張しており、やや不快寄りの表情に見えます。一方で強い驚きや興奮はなく、覚醒度は低〜中程度と判断しました。
../database/final_database/022/005.jpg,22,005.jpg,5,-0.22,0.18,眉が寄り目が細く、口元も緊張しており不快・困惑寄りの表情に見えるためvalenceはやや低め。強い笑顔や激しい怒りほどのエネルギーはなく、覚醒度は軽度と判断しました。
../database/final_database/022/005.jpg,22,005.jpg,6,-0.28,0.22,眉間にしわが寄り、目が細く口元も緊張していて不快寄りに見えます。一方で表情の強度は中程度で、覚醒度はやや高めと判断しました。
../database/final_database/022/005.jpg,22,005.jpg,7,-0.25,0.35,眉が寄り目が細く、口元も緊張していて不快・困惑寄りの表情に見えます。一方で表情筋の緊張があり、覚醒度はやや高めです。
../database/final_database/022/005.jpg,22,005.jpg,8,-0.25,0.3,眉間にしわが寄り、目が細く口元も緊張していて不快寄りに見えます。一方で表情の収縮がはっきりしており、覚醒度はやや高めです。
../database/final_database/022/005.jpg,22,005.jpg,9,-0.25,0.35,眉間にしわが寄り、目が細く口元も緊張して見えるため、不快寄りの感情が示唆されます。表情の強さは中程度で、覚醒度はやや高めと判断しました。
../database/final_database/022/005.jpg,22,005.jpg,10,-0.1,0.15,目が細まり眉間に軽いしわがあり、口元も緊張して見えるため、やや不快寄りに判断しました。一方で表情の強度は高くなく落ち着いているため、覚醒度は低〜中程度としました。
../database/final_database/022/006.jpg,22,006.jpg,1,0.12,-0.18,口角がわずかに上がり不快ではない一方、目元の緊張が少なく表情全体は落ち着いて見えます。強い興奮や緊張のサインが乏しいため覚醒度は低めにしました。
../database/final_database/022/006.jpg,22,006.jpg,2,0.12,-0.08,口角がわずかに上がり目元も穏やかで、軽い好意・安心感が見られます。一方で表情の動きは大きくなく、覚醒度は低めです。
../database/final_database/022/006.jpg,22,006.jpg,3,0.12,-0.08,口角がわずかに上がっている一方、目元の緊張が少なく全体として落ち着いた表情です。強い喜びや不快のサインは弱いため、快は小さめ・覚醒度も低めに見積もりました。
../database/final_database/022/006.jpg,22,006.jpg,4,0.12,-0.28,口角がわずかに上がっている一方で、目元は力が抜けていて全体として穏やかな表情に見えます。強い興奮や緊張は感じられず、覚醒度はやや低めと判断しました。
../database/final_database/022/006.jpg,22,006.jpg,5,0.05,-0.15,口角がわずかに上がっているものの、目元の表情変化が小さく全体として中立に近い印象です。表情の強さが弱く、覚醒度も低めに見えます。
../database/final_database/022/006.jpg,22,006.jpg,6,-0.12,-0.22,口角がやや下がり、目元も力が抜けていて快情動は強くないためvalenceはやや不快寄りです。表情変化や緊張が小さく落ち着いた印象なのでarousalは低めです。
../database/final_database/022/006.jpg,22,006.jpg,7,-0.12,-0.18,口角がやや下がり気味で、目元も緊張や喜びが強く出ていないため、快よりもわずかに不快寄りに見えます。表情の動きが小さく落ち着いているので覚醒度は低めと判断しました。
../database/final_database/022/006.jpg,22,006.jpg,8,0.05,-0.2,口角がわずかに上がっており不快ではないものの、笑顔は弱く中立に近い印象です。目元の緊張や開きが少なく、全体として落ち着いた低覚醒の表情に見えます。
../database/final_database/022/006.jpg,22,006.jpg,9,0.12,-0.08,口角がわずかに上がっており強い不快感は見られない一方、目元や表情筋の動きが小さく穏やかです。全体として軽いポジティブ寄りだが覚醒度は低めと判断しました。
../database/final_database/022/006.jpg,22,006.jpg,10,0.15,-0.2,口角がわずかに上がっており強い不快さは見られないため、やや快寄りと判断しました。一方で表情の動きが小さく目の開きも穏やかなため、覚醒度は低めです。
../database/final_database/022/007.jpg,22,007.jpg,1,-0.38,0.22,眉が寄り、目が細く口角もやや下がっており、不快・困惑寄りの表情に見えます。一方で表情の強さは中程度で、強い興奮や活発さは感じにくいため覚醒度はやや低め～中程度と判断しました。
../database/final_database/022/007.jpg,22,007.jpg,2,-0.52,0.34,眉間にしわが寄り、目を強くつむり口元も引きつった表情で不快感や痛みが示唆されます。一方で筋緊張があり反応性も高く見えるため、覚醒度はやや高めと判断しました。
../database/final_database/022/007.jpg,22,007.jpg,3,-0.26,0.18,眉が寄って目を細め、口元も緊張しており不快寄りの表情に見えます。一方で動きは大きくなく、覚醒度はやや低〜中程度と判断しました。
../database/final_database/022/007.jpg,22,007.jpg,4,-0.42,0.33,眉間にしわが寄り目を強く閉じ、口元も緊張しているため不快寄りの表情です。一方で表情筋の収縮が強く、ある程度の覚醒（緊張・嫌悪）も感じられます。
../database/final_database/022/007.jpg,22,007.jpg,5,-0.35,0.25,眉間にしわが寄り目が細く、口元も緊張しているため不快寄りの表情に見えます。一方で強い興奮というよりは軽い緊張・不快感程度で覚醒は中程度です。
../database/final_database/022/007.jpg,22,007.jpg,6,-0.35,0.25,眉間にしわが寄り、目を強く閉じて口元も緊張しており、不快・苦痛寄りの表情に見えます。一方で体勢は落ち着いており激しい興奮は感じにくいため、覚醒度はやや低～中程度と判断しました。
../database/final_database/022/007.jpg,22,007.jpg,7,-0.32,0.18,眉間にしわが寄り、目を細め口元も緊張しているため不快寄りの表情に見えます。一方で動きは強くなく、覚醒度は低～中程度と判断しました。
../database/final_database/022/007.jpg,22,007.jpg,8,-0.34,0.18,眉間にしわが寄り目も細められており、口元も緊張していて不快寄りの表情に見えます。一方で激しい興奮はなく、覚醒度はやや低〜中程度と判断します。
../database/final_database/022/007.jpg,22,007.jpg,9,-0.45,0.35,眉が寄り目が細く、口元も緊張しており不快・苦痛寄りの表情に見えます。一方で表情筋の収縮がはっきりしているため覚醒度はやや高めと判断しました。
../database/final_database/022/007.jpg,22,007.jpg,10,-0.38,0.24,眉間にしわが寄り目が細く、口元も緊張しており不快寄りの表情に見えます。一方で強い驚きや興奮はなく、覚醒度は中程度です。
../database/final_database/022/008.jpg,22,008.jpg,1,-0.25,0.2,口元がわずかに歪み、眉もやや寄っていて快より不快寄りの表情に見えます。一方で表情の強度は高くなく、覚醒度は中程度でやや低めと判断しました。
../database/final_database/022/008.jpg,22,008.jpg,2,-0.35,0.25,眉間にしわが寄り、口元も引きつっていて不快・困惑寄りの表情に見えます。一方で動きは大きくなく、覚醒度は中程度と判断しました。
../database/final_database/022/008.jpg,22,008.jpg,3,-0.38,0.22,口角がやや下がり、眉間に緊張が見られるため不快寄りの表情に見えます。一方で強い興奮や活動性は高くなく、覚醒度は中程度です。
../database/final_database/022/008.jpg,22,008.jpg,4,-0.32,0.38,眉が寄り目が細く、口元もやや歪んでおり不快感や困惑の表情に見えるためvalenceは低めです。一方で表情筋の緊張があり無表情ではないのでarousalはやや高めと判断しました。
../database/final_database/022/008.jpg,22,008.jpg,5,-0.35,0.25,眉が寄り気味で目を細め、口角も下がっており不快寄りの表情に見えます。一方で表情の強さは極端ではなく、覚醒度はやや高い程度です。
../database/final_database/022/008.jpg,22,008.jpg,6,-0.45,0.35,眉間にしわが寄り口角が下がっており、不快・嫌悪や困惑寄りの表情に見えます。一方で目は開いており表情筋の緊張もあるため、覚醒度はやや高めと判断しました。
../database/final_database/022/008.jpg,22,008.jpg,7,-0.35,0.15,眉間にしわが寄り、口元もわずかに歪んでいて不快・困惑寄りの表情に見えます。一方で動きは大きくなく、強い興奮というより軽い覚醒レベルです。
../database/final_database/022/008.jpg,22,008.jpg,8,-0.35,0.3,眉が寄り口元も歪んでおり、不快・困惑のような否定的感情が強めに見えます。一方で表情の強さは極端ではなく、覚醒度は中程度と判断しました。
../database/final_database/022/008.jpg,22,008.jpg,9,-0.35,0.3,口元が引きつり眉間にしわが寄っており、不快・困惑の表情に見えます。一方で目は大きく見開いておらず、強い興奮ではないため覚醒度は中程度です。
../database/final_database/022/008.jpg,22,008.jpg,10,-0.42,0.28,眉が寄り口角が下がり気味で、不快・困惑の表情が強く見えます。一方で目は開いており表情筋の緊張もあるため、覚醒度はやや高めと判断しました。
../database/final_database/022/009.jpg,22,009.jpg,1,-0.32,0.12,眉が中央に寄り、口元も緊張していて不快・不安寄りの表情に見えます。一方で目の見開きや動きは強くなく、覚醒度はやや低めです。
../database/final_database/022/009.jpg,22,009.jpg,2,-0.28,0.34,眉が寄って口角がやや下がり、不快・困惑寄りの表情に見えます。一方で目は開いており表情の緊張もあるため、覚醒度はやや高めと判断しました。
../database/final_database/022/009.jpg,22,009.jpg,3,-0.28,0.22,眉が寄って目元が緊張しており、口元もやや引きつって見えるため不快寄りの印象です。一方で表情の強度は極端ではなく、軽い緊張・警戒程度の覚醒と判断しました。
../database/final_database/022/009.jpg,22,009.jpg,4,-0.22,0.12,眉が寄り気味で口角もやや下がっており、不安・戸惑いのようなやや不快寄りの表情に見えます。一方で目の開きは極端ではなく、興奮度は低〜中程度です。
../database/final_database/022/009.jpg,22,009.jpg,5,-0.32,0.18,眉が寄り気味で口角も上がっておらず、やや不快・困惑寄りの表情に見えます。一方で目の開きは極端ではなく、興奮度は低〜中程度と判断しました。
../database/final_database/022/009.jpg,22,009.jpg,6,-0.18,0.22,眉が中央に寄ってやや下がり、口角も少し下がっていて不安・不快寄りの表情に見えます。一方で目は開いており表情の緊張もあるため、覚醒度はやや高めと判断しました。
../database/final_database/022/009.jpg,22,009.jpg,7,-0.25,0.35,眉が寄って口角も下がり気味で、不快・不安寄りの表情に見えます。目は開いており緊張感があるため、覚醒度はやや高めと判断しました。
../database/final_database/022/009.jpg,22,009.jpg,8,-0.22,0.18,口角がやや下がり、眉が中央に寄っていて不快・困惑寄りの表情に見えます。一方で目の開きは極端ではなく、強い興奮や緊張は感じにくいため覚醒度は低めです。
../database/final_database/022/009.jpg,22,009.jpg,9,-0.25,0.35,口角がやや下がり眉間に緊張が見られるため、不快寄りの感情に見えます。一方で目の開きと表情筋の緊張があり、軽い覚醒状態と判断しました。
../database/final_database/022/009.jpg,22,009.jpg,10,-0.25,0.35,口角がやや下がり眉も寄って見え、不快寄りの表情に見えます。一方で目の開きがあり緊張感があるため、覚醒度はやや高めと判断しました。
../database/final_database/022/010.jpg,22,010.jpg,1,-0.55,0.6,眉が上がり目が見開かれており、口元も緊張しているため驚きや不安が強い表情に見えます。快より不快寄りで、覚醒度は高めと判断しました。
../database/final_database/022/010.jpg,22,010.jpg,2,-0.42,0.63,眉が上がり目が見開かれており、口元も緊張しているため不快寄りの驚き・恐怖の表情に見えます。緊張感が強く覚醒度は高めです。
../database/final_database/022/010.jpg,22,010.jpg,3,-0.55,0.6,眉が上がり目が見開かれて口が開いており、不安や嫌悪・驚きに近い表情で快より不快寄りです。表情の緊張が強く、覚醒度は高めと判断しました。
../database/final_database/022/010.jpg,22,010.jpg,4,-0.62,0.67,眉が上がり目が見開かれて口が半開きで、恐怖や不安・嫌悪に近い不快感が強い表情に見えます。緊張感が高く覚醒度も高いと判断しました。
../database/final_database/022/010.jpg,22,010.jpg,5,-0.55,0.6,眉が上がり目が見開かれて口が緊張して開いており、不快・恐怖/驚き寄りの表情に見えるためvalenceは低めです。表情の緊張と警戒感が強く、覚醒度は高めと判断しました。
../database/final_database/022/010.jpg,22,010.jpg,6,-0.62,0.55,眉が上がり目が見開かれて口も半開きで、驚きや不安・嫌悪寄りの緊張感が強い表情です。快より不快が優勢で、覚醒度も中〜高めと判断しました。
../database/final_database/022/010.jpg,22,010.jpg,7,-0.62,0.58,眉が上がり目が見開かれ、口が半開きで緊張や不安・嫌悪に近い表情に見えます。驚き/警戒の要素があり覚醒度は高めです。
../database/final_database/022/010.jpg,22,010.jpg,8,-0.52,0.68,眉が上がり目が見開かれて口が開いており、不安や恐怖に近い不快寄りの表情に見えます。驚き・緊張で覚醒度は高めと判断しました。
../database/final_database/022/010.jpg,22,010.jpg,9,-0.35,0.55,眉が上がり目が見開かれて口が開いており、驚きや不安・嫌悪に近い緊張感が見られます。快より不快寄りで、覚醒度は中程度以上と判断しました。
../database/final_database/022/010.jpg,22,010.jpg,10,-0.45,0.62,口が半開きで眉が上がり、驚きや不安を示す表情に見えるため快より不快寄りです。目の見開きが大きく緊張感があり覚醒度は高めと判断しました。
../database/final_database/023/001.jpg,23,001.jpg,1,-0.38,0.29,眉が寄り目が細く、口元も引き締まっており不快・不満の表情に見えます。一方で表情筋の緊張はあるため覚醒度はやや高めと判断します。
../database/final_database/023/001.jpg,23,001.jpg,2,-0.32,0.18,眉が寄り、目が細く口元も引き締まっており、やや不快・不満寄りの表情に見えます。一方で表情の動きは強烈ではなく、覚醒度は低〜中程度と判断しました。
../database/final_database/023/001.jpg,23,001.jpg,3,-0.28,0.32,眉が寄って目が細まり、口元も緊張していて不快・不満寄りの表情に見えます。一方で表情筋の緊張があり、覚醒度はやや高めと判断しました。
../database/final_database/023/001.jpg,23,001.jpg,4,-0.28,0.34,眉間にしわが寄り、目が細く口元も緊張しており不快寄りの表情に見えます。一方で表情筋の緊張があり、覚醒度はやや高めと判断しました。
../database/final_database/023/001.jpg,23,001.jpg,5,-0.35,0.25,眉が中央に寄り、目が細く口元が引き締まっており、やや不快・不満寄りの表情に見えます。一方で激しい驚きや興奮はなく、覚醒度は中程度と判断しました。
../database/final_database/023/001.jpg,23,001.jpg,6,-0.28,0.22,眉が寄り、目が細く口元も緊張しており、不快・不満寄りの表情に見えます。一方で表情の強度は中程度で、覚醒度はやや高めと判断しました。
../database/final_database/023/001.jpg,23,001.jpg,7,-0.35,0.25,眉間にしわが寄り、目が細く口元も硬いため不快寄りの表情に見えます。一方で動きは強くなく、覚醒度は中程度と判断しました。
../database/final_database/023/001.jpg,23,001.jpg,8,-0.22,0.12,眉が寄り、目が細く口元もやや緊張しており、わずかな不快・不満の表情に見えます。一方で動きの大きい驚きや強い笑顔はなく、覚醒度は低～中程度です。
../database/final_database/023/001.jpg,23,001.jpg,9,-0.35,0.25,眉が中央に寄り、目が細く口元も締まっていて不快・不満寄りの表情に見えます。一方で表情の強度は極端ではなく、覚醒度は中程度と判断しました。
../database/final_database/023/001.jpg,23,001.jpg,10,-0.32,0.28,眉がやや寄り、目が細く口元も引き気味で不快・不満寄りの表情に見えます。一方で表情の緊張は強すぎず、覚醒度は中程度と判断しました。
../database/final_database/023/002.jpg,23,002.jpg,1,-0.35,0.1,眉が内側に寄って上がり、口角がやや下がっていて不快・悲しみ寄りの表情に見えます。一方で目の見開きや口の緊張は強くなく、覚醒度は低〜中程度です。
../database/final_database/023/002.jpg,23,002.jpg,2,-0.42,0.18,眉が内側に寄り、口角がやや下がっていて不快・悲しみ寄りの表情に見えます。一方で目の開きは大きくなく動きも強くないため、覚醒度は低〜中程度と判断しました。
../database/final_database/023/002.jpg,23,002.jpg,3,-0.55,0.2,眉が内側に寄り、口角が下がっており不快・悲しみ寄りの表情に見えます。一方で目の見開きや緊張は強くなく、覚醒度はやや低〜中程度です。
../database/final_database/023/002.jpg,23,002.jpg,4,-0.55,0.25,眉が寄って口角が下がり、快より不快寄りの表情に見えます。一方で驚きや強い興奮はなく、覚醒度は中程度です。
../database/final_database/023/002.jpg,23,002.jpg,5,-0.35,0.2,眉が寄り、口角が下がっていて不快・不安寄りの表情に見えます。一方で表情の動きは強すぎず、覚醒度はやや低〜中程度と判断しました。
../database/final_database/023/002.jpg,23,002.jpg,6,-0.62,0.18,眉が寄り、口角が下がっており不快・悲しみ寄りの表情に見えるためvalenceは低めです。一方で表情の緊張は強すぎず、興奮よりも落ち着いた状態に見えるためarousalはやや低～中程度です。
../database/final_database/023/002.jpg,23,002.jpg,7,-0.45,0.2,眉が寄って口角が下がり気味で、不快・悲しみ寄りの表情に見えます。一方で目の見開きや口の緊張は強くなく、覚醒度は低〜中程度と判断しました。
../database/final_database/023/002.jpg,23,002.jpg,8,-0.52,0.18,眉が中央に寄り、口角が下がって見えるため不快・悲しみ寄りの表情です。一方で目の見開きや口の開きは強くなく、覚醒度は低〜中程度と判断します。
../database/final_database/023/002.jpg,23,002.jpg,9,-0.62,0.28,眉が内側に寄り、口角が下がっているため不快・悲しみ寄りの表情に見えます。一方で強い驚きや怒りほどの緊張はなく、覚醒度は中程度です。
../database/final_database/023/002.jpg,23,002.jpg,10,-0.42,0.12,口角が下がり眉間にしわが寄っており、不快・悲しみ寄りの表情に見えます。一方で目の開きは強くなく、緊張や興奮は高くないため覚醒度は低めです。
../database/final_database/023/003.jpg,23,003.jpg,1,-0.18,0.22,口角がやや下がり眉間に軽い緊張が見られ、快より不快寄りに感じられます。表情の強さは中程度で、覚醒度はわずかに高い程度です。
../database/final_database/023/003.jpg,23,003.jpg,2,-0.28,0.12,口角がわずかに下がり、眉間の緊張が見られるためやや不快寄りの印象です。一方で目の開きや表情の強さは控えめで、覚醒度は低～中程度と判断しました。
../database/final_database/023/003.jpg,23,003.jpg,3,-0.15,0.1,口角がほぼ水平で笑顔は弱く、目元もやや緊張しているため快・不快は少し不快寄りに見えます。一方で大きな驚きや興奮はなく、覚醒度は低〜中程度です。
../database/final_database/023/003.jpg,23,003.jpg,4,-0.25,0.1,眉がやや寄り、口元が軽く下がって見えるため、快よりもわずかに不快寄りと判断しました。一方で表情の強さは弱く、緊張や興奮はあまり感じられないため覚醒度は低めです。
../database/final_database/023/003.jpg,23,003.jpg,5,-0.27,0.12,眉間にしわが寄り口角がやや下がっており、軽い不快・不満寄りの表情に見えます。一方で目の見開きや口の緊張は強くなく、覚醒度は低〜中程度です。
../database/final_database/023/003.jpg,23,003.jpg,6,-0.22,0.18,口角がやや下がり、眉間にも軽い緊張が見られるため不快寄りの印象です。一方で表情の強さは弱く、覚醒度は低〜中程度に留まります。
../database/final_database/023/003.jpg,23,003.jpg,7,-0.12,0.18,口元がやや下がり、眉間に軽い緊張が見られるため不快寄りです。一方で表情の動きは強くなく、覚醒度は低～中程度と判断しました。
../database/final_database/023/003.jpg,23,003.jpg,8,-0.12,-0.18,口角がほぼ上がらず、眉間にわずかな緊張が見られるため快よりやや不快寄りです。表情の動きは大きくなく、覚醒度は低めと判断しました。
../database/final_database/023/003.jpg,23,003.jpg,9,-0.14,-0.22,口角がやや下がり、目元も緊張が少なく中立〜わずかに不快寄りに見えます。表情の動きが小さく、覚醒度は低めと判断しました。
../database/final_database/023/003.jpg,23,003.jpg,10,-0.18,0.12,口角がわずかに下がり、眉間に軽い緊張が見られるためやや不快寄りです。一方で表情の動きは大きくなく、覚醒度は低〜中程度に留まります。
../database/final_database/023/004.jpg,23,004.jpg,1,-0.28,-0.12,目が閉じ気味で口元も緊張があり、快より不快寄りの表情に見えます。動きが少なく落ち着いた（やや低覚醒）印象です。
../database/final_database/023/004.jpg,23,004.jpg,2,-0.15,-0.25,目が閉じ気味で口元も緩く、活力の低い落ち着いた（やや眠そうな）表情に見えます。わずかに眉間の寄りがあり、快より中立〜軽い不快寄りと判断しました。
../database/final_database/023/004.jpg,23,004.jpg,3,-0.42,-0.18,眉が寄り目が細く、口元も緊張していて不快・痛みのような表情に見えます。一方で大きな驚きや興奮はなく、覚醒度はやや低めと判断しました。
../database/final_database/023/004.jpg,23,004.jpg,4,-0.25,-0.15,目が閉じ気味で口元も力が抜けており、快より不快寄りの表情に見えます。表情筋の動きが小さく、興奮や緊張は強くないため覚醒度は低めと判断しました。
../database/final_database/023/004.jpg,23,004.jpg,5,-0.35,0.2,眉が寄って目が細く、口元も力が抜けた苦痛・不快寄りの表情に見えます。一方で表情の緊張は強すぎず、覚醒度はやや低〜中程度と判断しました。
../database/final_database/023/004.jpg,23,004.jpg,6,-0.32,0.12,目が閉じ気味で口角も下がり、やや不快・苦痛を示す表情に見えます。一方で表情の強度は強すぎず、覚醒度は低〜中程度と判断しました。
../database/final_database/023/004.jpg,23,004.jpg,7,-0.25,-0.15,目が閉じ気味で口元も緊張が少なく、全体に沈んだ／疲れた印象です。強い興奮は見られず落ち着いた低覚醒寄りと判断しました。
../database/final_database/023/004.jpg,23,004.jpg,8,-0.42,-0.18,眉が寄り、目が細く口角も下がり気味で不快・苦痛寄りの表情に見えます。一方で表情筋の緊張は強すぎず、興奮度は低めと判断しました。
../database/final_database/023/004.jpg,23,004.jpg,9,-0.35,-0.1,口角が下がり気味で目が強く閉じられており、苦痛・不快寄りの表情に見えます。一方で表情筋の緊張は強すぎず、興奮度（覚醒）は低〜中程度と判断しました。
../database/final_database/023/004.jpg,23,004.jpg,10,-0.35,-0.15,眉が寄り目が細く、口角もやや下がっており不快・痛み/困惑寄りの表情に見えます。一方で動きは強くなく、覚醒度は低め～中程度と判断しました。
../database/final_database/023/005.jpg,23,005.jpg,1,0.12,-0.18,口元がわずかに上がっており軽い肯定的感情が見られますが、目元の開きが小さく全体として落ち着いた印象で覚醒度は低めです。
../database/final_database/023/005.jpg,23,005.jpg,2,0.12,-0.18,口元がわずかに上がっており不快さは強くない一方、目元の表情変化が小さく全体に落ち着いた印象です。緊張や興奮は低めで、軽い好意・中立寄りと判断しました。
../database/final_database/023/005.jpg,23,005.jpg,3,0.18,-0.22,口角がわずかに上がり全体として中立〜軽い快の表情に見えますが、目元の緊張は強くなく落ち着いた印象のため覚醒度は低めです。
../database/final_database/023/005.jpg,23,005.jpg,4,0.22,-0.18,口角がわずかに上がり、全体として穏やかな表情で不快感は弱いです。一方で目の開きや表情筋の緊張が少なく、覚醒度は低めに見えます。
../database/final_database/023/005.jpg,23,005.jpg,5,0.12,-0.08,口角がわずかに上がっており全体として中立〜軽い好意的表情に見えますが、目元の動きが少なく落ち着いた印象で覚醒度は低めです。
../database/final_database/023/005.jpg,23,005.jpg,6,0.12,-0.18,口元がわずかに上がっており、全体として軽い好意・落ち着きが感じられます。一方で目元の緊張は強くなく、覚醒度は低めに見えます。
../database/final_database/023/005.jpg,23,005.jpg,7,0.1,-0.05,口角がわずかに上がり全体として中立〜軽い快の表情に見えますが、目元の動きが少なく落ち着いた印象で覚醒度は低めです。
../database/final_database/023/005.jpg,23,005.jpg,8,0.15,-0.25,口元がわずかに上がり、表情は中立寄りで軽い好意（快）を示しています。目や眉の緊張が少なく全体に落ち着いた印象のため、覚醒度はやや低めと判断しました。
../database/final_database/023/005.jpg,23,005.jpg,9,0.12,-0.08,口元がわずかに上がっており不快感は弱く、全体として中立〜わずかに快の表情に見えます。目元や眉の動きが小さく、強い緊張や興奮は感じられないため覚醒度は低めです。
../database/final_database/023/005.jpg,23,005.jpg,10,0.12,-0.08,口角がわずかに上がり全体として中立〜軽い快の表情に見えますが、目元の動きが小さく落ち着いており覚醒度は低めに見えます。
../database/final_database/023/006.jpg,23,006.jpg,1,0.42,-0.33,目を閉じて口角がわずかに上がっており、穏やかで心地よい表情に見えます。動きや緊張感が少なく落ち着いているため、覚醒度は低めと判断しました。
../database/final_database/023/006.jpg,23,006.jpg,2,0.43,-0.38,目を閉じて口角がわずかに上がっており、穏やかで満足そうな表情に見えるため快寄りです。一方で緊張感や驚きは少なくリラックスしている印象なので覚醒度は低めです。
../database/final_database/023/006.jpg,23,006.jpg,3,0.35,-0.25,口角がわずかに上がり、目も細めで穏やかな微笑に見えるため快寄りです。一方で動きの強さや緊張感は少なく、落ち着いた表情なので覚醒度はやや低めです。
../database/final_database/023/006.jpg,23,006.jpg,4,0.62,-0.28,目を閉じて口角がわずかに上がっており、落ち着いた満足感や穏やかな快の表情に見えます。緊張や驚きは少なく、覚醒度は低めだと判断しました。
../database/final_database/023/006.jpg,23,006.jpg,5,0.35,-0.25,目を閉じて口角がわずかに上がっており、穏やかな満足感が見られます。表情の動きが少なくリラックスしているため覚醒度は低めです。
../database/final_database/023/006.jpg,23,006.jpg,6,0.35,-0.25,口元がわずかに上がり、目を閉じた穏やかな表情で快寄りに見えます。一方で動きや緊張が少なく落ち着いているため覚醒度は低めです。
../database/final_database/023/006.jpg,23,006.jpg,7,0.45,-0.35,口角がわずかに上がり目が閉じ気味で、穏やかな満足・安心感が示唆されます。表情の動きが小さくリラックスして見えるため覚醒度は低めです。
../database/final_database/023/006.jpg,23,006.jpg,8,0.34,-0.22,目を閉じて口角がわずかに上がっており、穏やかな満足感が感じられるためvalenceはやや高めです。一方で表情の動きが少なくリラックスして見えるため、arousalは低めと判断しました。
../database/final_database/023/006.jpg,23,006.jpg,9,0.55,-0.25,目を閉じて口角がわずかに上がっており、穏やかで満足そうな表情に見えます。動きや緊張感が少なくリラックスしている印象のため、覚醒度はやや低めです。
../database/final_database/023/006.jpg,23,006.jpg,10,0.42,-0.18,目が閉じ気味で口角がわずかに上がっており、落ち着いた穏やかな快の表情に見えます。顔全体の緊張が少なく動きも小さいため覚醒度は低めと判断しました。
../database/final_database/023/007.jpg,23,007.jpg,1,-0.62,0.28,目が細まり口角が下がっており、不快・嫌悪や不満に近い表情に見えます。一方で大きく驚くほどの緊張はなく、覚醒度は中程度です。
../database/final_database/023/007.jpg,23,007.jpg,2,-0.35,0.25,目が細く口がやや開いており、眉間にも緊張が見られるため不快寄りと判断しました。一方で表情の強度は極端ではなく、軽い覚醒レベルと見ました。
../database/final_database/023/007.jpg,23,007.jpg,3,-0.62,0.28,目を細めて口角が下がり気味で、顔全体に不快・苦痛を示す緊張が見られます。一方で大きな驚きや興奮はなく、覚醒度は中程度にとどまります。
../database/final_database/023/007.jpg,23,007.jpg,4,-0.48,0.32,眉が寄り目が細く、口元も引きつった表情で不快・痛み/不満寄りの印象です。一方で表情の緊張があり、落ち着いた無表情よりは覚醒度がやや高いと判断しました。
../database/final_database/023/007.jpg,23,007.jpg,5,-0.62,0.38,眉が寄り目が細く、口が歪んで半開きで不快・苦痛寄りの表情に見えます。一方で表情筋の緊張があり、落ち着いた無表情よりは覚醒度がやや高いと判断しました。
../database/final_database/023/007.jpg,23,007.jpg,6,-0.52,0.46,眉が寄り目が細く、口が歪んで半開きになっており不快・困惑や痛みの表情に見えるためvalenceは低めです。一方で緊張感があり表情の動きも強いのでarousalはやや高めと判断しました。
../database/final_database/023/007.jpg,23,007.jpg,7,-0.62,0.38,眉が寄り目が細く、口元も緊張して不快・痛みを感じているような表情に見えます。一方で表情筋の収縮が強く反応的なので覚醒度はやや高めと判断しました。
../database/final_database/023/007.jpg,23,007.jpg,8,-0.55,0.35,眉が寄り目が細く、口元も緊張していて不快・嫌悪や痛みを示す表情に見えます。一方で表情筋の緊張はあるため覚醒度はやや高めと判断しました。
../database/final_database/023/007.jpg,23,007.jpg,9,-0.62,0.35,眉が寄り目が細く、口元も緊張しているため不快寄りに見えます。一方で表情の強さは中程度で、覚醒度はやや高めと判断しました。
../database/final_database/023/007.jpg,23,007.jpg,10,-0.58,0.35,眉間にしわが寄り、目が細く口が歪んでおり不快・痛みや嫌悪寄りの表情に見えるためvalenceは低め。表情の緊張はあるが激しい興奮ではないためarousalは中程度にした。
../database/final_database/023/008.jpg,23,008.jpg,1,-0.18,0.12,口角がやや下がり、眉間に軽い緊張が見られるため不快寄りの表情です。一方で目の開きや表情筋の動きは強くなく、覚醒度は低め〜中程度と判断しました。
../database/final_database/023/008.jpg,23,008.jpg,2,-0.28,0.12,口角がやや下がり、眉間に軽いしわが見られるため、わずかに不快寄りに判断しました。一方で表情の強さは弱く、覚醒度は低〜中程度です。
../database/final_database/023/008.jpg,23,008.jpg,3,-0.28,0.22,眉が少し寄り、口角が下がり気味で快より不快寄りの表情に見えます。一方で表情の動きは強くなく、覚醒度はやや低〜中程度と判断しました。
../database/final_database/023/008.jpg,23,008.jpg,4,-0.28,0.18,口角が下がり気味で眉間に軽いしわがあり、不快・困惑寄りの表情に見えます。一方で目の開きは極端ではなく、強い興奮は感じにくいため覚醒度は低～中程度です。
../database/final_database/023/008.jpg,23,008.jpg,5,-0.35,0.1,口角がやや下がり眉間に軽いしわがあり、不快・困惑寄りの表情に見えます。一方で表情の強さは中程度で、興奮というより落ち着いた覚醒度です。
../database/final_database/023/008.jpg,23,008.jpg,6,-0.18,0.12,口角がやや下がり、眉間に軽い緊張が見られるため不快寄りの表情です。一方で目の開きは極端ではなく、全体の緊張も強くないため覚醒度は低〜中程度です。
../database/final_database/023/008.jpg,23,008.jpg,7,-0.18,0.12,口角がやや下がり、眉間に軽い緊張が見られるため、わずかに不快寄りの表情に見えます。一方で目の開きや表情筋の動きは強くなく、覚醒度は低〜中程度と判断しました。
../database/final_database/023/008.jpg,23,008.jpg,8,-0.22,0.18,口角がやや下がり、眉間に軽いしわが見えるため不快寄りの表情に見えます。一方で表情の強さは強烈ではなく、覚醒度は低～中程度と判断しました。
../database/final_database/023/008.jpg,23,008.jpg,9,-0.28,0.18,口角がやや下がり、眉もわずかに寄っていて不快・困惑寄りの表情に見えます。一方で目の開きは強くなく、興奮度は低〜中程度です。
../database/final_database/023/008.jpg,23,008.jpg,10,-0.15,0.2,眉がやや寄り、口元も緊張しているため、快よりは軽い不快寄りに見えます。一方で表情の強さは中程度で、覚醒度はわずかに高い程度です。
../database/final_database/023/009.jpg,23,009.jpg,1,-0.42,0.35,眉が寄り、目が細く、口が開いて歯が見えるなど不快・困惑寄りの表情に見えます。一方で表情筋の緊張と口の開きから覚醒度はやや高めです。
../database/final_database/023/009.jpg,23,009.jpg,2,-0.42,0.38,眉間にしわが寄り、口元が開いて不快そうな緊張感が見られるためvalenceは低めです。一方で表情の動きがあり、やや反応的で覚醒度は中程度と判断しました。
../database/final_database/023/009.jpg,23,009.jpg,3,-0.38,0.32,眉間にしわが寄り、目が細く口が開いて緊張や不快感が見られるためvalenceはやや低めです。一方で表情筋の動きがあり反応性はあるのでarousalは中程度に高いと判断しました。
../database/final_database/023/009.jpg,23,009.jpg,4,-0.32,0.18,眉が寄り気味で口元も緊張しており、不快・困惑寄りの表情に見えます。一方で目の開きは大きくなく動きも強くないため、覚醒度はやや低めと判断しました。
../database/final_database/023/009.jpg,23,009.jpg,5,-0.35,0.42,眉が寄り、目が細く口が半開きで不快・戸惑いの表情に見えるためvalenceは負寄り。口の開きと表情の緊張があり、覚醒度は中程度に高いと判断しました。
../database/final_database/023/009.jpg,23,009.jpg,6,-0.35,0.3,眉が寄り、口元も緊張していて不快・困惑寄りの表情に見えるためvalenceは低めです。一方で目や口がある程度開いており反応性はあるのでarousalはやや覚醒寄りと判断しました。
../database/final_database/023/009.jpg,23,009.jpg,7,-0.35,0.4,眉がひそまり目が細く、口が開いて力が入っており、不快・困惑寄りの表情に見えます。一方で緊張感があり反応も強めなので覚醒度はやや高めと判断しました。
../database/final_database/023/009.jpg,23,009.jpg,8,-0.35,0.45,眉が寄り、目が細く口が開いて不快そうな表情で、ややネガティブな感情が見られます。表情の緊張感があり反応も強めなので覚醒度はやや高めと判断しました。
../database/final_database/023/009.jpg,23,009.jpg,9,-0.32,0.44,眉が寄って目が細く、口が半開きで不快感や困惑が見られるためvalenceはやや低めです。一方で表情の緊張があり反応は比較的強いのでarousalはやや高めです。
../database/final_database/023/009.jpg,23,009.jpg,10,-0.35,0.45,眉が寄り目が細く、口が半開きで不快・困惑の表情に見えるためvalenceはやや低め。表情の緊張感はあるが強い興奮ではないのでarousalは中程度。
../database/final_database/023/010.jpg,23,010.jpg,1,0.12,-0.18,口角がわずかに上がっており軽い快の要素がある一方、目元の緊張や表情の動きは小さく全体として落ち着いた状態に見えます。強い興奮や緊張は感じられないため覚醒度はやや低めと判断しました。
../database/final_database/023/010.jpg,23,010.jpg,2,0.12,-0.18,口角がわずかに上がり穏やかな表情で、軽い快の印象があります。一方で目元や表情筋の動きが小さく、全体として落ち着いていて覚醒度は低めに見えます。
../database/final_database/023/010.jpg,23,010.jpg,3,0.18,-0.12,口角がわずかに上がり、全体として中立〜軽い快の表情に見えます。一方で目元の動きが小さく、強い興奮や緊張は感じにくいため覚醒度はやや低めです。
../database/final_database/023/010.jpg,23,010.jpg,4,0.12,-0.08,口角がわずかに上がり、全体として中立〜軽い快の表情に見えます。一方で目元の動きが小さく、強い興奮や緊張は感じられないため覚醒度は低めと判断しました。
../database/final_database/023/010.jpg,23,010.jpg,5,0.12,-0.18,口角がわずかに上がり不快感は強くない一方、目元がやや緩く表情の動きが小さいため落ち着いた状態に見えます。全体として弱い快・低覚醒寄りと判断しました。
../database/final_database/023/010.jpg,23,010.jpg,6,0.15,-0.25,口元がわずかに上がっており軽い快の印象ですが、目元の動きが少なく全体として表情の強さは弱めです。そのため覚醒度はやや低いと判断しました。
../database/final_database/023/010.jpg,23,010.jpg,7,0.15,-0.1,口角がわずかに上がっており軽い快の表情に見えますが、目元は落ち着いていて興奮度は低めに見えます。
../database/final_database/023/010.jpg,23,010.jpg,8,0.12,-0.18,口元がわずかに上がり苦痛や怒りは強く見られないため、軽い快寄りと判断しました。一方で目元や表情筋の動きが小さく、全体として落ち着いた低覚醒に見えます。
../database/final_database/023/010.jpg,23,010.jpg,9,0.12,-0.18,口元がわずかに上がっており軽い好意・安心感が見られる一方、目元や表情の動きが小さく全体として落ち着いた印象です。強い興奮や緊張は感じられません。
../database/final_database/023/010.jpg,23,010.jpg,10,0.12,-0.28,口角がわずかに上がり、表情は軽い快の方向ですが強い喜びではありません。目元や表情筋の緊張が少なく全体に落ち着いて見えるため、覚醒度はやや低めと判断しました。
../database/final_database/024/001.jpg,24,001.jpg,1,-0.55,0.45,眉が寄り、目を強く閉じて口角が下がっているため不快寄りの表情に見えます。一方で顔全体の緊張が強く、情動の立ち上がりが感じられるため覚醒度はやや高めです。
../database/final_database/024/001.jpg,24,001.jpg,2,-0.52,0.32,目を強く閉じて眉が寄り、口元も緊張しているため不快寄りの感情が示唆されます。一方で表情の筋緊張があり、覚醒度はやや高めに見えます。
../database/final_database/024/001.jpg,24,001.jpg,3,-0.58,0.42,目を強く閉じ、眉間にしわが寄って口元も緊張しており、不快・苦痛系の表情に見えます。緊張感があり反応は強めなので覚醒度はやや高めと判断しました。
../database/final_database/024/001.jpg,24,001.jpg,4,-0.55,0.25,眉が寄り目が閉じ気味で、口元も引きつった表情から不快・苦痛寄りの感情が示唆されます。一方で動きは強くなく、覚醒度はやや低〜中程度と判断しました。
../database/final_database/024/001.jpg,24,001.jpg,5,-0.55,0.35,目を強く閉じ、眉が寄って口元も緊張しており不快・苦痛寄りの表情に見えます。緊張感はあるものの極端ではないため覚醒度は中程度と判断しました。
../database/final_database/024/001.jpg,24,001.jpg,6,-0.65,0.35,眉が寄り、目が閉じて口角も下がり気味で不快・苦痛の表情に見えます。一方で表情の緊張はあるため覚醒度は中程度と判断しました。
../database/final_database/024/001.jpg,24,001.jpg,7,-0.65,0.25,眉が寄り目が閉じて口元も緊張しており、不快・苦痛寄りの表情に見えます。一方で動きは強くなく、覚醒度は中程度と判断しました。
../database/final_database/024/001.jpg,24,001.jpg,8,-0.62,0.34,眉が寄り目が閉じて口角が下がり気味で、不快・苦痛を示す表情に見えます。一方で緊張や反応はあるため覚醒度はやや高めと判断しました。
../database/final_database/024/001.jpg,24,001.jpg,9,-0.52,0.34,眉間にしわが寄り、口元も緊張していて不快・苦痛寄りの表情に見えます。一方で表情の動きは強すぎず、覚醒度は中程度と判断しました。
../database/final_database/024/001.jpg,24,001.jpg,10,-0.55,0.35,目を強く閉じて眉が寄り、口元が緊張しているため不快寄りの感情が強いです。一方で表情筋の緊張があり、反応はやや覚醒的に見えます。
../database/final_database/024/002.jpg,24,002.jpg,1,-0.38,-0.12,眉が中央に寄って下がり、口角もやや下がっていて不快・悲しみ寄りの表情に見えます。一方で目の開きや表情の強さは弱く、覚醒度は低めです。
../database/final_database/024/002.jpg,24,002.jpg,2,-0.42,0.18,眉が内側に寄り、口角がやや下がっていて不快・悲しみ寄りの表情に見えます。一方で目の見開きや緊張は強くなく、覚醒度は低～中程度と判断しました。
../database/final_database/024/002.jpg,24,002.jpg,3,-0.35,0.25,眉が中央に寄り、口角がやや下がって見えるため不快寄りの感情が示唆されます。一方で表情の強度は強くなく、覚醒度は中程度にとどまります。
../database/final_database/024/002.jpg,24,002.jpg,4,-0.34,0.18,眉が内側に寄り、目元がやや落ちて口角も下がり気味で、不快・悲しみ寄りの表情に見えます。一方で表情の強度は強くなく、覚醒度は低～中程度と判断しました。
../database/final_database/024/002.jpg,24,002.jpg,5,-0.35,0.1,口角が下がり気味で眉間に軽いしわがあり、不快・悲しみ寄りの表情に見えます。一方で目の開きや表情の強さは弱めで、覚醒度は低〜中程度です。
../database/final_database/024/002.jpg,24,002.jpg,6,-0.35,0.1,眉が寄り、口角がやや下がって見え、不快・困惑寄りの表情です。一方で目の見開きや動きは強くなく、覚醒度は低め～中程度に留まります。
../database/final_database/024/002.jpg,24,002.jpg,7,-0.28,0.12,眉が内側に寄り、口角がやや下がっていて不快・困惑寄りの表情に見えます。一方で目の開きは強くなく緊張感も大きくないため、覚醒度は低〜中程度です。
../database/final_database/024/002.jpg,24,002.jpg,8,-0.35,0.1,眉が中央に寄って下がり、口角もやや下がっているため不快寄りの表情に見えます。一方で表情の強さは中程度で、興奮・緊張は強くないため覚醒度は低めです。
../database/final_database/024/002.jpg,24,002.jpg,9,-0.38,0.12,眉が中央に寄り、口角がやや下がっていて不快・不安寄りの表情に見えます。一方で目の開きや表情の強さは控えめで、覚醒度は低めです。
../database/final_database/024/002.jpg,24,002.jpg,10,-0.35,0.1,眉が内側に寄り、口元がやや下がっていて不快・困惑寄りの表情に見えます。一方で目の開きや表情筋の緊張は強くなく、覚醒度は低めです。
../database/final_database/024/003.jpg,24,003.jpg,1,-0.42,0.15,眉が寄って目が閉じ気味で、口元も下がっており不快・悲しみ寄りの表情に見えます。一方で表情の動きは強すぎず、覚醒度は低〜中程度と判断しました。
../database/final_database/024/003.jpg,24,003.jpg,2,-0.48,0.18,眉が寄り、目が閉じ気味で口元も下がっており、不快・困惑寄りの表情に見えます。一方で表情の強度は極端ではなく、覚醒度はやや低～中程度と判断しました。
../database/final_database/024/003.jpg,24,003.jpg,3,-0.55,0.15,眉が寄り、目を閉じ気味で口角も下がっており、不快・困惑/苦痛寄りの表情に見えます。一方で動きは強くなく、興奮度は低～中程度と判断しました。
../database/final_database/024/003.jpg,24,003.jpg,4,-0.55,0.1,目を閉じて眉間にしわが寄り、口角も下がり気味で不快・悲しみ寄りの表情に見えます。一方で表情の強い緊張や驚きは少なく、覚醒度は低め〜中立寄りです。
../database/final_database/024/003.jpg,24,003.jpg,5,-0.38,0.22,目を強く閉じて眉間にしわが寄り、口元も引き締まっており不快・苦痛寄りの表情に見えます。一方で表情の緊張はあるものの、激しい興奮というほどではないため覚醒度はやや低〜中程度です。
../database/final_database/024/003.jpg,24,003.jpg,6,-0.52,0.22,眉が寄り目が閉じ気味で口角も下がっており、不快・悲しみ/痛み寄りの表情に見えます。一方で表情の強さは中程度で、興奮や高覚醒は強くありません。
../database/final_database/024/003.jpg,24,003.jpg,7,-0.56,0.18,眉間にしわが寄り、目を閉じて口角が下がっているため不快寄り（valence低め）に見えます。一方で表情の動きは強すぎず、緊張や驚きは小さいため覚醒度はやや低〜中程度です。
../database/final_database/024/003.jpg,24,003.jpg,8,-0.55,0.25,眉が寄り、口角が下がっていて不快・悲しみ寄りの表情に見えます。一方で目は閉じ気味で動きは強くなく、覚醒度は低〜中程度と判断しました。
../database/final_database/024/003.jpg,24,003.jpg,9,-0.52,0.18,目を閉じて眉が寄り、口角も下がり気味で不快・苦痛寄りの表情に見えます。一方で表情の強い緊張や驚きは少なく、覚醒度は低〜中程度です。
../database/final_database/024/003.jpg,24,003.jpg,10,-0.45,0.35,眉が寄り目が閉じ気味で、口元も下がっており不快・困惑の表情に見えます。一方で表情筋の緊張があり、落ち着いた無覚醒ではなく中程度の覚醒が感じられます。
../database/final_database/024/004.jpg,24,004.jpg,1,0.15,-0.25,口角がわずかに上がり穏やかな表情で、強い不快感は見られないため快寄りです。目の開きや表情筋の緊張が弱く落ち着いているので覚醒度はやや低めです。
../database/final_database/024/004.jpg,24,004.jpg,2,0.12,-0.18,口元がわずかに上がっており大きな不快感は見られない一方、目の開きや表情筋の動きが小さく落ち着いた（やや眠そうな）印象です。全体として弱い快・低覚醒寄りと判断しました。
../database/final_database/024/004.jpg,24,004.jpg,3,0.1,-0.2,口元がわずかに上がり不快感は少ない一方、目元の緊張も弱く全体的に落ち着いた表情に見えるためです。はっきりした喜びや驚きは感じられず、低～中程度の覚醒度と判断しました。
../database/final_database/024/004.jpg,24,004.jpg,4,0.12,-0.18,口元がわずかに上がっており軽い快の表情ですが、目元が半分閉じていて緊張や興奮は低めに見えます。全体として落ち着いた弱いポジティブに近い印象です。
../database/final_database/024/004.jpg,24,004.jpg,5,0.1,-0.15,口元がわずかに上がり、全体として中立〜軽い快の表情に見えます。一方で目元の動きが小さく力みも少ないため、覚醒度はやや低めと判断しました。
../database/final_database/024/004.jpg,24,004.jpg,6,-0.05,-0.1,口元がわずかに上がっている一方で、目元が細く緊張感があり、快・不快どちらとも言い切れない中性的な印象です。表情の動きは小さく、覚醒度も低めに見えます。
../database/final_database/024/004.jpg,24,004.jpg,7,0.2,-0.1,口元がわずかに上がっており不快感は強くないため、軽い快の方向に判断しました。一方で目の開きが小さく表情の強さも控えめなので、覚醒度はやや低めとしました。
../database/final_database/024/004.jpg,24,004.jpg,8,0.12,-0.22,口角がわずかに上がり全体として中立〜軽い快の印象ですが、目が細く表情の動きが小さいため覚醒度は低めに見えます。緊張や強い興奮は感じられません。
../database/final_database/024/004.jpg,24,004.jpg,9,0.18,-0.22,口角がわずかに上がり不快感は強くない一方、目の開きが小さく表情筋の動きも穏やかで落ち着いた状態に見えます。全体として軽い快と低めの覚醒と判断しました。
../database/final_database/024/004.jpg,24,004.jpg,10,0.12,-0.28,口元がわずかに上がり表情は中立〜軽い快の印象ですが、目元の開きが小さく全体に落ち着いていて覚醒度は低めに見えます。
../database/final_database/024/005.jpg,24,005.jpg,1,-0.22,0.18,目が細く口元がやや引きつっており、快よりも軽い不快・困惑寄りの表情に見えます。表情の強度は高くなく、覚醒度は低〜中程度と判断しました。
../database/final_database/024/005.jpg,24,005.jpg,2,-0.12,0.18,口元はわずかに上がっていますが、片目を閉じた不自然な表情で快・不快がはっきりせず、中立〜やや不快寄りに見えます。表情の強さは弱く、覚醒度も低〜中程度です。
../database/final_database/024/005.jpg,24,005.jpg,3,-0.12,0.28,口元がやや開き、眉間に軽い緊張が見られるため、快よりもわずかに不快寄りと判断しました。表情の動きはあるものの強い興奮ではないため、覚醒度は中程度にしました。
../database/final_database/024/005.jpg,24,005.jpg,4,-0.22,0.18,目が細まり口元がやや歪んでおり、快よりも不快寄りの表情に見えます。一方で表情の強度は高くなく、覚醒度はやや低〜中程度と判断しました。
../database/final_database/024/005.jpg,24,005.jpg,5,-0.15,0.25,眉が寄り、片目をつむるような表情と口元の緊張から、やや不快・困惑寄りに見えます。一方で表情の動きがあり、完全に沈静ではないため覚醒度はやや高めと判断しました。
../database/final_database/024/005.jpg,24,005.jpg,6,-0.12,0.34,口角がやや下がり目も細く、軽い不快・困惑の表情に見えます。一方で口が開いて表情筋の緊張があり、覚醒度はやや高めと判断しました。
../database/final_database/024/005.jpg,24,005.jpg,7,-0.18,0.32,眉が寄り気味で片目を細め、口元もやや緊張して見えるため不快寄りの表情です。一方で口が開き表情筋の動きがあり、軽い覚醒（緊張・注意）のサインがあるためarousalはやや高めにしました。
../database/final_database/024/005.jpg,24,005.jpg,8,0.12,0.28,口元がやや上がり笑みに近い一方、片目が細く緊張や違和感も感じられるため、快は弱めに評価しました。表情の動きは中程度で、覚醒もやや高めと判断しました。
../database/final_database/024/005.jpg,24,005.jpg,9,-0.12,0.28,眉がやや寄って目も細く、快よりも不快寄りの表情に見えます。一方で口が少し開いて表情筋の動きがあり、覚醒度は低すぎず中程度と判断しました。
../database/final_database/024/005.jpg,24,005.jpg,10,-0.18,0.22,目が細く口角も下がり気味で、やや不快・戸惑いの表情に見えます。一方で口が少し開き表情筋の動きがあるため、覚醒度は軽く高めと判断しました。
../database/final_database/024/006.jpg,24,006.jpg,1,-0.28,0.34,眉が寄り、目が細まり口元も緊張していて、不快・困惑寄りの表情に見えます。一方で表情の動きはあり、ぼんやりした無覚醒ではないため中程度の覚醒と判断しました。
../database/final_database/024/006.jpg,24,006.jpg,2,-0.12,0.18,眉が寄り、目が細く口角もあまり上がっていないため、やや不快・困惑寄りに見えます。一方で表情の強さは強烈ではなく、覚醒度は軽度と判断しました。
../database/final_database/024/006.jpg,24,006.jpg,3,-0.35,0.25,眉間にしわが寄り口元も引きつっており、不快・困惑寄りの表情に見えます。一方で目は開いており緊張感があるため、覚醒度はやや高めと判断しました。
../database/final_database/024/006.jpg,24,006.jpg,4,-0.32,0.18,眉が寄り、片目を細めて口角も下がり気味で不快・困惑寄りの表情に見えます。動きは強くなく落ち着いた緊張感のため覚醒度はやや低めと判断しました。
../database/final_database/024/006.jpg,24,006.jpg,5,-0.25,0.35,眉が中央に寄って少し下がり、目も細く口元が緊張しており、やや不快・困惑寄りに見えます。一方で表情の緊張感があるため覚醒度はやや高めと判断しました。
../database/final_database/024/006.jpg,24,006.jpg,6,-0.18,0.32,眉が寄り気味で目が細く、口元も緊張しており不快寄りに見えます。一方で表情筋の緊張があり、覚醒度はやや高めです。
../database/final_database/024/006.jpg,24,006.jpg,7,-0.22,0.18,口元がやや引きつり、眉間に軽い緊張が見られるため不快寄りの印象です。一方で表情の強い興奮や活発さは少なく、覚醒度はわずかに高い程度と判断しました。
../database/final_database/024/006.jpg,24,006.jpg,8,-0.28,0.22,眉が寄り、目が細く、口元も緊張して見えるため不快寄りの感情が示唆されます。一方で表情の強度は中程度で、興奮というより軽い緊張・困惑に近いため覚醒度はやや低め〜中程度です。
../database/final_database/024/006.jpg,24,006.jpg,9,-0.28,0.22,眉間が寄り目が細く、口元も緊張しており不快・困惑寄りの表情に見えます。一方で強い興奮や活力は感じにくく、中程度の覚醒度です。
../database/final_database/024/006.jpg,24,006.jpg,10,-0.12,0.22,眉が寄り目が細く、口元も緊張していて不快・困惑寄りの表情に見えます。一方で表情の動きは中程度で、覚醒度はやや高めと判断しました。
../database/final_database/024/007.jpg,24,007.jpg,1,0.1,0.2,眉が少し寄り、目が細く口元が緊張しているため快より中立〜やや不快寄りに見えます。一方で表情の強さは弱く、覚醒度は低〜中程度です。
../database/final_database/024/007.jpg,24,007.jpg,2,-0.25,0.35,目が強く細まり眉間にしわが寄っており、口元も緊張していて不快寄りに見えます。一方で表情の収縮がはっきりしているため覚醒度はやや高めです。
../database/final_database/024/007.jpg,24,007.jpg,3,-0.1,0.15,目を強く細め、口元が引き締まっており軽い不快・不満の表情に見えます。一方で表情の強さは中程度で、覚醒度はやや高い程度と判断しました。
../database/final_database/024/007.jpg,24,007.jpg,4,-0.25,0.1,眉間にしわが寄り、目が細く口角もやや下がっており、不快寄りの表情に見えます。一方で動きは強くなく、覚醒度は低〜中程度と判断しました。
../database/final_database/024/007.jpg,24,007.jpg,5,-0.32,0.28,目を細め眉を寄せ、口元も引き締まっており不快寄りの表情に見えます。一方で強い驚きや興奮はなく、軽い緊張・いら立ち程度の覚醒と判断しました。
../database/final_database/024/007.jpg,24,007.jpg,6,-0.18,0.22,目が細く、口元がわずかに下がり気味で、不快・不満寄りの表情に見えます。一方で表情の緊張は強すぎず、覚醒度は軽度に高い程度と判断しました。
../database/final_database/024/007.jpg,24,007.jpg,7,-0.28,0.32,眉が寄り、目が細く、口元も引き締まっており不快・不満の表情に見えます。一方で緊張感があり、覚醒度はやや高めと判断しました。
../database/final_database/024/007.jpg,24,007.jpg,8,-0.12,0.22,眉間にしわが寄り目が細く、口元も引き締まっておりやや不快・不満寄りに見えます。一方で表情の強さは中程度で、覚醒度は軽く高めと判断しました。
../database/final_database/024/007.jpg,24,007.jpg,9,-0.22,0.12,目を細めて眉間にしわが寄り、口元も引きつり気味で不快寄りに見えます。一方で表情の動きは強すぎず、覚醒度はやや低め〜中程度です。
../database/final_database/024/007.jpg,24,007.jpg,10,-0.25,0.2,目が細く口元が引き締まっており、やや不快・不満そうな表情に見えます。一方で表情の強さは中程度で、覚醒度はやや高めに留まります。
../database/final_database/024/008.jpg,24,008.jpg,1,-0.35,0.25,目を強く閉じて口元がやや引きつっており、不快感や痛みをこらえるような表情に見えます。一方で緊張はあるものの激しい興奮ではないため覚醒度は中程度と判断しました。
../database/final_database/024/008.jpg,24,008.jpg,2,-0.2,0.35,目を強く閉じて口元が歪んでおり、苦痛や不快さを感じる表情に見えます。一方で顔全体に力が入っているため覚醒度はやや高めと判断しました。
../database/final_database/024/008.jpg,24,008.jpg,3,-0.25,0.35,目を強く閉じて口元を引き結んでおり、軽い不快感や痛みをこらえるような表情に見えます。筋緊張が感じられるため覚醒度はやや高めと判断しました。
../database/final_database/024/008.jpg,24,008.jpg,4,-0.22,0.18,目を強く閉じて口元がやや歪み、快よりも不快・苦痛寄りの表情に見えます。一方で強い興奮というより軽い緊張・反応程度なので覚醒度は低めにしました。
../database/final_database/024/008.jpg,24,008.jpg,5,-0.38,0.18,目を強く閉じて口元が引きつり、快よりも不快・緊張寄りの表情に見えます。一方で動きは大きくなく、覚醒度は中程度よりやや低めと判断しました。
../database/final_database/024/008.jpg,24,008.jpg,6,-0.22,0.18,目を細めて口元を引き結び、やや不快・嫌悪や痛みを感じているような表情に見えます。一方で動きは大きくなく、覚醒度は低〜中程度です。
../database/final_database/024/008.jpg,24,008.jpg,7,-0.18,0.32,目を強く閉じ、口元がやや歪んでいて不快・困惑寄りの表情に見えます。一方で顔の緊張があり、落ち着いた状態よりは覚醒度がやや高めです。
../database/final_database/024/008.jpg,24,008.jpg,8,-0.45,0.15,眉間を寄せて目を強く閉じ、口元も緊張しているため不快寄りの表情に見えます。一方で動きは大きいものの興奮というよりはこらえるような緊張で、覚醒度はやや低め〜中程度です。
../database/final_database/024/008.jpg,24,008.jpg,9,-0.25,0.2,目を強く閉じて口元が歪み、軽い不快感や痛みをこらえるような表情に見えます。一方で緊張はあるものの激しい興奮ではなく、中程度の覚醒と判断しました。
../database/final_database/024/008.jpg,24,008.jpg,10,-0.15,0.25,目を強く細め口元が引き締まっており、やや不快・困惑寄りの表情に見えます。動きは大きくないものの緊張感があり、軽い覚醒状態と判断しました。
../database/final_database/024/009.jpg,24,009.jpg,1,0.08,-0.32,口元はわずかに上がっているものの、目元の動きが少なく全体として感情表出が弱いです。落ち着いた（やや低覚醒）状態で、快・不快はほぼ中立寄りと判断しました。
../database/final_database/024/009.jpg,24,009.jpg,2,-0.22,-0.35,口角がやや下がり、目元も緊張が少なく全体に沈んだ印象で、軽い不快寄りです。表情の動きが小さくエネルギー感も低いため、覚醒度はやや低めと判断しました。
../database/final_database/024/009.jpg,24,009.jpg,3,0.1,-0.2,口元がわずかに上がっていますが、目元の動きが少なく全体として中立に近い表情です。強い緊張や興奮のサインも乏しいため覚醒度はやや低めと判断しました。
../database/final_database/024/009.jpg,24,009.jpg,4,-0.12,-0.28,口角がやや下がり、目元も力が抜けていて快より不快寄りの印象です。表情の動きが小さく緊張感も低いため、覚醒度は低めと判断しました。
../database/final_database/024/009.jpg,24,009.jpg,5,-0.22,-0.31,口角がやや下がり、目元も柔らかく活気が少ないため、やや不快寄りの低覚醒に見えます。強い怒りや興奮は感じられず、落ち着いた沈み気味の表情です。
../database/final_database/024/009.jpg,24,009.jpg,6,0.05,-0.25,口角がわずかに上がっているように見えますが、目元の動きが少なく全体として表情は抑制的です。感情の強度は低く、軽い快寄りの落ち着いた状態と判断しました。
../database/final_database/024/009.jpg,24,009.jpg,7,-0.32,-0.18,口元が下がり気味で眉間にも緊張があり、不快・不満寄りの印象です。一方で表情の動きは小さく、覚醒度はやや低めに見えます。
../database/final_database/024/009.jpg,24,009.jpg,8,-0.12,-0.25,口角がやや下がり、眉も少し寄っていて軽い不快・困惑の表情に見えます。一方で目の開きや表情筋の緊張は強くなく、覚醒度は低めです。
../database/final_database/024/009.jpg,24,009.jpg,9,-0.15,-0.25,口角がやや下がり気味で、目元もやや沈んで見えるため軽い不快寄りの表情です。表情変化は大きくなく緊張感も強くないため、覚醒度は低めと判断しました。
../database/final_database/024/009.jpg,24,009.jpg,10,-0.25,-0.1,口角がやや下がり、眉間に軽い緊張が見られるため、快より不快寄りの表情です。一方で目の開きや表情筋の動きが小さく、覚醒度は低めと判断します。
../database/final_database/024/010.jpg,24,010.jpg,1,-0.12,0.08,口元がわずかに上がっている一方で目が細く緊張感があり、快・不快は中立よりやや不快寄りに見えます。表情の動きは小さく、覚醒度は低〜中程度です。
../database/final_database/024/010.jpg,24,010.jpg,2,0.12,0.08,口角がわずかに上がっており軽い快の表情ですが、目が細く緊張感が少しあるため強いポジティブではありません。全体として落ち着いていて覚醒度は低めです。
../database/final_database/024/010.jpg,24,010.jpg,3,0.12,0.18,口角がわずかに上がり全体として中立〜軽い快の印象ですが、目が細く緊張も少し感じられます。表情変化は小さく、覚醒度も低〜中程度に見えます。
../database/final_database/024/010.jpg,24,010.jpg,4,-0.12,0.18,口元はわずかに上がっていますが、目が細く眉間に寄りがあり、やや不快・困惑気味に見えます。表情の動きは強くなく、覚醒度は軽度にとどまります。
../database/final_database/024/010.jpg,24,010.jpg,5,-0.18,0.22,眉が寄り目が細く、口元も引きつった表情でやや不快・困惑寄りに見えます。一方で強い興奮や沈静はなく、軽い緊張程度の覚醒と判断しました。
../database/final_database/024/010.jpg,24,010.jpg,6,-0.08,0.18,目が細まり口元も強い笑顔ではなく、やや困惑・不快寄りの表情に見えます。一方で表情筋の緊張が少しあり、覚醒度は低すぎないと判断しました。
../database/final_database/024/010.jpg,24,010.jpg,7,0.08,-0.12,口元にわずかな上向きがあり不快ではないものの、目が細く全体として落ち着いた表情で強い快・不快は感じにくいです。動きや緊張感も弱く、覚醒度はやや低めと判断しました。
../database/final_database/024/010.jpg,24,010.jpg,8,-0.08,0.12,眉間にしわが寄り目が細く、わずかに不快そうな表情に見えます。一方で口元は強く緊張しておらず、覚醒度は低〜中程度です。
../database/final_database/024/010.jpg,24,010.jpg,9,0.12,0.22,口元がわずかに上がっており軽いポジティブさが見られますが、目が細く全体としては強い喜びではなく落ち着いた表情です。緊張や興奮は強くなく、覚醒度はやや低〜中程度と判断しました。
../database/final_database/024/010.jpg,24,010.jpg,10,-0.15,0.25,眉が寄って目が細く、口元もやや緊張しているため軽い不快寄りに見えます。一方で表情の動きは小さめで、覚醒度は中程度と判断しました。
../database/final_database/025/001.jpg,25,001.jpg,1,-0.25,0.15,目を強く閉じ、眉間にしわが寄っており不快・緊張寄りの表情に見えます。一方で口元は大きく開かず全体の動きは強すぎないため、覚醒度はやや低〜中程度と判断しました。
../database/final_database/025/001.jpg,25,001.jpg,2,-0.05,0.1,目を強く閉じ、眉間に軽いしわが寄っていてわずかな不快感や緊張が見られます。一方で表情の強度は高くなく、覚醒度は低〜中程度です。
../database/final_database/025/001.jpg,25,001.jpg,3,0.22,-0.08,目を閉じて口角がわずかに上がっており、穏やかな満足感が感じられます。一方で表情の動きは小さく、覚醒度は低めです。
../database/final_database/025/001.jpg,25,001.jpg,4,0.12,0.08,目を閉じて口元がわずかに上がっており、強い不快や怒りは見られないため、やや快寄りと判断しました。表情変化が小さく、緊張や興奮も強くないため覚醒度は低めです。
../database/final_database/025/001.jpg,25,001.jpg,5,-0.35,0.1,目を強く閉じ、眉間にしわが寄っていて不快・痛み/嫌悪寄りの表情に見えます。一方で大きな驚きや興奮はなく、覚醒度は低め～中程度です。
../database/final_database/025/001.jpg,25,001.jpg,6,-0.15,0.05,目が強く閉じられ眉間にしわが寄っており、やや不快・緊張寄りの表情に見えます。一方で口元の動きは小さく、全体の覚醒度は高くありません。
../database/final_database/025/001.jpg,25,001.jpg,7,-0.2,-0.1,目を閉じて眉間にしわが寄り、口元も緊張しているため不快寄りに見えます。一方で動きや表情の強さは大きくなく、覚醒度はやや低めと判断しました。
../database/final_database/025/001.jpg,25,001.jpg,8,0.25,-0.35,目を閉じて口元がわずかに上がっており、全体として穏やかでやや快の表情に見えます。表情の動きが小さく緊張感も強くないため、覚醒度は低めと判断しました。
../database/final_database/025/001.jpg,25,001.jpg,9,0.12,-0.18,目を閉じて口元にわずかな緊張があり、強い喜びや怒りは感じにくい中立寄りの表情です。覚醒度も低めで、落ち着いた／やや沈静的な印象です。
../database/final_database/025/001.jpg,25,001.jpg,10,0.12,-0.18,目を閉じて口元はわずかに上がっていますが、眉間に軽い緊張があり強い快・不快は感じにくい表情です。動きが少なく落ち着いた印象のため覚醒度はやや低めと判断しました。
../database/final_database/025/003.jpg,25,003.jpg,1,-0.55,-0.15,眉が寄り、目が細く口角が下がって見えるため不快寄りの表情です。動きは大きくなく落ち着いた印象なので覚醒度はやや低めと判断しました。
../database/final_database/025/003.jpg,25,003.jpg,2,-0.62,0.28,眉が寄り目が細く、口がやや開いて下がっており不快・苦痛寄りの表情に見えます。一方で動きは強くなく、覚醒度は中程度と判断しました。
../database/final_database/025/003.jpg,25,003.jpg,3,-0.62,0.28,眉が寄り目が細く、口も緊張して少し開いており、不快・苦痛寄りの表情に見えます。一方で驚きや強い興奮は少なく、覚醒度は中程度と判断しました。
../database/final_database/025/003.jpg,25,003.jpg,4,-0.35,0.25,眉が寄り気味で目も細く、口が半開きで苦痛・不快そうな表情に見えるためvalenceは低めです。一方で強い笑顔や激しい怒りほどの緊張はなく、中程度の覚醒と判断しました。
../database/final_database/025/003.jpg,25,003.jpg,5,-0.42,0.28,眉が寄り目が細く、口が開いて力が抜けたように見えるため不快寄りの表情です。一方で表情筋の緊張があり、軽い覚醒状態（困惑・不安）と判断しました。
../database/final_database/025/003.jpg,25,003.jpg,6,-0.55,0.25,眉が寄り目が細く、口も力が抜けた形で不快・苦痛寄りの表情に見えます。一方で激しい興奮というよりは中程度の緊張に留まっているため覚醒度はやや低めです。
../database/final_database/025/003.jpg,25,003.jpg,7,-0.35,0.1,眉が寄り目が細く、口が開いて力が抜けた表情で、不快・苦痛寄りに見えます。一方で強い興奮や緊張は少なく、覚醒度は低めです。
../database/final_database/025/003.jpg,25,003.jpg,8,-0.35,0.2,眉間にしわが寄り、目が細く口が半開きで不快・苦痛寄りの表情に見えます。一方で動きは強くなく、覚醒度は中低程度と判断しました。
../database/final_database/025/003.jpg,25,003.jpg,9,-0.45,0.1,眉が寄り目が細く、口元も緊張しており不快・困惑の表情が強いです。一方で動きは小さく激しい興奮は見られないため覚醒度は低めです。
../database/final_database/025/003.jpg,25,003.jpg,10,-0.62,0.28,眉が寄り目が細く、口もやや開いて不快・苦痛寄りの表情に見えます。一方で動きは強くなく、覚醒度は中程度と判断しました。
../database/final_database/025/004.jpg,25,004.jpg,1,-0.35,0.45,眉が寄って目が細く、口も歪んでおり不快・困惑の表情に見えるためvalenceはやや低めです。一方で表情筋の緊張が強く、反応ははっきりしているのでarousalはやや高めです。
../database/final_database/025/004.jpg,25,004.jpg,2,-0.35,0.45,眉間にしわが寄り、口元も緊張していて不快寄りの表情に見えます。一方で目や口の開きから緊張・驚きの要素があり、覚醒度はやや高めと判断しました。
../database/final_database/025/004.jpg,25,004.jpg,3,-0.55,0.35,眉が寄り、目が細く口元も緊張しており不快・不満の感情が強く見えます。一方で驚きや興奮ほどの強い活性ではなく、中程度の覚醒に留まっています。
../database/final_database/025/004.jpg,25,004.jpg,4,-0.42,0.53,眉間にしわが寄り、目が細く口元も緊張しており不快・苦痛寄りの表情に見えます。表情の緊張が強く覚醒度は中程度以上と判断しました。
../database/final_database/025/004.jpg,25,004.jpg,5,-0.62,0.48,眉間にしわが寄り、目が細く口が開いていて不快・苦痛を示す表情に見えます。緊張感はあるものの激しい興奮ではないため覚醒度は中程度と判断しました。
../database/final_database/025/004.jpg,25,004.jpg,6,-0.35,0.4,眉が寄り、目が細く口元も緊張しており不快寄りの表情に見えます。一方で表情筋の動きがあり、落ち着いた無表情ではなくやや覚醒度は高めです。
../database/final_database/025/004.jpg,25,004.jpg,7,-0.42,0.36,眉間にしわが寄り目が細く、口元も緊張していて不快・困惑の表情に見えます。一方で表情筋の緊張があり、覚醒度はやや高めです。
../database/final_database/025/004.jpg,25,004.jpg,8,-0.55,0.35,眉間にしわが寄り、目が細まり口元も緊張しており、不快・困惑寄りの表情に見えます。一方で大きく見開くなどの強い興奮はなく、中程度の覚醒と判断しました。
../database/final_database/025/004.jpg,25,004.jpg,9,-0.35,0.3,眉間にしわが寄り、目が細く口元も緊張しており、不快・困惑寄りの表情に見えます。一方で表情の動きは中程度で、覚醒度はやや高めと判断しました。
../database/final_database/025/004.jpg,25,004.jpg,10,-0.35,0.55,眉間にしわが寄り、目が細く口元も緊張しており不快寄りの表情です。口が開き筋緊張が強いため覚醒度はやや高めと判断しました。
../database/final_database/025/005.jpg,25,005.jpg,1,-0.62,0.48,眉が寄り、目が細く、口角が下がって開いているため不快・苦痛寄りの表情に見えます。一方で顔の緊張と口の開きから、覚醒度は中程度に高いと判断しました。
../database/final_database/025/005.jpg,25,005.jpg,2,-0.74,0.62,眉が寄り目が細く、口が開いて苦痛や不快を示す表情に見えます。緊張感があり感情強度も高めなので覚醒度はやや高いと判断しました。
../database/final_database/025/005.jpg,25,005.jpg,3,-0.72,0.55,眉が寄り目が細く、口が開いて下がっており、苦痛や不快の表情に見えます。一方で顔全体の緊張感があり、情動の強さは中程度に高いと判断しました。
../database/final_database/025/005.jpg,25,005.jpg,4,-0.7,0.25,目が細く口が半開きで、眉も寄っていて不快・苦痛や泣きそうな表情に見えます。一方で強い興奮というよりは中程度の緊張・覚醒にとどまっています。
../database/final_database/025/005.jpg,25,005.jpg,5,-0.74,0.38,目を細めて口角が下がり、泣きそうな表情で不快（ネガティブ）寄りに見えます。一方で顔の緊張はあるものの激しい興奮ではなく、中程度の覚醒と判断しました。
../database/final_database/025/005.jpg,25,005.jpg,6,-0.62,0.38,眉が寄り目が細く、口が半開きで下がっており、不快・苦痛寄りの表情に見えます。一方で表情の緊張があり、覚醒度はやや高めと判断しました。
../database/final_database/025/005.jpg,25,005.jpg,7,-0.65,0.35,眉が寄り目が細く、口元も下がっていて不快・悲痛寄りの表情に見えます。一方で顔の緊張はあるため覚醒度は中程度と判断しました。
../database/final_database/025/005.jpg,25,005.jpg,8,-0.62,0.35,目が細まり眉が寄り、口が開いて下がっているため不快（苦痛・悲しみ寄り）の表情に見えます。一方で泣きそうな緊張感はあるものの激しい興奮ではないため、中程度の覚醒と判断しました。
../database/final_database/025/005.jpg,25,005.jpg,9,-0.62,0.34,眉が寄り、目が細く、口がわずかに開いて下がっており不快・悲痛寄りの表情に見えます。一方で表情筋の緊張があるため覚醒度はやや高めと判断しました。
../database/final_database/025/005.jpg,25,005.jpg,10,-0.62,0.34,眉が寄り、目が細く口が開いて緊張した表情で、不快・苦痛寄りの感情が示唆されます。一方で表情筋の収縮が強く、一定の覚醒度（興奮・苦痛による反応）が見られます。
../database/final_database/025/006.jpg,25,006.jpg,1,-0.62,0.48,眉が寄り、目を強く閉じて口が開いた表情で、不快・苦痛や不満が示唆されます。緊張感があり反応も強めなので覚醒度は中程度に高いと判断しました。
../database/final_database/025/006.jpg,25,006.jpg,2,-0.55,0.35,眉が寄り、目が強く閉じられ口が開いていて苦痛や不快感を示す表情に見えます。一方で表情の緊張はあるため覚醒度はやや高めと判断しました。
../database/final_database/025/006.jpg,25,006.jpg,3,-0.52,0.46,眉間にしわが寄り目が強く閉じられており、口も緊張していて不快・苦痛寄りの表情に見えます。一方で表情筋の収縮が強く、覚醒度は中程度に高いと判断しました。
../database/final_database/025/006.jpg,25,006.jpg,4,-0.55,0.35,眉が寄り、目を強く閉じて口が開いた表情で、不快感や苦痛が示唆されます。一方で表情の緊張があり覚醒度はやや高めと判断しました。
../database/final_database/025/006.jpg,25,006.jpg,5,-0.55,0.25,目が強く閉じられ眉間にしわが寄っており、口も緊張していて不快・苦痛寄りの表情に見えます。表情の強度はあるものの激しい興奮ではなく、中程度の覚醒と判断しました。
../database/final_database/025/006.jpg,25,006.jpg,6,-0.55,0.35,眉間にしわが寄り目を強く閉じ、口元も緊張しているため不快寄りの表情に見えます。一方で表情筋の収縮が強く、ある程度の覚醒（緊張・苦痛）も感じられます。
../database/final_database/025/006.jpg,25,006.jpg,7,-0.35,0.55,眉間にしわが寄り目が強く閉じられており、口も緊張していて不快・苦痛寄りの表情に見えます。一方で表情筋の緊張が強く、覚醒度はやや高めと判断しました。
../database/final_database/025/006.jpg,25,006.jpg,8,-0.62,0.48,目を強く閉じ、眉間にしわが寄って口も緊張しており、不快・苦痛寄りの表情に見えます。一方で表情筋の緊張が強く、覚醒度は中程度に高いと判断しました。
../database/final_database/025/006.jpg,25,006.jpg,9,-0.55,0.45,眉が寄り、目が閉じ気味で口元も緊張しており、不快・苦痛寄りの表情に見えます。緊張感があり一定の覚醒も感じられるため、arousalはやや高めにしました。
../database/final_database/025/006.jpg,25,006.jpg,10,-0.35,0.45,目を強く閉じて眉間にしわが寄っており、口も力が入っているため不快寄りの感情に見えます。一方で表情筋の緊張が強く、覚醒度はやや高いと判断しました。
../database/final_database/025/007.jpg,25,007.jpg,1,-0.32,0.35,眉が寄り片目を細め、口元も緊張していて不快・困惑寄りの表情に見えます。一方で顔の筋緊張があり、落ち着いた状態よりはやや覚醒が高い印象です。
../database/final_database/025/007.jpg,25,007.jpg,2,-0.28,0.34,眉がひそまり片目を細め、口元も緊張していて不快・困惑寄りに見えます。一方で表情の動きはあるため覚醒度は中程度と判断しました。
../database/final_database/025/007.jpg,25,007.jpg,3,-0.35,0.25,眉が寄り気味で片目を細め、口も緊張しており不快・困惑寄りの表情に見えます。一方で表情の動きは強すぎず、覚醒度は中程度と判断しました。
../database/final_database/025/007.jpg,25,007.jpg,4,-0.38,0.22,眉が寄り片目を細めて口もやや歪んでおり、不快感や戸惑いが感じられる表情です。一方で大きな驚きや興奮は見られず、覚醒度は軽度にとどまります。
../database/final_database/025/007.jpg,25,007.jpg,5,-0.28,0.32,眉が寄り、片目を細めて口がわずかに開いているため、不快・困惑寄りの表情に見えます。一方で緊張感はあるものの強い興奮ではなく中程度の覚醒と判断しました。
../database/final_database/025/007.jpg,25,007.jpg,6,-0.38,0.22,眉がひそみ口角が下がり気味で、不快・不満そうな表情に見えます。一方で目や口は強く開いておらず、興奮度は中程度と判断しました。
../database/final_database/025/007.jpg,25,007.jpg,7,-0.25,0.35,眉間にしわが寄り、片目を細め口元も緊張しており、不快・困惑寄りの表情に見えます。一方で表情の筋緊張があり反応性は中程度なので、覚醒はやや高めと判断しました。
../database/final_database/025/007.jpg,25,007.jpg,8,-0.22,0.28,眉間にしわが寄り、目が細く口元がやや歪んでいて不快・困惑寄りの表情に見えます。一方で表情筋の緊張があり、覚醒度は低すぎず中程度です。
../database/final_database/025/007.jpg,25,007.jpg,9,-0.32,0.18,眉が寄り目が細く、口元も緊張しているため不快寄りに見えます。一方で表情の動きは中程度で、強い興奮や沈静は感じにくいです。
../database/final_database/025/007.jpg,25,007.jpg,10,-0.35,0.15,眉が寄り片目を細めて口元も緊張しており、不快・困惑寄りの表情に見えます。強い興奮はなく落ち着いた緊張程度なので覚醒はやや低めです。
../database/final_database/025/008.jpg,25,008.jpg,1,-0.22,0.18,眉が中央に寄り目が細く、口角も上がっていないためやや不快寄りに見えます。一方で表情の強い緊張や驚きは少なく、覚醒度は低～中程度です。
../database/final_database/025/008.jpg,25,008.jpg,2,-0.32,0.18,眉が寄り気味で目元もやや緊張しており、不快・困惑寄りの表情に見えます。一方で口元は大きく開かず強い興奮は感じにくいため、覚醒度は低～中程度と判断しました。
../database/final_database/025/008.jpg,25,008.jpg,3,-0.15,0.25,眉間にしわが寄り、口元も引き締まっていて軽い不快・不満の表情に見えます。一方で目の開きや表情筋の緊張があり、覚醒度はやや高めと判断しました。
../database/final_database/025/008.jpg,25,008.jpg,4,-0.35,0.25,眉が寄って目が細く、口元も引きつって見えるため不快寄りの印象です。一方で表情の緊張はあるが強い興奮ではないため、覚醒はやや高めに留まります。
../database/final_database/025/008.jpg,25,008.jpg,5,-0.28,0.22,眉が寄り気味で口元も緊張しており、不快・困惑寄りの表情に見えるためvalenceはややマイナス。目は開いていて表情の動きもあるため、覚醒度は低すぎず軽くプラスにしました。
../database/final_database/025/008.jpg,25,008.jpg,6,-0.35,0.15,眉間にしわが寄り、目が細く口元も緊張しており不快寄りの表情に見えます。一方で驚きや強い興奮はなく、覚醒度はやや低めです。
../database/final_database/025/008.jpg,25,008.jpg,7,-0.38,0.34,眉が寄り、目が細く口元も引き締まっており、不快・不満寄りの表情に見えます。一方で表情筋の緊張があり、覚醒度はやや高めと判断します。
../database/final_database/025/008.jpg,25,008.jpg,8,-0.32,0.18,眉が寄り目が細く、口元もやや下がって見えるため不快寄りの表情です。一方で動きは強くなく、覚醒度は低〜中程度に留まります。
../database/final_database/025/008.jpg,25,008.jpg,9,-0.25,0.3,眉間にしわが寄り、目が細まり口元もやや緊張していて不快寄りに見えます。一方で表情の緊張感があり、覚醒度はやや高めです。
../database/final_database/025/008.jpg,25,008.jpg,10,-0.12,0.18,眉が内側に寄って少ししかめ面で、口元も引き締まり気味のため快より不快寄りに見えます。目の開きは大きくなく表情の強度も中程度なので、覚醒度はやや低〜中程度と判断しました。
../database/final_database/025/009.jpg,25,009.jpg,1,-0.55,0.35,目を強く閉じ、眉間にしわが寄っていて口元も緊張しており、不快・痛みや嫌悪寄りの表情に見えます。表情の強さは中程度で、覚醒度はやや高めと判断しました。
../database/final_database/025/009.jpg,25,009.jpg,2,-0.55,0.35,眉を強く寄せて目を閉じ、口元も苦しそうに歪んでおり、不快・苦痛寄りの表情に見えます。一方で表情筋の緊張はあるため覚醒度はやや高めと判断しました。
../database/final_database/025/009.jpg,25,009.jpg,3,-0.35,0.3,目を閉じて眉間にしわが寄り、口元も緊張しており不快・苦痛寄りの表情に見えます。一方で強い興奮というよりは軽い緊張程度なので覚醒は中程度にしました。
../database/final_database/025/009.jpg,25,009.jpg,4,-0.45,0.35,眉が寄り目が閉じ気味で口も緊張しており、不快・苦痛寄りの表情に見えます。一方で表情の緊張があり覚醒度は中程度と判断しました。
../database/final_database/025/009.jpg,25,009.jpg,5,-0.55,0.4,眉が寄り目が閉じ気味で口が歪んでおり、不快・苦痛や嫌悪に近い表情に見えます。一方で表情筋の緊張があり、無反応ではないため中程度の覚醒と判断しました。
../database/final_database/025/009.jpg,25,009.jpg,6,-0.62,0.41,眉が強く寄り、目を閉じ気味で口も緊張しており、不快・痛み・嫌悪などネガティブ寄りの表情に見えます。一方で表情筋の緊張が強く、ある程度の覚醒（興奮・ストレス）が感じられます。
../database/final_database/025/009.jpg,25,009.jpg,7,-0.35,0.4,目を強く閉じて口が歪み、眉間にも緊張が見られるため不快寄りの感情が示唆されます。一方で表情筋の収縮が強く、反応性が高いので覚醒度はやや高めと判断します。
../database/final_database/025/009.jpg,25,009.jpg,8,-0.48,0.55,眉が寄り、目を強く閉じて口元も緊張しており、不快感や痛み・嫌悪に近い表情に見えます。一方で表情筋の緊張が強く、反応は覚醒的です。
../database/final_database/025/009.jpg,25,009.jpg,9,-0.56,0.38,眉が寄って目を強く閉じ、口も緊張しているため不快・苦痛寄りの感情が示唆されます。表情の収縮がはっきりしている一方で激しい動きは少なく、中程度の覚醒と判断しました。
../database/final_database/025/009.jpg,25,009.jpg,10,-0.55,0.35,目を強く閉じ、眉間にしわが寄って口元も緊張しているため不快寄りの感情が示唆されます。表情の緊張はあるものの激しい興奮というほどではないため、覚醒度は中程度と判断しました。
../database/final_database/025/010.jpg,25,010.jpg,1,-0.35,0.15,目を強く閉じ、眉間に軽いしわと口元の緊張があり、不快・困惑寄りの表情に見えます。一方で動きは大きくなく、覚醒度は低〜中程度です。
../database/final_database/025/010.jpg,25,010.jpg,2,-0.35,0.25,眉が寄り、目が細く口元もやや緊張しており、不快・苦痛寄りの表情に見えます。一方で動きは強くなく、覚醒度は低〜中程度と判断しました。
../database/final_database/025/010.jpg,25,010.jpg,3,-0.35,0.1,眉が寄り目が細く、口元も緊張していて不快・苦痛寄りの表情に見えます。一方で動きは強くなく、覚醒度は低〜中程度です。
../database/final_database/025/010.jpg,25,010.jpg,4,-0.32,0.18,眉が寄り目が細く、口元も緊張していて不快・困惑寄りの表情に見えます。一方で動きや開眼が小さく、覚醒度はやや低め～中程度と判断しました。
../database/final_database/025/010.jpg,25,010.jpg,5,-0.35,0.25,眉が寄り、目が細く口元も緊張しており、不快・困惑寄りの表情に見えます。一方で大きく口を開けるなどの強い反応はなく、覚醒度は中程度です。
../database/final_database/025/010.jpg,25,010.jpg,6,-0.35,0.2,眉が寄り、目を細めて口角も下がり気味で不快・困惑寄りの表情に見えます。一方で表情の強度は極端ではなく、覚醒度はやや低〜中程度です。
../database/final_database/025/010.jpg,25,010.jpg,7,-0.35,0.2,目が細く口角がやや下がり、眉間にも緊張が見えるため不快寄りに判断しました。一方で強い興奮や沈静はなく、軽い緊張・不快感程度の覚醒と見られます。
../database/final_database/025/010.jpg,25,010.jpg,8,-0.38,0.12,眉が内側に寄り、目を強く閉じて口角が下がり気味で、不快・苦痛寄りの表情に見えます。一方で動きは大きいものの緊張感は中程度で、覚醒度はやや低〜中程度と判断しました。
../database/final_database/025/010.jpg,25,010.jpg,9,-0.35,-0.1,目を強く閉じ、眉間にしわが寄って口元も緊張しており、不快・苦痛寄りの表情に見えます。一方で動きの大きい驚きや興奮は少なく、覚醒度は低めと判断しました。
../database/final_database/025/010.jpg,25,010.jpg,10,-0.32,-0.18,眉が寄り、目が細く閉じ気味で口角も下がっており、不快・苦痛寄りの表情に見えます。一方で動きや緊張感は強くなく、覚醒度はやや低めと判断しました。
../database/final_database/026/001.jpg,26,001.jpg,1,-0.35,0.25,眉が寄り目が閉じ気味で、口も少し開いて緊張や不快感がうかがえます。一方で動きは大きくなく、覚醒度は中程度と判断しました。
../database/final_database/026/001.jpg,26,001.jpg,2,-0.62,0.34,眉が寄り目が強く閉じ気味で、口元も緊張しており不快・苦痛寄りの表情に見えるためvalenceは低めです。一方で表情筋の収縮が強く、ある程度の緊張・覚醒が感じられるためarousalはやや高めにしました。
../database/final_database/026/001.jpg,26,001.jpg,3,-0.55,0.35,眉が寄り目が強く閉じられ、口元も緊張しており不快・苦痛寄りの表情に見えます。一方で顔の筋緊張はあるため覚醒度はやや高めと判断しました。
../database/final_database/026/001.jpg,26,001.jpg,4,-0.62,0.48,眉が寄り目が強く閉じられ、口も緊張して開いており不快・苦痛寄りの表情に見えます。一方で顔全体の緊張が強く、覚醒度は中程度以上と判断しました。
../database/final_database/026/001.jpg,26,001.jpg,5,-0.55,0.4,眉が寄り目が強く閉じられて口も緊張しており、不快・苦痛寄りの表情に見えます。一方で表情の筋緊張がはっきりしているため覚醒度は中程度に高いと判断しました。
../database/final_database/026/001.jpg,26,001.jpg,6,-0.62,0.35,目を強く閉じ口も緊張しており、苦痛・不快の表情に見えるためvalenceは低めです。一方で顔面の緊張が強く、ある程度の覚醒（ストレス反応）があるためarousalはやや高めです。
../database/final_database/026/001.jpg,26,001.jpg,7,-0.62,0.48,目を強く閉じ、口元も緊張していて不快・苦痛の表情に見えるためvalenceは低めです。一方で顔の筋緊張が強く、感情の強度は中程度に高いのでarousalはやや高めです。
../database/final_database/026/001.jpg,26,001.jpg,8,-0.55,0.35,目が強く閉じられ口元も緊張しており、不快感や痛み・嫌悪に近い表情に見えます。一方で表情筋の収縮が強く、一定の覚醒（緊張）が感じられます。
../database/final_database/026/001.jpg,26,001.jpg,9,-0.55,0.35,目を強く閉じ、口も緊張して開いており、苦痛や不快感を示す表情に見えます。一方で顔全体に力が入っているため覚醒度はやや高めと判断しました。
../database/final_database/026/001.jpg,26,001.jpg,10,-0.55,0.25,眉が寄り目が閉じ気味で、口元も緊張しており不快・苦痛寄りの表情に見えます。一方で大きく見開く等の強い興奮はなく、中程度の覚醒度と判断しました。
../database/final_database/026/002.jpg,26,002.jpg,1,-0.28,0.32,眉が中央に寄って上がり、口角が下がり気味で不快・困惑寄りの表情に見えます。一方で目は開いており顔の緊張もあるため、覚醒度はやや高めと判断しました。
../database/final_database/026/002.jpg,26,002.jpg,2,-0.12,0.18,眉がやや寄り、口元が緊張していて不快寄りの表情に見えます。一方で目の開きは大きくなく、強い興奮は感じないため覚醒度はやや低めです。
../database/final_database/026/002.jpg,26,002.jpg,3,-0.12,0.18,眉が中央に寄り、口元がわずかに下がっていて不快・困惑寄りの表情に見えます。一方で目の見開きは強くなく、覚醒度は中程度にとどまります。
../database/final_database/026/002.jpg,26,002.jpg,4,-0.18,0.22,眉が寄っており口元も強い笑顔ではないため、やや不快寄りの感情に見えます。一方で目は開いており表情筋の緊張もあるので、覚醒度はわずかに高めと判断しました。
../database/final_database/026/002.jpg,26,002.jpg,5,-0.22,0.18,眉が寄っていて口角もやや下がり、不快・困惑寄りの表情に見えます。一方で強い驚きや興奮はなく、覚醒度は中程度です。
../database/final_database/026/002.jpg,26,002.jpg,6,-0.2,0.1,眉が中央に寄っており、口元もあまり上がっていないため、やや不快・困惑寄りの表情に見えます。一方で表情の強い緊張は少なく、覚醒度は低め〜中立程度です。
../database/final_database/026/002.jpg,26,002.jpg,7,-0.25,0.15,眉が少し寄り気味で口角が上がらず、やや不快・困惑寄りの表情に見えます。一方で目の開きは極端ではなく、興奮度は低〜中程度と判断しました。
../database/final_database/026/002.jpg,26,002.jpg,8,-0.18,0.22,眉が内側に寄り、口角がわずかに下がって見えるため不快寄りの表情です。一方で目は開いており緊張・注意の要素があるので覚醒度はやや高めと判断しました。
../database/final_database/026/002.jpg,26,002.jpg,9,-0.18,0.22,眉が中央に寄り、口角がやや下がって見えるため軽い不快・困惑寄りの印象です。一方で表情の強度は大きくなく、緊張は中程度なので覚醒はやや低め〜中程度と判断しました。
../database/final_database/026/002.jpg,26,002.jpg,10,-0.28,0.12,眉が寄っていて口元もわずかに緊張しており、不快寄りの表情に見えます。一方で目の開きや表情筋の動きは強くなく、覚醒度は低～中程度です。
../database/final_database/026/003.jpg,26,003.jpg,1,-0.35,0.2,眉間にしわが寄り、口角もやや下がって見えるため不快寄りの表情です。一方で表情の強さは中程度で、覚醒度はわずかに高い程度と判断しました。
../database/final_database/026/003.jpg,26,003.jpg,2,-0.38,0.22,眉間にしわが寄り、口元が引き締まっているため不快・困惑寄りの表情に見えます。一方で目は大きく見開かれておらず、強い緊張や興奮は感じにくいので覚醒度は中程度に留まります。
../database/final_database/026/003.jpg,26,003.jpg,3,-0.35,0.2,眉が強く寄り、目も細めで口角が下がり気味のため不快寄りに見えます。一方で表情の動きは強すぎず、覚醒度は中程度と判断しました。
../database/final_database/026/003.jpg,26,003.jpg,4,-0.32,0.18,眉間にしわが寄り、目が細く口角も上がっていないため不快寄りの表情に見えます。一方で目の開きは大きくなく、表情の強度も過度ではないため覚醒度はやや低めと判断しました。
../database/final_database/026/003.jpg,26,003.jpg,5,-0.35,0.25,眉が寄り気味で目が細く、口元もわずかに下がって見えるため不快寄りの表情です。一方で表情の強さは中程度で、覚醒度はやや高めに留まります。
../database/final_database/026/003.jpg,26,003.jpg,6,-0.35,0.2,眉間にしわが寄り目が細く、口元も緊張していて不快・困惑寄りの表情に見えます。一方で動きは強くなく、覚醒度はやや低〜中程度と判断しました。
../database/final_database/026/003.jpg,26,003.jpg,7,-0.35,0.25,眉がひそめられ目が細く、口元も引き締まっており不快・不満寄りの表情に見えます。一方で強い驚きや興奮はなく、軽い緊張程度の覚醒と判断しました。
../database/final_database/026/003.jpg,26,003.jpg,8,-0.35,0.2,眉間にしわが寄り、口元もやや緊張していて不快・不満寄りの表情に見えます。一方で表情の強さは中程度で、覚醒度はやや低〜中程度と判断しました。
../database/final_database/026/003.jpg,26,003.jpg,9,-0.35,0.1,眉間にしわが寄り、目が細く口元も引き締まっており、不快・不満寄りの表情に見えます。一方で表情の誇張は強くなく、覚醒度は低〜中程度です。
../database/final_database/026/003.jpg,26,003.jpg,10,-0.28,0.22,眉が寄り、目も細く口角がやや下がっており、不快・不満寄りの表情に見えます。一方で動きは強くなく、覚醒度は軽度の緊張程度と判断しました。
../database/final_database/026/004.jpg,26,004.jpg,1,-0.38,0.22,眉が寄り気味で目も細く、口元も緊張しているため不快寄りに見えます。一方で大きな驚きや強い興奮はなく、覚醒度は中程度と判断しました。
../database/final_database/026/004.jpg,26,004.jpg,2,-0.45,0.35,眉間にしわが寄り、目が細く口元も緊張しており不快・困惑寄りの表情に見えます。一方で強い笑顔や激しい怒りほどではなく、覚醒度は中程度と判断しました。
../database/final_database/026/004.jpg,26,004.jpg,3,-0.35,0.15,眉が寄り、目が細く口角が下がっていて不快・困惑寄りの表情に見えます。一方で動きは強くなく、覚醒度は低〜中程度と判断しました。
../database/final_database/026/004.jpg,26,004.jpg,4,-0.35,0.2,眉が寄り、目が細く、口元が不安定で苦痛や不快感を示す表情に見えます。一方で動きは強くなく、覚醒度は中程度と判断しました。
../database/final_database/026/004.jpg,26,004.jpg,5,-0.42,0.18,眉が寄り気味で目が細く、口元も緊張しており不快・戸惑い寄りの表情に見えます。一方で表情の強さは中程度で、覚醒度はわずかに高い程度と判断しました。
../database/final_database/026/004.jpg,26,004.jpg,6,-0.38,0.22,眉が寄って目が細く、口元も緊張しており不快・困惑寄りの表情に見えます。一方で動きは大きくなく、覚醒度は中程度と判断しました。
../database/final_database/026/004.jpg,26,004.jpg,7,-0.35,0.25,眉が寄って目が細く、口元も緊張していて不快・困惑の表情に見えます。一方で激しい興奮ではなく、やや落ち着いた覚醒度に感じられます。
../database/final_database/026/004.jpg,26,004.jpg,8,-0.35,0.2,眉が内側に寄って目が細まり、口元も緊張していて不快・困惑寄りの表情に見えます。一方で大きな驚きや興奮はなく、覚醒度は中程度です。
../database/final_database/026/004.jpg,26,004.jpg,9,-0.42,0.28,眉が寄って目が細まり、口角が下がり気味で不快・困惑寄りの表情に見えます。一方で口が少し開き表情筋の緊張があり、覚醒度は低すぎず中程度です。
../database/final_database/026/004.jpg,26,004.jpg,10,-0.48,0.34,眉が寄り目が細く、口元も引きつり気味で不快・苦痛寄りの表情に見えます。一方で表情筋の緊張があり、落ち着いた無表情よりはやや覚醒度が高いと判断しました。
../database/final_database/026/005.jpg,26,005.jpg,1,-0.62,0.35,眉が強く寄り、目を閉じて口角が下がっており、不快・悲痛そうな表情に見えます。一方で表情の緊張はあるため覚醒度はやや高めと判断しました。
../database/final_database/026/005.jpg,26,005.jpg,2,-0.62,0.28,眉が強く寄り、目が閉じ気味で口元も緊張しており、不快・苦痛寄りの表情に見えます。一方で動きは強くなく、覚醒度は中程度に留まります。
../database/final_database/026/005.jpg,26,005.jpg,3,-0.55,0.35,眉が寄り目が強く閉じられて口がゆがみ、苦痛や不快を示す表情に見えます。一方で表情筋の緊張があり沈静というよりは中程度の覚醒が感じられます。
../database/final_database/026/005.jpg,26,005.jpg,4,-0.62,0.34,目を強く閉じて眉が寄り、口角が下がっているため不快・苦痛寄りの表情に見えます。一方で表情の緊張はあるものの激しい動きは少なく、中程度の覚醒と判断しました。
../database/final_database/026/005.jpg,26,005.jpg,5,-0.62,0.28,眉が寄り目が細く、口角も下がり気味で不快・苦痛寄りの表情に見えます。一方で口が半開きで力みがあり、完全に沈静というよりはやや覚醒度があると判断しました。
../database/final_database/026/005.jpg,26,005.jpg,6,-0.55,0.35,眉が中央に寄り目が強く閉じ、口角も下がっており不快・悲痛な表情に見えます。一方で表情の緊張はあるため覚醒度はやや高めと判断しました。
../database/final_database/026/005.jpg,26,005.jpg,7,-0.55,0.35,眉が寄り目が閉じ気味で、口元も緊張しており不快・苦痛寄りの表情に見えます。一方で強い驚きや興奮ほどではないため覚醒度は中程度と判断しました。
../database/final_database/026/005.jpg,26,005.jpg,8,-0.55,0.35,眉が寄り目が強く閉じられ、口角も下がり気味で苦痛・不快の表情に見えます。一方で表情筋の緊張が強く、感情の活性度は中程度に感じられます。
../database/final_database/026/005.jpg,26,005.jpg,9,-0.55,0.35,眉が強く寄り、目も細めて口角が下がっており、不快・苦痛寄りの表情に見えます。一方で口が開き緊張が感じられるため、覚醒度はやや高めと判断しました。
../database/final_database/026/005.jpg,26,005.jpg,10,-0.55,0.2,眉が寄り、目を閉じ気味で口角も下がっており、不快・悲しみ/苦痛寄りの表情に見えます。動きは大きくなく緊張は中程度なので、覚醒度はやや低め〜中程度と判断しました。
../database/final_database/026/006.jpg,26,006.jpg,1,0.08,-0.22,口角がわずかに上がり、表情は中立〜軽い肯定感が見られます。一方で目元や顔全体の緊張が少なく、興奮度は低めに見えます。
../database/final_database/026/006.jpg,26,006.jpg,2,-0.18,-0.32,口角がやや下がり、眉間にも軽い緊張が見られるため、わずかに不快寄りの表情です。目の開きや表情筋の動きが小さく、全体として覚醒度は低めに見えます。
../database/final_database/026/006.jpg,26,006.jpg,3,-0.05,-0.25,口角がわずかに下がり、眉も少し寄っていて軽い不快・困惑寄りに見えます。一方で目の開きや表情筋の緊張は強くなく、覚醒度は低めです。
../database/final_database/026/006.jpg,26,006.jpg,4,0.05,-0.35,口角がわずかに上がり中立〜軽い快の表情ですが、目元の開きが小さく活性は低めに見えます。全体として落ち着いた（やや眠そうな）印象です。
../database/final_database/026/006.jpg,26,006.jpg,5,0.05,-0.25,口元はわずかに上がり不快さは強くない一方、目元や眉は緊張が少なく全体として落ち着いた表情に見えます。強い興奮や警戒のサインは乏しいためarousalはやや低めと判断しました。
../database/final_database/026/006.jpg,26,006.jpg,6,0.1,-0.25,口角がわずかに上がっており全体として中立〜軽い快の表情に見えます。一方で目元の動きが少なくリラックスしているため覚醒度は低めです。
../database/final_database/026/006.jpg,26,006.jpg,7,0.12,-0.25,口角がわずかに上がっていて全体として中立〜軽い快の印象ですが、目元の動きが少なく落ち着いた表情です。強い興奮や緊張は見られないため覚醒度はやや低めと判断しました。
../database/final_database/026/006.jpg,26,006.jpg,8,0.12,-0.18,口角がわずかに上がっており軽い好意・落ち着きが感じられますが、目元や眉の動きが小さく全体として覚醒度は低めに見えます。
../database/final_database/026/006.jpg,26,006.jpg,9,0.05,-0.25,口元はほぼ中立でわずかに上がり、全体として快・不快どちらにも強く偏っていません。目や眉の緊張も弱く、表情の活性度は低めに見えます。
../database/final_database/026/006.jpg,26,006.jpg,10,-0.12,-0.18,口角がわずかに下がり、眉間に軽い緊張が見られるため快は低めです。表情の変化が小さく落ち着いて見えるため覚醒度も低めと判断しました。
../database/final_database/026/007.jpg,26,007.jpg,1,-0.55,0.35,眉が寄り、目が細く口角が下がっており不快・悲しみ寄りの表情に見えます。一方で口が開き筋緊張もあるため、覚醒度は低すぎず中程度と判断しました。
../database/final_database/026/007.jpg,26,007.jpg,2,-0.35,0.25,眉が寄り、口角が下がっていて不快・悲しみ寄りの表情に見えます。一方で目は開いており緊張や困惑がありそうで、覚醒度はやや高めです。
../database/final_database/026/007.jpg,26,007.jpg,3,-0.55,0.3,眉が中央に寄って上がり、口角が下がって苦痛・不快を示す表情に見えます。一方で目は開いており緊張感はあるため、覚醒度は中程度と判断しました。
../database/final_database/026/007.jpg,26,007.jpg,4,-0.62,0.35,眉が寄り、目が細く、口角も下がり気味で不快・苦痛寄りの表情に見えます。一方で強い驚きや興奮はなく、緊張感はあるものの覚醒度は中程度です。
../database/final_database/026/007.jpg,26,007.jpg,5,-0.55,0.35,眉が中央に寄って上がり、口角が下がって半開きで、苦痛や不快感の表情に見えます。目の開きや表情筋の緊張があり、ある程度の覚醒水準が感じられます。
../database/final_database/026/007.jpg,26,007.jpg,6,-0.55,0.35,眉が寄り、口角が下がり気味で不快・悲痛さが強く見えるためvalenceは低めです。一方で目が開き気味で表情の緊張があり、覚醒度はやや高めと判断しました。
../database/final_database/026/007.jpg,26,007.jpg,7,-0.38,0.32,眉が寄り、口角が下がって見えるため不快寄り（悲しみ・不安）の表情です。一方で目の開きや表情筋の緊張があり、覚醒度はやや高めと判断しました。
../database/final_database/026/007.jpg,26,007.jpg,8,-0.42,0.38,眉が内側に寄り、口角が下がり気味で不快・悲しみ寄りの表情に見えます。一方で目が開き気味で表情筋の緊張もあり、覚醒度は中程度と判断しました。
../database/final_database/026/007.jpg,26,007.jpg,9,-0.42,0.35,眉が寄り、口角が下がって不快・困惑寄りの表情に見えます。一方で目の開きや表情筋の緊張があり、落ち着いた無表情よりは覚醒度がやや高いと判断しました。
../database/final_database/026/007.jpg,26,007.jpg,10,-0.55,0.45,眉が中央に寄り、目が細く口角も下がり気味で不快・苦痛寄りの表情に見えます。一方で顔の緊張感があり、落ち着いた無表情よりは覚醒度がやや高いと判断しました。
../database/final_database/026/008.jpg,26,008.jpg,1,-0.38,0.32,眉間にしわが寄り、目が細く口元も緊張していて不快寄りに見えるためvalenceはマイナス。表情の緊張はあるが激しい驚きや興奮ではないのでarousalは中程度のプラス。
../database/final_database/026/008.jpg,26,008.jpg,2,-0.42,0.28,眉間にしわが寄り、目が細く口元も引き締まっており、不快・困惑寄りの表情に見えます。一方で大きく驚いたり興奮した様子はなく、覚醒度は中程度と判断しました。
../database/final_database/026/008.jpg,26,008.jpg,3,-0.4,0.35,眉が寄って目が細く、口元も緊張しており不快・不満寄りの表情に見えます。緊張感はあるものの激しい興奮ではないため覚醒は中程度と判断しました。
../database/final_database/026/008.jpg,26,008.jpg,4,-0.42,0.34,眉間にしわが寄り、目が細く口元も緊張しているため不快寄りの表情に見えます。一方で表情筋の緊張があり、落ち着いた状態よりはやや覚醒している印象です。
../database/final_database/026/008.jpg,26,008.jpg,5,-0.48,0.32,眉が寄り目が細く、口元も緊張しており不快・困惑寄りの表情に見えます。一方で目や口の緊張があり、覚醒度はやや高めと判断しました。
../database/final_database/026/008.jpg,26,008.jpg,6,-0.38,0.35,眉間にしわが寄り、目が細く口元も緊張していて不快寄りの表情に見えます。一方で表情の緊張感はあるため覚醒度はやや高めと判断しました。
../database/final_database/026/008.jpg,26,008.jpg,7,-0.35,0.25,眉が寄り目が細く、口元も引き締まっており、やや不快・不満寄りの表情に見えます。一方で強い興奮や活発さはなく、覚醒度は中程度と判断しました。
../database/final_database/026/008.jpg,26,008.jpg,8,-0.35,0.25,眉間にしわが寄り、目が細く口元も緊張しているため不快寄りの表情に見えます。強い興奮はないものの軽い緊張が感じられるので覚醒度はやや高めです。
../database/final_database/026/008.jpg,26,008.jpg,9,-0.35,0.25,眉間にしわが寄り、目が細く口元も緊張しており不快・不満寄りの表情に見えます。一方で動きは強くなく、覚醒度は中程度に留まります。
../database/final_database/026/008.jpg,26,008.jpg,10,-0.52,0.34,眉間にしわが寄り、目が細く口元も緊張していて不快寄りの表情に見えます。強い驚きではないものの、緊張・いら立ちを感じさせるため覚醒度はやや高めです。
../database/final_database/026/009.jpg,26,009.jpg,1,-0.28,-0.22,目が閉じ気味で口角も下がり、全体に不快・困惑寄りの表情に見えます。筋緊張は強くなく、興奮度は低めに推定します。
../database/final_database/026/009.jpg,26,009.jpg,2,-0.35,-0.2,目を閉じ気味で口角も下がり、眉間にしわが寄っており不快・苦痛寄りの表情に見えます。一方で強い驚きや興奮はなく、覚醒度は低めです。
../database/final_database/026/009.jpg,26,009.jpg,3,-0.22,-0.18,目が閉じ気味で口角も大きく上がっておらず、やや不快・困惑寄りの表情に見えます。表情筋の動きが強くなく落ち着いた状態なので覚醒度は低めと判断しました。
../database/final_database/026/009.jpg,26,009.jpg,4,-0.25,-0.3,目が強く閉じられ、口元がやや下がって緊張しているため、不快寄りの感情が示唆されます。表情の動きは大きくなく、落ち着いた（低覚醒）状態に見えます。
../database/final_database/026/009.jpg,26,009.jpg,5,-0.32,-0.18,眉が寄り、目が細く、口角がやや下がっており不快・悲しみ寄りの表情に見えます。動きの強さは大きくなく、覚醒度は低めと判断しました。
../database/final_database/026/009.jpg,26,009.jpg,6,-0.18,0.1,目が閉じ気味で口角もわずかに下がり、眉間に軽い緊張が見られるためやや不快寄りです。一方で表情の強さは大きくなく、覚醒度は低〜中程度に留まります。
../database/final_database/026/009.jpg,26,009.jpg,7,-0.35,-0.15,眉が寄って目が細く、口角も下がり気味で不快・苦痛寄りの表情に見えます。一方で大きく目を見開くなどの強い興奮はなく、覚醒度はやや低めです。
../database/final_database/026/009.jpg,26,009.jpg,8,-0.25,-0.35,眉間にしわが寄り、目を強く閉じて口角がやや下がっており、不快寄りの表情に見えます。一方で表情の動きは大きいものの緊張感は中程度で、覚醒度はやや低めと判断しました。
../database/final_database/026/009.jpg,26,009.jpg,9,-0.27,-0.33,眉が寄り、目が細く口角も下がり気味で不快寄りの表情に見えます。強い動きはなく全体に落ち着いた表情なので覚醒度は低めです。
../database/final_database/026/009.jpg,26,009.jpg,10,-0.25,-0.15,目が閉じ気味で口角も大きく上がっておらず、やや不快・苦痛寄りの表情に見えます。一方で表情筋の緊張は強くなく、興奮度は低めです。
../database/final_database/026/010.jpg,26,010.jpg,1,-0.05,-0.2,口元はわずかに上がっていますが、目元が緊張しており全体として快・不快が中立に近い表情です。表情筋の動きが小さく、強い興奮や活性は感じにくいため低めの覚醒と判断しました。
../database/final_database/026/010.jpg,26,010.jpg,2,0.18,-0.12,口角がわずかに上がり、表情は穏やかで軽い肯定的感情が見られます。一方で目元や全体の緊張は強くなく、覚醒度は低めに感じられます。
../database/final_database/026/010.jpg,26,010.jpg,3,0.12,-0.18,口元がわずかに上がっており、全体として中立〜軽い快の表情に見えます。一方で目元や筋緊張が強くなく落ち着いた印象のため、覚醒度はやや低めです。
../database/final_database/026/010.jpg,26,010.jpg,4,0.12,-0.18,口角がわずかに上がっており大きな不快表情は見られないため、軽い快方向のvalenceと判断しました。一方で目元や表情筋の緊張が強くなく落ち着いた印象のため、arousalはやや低めです。
../database/final_database/026/010.jpg,26,010.jpg,5,0.05,-0.25,口角がわずかに上がっているものの、目元や眉の動きが少なく全体として中立に近い表情です。緊張や興奮のサインも弱く、覚醒度はやや低めと判断しました。
../database/final_database/026/010.jpg,26,010.jpg,6,0.12,-0.08,口角がわずかに上がっており不快ではないものの、目元や表情筋の動きが小さく全体として中立に近い印象です。強い驚きや緊張は見られず、覚醒度も低めと判断しました。
../database/final_database/026/010.jpg,26,010.jpg,7,0.12,-0.18,口角がわずかに上がり穏やかな表情で、強い不快感は見られません。一方で目の開きや表情筋の緊張が弱く、落ち着いた低覚醒寄りに見えます。
../database/final_database/026/010.jpg,26,010.jpg,8,0.1,-0.2,口角がわずかに上がり気味で強い不快感は見られず、全体として中立〜やや快の印象です。目元や表情筋の緊張が弱く、落ち着いた低覚醒の状態に見えます。
../database/final_database/026/010.jpg,26,010.jpg,9,0.1,-0.25,口元がわずかに上がっていますが、目元の緊張は弱く全体として中立に近い表情です。強い驚きや怒りなどの覚醒サインは少なく、落ち着いた印象です。
../database/final_database/026/010.jpg,26,010.jpg,10,0.12,-0.18,口角がわずかに上がっており軽い好意・安心感が見られる一方、目元の開きが小さく表情の動きが少ないため覚醒度は低めと判断しました。
../database/final_database/027/001.jpg,27,001.jpg,1,-0.42,0.18,眉が中央に寄って目が細く、口元も引き締まっており不快・困惑寄りの表情に見えます。一方で激しい驚きや興奮はなく、覚醒度はやや低～中程度です。
../database/final_database/027/001.jpg,27,001.jpg,2,-0.35,0.15,眉間にしわが寄り目が強く閉じられており、口元も緊張しているため不快寄りに見えます。一方で動きは強くなく、覚醒度はやや低〜中程度と判断しました。
../database/final_database/027/001.jpg,27,001.jpg,3,-0.45,0.15,眉が中央に寄り、目を強く閉じて口角が下がり気味で、不快・苦痛寄りの表情に見えます。一方で体の動きは少なく、興奮というより軽い緊張程度の覚醒と判断しました。
../database/final_database/027/001.jpg,27,001.jpg,4,-0.55,0.15,眉間にしわが寄り目が強く閉じられており、口元も緊張しているため不快寄り（負のvalence）に見えます。一方で動きは大きくなく、強い興奮というより軽い緊張程度なのでarousalはやや低めです。
../database/final_database/027/001.jpg,27,001.jpg,5,-0.36,0.18,眉が寄り目が細く閉じ気味で、口元も緊張しており不快・痛み/嫌悪寄りの表情に見えます。一方で動きは強くなく、覚醒度はやや低〜中程度と判断しました。
../database/final_database/027/001.jpg,27,001.jpg,6,-0.31,0.12,眉が寄り、目を強く閉じて口元も緊張しており、不快・苦痛寄りの表情に見えます。一方で動きの大きさは中程度で、極端に興奮しているというよりは軽い覚醒に留まっています。
../database/final_database/027/001.jpg,27,001.jpg,7,-0.35,0.25,眉が寄って目を強く閉じ、口角も下がり気味で不快・痛み寄りの表情に見えます。一方で緊張はあるものの激しい興奮ではないため覚醒度はやや低～中程度と判断しました。
../database/final_database/027/001.jpg,27,001.jpg,8,-0.35,0.25,眉が寄り目が強く閉じられており、口元もやや緊張しているため不快寄りに見えます。一方で表情の緊張感はあるものの激しい興奮ではないため覚醒は中程度と判断しました。
../database/final_database/027/001.jpg,27,001.jpg,9,-0.35,0.25,眉間にしわが寄り、目を強く閉じて口元も緊張しており、不快・苦痛寄りの表情に見えます。一方で緊張はあるものの激しい驚きや興奮ではないため、覚醒度は中程度と判断しました。
../database/final_database/027/001.jpg,27,001.jpg,10,-0.32,0.18,目を強く閉じて眉間にしわが寄っており、口元もやや緊張しているため不快寄りの表情に見えます。一方で驚きや強い興奮はなく、覚醒度はやや低め〜中程度と判断しました。
../database/final_database/027/003.jpg,27,003.jpg,1,-0.35,0.2,眉が内側に寄り、口角もやや下がっていて不快・不満寄りの表情に見えます。一方で目の開きは大きくなく、緊張や興奮は強くないため覚醒度は低〜中程度です。
../database/final_database/027/003.jpg,27,003.jpg,2,-0.32,0.18,眉間にしわが寄り、口元が引き締まっていて不快・不満寄りの表情に見えます。一方で目の開きは極端ではなく、強い興奮は感じにくいため覚醒度は低めです。
../database/final_database/027/003.jpg,27,003.jpg,3,-0.18,0.22,眉がわずかに寄って口元も緊張しており、快よりやや不快寄りに見えます。一方で表情の動きは強くなく、覚醒度は低〜中程度です。
../database/final_database/027/003.jpg,27,003.jpg,4,-0.34,0.22,眉間にしわが寄り、口元も引き気味で不快・不満寄りの表情に見えます。一方で表情の強さは極端ではなく、覚醒度はやや低〜中程度と判断しました。
../database/final_database/027/003.jpg,27,003.jpg,5,-0.18,0.12,眉が中央に寄り、口元も強い笑顔ではなく緊張や不快感がうかがえるため、ややネガティブ寄りです。一方で表情の強い驚きや興奮はなく、覚醒度はわずかに高い程度と判断しました。
../database/final_database/027/003.jpg,27,003.jpg,6,-0.12,0.18,眉が少し寄っていて口元も強い笑顔ではなく、やや不快寄りの中立に見えます。一方で目は開いており表情の緊張もあるため、覚醒度は低すぎずわずかに高めです。
../database/final_database/027/003.jpg,27,003.jpg,7,-0.25,0.15,眉が内側に寄って上がり、口角も下がり気味で不快・困惑寄りの表情に見えます。強い驚きや興奮はなく、覚醒度はやや低め～中程度と判断しました。
../database/final_database/027/003.jpg,27,003.jpg,8,-0.18,0.12,眉がやや寄り、口元もわずかに緊張しているため不快寄りに見えます。一方で表情の動きは強くなく、覚醒度は低〜中程度です。
../database/final_database/027/003.jpg,27,003.jpg,9,-0.35,0.25,眉が寄っていて口元も引き締まっており、不快・困惑寄りの表情に見えます。一方で表情の強さは中程度で、覚醒度はやや高い程度です。
../database/final_database/027/003.jpg,27,003.jpg,10,-0.26,0.18,眉が寄って額にしわがあり、口元もやや緊張しているため不快寄りです。一方で表情の強い興奮や活発さは小さく、覚醒度はやや低めと判断しました。
../database/final_database/027/004.jpg,27,004.jpg,1,-0.1,0.05,眉が寄り気味で目が細く、口元も緊張しており快よりやや不快寄りに見えます。一方で表情の動きは強くなく、覚醒度は中立付近です。
../database/final_database/027/004.jpg,27,004.jpg,2,-0.25,0.2,眉が寄り気味で目も細く、口元も緊張して見えるため不快寄りです。一方で表情の動きは大きくなく、覚醒度は中程度と判断しました。
../database/final_database/027/004.jpg,27,004.jpg,3,-0.15,0.1,眉がやや寄り、口元も緊張していて快表情よりは不快寄りに見えます。一方で表情の強さは大きくなく、覚醒度は低～中程度です。
../database/final_database/027/004.jpg,27,004.jpg,4,-0.12,0.22,眉がやや寄り、目が細く口が半開きで快より不快寄りの表情に見えます。一方で緊張や注意を示す程度の覚醒はあるため、arousalはやや高めにしました。
../database/final_database/027/004.jpg,27,004.jpg,5,-0.18,0.22,眉がやや寄り、目が細く口が少し開いていて、快よりも不快・困惑寄りの表情に見えます。一方で表情の強度は中程度で、軽い覚醒状態（緊張・注意）と判断しました。
../database/final_database/027/004.jpg,27,004.jpg,6,-0.22,0.18,眉が内側に寄り、目が細く口角もあまり上がっていないため、やや不快寄りの表情に見えます。一方で口が開いて発話中のようで、緊張や注意のサインがあり覚醒度はやや高めです。
../database/final_database/027/004.jpg,27,004.jpg,7,-0.15,0.2,目が細まり口角がやや下がっていて不快寄りに見える一方、表情の強さは中程度で軽い緊張や戸惑い程度の覚醒に留まっています。
../database/final_database/027/004.jpg,27,004.jpg,8,-0.15,0.1,眉がわずかに寄り、口元も緊張して見えるため軽い不快・困惑寄りの印象です。一方で表情の強度は高くなく、覚醒度は低〜中程度と判断しました。
../database/final_database/027/004.jpg,27,004.jpg,9,-0.12,0.18,口がやや開き眉が少し寄っており、快よりもわずかに不快・困惑寄りの表情に見えます。一方で表情の強度は高くなく、覚醒度は軽度にとどまります。
../database/final_database/027/004.jpg,27,004.jpg,10,-0.12,0.18,眉がやや寄り、目が細く口元も緊張して見えるため、軽い不快・困惑寄りの表情です。一方で大きな驚きや興奮はなく、覚醒度は低〜中程度と判断しました。
../database/final_database/027/005.jpg,27,005.jpg,1,-0.22,0.12,眉が寄り目が細く、口元も緊張して見えるため不快寄りの表情です。一方で表情の強さは中程度で、覚醒度はやや低め〜中程度と判断しました。
../database/final_database/027/005.jpg,27,005.jpg,2,-0.25,0.2,眉間にしわが寄り、目も細く口元が引き締まっていて、やや不快・不満寄りの表情に見えます。一方で表情の強度は中程度で、覚醒度はやや低〜中程度と判断しました。
../database/final_database/027/005.jpg,27,005.jpg,3,-0.18,0.22,眉が内側に寄り、目が細く口元も引き締まっており、やや不快・不満寄りの表情に見えます。一方で表情の強度は極端ではなく、覚醒度は軽度の緊張・注意レベルです。
../database/final_database/027/005.jpg,27,005.jpg,4,-0.35,0.25,眉が寄り目が細く、口元もわずかに下がっており不快寄りの表情に見えます。一方で大きく驚いたり興奮した様子はなく、覚醒度は中程度です。
../database/final_database/027/005.jpg,27,005.jpg,5,-0.35,0.2,眉間にしわが寄り、目が細く口角も上がっていないため不快寄りに見えます。一方で表情の動きは強すぎず、覚醒度は中程度と判断しました。
../database/final_database/027/005.jpg,27,005.jpg,6,-0.35,0.1,眉間にしわが寄り目が細く、口角もあまり上がっていないためやや不快寄りに見えます。一方で表情の動きは強くなく、覚醒度は低〜中程度です。
../database/final_database/027/005.jpg,27,005.jpg,7,-0.34,0.18,眉間にしわが寄り目が細く、やや不快・不満そうな表情に見えます。一方で口元の緊張は強すぎず、覚醒度は中程度にとどまります。
../database/final_database/027/005.jpg,27,005.jpg,8,-0.28,0.12,眉が内側に寄り、目が細く口角も下がり気味で、不快・困惑寄りの表情に見えます。一方で表情の強い動きは少なく、覚醒度は低〜中程度です。
../database/final_database/027/005.jpg,27,005.jpg,9,-0.28,0.22,眉が寄って目が細く、口元も引き締まっていてやや不快・困惑寄りの表情に見えます。一方で大きな驚きや興奮はなく、覚醒度は低〜中程度です。
../database/final_database/027/005.jpg,27,005.jpg,10,-0.25,0.15,眉が寄り気味で目も細く、口元がやや下がって見えるため軽い不快寄りの印象です。一方で表情の動きは強くなく、覚醒度は低〜中程度に見えます。
../database/final_database/027/006.jpg,27,006.jpg,1,-0.25,0.1,眉間にしわが寄り、目が細く口角もわずかに下がっており、やや不快・困惑寄りの表情に見えます。一方で大きく目を見開く等の強い反応はなく、覚醒度は低〜中程度です。
../database/final_database/027/006.jpg,27,006.jpg,2,-0.32,0.18,眉間にしわが寄り目が細く、やや不快・困惑の表情に見えるためvalenceは低めです。一方で表情の強さは中程度で、覚醒度はわずかに高い程度と判断しました。
../database/final_database/027/006.jpg,27,006.jpg,3,-0.28,-0.12,眉間にしわが寄り、目もやや細めで不快・困惑寄りの表情に見えます。一方で口元の緊張は強くなく、全体の覚醒度は低めです。
../database/final_database/027/006.jpg,27,006.jpg,4,-0.12,-0.25,口角がやや下がり、目元も細めで緊張感や不快感が少し見られる一方、表情の動きは大きくなく落ち着いています。全体としてややネガティブ寄りで、覚醒度は低めと判断しました。
../database/final_database/027/006.jpg,27,006.jpg,5,-0.22,-0.08,眉間にしわが寄り、口角もやや下がって見えるため軽い不快寄りの表情です。一方で目の開きや表情筋の緊張は強くなく、覚醒度は低めです。
../database/final_database/027/006.jpg,27,006.jpg,6,-0.2,-0.05,口角がやや下がり、眉も少し寄っていて不快寄りの表情に見えます。一方で目の開きや表情筋の緊張は強くなく、覚醒度は低めです。
../database/final_database/027/006.jpg,27,006.jpg,7,-0.35,0.2,眉間にしわが寄り、口元もやや下がって見えるため不快寄りの表情です。一方で目の開きや表情筋の緊張は強すぎず、覚醒度は中程度と判断しました。
../database/final_database/027/006.jpg,27,006.jpg,8,-0.32,0.18,眉間にしわが寄り、目が細く口元もやや下がっていて不快・困惑寄りの表情に見えます。一方で表情の強度は強すぎず、覚醒度はやや低～中程度と判断しました。
../database/final_database/027/006.jpg,27,006.jpg,9,-0.15,0.05,口元がわずかに下がり、眉間に軽い緊張が見られるためやや不快寄りに判断しました。一方で表情の強さは弱く、覚醒度は低め～中立に近いと考えました。
../database/final_database/027/006.jpg,27,006.jpg,10,-0.35,0.1,眉が寄り気味で目が細く、口元も緊張していて不快・不満寄りの表情に見えます。一方で動きは強くなく、覚醒度は中立に近い低めです。
../database/final_database/027/007.jpg,27,007.jpg,1,-0.35,0.25,眉が寄り目が細く、口元も緊張していて不快・困惑寄りの表情に見えます。一方で表情筋の動きはあるため覚醒度はやや高めと判断しました。
../database/final_database/027/007.jpg,27,007.jpg,2,-0.25,0.1,眉が寄って目が細まり、口角も下がり気味で不快寄りに見えます。一方で大きく見開くなどの強い興奮はなく、覚醒度は低〜中程度です。
../database/final_database/027/007.jpg,27,007.jpg,3,-0.42,0.18,眉が寄って目が細く、口元も緊張しており不快・困惑寄りの表情に見えます。一方で動きは強くなく、覚醒度は中低程度と判断しました。
../database/final_database/027/007.jpg,27,007.jpg,4,-0.35,0.2,眉間にしわが寄り、目も細く口元がやや下がって見えるため不快寄りの表情です。一方で表情の強い緊張や興奮は大きくなく、覚醒度はやや低〜中程度と判断しました。
../database/final_database/027/007.jpg,27,007.jpg,5,-0.32,0.18,眉が寄り目が細く、口角も上がっていないため不快寄りに見えます。一方で表情の緊張はあるものの強い驚きや興奮はなく、覚醒度はやや低〜中程度です。
../database/final_database/027/007.jpg,27,007.jpg,6,-0.35,0.25,眉が寄り目が細く、口元も緊張しており不快・困惑寄りの表情に見えます。一方で大きな笑顔や驚きはなく、覚醒度は中程度と判断しました。
../database/final_database/027/007.jpg,27,007.jpg,7,-0.35,0.25,眉間にしわが寄り、目が細く口元も緊張しており、不快・困惑寄りの表情に見えます。一方で動きは大きくなく、覚醒度は中程度と判断しました。
../database/final_database/027/007.jpg,27,007.jpg,8,-0.32,0.24,眉が寄り、目が細く口角がやや下がっており不快・不満寄りの表情に見える。一方で表情の強さは中程度で、興奮というより軽い緊張・警戒の覚醒レベル。
../database/final_database/027/007.jpg,27,007.jpg,9,-0.32,0.18,眉が寄り、目が細まり口角も下がり気味で、不快・困惑寄りの表情に見えます。一方で表情の緊張は強すぎず、覚醒度はやや低〜中程度と判断しました。
../database/final_database/027/007.jpg,27,007.jpg,10,-0.42,0.18,眉が寄り目が細く、口元も緊張しており不快・困惑寄りの表情に見えます。一方で動きは強くなく、覚醒度は低〜中程度です。
../database/final_database/027/008.jpg,27,008.jpg,1,-0.62,0.48,眉が寄り、目が細く、口角も下がっており不快・苦痛の表情に見えるためvalenceは低めです。涙ぐむような緊張感があり、表情の動きも強いのでarousalはやや高めです。
../database/final_database/027/008.jpg,27,008.jpg,2,-0.62,0.41,眉が寄り目が細く、口角も下がって見え、不快・苦痛寄りの表情です。一方で筋緊張があり泣き出しそうな動きが感じられるため覚醒度はやや高めです。
../database/final_database/027/008.jpg,27,008.jpg,3,-0.72,0.48,眉が寄り目が細く、口角が下がっていて不快・悲痛さが強く見えるためvalenceは低めです。一方で表情筋の緊張があり反応性は中程度に高いのでarousalはやや高めです。
../database/final_database/027/008.jpg,27,008.jpg,4,-0.78,0.55,眉が寄り目が細く、口角も下がっていて不快・悲痛な表情に見えるためvalenceは低め。涙をこらえるような緊張があり、覚醒度は中程度に高いと判断しました。
../database/final_database/027/008.jpg,27,008.jpg,5,-0.72,0.35,眉が寄り、目が細まり口角が下がっていて不快・苦痛寄りの表情に見えます。一方で泣き出す直前のような緊張感があり、覚醒度はやや高めです。
../database/final_database/027/008.jpg,27,008.jpg,6,-0.62,0.38,眉が寄り、目が細まり、口角が下がって不快・苦痛の表情に見えます。一方で大きく口を開けた驚きや興奮ではなく、緊張はあるが中程度の覚醒と判断しました。
../database/final_database/027/008.jpg,27,008.jpg,7,-0.63,0.55,眉が寄り、目が細く口角が下がっており不快・悲痛寄りの表情に見えます。口がやや開き顔全体に緊張があるため覚醒度は中程度に高いと判断しました。
../database/final_database/027/008.jpg,27,008.jpg,8,-0.62,0.48,眉が寄り、目が細く口角が下がっており、不快・苦痛寄りの表情に見えるためvalenceは低めです。口元の緊張があり感情の強さも中程度に感じられるためarousalはやや高めです。
../database/final_database/027/008.jpg,27,008.jpg,9,-0.62,0.38,眉が寄り目が細く、口角も下がり気味で不快・悲しみ寄りの表情に見えます。一方で顔の緊張があり、落ち着いた無表情よりはやや覚醒度が高い印象です。
../database/final_database/027/008.jpg,27,008.jpg,10,-0.62,0.35,眉が寄り、目が細く、口角が下がっており不快・苦痛寄りの表情に見えます。一方で涙目のような緊張感はあるものの激しい興奮ではなく中程度の覚醒と判断しました。
../database/final_database/027/009.jpg,27,009.jpg,1,-0.42,0.32,眉間にしわが寄り、目が細く口角も下がっており不快寄りの表情に見えます。一方で緊張・いら立ちを示す表情筋の収縮があり、覚醒度はやや高めです。
../database/final_database/027/009.jpg,27,009.jpg,2,-0.32,0.22,眉が内側に寄り、目が細く口角もやや下がっており、不快寄りの表情に見えます。一方で動きは強くなく、覚醒度は中程度にとどまります。
../database/final_database/027/009.jpg,27,009.jpg,3,-0.38,0.42,眉が寄り目が細く、口角も上がっていないため不快寄りの感情が示唆されます。一方で表情筋の緊張があり、落ち着いた無表情よりは覚醒度がやや高いと判断します。
../database/final_database/027/009.jpg,27,009.jpg,4,-0.42,0.38,眉が寄って目が細く、口元も引きつった不快・困惑寄りの表情に見えます。一方で表情筋の緊張があり、覚醒度はやや高めと判断しました。
../database/final_database/027/009.jpg,27,009.jpg,5,-0.35,0.2,眉が寄り、目が細く口角も下がり気味で、不快・困惑寄りの表情に見えます。一方で大きな驚きや興奮はなく緊張は軽度のため、覚醒度はやや低〜中程度です。
../database/final_database/027/009.jpg,27,009.jpg,6,-0.35,0.2,眉が寄り、目が細く口元も緊張しており、不快・困惑の方向の感情が示唆されます。一方で大きな驚きや興奮は見られず覚醒度は中程度に留まります。
../database/final_database/027/009.jpg,27,009.jpg,7,-0.35,0.25,眉間にしわが寄り、目が細く口元も緊張しているため不快寄りの表情に見えます。一方で強い興奮や活発さはなく、軽い緊張程度の覚醒と判断しました。
../database/final_database/027/009.jpg,27,009.jpg,8,-0.35,0.25,眉間にしわが寄り、目が細まり口元も緊張しており不快寄りの表情に見えます。一方で驚きや強い興奮は少なく、軽い緊張・不安程度の覚醒水準です。
../database/final_database/027/009.jpg,27,009.jpg,9,-0.35,0.35,眉が強く寄り、目が細く口元も緊張しており、不快・困惑寄りの表情に見えます。一方で表情筋の緊張はあるため覚醒度はやや高めと判断しました。
../database/final_database/027/009.jpg,27,009.jpg,10,-0.35,0.25,眉間にしわが寄り、目を細めて口元も緊張しており、不快感や戸惑いが見られます。一方で表情の動きは強すぎず、覚醒度は中程度と判断しました。
../database/final_database/027/010.jpg,27,010.jpg,1,-0.45,0.35,眉間にしわが寄り、目を細めて口元も緊張しており不快寄りの表情に見えます。一方で顔の筋緊張があり無気力ではないため、覚醒度はやや高めと判断しました。
../database/final_database/027/010.jpg,27,010.jpg,2,-0.32,0.22,眉が寄り、目が細く口角も下がり気味で不快・不満寄りの表情に見えます。一方で強い驚きや興奮はなく、緊張はあるが覚醒度は中程度です。
../database/final_database/027/010.jpg,27,010.jpg,3,-0.42,0.28,眉間にしわが寄り、目が細く口元も緊張しており不快・困惑寄りの表情に見えます。一方で表情筋の緊張はあるため覚醒度はやや高めと判断しました。
../database/final_database/027/010.jpg,27,010.jpg,4,-0.42,0.32,眉間にしわが寄り、目が細まり口元も緊張していて不快・困惑の表情に見えます。一方で表情筋の緊張があり、覚醒度はやや高めと判断しました。
../database/final_database/027/010.jpg,27,010.jpg,5,-0.38,0.34,眉間にしわが寄り目が細く、口元も引き気味で不快・痛み/困惑寄りの表情に見えます。緊張感はあるものの極端ではなく、中程度の覚醒と判断しました。
../database/final_database/027/010.jpg,27,010.jpg,6,-0.45,0.35,眉が寄り目が細く、口元も引きつった表情で不快・苦痛寄りに見えます。一方で表情筋の緊張があり、覚醒度はやや高めと判断しました。
../database/final_database/027/010.jpg,27,010.jpg,7,-0.35,0.25,眉間にしわが寄り、目を細め口角が下がっており不快・困惑寄りの表情です。一方で極端な興奮は見られず、覚醒度はやや低〜中程度と判断しました。
../database/final_database/027/010.jpg,27,010.jpg,8,-0.55,0.35,眉が寄り、目が細く口角も下がり気味で不快・苦痛寄りの表情に見えます。一方で顔の緊張はあるものの激しい驚きや興奮ではないため、覚醒度は中程度と判断しました。
../database/final_database/027/010.jpg,27,010.jpg,9,-0.38,0.32,眉が強く寄って目が細く、口元も緊張していて不快・困惑寄りの表情に見えます。一方で表情筋の緊張はあるため覚醒度はやや高めと判断しました。
../database/final_database/027/010.jpg,27,010.jpg,10,-0.42,0.35,眉間にしわが寄り、目が細まり口元も緊張しており、不快・困惑の表情が強いです。一方で表情筋の緊張はあるため覚醒度はやや高めと判断しました。
../database/final_database/028/001.jpg,28,001.jpg,1,-0.35,0.4,眉が寄り目を閉じ気味で、口もやや開いて緊張や不快感が感じられます。一方で表情の動きがはっきりしており、一定の覚醒度（反応の強さ）が見られます。
../database/final_database/028/001.jpg,28,001.jpg,2,-0.15,0.35,目を閉じて眉が内側に寄り、口が半開きでやや苦しそうに見えるため快は低めです。一方で表情の緊張感があり、覚醒度はやや高めと判断しました。
../database/final_database/028/001.jpg,28,001.jpg,3,-0.25,0.35,眉が寄り目が強く閉じられて口が少し開いており、不快感や痛み・困惑に近い表情に見えます。一方で表情の緊張があり、覚醒度はやや高めと判断しました。
../database/final_database/028/001.jpg,28,001.jpg,4,-0.42,0.28,眉が寄って目が強く閉じられ、口元も緊張しており不快・苦痛寄りの表情に見えます。一方で表情筋の収縮が強く、一定の覚醒（緊張）も感じられます。
../database/final_database/028/001.jpg,28,001.jpg,5,-0.35,0.3,眉が寄り目が強く閉じられ、口元も緊張しており不快・痛みや困惑に近い表情です。一方で表情の筋緊張はあるため覚醒度はやや高めと判断しました。
../database/final_database/028/001.jpg,28,001.jpg,6,-0.45,0.3,眉が寄り目が強く閉じられており、口元も緊張していて不快・苦痛寄りの表情に見えます。一方で力が入っているため覚醒度はやや高めと判断しました。
../database/final_database/028/001.jpg,28,001.jpg,7,-0.25,0.15,眉が寄り目が強く閉じられ、口元も緊張しており不快寄りの表情に見えます。一方で大きな驚きや興奮はなく、覚醒度は低〜中程度と判断しました。
../database/final_database/028/001.jpg,28,001.jpg,8,-0.55,0.25,眉が寄り目が強く閉じられて口が緩く開いており、不快・苦痛寄りの表情に見えます。一方で動きは強くなく、覚醒度は中程度と判断しました。
../database/final_database/028/001.jpg,28,001.jpg,9,-0.35,0.25,眉が内側に寄り目が強く細められており、口もわずかに開いて緊張感があるため不快寄りに見えます。一方で激しい驚きや興奮ではなく、覚醒度は中程度と判断しました。
../database/final_database/028/001.jpg,28,001.jpg,10,0.18,0.12,目が閉じ気味で口元がわずかに緩んでおり、強い不快や興奮は見られません。全体として落ち着いた、やや快方向の表情に見えます。
../database/final_database/028/002.jpg,28,002.jpg,1,-0.42,0.31,眉間にしわが寄り、口元も引きつった表情で不快・困惑寄りに見えます。一方で目は開いており表情の緊張もあるため、覚醒度はやや高めと判断しました。
../database/final_database/028/002.jpg,28,002.jpg,2,-0.55,0.35,眉が寄って目が細く、口元も緊張しており不快・困惑の表情に見えます。一方で驚きや強い興奮は少なく、中程度の覚醒度と判断しました。
../database/final_database/028/002.jpg,28,002.jpg,3,-0.62,0.48,眉が強く寄り、目も細く口元が引きつっていて不快・苦痛の表情に見えます。緊張感があり表情の動きも強いので覚醒度はやや高めです。
../database/final_database/028/002.jpg,28,002.jpg,4,-0.62,0.48,眉間にしわが寄り、目が細く口元が引きつった表情で、不快・苦痛の感情が強く見えます。緊張感はあるものの極端ではないため、覚醒度は中程度と判断しました。
../database/final_database/028/002.jpg,28,002.jpg,5,-0.62,0.34,眉が寄って目が細く、口角も下がり気味で不快・困惑の表情に見えます。一方で顔の緊張はあるものの激しい興奮まではなく、中程度の覚醒と判断しました。
../database/final_database/028/002.jpg,28,002.jpg,6,-0.62,0.48,眉が寄って目が細まり、口元も緊張しており不快・苦痛寄りの表情に見えます。表情筋の緊張が強く、覚醒度は中程度に高いと判断しました。
../database/final_database/028/002.jpg,28,002.jpg,7,-0.55,0.35,眉間にしわが寄り、口元も緊張しており不快・困惑寄りの表情に見えます。一方で目は開いていて表情筋の緊張もあるため、覚醒度はやや高めと判断しました。
../database/final_database/028/002.jpg,28,002.jpg,8,-0.58,0.42,眉間にしわが寄り、目が細く口角が下がっており不快寄りの表情に見えます。一方で表情筋の緊張があり、落ち着いた無表情よりはやや覚醒度が高い印象です。
../database/final_database/028/002.jpg,28,002.jpg,9,-0.55,0.35,眉が寄り目が細く、口元も緊張しており不快・困惑の表情に見えます。一方で表情の強さは中程度で、覚醒度はやや高めと判断しました。
../database/final_database/028/002.jpg,28,002.jpg,10,-0.48,0.42,眉が寄り、目が細く、口元が緊張していて不快・困惑の表情に見えるためvalenceは低めです。一方で表情筋の緊張があり反応も強いのでarousalはやや高めと判断しました。
../database/final_database/028/003.jpg,28,003.jpg,1,-0.35,0.2,眉間にしわが寄り、目が細まり口角も下がっていて不快・困惑寄りの表情に見えます。一方で驚きや強い興奮は弱く、覚醒度はやや低～中程度です。
../database/final_database/028/003.jpg,28,003.jpg,2,-0.35,0.25,眉が寄り目が細く、口角も下がり気味で不快・困惑の表情に見えます。一方で表情の緊張は強すぎず、覚醒度は中程度と判断しました。
../database/final_database/028/003.jpg,28,003.jpg,3,-0.35,0.25,眉間にしわが寄り、目が細く口も緊張しており不快寄りの表情に見えます。一方で強い驚きや興奮はなく、覚醒度はやや低〜中程度です。
../database/final_database/028/003.jpg,28,003.jpg,4,-0.32,0.24,眉が寄り気味で目が細く、口元もやや緊張していて不快・困惑寄りの表情に見えます。一方で大きな驚きや興奮はなく、覚醒度は中程度と判断しました。
../database/final_database/028/003.jpg,28,003.jpg,5,-0.22,0.28,眉が寄り目が細く、口元も緊張していて不快・困惑寄りの表情に見えます。一方で表情筋の緊張があり、覚醒度はやや高めと判断しました。
../database/final_database/028/003.jpg,28,003.jpg,6,-0.32,0.18,眉が寄り目が細く、口元も緊張しており不快・困惑寄りの表情に見えます。一方で動きは強くなく、覚醒度は中程度よりやや低めと判断しました。
../database/final_database/028/003.jpg,28,003.jpg,7,-0.25,0.2,眉が少し寄り目が細く、口元もやや苦しそうで不快寄りの表情に見えます。一方で動きや緊張感は強くなく、覚醒度は低〜中程度と判断しました。
../database/final_database/028/003.jpg,28,003.jpg,8,-0.35,0.25,眉が寄り目が細く、口元も緊張しており不快・困惑寄りの表情に見えます。一方で表情の動きは強すぎず、覚醒度は中程度と判断しました。
../database/final_database/028/003.jpg,28,003.jpg,9,-0.35,0.25,眉が寄り目が細く、口元も緊張しており不快・困惑寄りの表情に見えます。一方で表情の動きはあるため覚醒度はやや高めと判断しました。
../database/final_database/028/003.jpg,28,003.jpg,10,-0.35,0.25,眉が寄り目が細く、口元も緊張しており不快・困惑の表情に見えます。一方で強い興奮はなく、覚醒度はやや低〜中程度と判断しました。
../database/final_database/028/004.jpg,28,004.jpg,1,-0.42,0.28,眉間にしわが寄り、目が細く口元も引きつっていて不快寄りの表情に見えます。一方で表情筋の緊張はあるため覚醒度はやや高めと判断しました。
../database/final_database/028/004.jpg,28,004.jpg,2,-0.32,0.28,眉間にしわが寄り、目元もやや細く口角が下がって見えるため不快寄りです。一方で表情の緊張感はあるものの強い興奮ではないため、覚醒度はやや高めに留まります。
../database/final_database/028/004.jpg,28,004.jpg,3,-0.32,0.48,眉が寄って目が細く、口元も緊張しており不快・困惑寄りの表情に見えます。一方で表情の筋緊張が強く、覚醒度はやや高めです。
../database/final_database/028/004.jpg,28,004.jpg,4,-0.35,0.25,眉が寄って目も細く、口角が下がり気味で不快・困惑寄りの表情に見えます。一方で驚きや強い興奮はなく、覚醒度は低〜中程度です。
../database/final_database/028/004.jpg,28,004.jpg,5,-0.38,0.22,眉が寄り、目が細まり口元も緊張しており、不快・困惑寄りの表情に見えます。表情の強さは中程度で、覚醒度はやや高めと判断しました。
../database/final_database/028/004.jpg,28,004.jpg,6,-0.48,0.32,眉が寄って額にしわがあり、口元も緊張していて不快・困惑の表情に見えます。目は開いており表情筋の動きもあるため、覚醒度は中程度と判断しました。
../database/final_database/028/004.jpg,28,004.jpg,7,-0.42,0.18,眉が寄り、目が細く口角も下がっており不快・困惑寄りの表情に見えます。一方で大きな驚きや興奮はなく、覚醒度はやや低めです。
../database/final_database/028/004.jpg,28,004.jpg,8,-0.35,0.4,眉が寄って目元が細く、口元も引き締まっており不快・困惑の表情に見えます。一方で顔の緊張はあるため覚醒度はやや高めと判断しました。
../database/final_database/028/004.jpg,28,004.jpg,9,-0.35,0.3,眉間にしわが寄り、口元も緊張していて不快・困惑寄りの表情に見えます。一方で目は開いており表情筋の動きもあるため、覚醒度はやや高めと判断しました。
../database/final_database/028/004.jpg,28,004.jpg,10,-0.38,0.34,眉間にしわが寄り、目が細く口角も下がり気味で不快・困惑寄りの表情に見えます。一方で表情筋の緊張があり、落ち着きというよりやや覚醒した状態と判断しました。
../database/final_database/028/005.jpg,28,005.jpg,1,-0.45,0.55,眉が寄り、片目を細めて口元も緊張しており、不快・苛立ち寄りの表情に見えます。表情筋の収縮が強く緊張感があるため覚醒度はやや高めです。
../database/final_database/028/005.jpg,28,005.jpg,2,-0.62,0.48,眉が強く寄り、目を細めて口角も下がり気味で不快・嫌悪や怒りに近い表情に見えます。表情筋の緊張があり、覚醒度はやや高めと判断しました。
../database/final_database/028/005.jpg,28,005.jpg,3,-0.52,0.48,眉が寄り目が細く、口元も緊張していて不快・怒り/苦痛寄りの表情に見えます。一方で顔全体の緊張が強く、覚醒度は中程度に高いと判断しました。
../database/final_database/028/005.jpg,28,005.jpg,4,-0.42,0.58,眉間のしわ寄せと片目を強く閉じた表情、口元の緊張から不快・苛立ち/痛み寄りの感情が示唆されます。顔の筋緊張が強く、反応性も高いため覚醒度はやや高めと判断しました。
../database/final_database/028/005.jpg,28,005.jpg,5,-0.62,0.55,眉が強く寄り目が細く、口元も緊張していて不快・いらだち/痛みの表情に見えます。筋緊張が強く覚醒度も中程度以上と判断しました。
../database/final_database/028/005.jpg,28,005.jpg,6,-0.55,0.4,眉が寄り目が細く、口元も緊張しており不快・嫌悪や痛みを示す表情に見えます。一方で表情筋の収縮が強く、緊張感があるため覚醒度はやや高めと判断しました。
../database/final_database/028/005.jpg,28,005.jpg,7,-0.55,0.5,眉間にしわが寄り、目が細く口元も緊張していて不快・怒り/痛み寄りの表情に見えます。表情筋の収縮が強く緊張感があるため覚醒度は中程度に高いと判断しました。
../database/final_database/028/005.jpg,28,005.jpg,8,-0.55,0.45,眉間が寄り目が細く、口元も緊張しており不快・苛立ち寄りの表情に見えます。表情の緊張が強く、覚醒度は中程度に高いと判断しました。
../database/final_database/028/005.jpg,28,005.jpg,9,-0.55,0.62,眉を寄せて目を細め、口元も緊張しており不快・嫌悪や苛立ち寄りの表情に見えます。表情筋の緊張が強く、覚醒度は高めと判断しました。
../database/final_database/028/005.jpg,28,005.jpg,10,-0.53,0.62,眉間にしわが寄り、目を細め口元も緊張しており、不快・怒りや痛みの表情に見えるためvalenceは低めです。表情筋の緊張が強く覚醒度が高い状態に見えるためarousalは高めです。
../database/final_database/028/006.jpg,28,006.jpg,1,-0.48,0.42,目を強く閉じて口が開き、眉間も寄っているため不快・痛み/嫌悪寄りの表情に見えます。表情の緊張が強く、覚醒度もやや高いと判断しました。
../database/final_database/028/006.jpg,28,006.jpg,2,-0.62,0.47,目を強く閉じて口をしかめており、不快感や痛みを感じている表情に見えます。一方で表情筋の緊張が強く、感情の強度（覚醒度）は中程度に高いと判断しました。
../database/final_database/028/006.jpg,28,006.jpg,3,-0.55,0.35,目を強く閉じ、口が半開きで顔全体に緊張が見られ、不快・苦痛寄りの表情に見えます。一方で身体の力みがあり反応はやや覚醒的ですが、極端に高い興奮ではありません。
../database/final_database/028/006.jpg,28,006.jpg,4,-0.55,0.35,目を強く閉じ口を開けており、苦痛や不快感を示す表情に見えます。一方で表情筋の緊張があり反応はやや覚醒寄りです。
../database/final_database/028/006.jpg,28,006.jpg,5,-0.62,0.54,目を強く閉じ、口元が歪んでおり苦痛や不快感を示す表情に見えます。筋緊張が強く感情の強度も高めなので覚醒度はやや高めと判断しました。
../database/final_database/028/006.jpg,28,006.jpg,6,-0.58,0.42,目を強く閉じて口を開け、眉間にも緊張が見られるため不快寄りの表情です。筋緊張が強く反応性もあるので覚醒度はやや高めと判断しました。
../database/final_database/028/006.jpg,28,006.jpg,7,-0.55,0.45,眉が強く寄り、目を閉じて口を開けるなど苦痛・不快さを示す表情に見えます。一方で筋緊張があり反応は強めなので覚醒度は中程度に高いと判断しました。
../database/final_database/028/006.jpg,28,006.jpg,8,-0.55,0.35,目を強く閉じて口が歪み、苦痛や不快感を示す表情に見えるためvalenceは低めです。一方で表情の緊張が強く、一定の覚醒（緊張・反応）が感じられるためarousalはやや高めです。
../database/final_database/028/006.jpg,28,006.jpg,9,-0.55,0.4,目を強く閉じて口をしかめており、痛みや不快感の表情に見えます。一方で表情筋の緊張が強く、情動の強さ（覚醒度）は中程度に高いと判断しました。
../database/final_database/028/006.jpg,28,006.jpg,10,-0.62,0.48,目を強く閉じて口を開き、眉間にも緊張が見られるため不快寄りの表情です。表情筋の緊張と苦痛を示す反応から覚醒度はやや高めと判断しました。
../database/final_database/028/007.jpg,28,007.jpg,1,-0.32,0.18,目を強く閉じて眉間に力が入り、口元も緊張しているため不快寄りと判断しました。一方で表情の強度は中程度で、覚醒度はやや高めに見えます。
../database/final_database/028/007.jpg,28,007.jpg,2,-0.25,0.15,目が強く閉じられ、眉間にもやや緊張があり不快・痛み/嫌悪寄りに見えます。一方で口元の緊張は中程度で、覚醒度は低〜中程度と判断しました。
../database/final_database/028/007.jpg,28,007.jpg,3,-0.25,0.15,目を強く閉じ、口元も緊張しているため不快寄りの表情に見えます。一方で表情の動きは強すぎず、覚醒度はやや低～中程度と判断しました。
../database/final_database/028/007.jpg,28,007.jpg,4,-0.2,0.1,眉が寄り目が細く、口元も緊張していて不快・困惑寄りに見えます。一方で激しい驚きや興奮はなく、覚醒度は低〜中程度です。
../database/final_database/028/007.jpg,28,007.jpg,5,-0.25,-0.05,目が強く閉じられ眉間に力が入り、口元もややこわばっていて不快寄りに見えます。一方で表情の強度は高くなく、興奮・緊張は中立に近いと判断しました。
../database/final_database/028/007.jpg,28,007.jpg,6,-0.35,0.1,目を強く閉じて眉間にしわが寄っており、口元も緊張しているため不快寄りに見えます。一方で大きく驚く・興奮するほどの動きは少なく、覚醒度は低〜中程度です。
../database/final_database/028/007.jpg,28,007.jpg,7,-0.25,0.15,目が細く閉じ気味で口角がやや下がっており、不快・緊張や我慢の表情に見えます。一方で身体の動きは少なく強い興奮は感じにくいため覚醒度は低〜中程度です。
../database/final_database/028/007.jpg,28,007.jpg,8,-0.12,0.28,目が細く閉じ気味で眉が寄り、口元も緊張しているためやや不快寄りに見えます。一方で表情の緊張感があり、覚醒度は中程度に感じられます。
../database/final_database/028/007.jpg,28,007.jpg,9,-0.22,-0.1,目を強く閉じて眉間にしわが寄り、口元も緊張しているため不快寄りに見えます。動きの大きい驚きや興奮はなく、覚醒度はやや低めと判断しました。
../database/final_database/028/007.jpg,28,007.jpg,10,-0.28,0.22,目が細く眉間に軽いしわがあり、口元も緊張して見えるため不快寄りの表情です。一方で強い驚きや興奮はなく、覚醒度はやや低～中程度に見えます。
../database/final_database/028/008.jpg,28,008.jpg,1,-0.62,0.41,眉が強く寄り目が閉じ気味で、口元も歪んでおり不快・苦痛寄りの表情に見えます。一方で表情筋の緊張が強く、感情の立ち上がりは中程度に覚醒している印象です。
../database/final_database/028/008.jpg,28,008.jpg,2,-0.62,0.48,眉が強く寄り、目を閉じて口を歪めているため不快・苦痛寄りの感情が示唆されます。一方で表情の緊張が強く、一定の覚醒（反応の強さ）が感じられます。
../database/final_database/028/008.jpg,28,008.jpg,3,-0.62,0.55,眉が強く寄り、目を閉じて口が歪むなど苦痛・不快を示す表情に見えます。表情の緊張が強く、覚醒度（興奮・ストレス反応）も中程度以上と判断しました。
../database/final_database/028/008.jpg,28,008.jpg,4,-0.55,0.45,眉間にしわが寄り、目を強く閉じて口元も緊張しており、不快・苦痛の感情が強い表情に見えます。表情の収縮が強くエネルギーが感じられるため覚醒度はやや高めと判断しました。
../database/final_database/028/008.jpg,28,008.jpg,5,-0.55,0.45,眉が強く寄り、目を閉じて口が開いた苦痛・不快そうな表情に見えるためvalenceは低め。表情の緊張感が強く、感情の強度は中程度に高いのでarousalはやや高め。
../database/final_database/028/008.jpg,28,008.jpg,6,-0.62,0.48,眉が強く寄り、目を強く閉じて口を開けた緊張した表情で、不快・苦痛や苛立ちの印象が強いです。表情の収縮が大きくエネルギーも感じるため覚醒度はやや高めと判断しました。
../database/final_database/028/008.jpg,28,008.jpg,7,-0.62,0.58,目を強く閉じて眉間にしわが寄り、口元も緊張しているため不快・苦痛寄りの表情に見えます。表情筋の強い収縮があり、覚醒度も高めと判断しました。
../database/final_database/028/008.jpg,28,008.jpg,8,-0.55,0.45,眉が強くしかめられ目を閉じ、口元も緊張しており不快感や痛み・嫌悪に近い表情に見えます。一方で筋緊張が強く表出がはっきりしているため覚醒度は中程度に高いと判断しました。
../database/final_database/028/008.jpg,28,008.jpg,9,-0.68,0.62,眉を強くひそめて目を閉じ、口も緊張していて不快・苦痛や怒りに近い表情に見えます。表情筋の緊張が強く、感情の強度も高いので覚醒度は高めです。
../database/final_database/028/008.jpg,28,008.jpg,10,-0.62,0.48,眉が強くひそまり目を閉じ、口も歪んでいて不快・苦痛や苛立ちが強い表情に見えます。一方で表情筋の緊張が高く、感情の活性度（覚醒度）は中程度に高いと判断しました。
../database/final_database/028/009.jpg,28,009.jpg,1,-0.44,0.31,目を強く閉じて眉間が寄っており、口元も緊張しているため不快寄りに見えます。一方で力が入った表情なので覚醒度はやや高めと判断しました。
../database/final_database/028/009.jpg,28,009.jpg,2,-0.62,0.48,眉が寄り目が強く閉じられ、口元も引きつった表情で不快・苦痛が示唆されます。一方で顔全体の緊張があり、覚醒度は中程度に高いと判断しました。
../database/final_database/028/009.jpg,28,009.jpg,3,-0.52,0.28,目を強く閉じて眉間にしわがあり、口元も緊張していて不快・痛みや嫌悪の表情に見えます。一方で表情筋の収縮が強く、一定の覚醒（緊張）も感じられます。
../database/final_database/028/009.jpg,28,009.jpg,4,-0.52,0.36,目を強く閉じ、眉間に力が入って口元も緊張しているため不快寄りの表情に見えます。一方で表情筋の緊張が強く、苦痛・嫌悪のような覚醒度は中程度にあります。
../database/final_database/028/009.jpg,28,009.jpg,5,-0.42,0.36,目を強く閉じて眉が寄り、口元も緊張していて不快・苦痛寄りの表情に見えます。一方で表情筋の収縮が強く、緊張感があるため覚醒度はやや高めです。
../database/final_database/028/009.jpg,28,009.jpg,6,-0.52,0.28,目を強く閉じて眉が寄り、口元も緊張していて不快・苦痛寄りの表情に見えます。一方で体の動きは大きくなく、覚醒度は中程度と判断しました。
../database/final_database/028/009.jpg,28,009.jpg,7,-0.58,0.32,目を強く閉じ口元が歪んでおり、不快や痛み・嫌悪に近い表情に見えるためvalenceは低めです。一方で表情筋の緊張があり、落ち着いた無覚醒ではないのでarousalはやや高めです。
../database/final_database/028/009.jpg,28,009.jpg,8,-0.55,0.35,目を強く閉じて口元が歪み、苦痛や不快感が示唆される表情です。一方で表情筋の緊張が見られるため覚醒度はやや高めと判断しました。
../database/final_database/028/009.jpg,28,009.jpg,9,-0.52,0.38,眉が寄り目が強く閉じられており、口元も緊張しているため不快・苦痛寄りの表情に見えます。一方で表情筋の収縮が強く、一定の緊張感があるため覚醒度はやや高めと判断しました。
../database/final_database/028/009.jpg,28,009.jpg,10,-0.55,0.35,目を強く閉じて口元が引きつっており、不快・苦痛寄りの表情に見えます。一方で表情筋の緊張が強く、覚醒度はやや高めと判断しました。
../database/final_database/028/010.jpg,28,010.jpg,1,-0.62,0.58,眉間に強いしわが寄り、目が細まり口が開いて緊張した表情で、不快・怒りや嫌悪の印象が強いです。表情の収縮が大きく、感情の強度も高めに見えるため覚醒度も高めと判断しました。
../database/final_database/028/010.jpg,28,010.jpg,2,-0.62,0.58,眉間にしわが寄り、口元も緊張していて不快・怒り/嫌悪寄りの表情に見えます。表情の強さがはっきりしており覚醒度も中程度以上と判断します。
../database/final_database/028/010.jpg,28,010.jpg,3,-0.62,0.55,眉が強く寄り、目が細く、口が半開きで緊張感のある表情のため不快寄り（怒り・嫌悪）に見えます。表情の筋緊張が強く、覚醒度も中程度以上と判断しました。
../database/final_database/028/010.jpg,28,010.jpg,4,-0.62,0.58,眉が強く寄り、目が細まり、口が開いて歯が見えるなど不快・怒り/嫌悪に近い表情です。表情の緊張が強く、覚醒度も比較的高いと判断しました。
../database/final_database/028/010.jpg,28,010.jpg,5,-0.62,0.58,眉が強くひそまり、口も緊張して開いており、不快・怒りや痛みのようなネガティブ感情が強く見えます。表情の緊張度が高く、覚醒水準も高めと判断しました。
../database/final_database/028/010.jpg,28,010.jpg,6,-0.55,0.62,眉をひそめ口を開けて歯を見せる表情で、不快感や怒り・嫌悪に近いネガティブさが強いです。顔の緊張と表情の強さから覚醒度も高めと判断します。
../database/final_database/028/010.jpg,28,010.jpg,7,-0.62,0.58,眉間にしわが寄り口が開いて歯が見えるなど、怒り・不快感の表情が強いです。目の緊張や顔全体の力みから覚醒度も高めと判断しました。
../database/final_database/028/010.jpg,28,010.jpg,8,-0.62,0.58,眉が寄って目が細く、口が開いて歯が見えるなど、怒り・不快の表情に近いです。表情の緊張が強く、覚醒度も高めと判断しました。
../database/final_database/028/010.jpg,28,010.jpg,9,-0.62,0.58,眉が寄って目が細く、口が開いて歯が見える表情で不快・怒り／嫌悪のニュアンスが強いです。一方で筋緊張が高く活発な表出なので覚醒度は高めと判断しました。
../database/final_database/028/010.jpg,28,010.jpg,10,-0.62,0.55,眉間にしわが寄り、口元も緊張していて不快・怒り寄りの表情に見えます。一方で表情筋の緊張が強く、覚醒度は中程度以上と判断しました。
../database/final_database/029/001.jpg,29,001.jpg,1,-0.72,0.48,眉が寄り目が強く閉じられ、口角も下がっていて不快・苦痛の表情に見えます。一方で表情筋の緊張が強く、泣き・嫌悪のような反応で覚醒度は中程度に感じられます。
../database/final_database/029/001.jpg,29,001.jpg,2,-0.68,0.62,眉が寄って目が強く閉じられ、口が開いて苦痛や不快を示す表情です。緊張感があり反応も強いため覚醒度は高めと判断しました。
../database/final_database/029/001.jpg,29,001.jpg,3,-0.62,0.48,眉が寄り目が強く閉じられており、口も緊張して開いているため不快・苦痛寄りの表情に見えます。一方で表情筋の緊張が強く、反応は比較的覚醒的です。
../database/final_database/029/001.jpg,29,001.jpg,4,-0.62,0.35,眉が寄り目が強く閉じられており、口元も下がって不快・苦痛寄りの表情に見えます。一方で表情筋の緊張はあるため覚醒度はやや高めと判断します。
../database/final_database/029/001.jpg,29,001.jpg,5,-0.62,0.41,眉が寄り、目を強く閉じて口角が下がっており、不快・苦痛寄りの表情に見えます。一方で表情筋の緊張が強く、感情の立ち上がりは中程度に覚醒していると判断しました。
../database/final_database/029/001.jpg,29,001.jpg,6,-0.62,0.48,目を強く閉じて眉が寄り、口が半開きで苦痛や不快を示す表情に見えます。一方で顔全体の緊張があり、一定の覚醒（興奮・動揺）が感じられます。
../database/final_database/029/001.jpg,29,001.jpg,7,-0.62,0.58,眉が強く寄り、目を閉じて口が開くなど苦痛・不快の表情が見られます。表情の緊張が強く、泣きや不快による覚醒度も高めと判断しました。
../database/final_database/029/001.jpg,29,001.jpg,8,-0.62,0.42,目を強く閉じて眉が寄り、口角も下がり気味で不快・苦痛寄りの表情に見えます。一方で顔全体の緊張があり、感情の強度は中程度で覚醒寄りと判断しました。
../database/final_database/029/001.jpg,29,001.jpg,9,-0.62,0.48,眉が寄り目が強く閉じられており、口元も下がって痛みや不快感が強い表情に見えます。一方で表情筋の緊張が高く、泣き・苦痛に近い反応で覚醒度は中程度に高いと判断しました。
../database/final_database/029/001.jpg,29,001.jpg,10,-0.72,0.48,眉が強くしかめられ、目を閉じて口角が下がっており、不快・苦痛寄りの表情に見えます。一方で顔全体に緊張があり感情の強度は中程度に高いと判断しました。
../database/final_database/029/003.jpg,29,003.jpg,1,-0.55,0.45,眉間にしわが寄り、目が細く口が開いて歯が見えるなど、不快・苦痛寄りの表情に見えます。一方で表情筋の緊張が強く、ある程度の覚醒（興奮・ストレス）も感じられます。
../database/final_database/029/003.jpg,29,003.jpg,2,-0.55,0.35,眉間にしわが寄り、目を細めて口が歪んでいるため不快・苦痛寄りの表情に見えます。一方で泣き叫ぶほど強い動きではなく、覚醒度は中程度と判断しました。
../database/final_database/029/003.jpg,29,003.jpg,3,-0.62,0.48,眉が寄って目が細まり、口角も下がっていて不快・苦痛の表情に見えます。口が開いて呼気が強そうで、緊張や泣きそうな反応があり覚醒度はやや高めです。
../database/final_database/029/003.jpg,29,003.jpg,4,-0.62,0.35,眉が寄り目が細く、口角が下がって半開きで不快・苦痛の表情に見えるためvalenceは低めです。一方で泣き・不満の反応として緊張感はあるものの、強い驚愕ほどではないためarousalは中程度にしました。
../database/final_database/029/003.jpg,29,003.jpg,5,-0.58,0.52,眉が寄り、目が細く、口が半開きで不快・苦痛の表情に見えます。表情の緊張感があり覚醒度もやや高いと判断しました。
../database/final_database/029/003.jpg,29,003.jpg,6,-0.68,0.52,眉が寄り目が細く、口元も緊張しており不快（ネガティブ）寄りの表情に見えます。一方で顔全体の筋緊張が強く、泣きそう／不満のような覚醒度は中程度に高いです。
../database/final_database/029/003.jpg,29,003.jpg,7,-0.62,0.48,眉間にしわが寄り目が細く、口元も緊張していて不快・苦痛寄りの表情に見えます。一方で顔全体の緊張が強く、覚醒度は中程度以上と判断しました。
../database/final_database/029/003.jpg,29,003.jpg,8,-0.62,0.48,眉が寄り目が細く、口元も緊張しており不快・苦痛の表情に見えます。一方で表情筋の緊張が強く、覚醒度は中程度に高いと判断しました。
../database/final_database/029/003.jpg,29,003.jpg,9,-0.62,0.44,眉が寄り目が細く、口角が下がって半開きで不快・苦痛の表情に見えます。一方で表情筋の緊張はあり、完全に沈静ではないため中程度の覚醒と判断しました。
../database/final_database/029/003.jpg,29,003.jpg,10,-0.62,0.48,眉が寄って目が細く、口角が下がって半開きで不快・苦痛の表情に見えるためvalenceは低めです。一方で顔の緊張が強く、泣き・不快反応のような覚醒が感じられるためarousalはやや高めです。
../database/final_database/029/004.jpg,29,004.jpg,1,-0.55,0.35,眉が寄り目が強く閉じられ、口元も緊張しており不快・苦痛寄りの表情に見えます。一方で顔全体の力みがあり、覚醒度はやや高めと判断しました。
../database/final_database/029/004.jpg,29,004.jpg,2,-0.58,0.62,目を強く閉じて眉が寄り、口も緊張して見えるため不快寄りの感情が示唆されます。表情の強さ（顔の緊張）があるので覚醒度は高めと判断します。
../database/final_database/029/004.jpg,29,004.jpg,3,-0.55,0.35,眉が寄り目が強く閉じられ、口も緊張して開いており不快・苦痛寄りの表情に見えます。一方で表情筋の緊張が強く、ある程度の覚醒（緊張・ストレス）も感じられます。
../database/final_database/029/004.jpg,29,004.jpg,4,-0.55,0.35,眉が寄り目が細く閉じ気味で、口元も緊張しており不快・苦痛寄りの表情に見えます。一方で表情筋の緊張はあるため覚醒度はやや高めと判断しました。
../database/final_database/029/004.jpg,29,004.jpg,5,-0.55,0.4,目を強く閉じて眉が寄り、口が開いて歯が見えるなど苦痛・不快の表情に見えるためvalenceは低め。表情の緊張感はあるが極端ではないのでarousalは中程度の覚醒と判断しました。
../database/final_database/029/004.jpg,29,004.jpg,6,-0.55,0.35,眉が寄り目が閉じ気味で、口元も緊張しており不快・苦痛寄りの表情に見えます。一方で表情筋の収縮が強く、感情の動きは中程度に覚醒している印象です。
../database/final_database/029/004.jpg,29,004.jpg,7,-0.58,0.52,眉間にしわが寄り目が強く閉じられており、口元も緊張していて不快・苦痛寄りの表情に見えます。表情筋の緊張が強く、覚醒度もやや高いと判断しました。
../database/final_database/029/004.jpg,29,004.jpg,8,-0.55,0.35,目を強く閉じ、口元も引きつったように開いており、苦痛や不快感が強い表情に見えます。一方で顔の緊張があり反応性は高めなので、覚醒度はやや高いと判断しました。
../database/final_database/029/004.jpg,29,004.jpg,9,-0.55,0.35,目を強く閉じて眉間が寄り、口元も緊張しているため不快寄りの感情が示唆されます。一方で表情筋の収縮が強く、ある程度の覚醒（緊張・苦痛）が見られます。
../database/final_database/029/004.jpg,29,004.jpg,10,-0.52,0.38,目を強く閉じ、眉が寄って口角も下がっており、不快・苦痛寄りの表情に見えます。一方で顔の緊張が強く、感情の強度は中程度に高いと判断しました。
../database/final_database/029/005.jpg,29,005.jpg,1,-0.55,0.35,眉が寄り、目が強く閉じられ口元も緊張しており、不快・苦痛寄りの表情に見えます。表情筋の収縮が強く、一定の覚醒（緊張）も感じられます。
../database/final_database/029/005.jpg,29,005.jpg,2,-0.62,0.31,目を強く閉じて眉間にしわが寄り、口元もこわばっており不快・苦痛の表情に見えます。一方で表情筋の緊張はあるため覚醒度はやや高めです。
../database/final_database/029/005.jpg,29,005.jpg,3,-0.62,0.48,目を強く閉じて眉間にしわが寄り、口も苦痛をこらえるように開いているため不快寄りの表情に見えます。筋緊張が強く表情が硬いので、覚醒度は中程度に高いと判断しました。
../database/final_database/029/005.jpg,29,005.jpg,4,-0.55,0.35,眉間にしわが寄り目を強く閉じ、口元も緊張しており不快・苦痛の表情に見えるためvalenceは低めです。一方で表情筋の収縮が強く、軽い緊張・反応があるためarousalはやや高めと判断しました。
../database/final_database/029/005.jpg,29,005.jpg,5,-0.62,0.48,眉間にしわが寄り、目を強く閉じて口元も緊張しており不快・苦痛寄りの表情です。一方で顔の筋緊張が強く、反応も強めなので覚醒度は中程度に高いと判断しました。
../database/final_database/029/005.jpg,29,005.jpg,6,-0.62,0.38,眉間にしわが寄り、目を強く閉じて口元も緊張しており、不快・痛みや嫌悪に近い表情に見えます。一方で表情筋の収縮が強く、反応は比較的覚醒寄りです。
../database/final_database/029/005.jpg,29,005.jpg,7,-0.62,0.48,眉が寄り目が強く閉じられ、口元も緊張しており不快・苦痛の表情に見えます。一方で表情筋の緊張が強く、覚醒度は中程度に高いと判断しました。
../database/final_database/029/005.jpg,29,005.jpg,8,-0.55,0.4,眉間にしわが寄り目を強く閉じ、口元も緊張しているため不快感（苦痛・嫌悪）寄りの表情に見えます。一方で筋緊張があり反応も強いので覚醒度はやや高めです。
../database/final_database/029/005.jpg,29,005.jpg,9,-0.62,0.48,眉間にしわが寄り目を強く閉じ、口角も下がっており不快・苦痛寄りの表情に見えます。一方で顔の緊張が強く、反応はやや覚醒的です。
../database/final_database/029/005.jpg,29,005.jpg,10,-0.62,0.34,眉が寄り、目を強く閉じて口角が下がっており、不快・苦痛寄りの表情に見えます。一方で口が開いて緊張感があり、覚醒度はやや高めと判断しました。
../database/final_database/029/006.jpg,29,006.jpg,1,-0.52,0.34,眉間にしわが寄り、目を強く閉じて口角も下がっており、不快・痛みや嫌悪に近い表情に見えます。一方で表情筋の緊張が強く、感情の活性度は中程度に高いと判断しました。
../database/final_database/029/006.jpg,29,006.jpg,2,-0.35,0.25,目を細め眉間にしわが寄り、口元も緊張していて不快・困惑寄りの表情に見えます。一方で強い興奮というよりは中程度の緊張感なのでarousalはやや高めにしました。
../database/final_database/029/006.jpg,29,006.jpg,3,-0.35,0.25,眉が寄り目が細く、口元も緊張しているため不快寄りに見えます。一方で表情の強さは中程度で、覚醒度はやや高めと判断しました。
../database/final_database/029/006.jpg,29,006.jpg,4,-0.35,0.25,眉が寄って目を強く細め、口元も緊張しており不快・困惑寄りの表情に見えます。一方で強い笑顔や激しい怒りほどではなく、覚醒度は中程度です。
../database/final_database/029/006.jpg,29,006.jpg,5,-0.38,0.22,眉間にしわが寄り目を細めており、口元も緊張しているため不快寄りに見えます。一方で表情の強度は中程度で、強い興奮や活力は感じにくいです。
../database/final_database/029/006.jpg,29,006.jpg,6,-0.47,0.32,眉が中央に寄り、目を強く細めて口角がやや下がっており、不快・苦痛寄りの表情に見えます。一方で表情筋の緊張が強く、覚醒度はやや高めと判断しました。
../database/final_database/029/006.jpg,29,006.jpg,7,-0.35,0.25,眉間にしわが寄り目が細く、口元も緊張していて不快・困惑寄りの表情に見えます。一方で強い興奮というよりは軽い覚醒（緊張）程度です。
../database/final_database/029/006.jpg,29,006.jpg,8,-0.58,0.34,眉間にしわが寄り目が細く、口元も引きつった表情で不快・困惑の傾向が強いです。一方で顔の緊張があり完全に沈静ではないため覚醒度はやや高めと判断しました。
../database/final_database/029/006.jpg,29,006.jpg,9,-0.38,0.22,眉が中央に寄り目が細く、口元も緊張していて不快・困惑寄りの表情に見えます。一方で動きは強くなく、覚醒度はやや低〜中程度です。
../database/final_database/029/006.jpg,29,006.jpg,10,-0.35,0.45,眉が寄り目が細く、口元も緊張していて不快・困惑寄りの表情に見えます。一方で顔全体の筋緊張があり、覚醒度はやや高めです。
../database/final_database/029/007.jpg,29,007.jpg,1,-0.62,0.55,眉が寄り、目が細まり、口が開いて歯が見えるなど苦痛や不快を示す表情に見えます。一方で表情の緊張が強く、覚醒度はやや高めと判断しました。
../database/final_database/029/007.jpg,29,007.jpg,2,-0.55,0.25,眉が寄り目が細く、口が半開きで不快・苦痛や泣きそうな表情に見えるためvalenceは低めです。一方で表情の緊張はあるものの激しい興奮ではないのでarousalはやや高めにしました。
../database/final_database/029/007.jpg,29,007.jpg,3,-0.55,0.35,眉が寄り目が細く、口が開いて下がっており、不快・苦痛の表情に見えます。一方で表情の緊張はあるため覚醒度はやや高めと判断しました。
../database/final_database/029/007.jpg,29,007.jpg,4,-0.55,0.35,眉が寄り、目が細く、口が開いて不快そうな表情で、泣き・苦痛に近いネガティブ感情が強いです。一方で表情の緊張はあるものの極端ではなく、中程度の覚醒と判断しました。
../database/final_database/029/007.jpg,29,007.jpg,5,-0.62,0.48,眉が寄り目が細く、口が開いて下がっており、苦痛・不快感を示す表情に見えます。一方で表情筋の緊張が強く、感情の活性度は中程度に高いと判断しました。
../database/final_database/029/007.jpg,29,007.jpg,6,-0.62,0.55,眉が寄り目が細く、口が開いて不快そうな表情で、苦痛や嫌悪が示唆されます。表情の緊張と口の開きから、覚醒度は中程度に高いと判断しました。
../database/final_database/029/007.jpg,29,007.jpg,7,-0.55,0.4,眉が寄り目が細く、口元が開いて苦痛や不快感を示す表情に見えます。一方で表情筋の緊張はあるため覚醒度は中程度と判断しました。
../database/final_database/029/007.jpg,29,007.jpg,8,-0.62,0.55,眉が内側に寄って目が細く、口が開いて苦痛・不快そうな表情に見えます。一方で表情筋の緊張と口の開きから感情の活性度はやや高めです。
../database/final_database/029/007.jpg,29,007.jpg,9,-0.55,0.35,眉が寄り、目が細く、口が開いて苦痛や不快感を示す表情に見えます。一方で表情の緊張はあるため覚醒度はやや高めと判断しました。
../database/final_database/029/007.jpg,29,007.jpg,10,-0.62,0.45,眉が中央に寄り目を細め、口角が下がって開口しているため、不快・苦痛寄りの表情に見えます。表情の緊張はあるものの激しい興奮ではないため、覚醒度は中程度と判断しました。
../database/final_database/029/008.jpg,29,008.jpg,1,-0.2,0.1,口が半開きで眉間に軽い緊張があり、快よりやや不快寄りに見えます。一方で表情の強い高揚は少なく、覚醒度は低〜中程度です。
../database/final_database/029/008.jpg,29,008.jpg,2,-0.18,0.22,眉がやや寄り、目が細く口も緊張していて快感情より不快・困惑寄りに見えます。一方で表情の強さは中程度で、覚醒度はやや高めです。
../database/final_database/029/008.jpg,29,008.jpg,3,-0.28,0.18,眉が寄り気味で目もやや細く、口が開いて緊張や不快感が示唆されるためvalenceは低めです。一方で表情の動きは強すぎず落ち着きもあるため、arousalは軽度の覚醒に留まります。
../database/final_database/029/008.jpg,29,008.jpg,4,-0.18,0.22,眉がやや寄って目が細く、口元も緊張していて快より不快寄りに見えます。一方で表情の強さは中程度で、覚醒度はやや高めです。
../database/final_database/029/008.jpg,29,008.jpg,5,-0.25,0.1,眉がやや寄って目が細まり、口元も緊張していて不快・困惑寄りに見えます。一方で動きや表情の強さは大きくなく、覚醒度は低めです。
../database/final_database/029/008.jpg,29,008.jpg,6,-0.22,0.18,眉がやや寄り、口が少し開いて緊張・不快寄りの表情に見えます。一方で強い驚きや興奮はなく、覚醒度は低〜中程度です。
../database/final_database/029/008.jpg,29,008.jpg,7,-0.15,0.25,口が少し開き眉間がわずかに寄っており、快よりも不快寄りの困惑・不安の表情に見えます。覚醒度は強い怒りや喜びほどではないため中程度にしました。
../database/final_database/029/008.jpg,29,008.jpg,8,-0.18,0.22,眉がやや寄り、口が少し開いて不快・困惑寄りの表情に見えます。一方で強い興奮や緊張は少なく、覚醒度はやや低めです。
../database/final_database/029/008.jpg,29,008.jpg,9,-0.18,0.32,眉が寄り目が細く、口元も力が入っていて快より不快寄りに見えます。一方で表情の緊張があり、覚醒度はやや高めです。
../database/final_database/029/008.jpg,29,008.jpg,10,-0.38,0.22,眉間がやや寄り、口元が半開きで緊張や不快感が示唆されるためvalenceは低めです。一方で表情の強度は極端ではなく、覚醒度は中程度と判断しました。
../database/final_database/029/009.jpg,29,009.jpg,1,-0.35,0.15,目を強く閉じ、眉が寄って口元も緊張しており、不快・痛みを示す表情に見えます。一方で動きは小さく、興奮よりは軽い覚醒レベルと判断しました。
../database/final_database/029/009.jpg,29,009.jpg,2,-0.35,0.15,目が強く閉じられ眉が寄り、口元も緊張していて不快・苦痛寄りの表情に見えます。一方で動きは大きくなく、覚醒度はやや低〜中程度と判断しました。
../database/final_database/029/009.jpg,29,009.jpg,3,-0.25,0.15,目を強く閉じ、口元も緊張しており不快・苦痛寄りの表情に見えます。一方で動きは大きくなく、覚醒度はやや低～中程度と判断しました。
../database/final_database/029/009.jpg,29,009.jpg,4,-0.35,0.15,眉が寄り目が強く閉じられ、口元も緊張しており不快・苦痛寄りの表情に見えます。一方で動きは強くなく、覚醒度はやや低〜中程度と判断しました。
../database/final_database/029/009.jpg,29,009.jpg,5,-0.55,0.35,目を強く閉じ口元が引き締まっており、苦痛・不快の表情に見えます。一方で表情筋の緊張はあるため覚醒度はやや高めと判断しました。
../database/final_database/029/009.jpg,29,009.jpg,6,-0.35,-0.1,目を強く閉じ、眉が寄って口元も緊張しており、不快・苦痛寄りの表情に見えます。一方で動きは強くなく、興奮度は低〜中程度と判断しました。
../database/final_database/029/009.jpg,29,009.jpg,7,-0.45,0.25,眉間にしわが寄り、目を強く閉じて口元も緊張しており不快寄りの表情です。一方で表情の強度は中程度で、覚醒度はやや高めと判断しました。
../database/final_database/029/009.jpg,29,009.jpg,8,-0.55,0.25,目を強く閉じて眉が寄り、口元も緊張していて不快・苦痛寄りの表情に見えます。一方で体全体の動きは大きくなく、覚醒度は中程度と判断しました。
../database/final_database/029/009.jpg,29,009.jpg,9,-0.25,0.05,眉間にしわが寄り目が強く閉じられており、口元もやや緊張しているため不快寄りの表情に見えます。一方で動きは小さく、興奮よりも低～中程度の覚醒と判断しました。
../database/final_database/029/009.jpg,29,009.jpg,10,-0.35,0.1,目が強く閉じられ、眉間にやや緊張があり、口元も硬めで不快・苦痛寄りに見えます。一方で動きは大きくなく、興奮度は低〜中程度に留まっています。
../database/final_database/029/010.jpg,29,010.jpg,1,-0.34,0.18,眉が寄り、目が細く口角が下がっており、不快・苦痛寄りの表情に見えます。一方で大きな驚きや興奮はなく緊張は中程度のため、覚醒度はやや低〜中程度と判断しました。
../database/final_database/029/010.jpg,29,010.jpg,2,-0.35,0.25,眉が寄り、目を細めて口角が下がり気味で不快・嫌悪寄りの表情に見えます。一方で表情の緊張は強すぎず、覚醒度はやや高い程度です。
../database/final_database/029/010.jpg,29,010.jpg,3,-0.42,0.18,目を強く細め口角もやや下がっており、不快・痛み・嫌悪に近い表情に見えるためvalenceはマイナス寄り。表情の緊張はあるが激しい驚きや興奮ほどではないのでarousalはやや高めに留めた。
../database/final_database/029/010.jpg,29,010.jpg,4,-0.35,0.15,眉間にしわが寄り、目を細めて口角も下がり気味で不快寄りの表情に見えます。一方で動きは強くなく、緊張はあるものの覚醒度は中程度です。
../database/final_database/029/010.jpg,29,010.jpg,5,-0.62,0.28,眉間にしわが寄り目が細く、口元も緊張しており不快・嫌悪寄りの表情に見えます。一方で大きく驚いたり興奮した様子は強くなく、覚醒度は中程度です。
../database/final_database/029/010.jpg,29,010.jpg,6,-0.55,0.25,眉間にしわが寄り、目を強く細めて口角も下がっており不快・嫌悪寄りの表情に見えます。一方で動きは強くないため覚醒度はやや低〜中程度と判断しました。
../database/final_database/029/010.jpg,29,010.jpg,7,-0.55,0.3,目を細めて口角が下がり気味で、顔全体に緊張や不快感（嫌悪・不満）を示す表情に見えます。一方で泣き叫ぶほどの強い興奮ではなく、中程度の覚醒と判断しました。
../database/final_database/029/010.jpg,29,010.jpg,8,-0.52,0.32,眉間にしわが寄り目が強く細められており、口角も下がっていて不快・苦痛寄りの表情に見えます。一方で表情筋の緊張が強く、落ち着いた状態よりはやや覚醒している印象です。
../database/final_database/029/010.jpg,29,010.jpg,9,-0.35,0.25,眉が寄り目が細く、口元も引き締まっており不快・嫌悪寄りの表情に見えるためvalenceは低め。表情の緊張はあるが激しい驚きや興奮ほどではないためarousalは中程度にしました。
../database/final_database/029/010.jpg,29,010.jpg,10,-0.55,0.35,眉間にしわが寄り、目を強く閉じて口角も下がっており不快・苦痛の表情に見えます。表情の緊張感はあるものの激しい興奮ではないため覚醒度は中程度と判断しました。
../database/final_database/030/001.jpg,30,001.jpg,1,0.12,-0.08,口角がわずかに上がっており軽い快の表情に見える一方、目の開きや表情筋の動きが小さく全体として落ち着いた（低覚醒）印象です。
../database/final_database/030/001.jpg,30,001.jpg,2,0.12,-0.18,口角がわずかに上がり、不快感は強くないためvalenceは軽い正寄りです。一方で目の開きが小さく表情筋の緊張も弱いので、arousalはやや低めと判断しました。
../database/final_database/030/001.jpg,30,001.jpg,3,0.12,-0.18,口角がわずかに上がっており不快感は強くないため、valenceはやや快寄りと判断しました。一方で目元や表情筋の緊張が弱く全体に落ち着いた印象のため、arousalは低めにしました。
../database/final_database/030/001.jpg,30,001.jpg,4,0.15,-0.2,口角がわずかに上がり、全体としては軽い好意・中立寄りの表情に見えます。一方で目元の動きが少なく表情の強さが弱いため、覚醒度は低めと判断しました。
../database/final_database/030/001.jpg,30,001.jpg,5,0.12,-0.18,口角がわずかに上がり大きな緊張や不快のサインは少ないため、快方向にやや寄っています。一方で目元や表情筋の動きが弱く、全体として落ち着いた低覚醒に見えます。
../database/final_database/030/001.jpg,30,001.jpg,6,0.12,-0.18,口角がわずかに上がっており全体として中立〜やや快の表情です。一方で目元や筋緊張が強くなく、興奮度は低めに見えます。
../database/final_database/030/001.jpg,30,001.jpg,7,0.15,-0.1,口元がわずかに上がり、全体として穏やかで軽いポジティブさが見られます。一方で目の開きや表情筋の緊張が弱く、覚醒度は低めに見えます。
../database/final_database/030/001.jpg,30,001.jpg,8,0.05,-0.15,口元がわずかに上がり気味で大きな不快感は見られず、全体として中立〜やや快の印象です。目や眉の動きが小さく表情の強度も低いため、覚醒度はやや低めと判断しました。
../database/final_database/030/001.jpg,30,001.jpg,9,0.18,-0.22,口元がわずかに上がり、全体として穏やかで軽い快の表情に見えます。一方で目の開きや表情筋の緊張が弱く、覚醒度はやや低めと判断しました。
../database/final_database/030/001.jpg,30,001.jpg,10,0.12,-0.18,口元がわずかに上がっており軽い好意・落ち着きが感じられます。一方で目元の動きや表情の強さは小さく、覚醒度は低めに見えます。
../database/final_database/030/002.jpg,30,002.jpg,1,0.1,-0.35,目が閉じ気味で口元も力が抜けており、全体として落ち着いた（やや無表情）な印象です。強い喜怒哀楽は見られず、わずかに快寄りだが覚醒度は低めと判断しました。
../database/final_database/030/002.jpg,30,002.jpg,2,0.05,-0.35,口元がわずかに緩んでいて強い不快感は見られず、全体として中立〜ごく軽い快の印象です。目が閉じ気味で表情の動きも少なく、覚醒度は低めに見えます。
../database/final_database/030/002.jpg,30,002.jpg,3,0.1,-0.4,口元がわずかに上がっており軽い快の印象ですが、目が閉じ気味で表情の動きが少なく落ち着いた（低覚醒）状態に見えます。全体として穏やかで静かな感情と判断しました。
../database/final_database/030/002.jpg,30,002.jpg,4,0.12,-0.38,目が閉じ気味で口元も緩く、強い快・不快のサインは少ないためわずかに快寄りと判断しました。表情の動きが小さくリラックスして見えるので覚醒度は低めです。
../database/final_database/030/002.jpg,30,002.jpg,5,0.12,-0.35,目が閉じ気味で表情筋の緊張が少なく、落ち着いた（やや眠そうな）印象です。口元はわずかに上がっており、強い不快ではなく軽い快寄りと判断しました。
../database/final_database/030/002.jpg,30,002.jpg,6,0.12,-0.35,口元がわずかに上がっており、強い不快感は見られないためvalenceはやや正寄りです。一方で目が閉じ気味で表情の動きが小さく、落ち着いた（低覚醒）状態に見えるためarousalは低めにしました。
../database/final_database/030/002.jpg,30,002.jpg,7,0.12,-0.38,目を閉じ気味で口元も力が抜けており、強い快・不快は感じられません。全体に落ち着いた（低覚醒）表情に見えます。
../database/final_database/030/002.jpg,30,002.jpg,8,0.12,-0.42,目が閉じ気味で表情筋の動きが少なく、全体に落ち着いた（低覚醒）印象です。口元はわずかに緩んでおり、強い不快は感じないためvalenceは軽い快寄りにしました。
../database/final_database/030/002.jpg,30,002.jpg,9,0.08,-0.32,口元がわずかに緩んでおり強い不快感は見られない一方、目が閉じ気味で表情筋の動きも小さく落ち着いた印象です。全体として軽い快・低覚醒寄りと判断しました。
../database/final_database/030/002.jpg,30,002.jpg,10,0.08,-0.34,口角がわずかに上がり表情は穏やかで、わずかに快寄りです。目が閉じ気味で動きが少なく、全体として覚醒度は低めに見えます。
../database/final_database/030/003.jpg,30,003.jpg,1,0.12,-0.18,口元がわずかに上がっており中立〜軽い快の印象ですが、目元の動きが少なく全体として落ち着いた表情です。そのため快寄りで覚醒度は低めと判断しました。
../database/final_database/030/003.jpg,30,003.jpg,2,0.24,-0.12,口元がわずかに上がっており不快感は少なく、軽い肯定的な表情に見えます。一方で目の開きや表情筋の緊張が弱く、興奮・活性度は低めです。
../database/final_database/030/003.jpg,30,003.jpg,3,0.12,-0.18,口元がわずかに上がっており不快感は少ない一方、目の開きや表情筋の緊張が弱く全体に落ち着いた印象です。強い喜びや驚きは見られないため、快は軽度・覚醒は低めと判断しました。
../database/final_database/030/003.jpg,30,003.jpg,4,0.25,-0.15,口角がわずかに上がり表情は穏やかで、軽い快の印象があります。一方で目元や表情筋の動きが小さく、興奮度は低めに見えます。
../database/final_database/030/003.jpg,30,003.jpg,5,0.12,-0.22,口角がわずかに上がり表情は中立〜軽い肯定的ですが、目元の動きが少なく全体として落ち着いた状態に見えます。強い感情の高ぶりは感じられません。
../database/final_database/030/003.jpg,30,003.jpg,6,0.12,-0.18,口元がわずかに上がり、全体として穏やかな表情で不快感は強くありません。一方で目の開きや表情筋の緊張が低く、興奮・覚醒度は低めに見えます。
../database/final_database/030/003.jpg,30,003.jpg,7,0.12,-0.22,口角がわずかに上がり穏やかな表情で、不快感は強くありません。一方で目の開きや表情筋の緊張が弱く、覚醒度はやや低めに見えます。
../database/final_database/030/003.jpg,30,003.jpg,8,0.1,-0.35,口角がわずかに上がり表情は中立～軽い快寄りですが、目元の動きが小さく全体として落ち着いた印象です。強い驚きや緊張は見られないため覚醒度は低めと判断しました。
../database/final_database/030/003.jpg,30,003.jpg,9,0.12,-0.18,口角がわずかに上がり、表情は中立〜軽い快の印象です。一方で目の開きや筋緊張が弱く、落ち着いた低覚醒に見えます。
../database/final_database/030/003.jpg,30,003.jpg,10,0.12,-0.18,口角がわずかに上がっており大きな不快感は見られないため、valenceはやや快寄りです。一方で目の開きや表情筋の緊張が弱く、落ち着いた印象のためarousalはやや低めです。
../database/final_database/030/004.jpg,30,004.jpg,1,-0.1,0.25,目が細く口が開いており、苦痛・不快寄りの表情に見える一方で、表情の動きは大きくなく覚醒度は中程度に留まっています。
../database/final_database/030/004.jpg,30,004.jpg,2,-0.12,0.32,目が半開きで口が少し開いており、快よりもやや不快寄りの曖昧な表情に見えます。表情の緊張感は強くなく、覚醒度は中程度と判断しました。
../database/final_database/030/004.jpg,30,004.jpg,3,-0.1,0.05,目が半開きで口が少し開いており、表情はやや不快寄りだが強い感情は感じにくいです。全体として落ち着いた（低〜中程度の）覚醒水準に見えます。
../database/final_database/030/004.jpg,30,004.jpg,4,0.05,0.2,口が少し開いていて発話中のように見える一方、目元の緊張や笑顔の明確な上がりは弱く、感情価は中立寄りです。表情の動きはあるため覚醒度はやや高めと判断しました。
../database/final_database/030/004.jpg,30,004.jpg,5,-0.1,0.35,口が開いていて発話中または驚き気味に見える一方、笑顔ではなく目も半閉じで快の強い表情ではありません。軽い不快〜中立寄りで、覚醒度はやや高めと判断しました。
../database/final_database/030/004.jpg,30,004.jpg,6,-0.35,0.25,目が細く口が半開きで、快よりも不快・困惑寄りの表情に見えます。一方で強い緊張や興奮は感じにくく、覚醒度はやや低〜中程度と判断しました。
../database/final_database/030/004.jpg,30,004.jpg,7,-0.25,0.15,目が細く半開きで口が少し開いており、快よりもやや不快・困惑寄りの印象です。表情の強さは弱く、興奮度は低め〜中立に近いと判断しました。
../database/final_database/030/004.jpg,30,004.jpg,8,-0.12,0.18,目が半閉じで口が少し開いており、笑顔というより戸惑い・不快感がわずかに見られます。一方で表情の強度は低く、覚醒度は軽度にとどまります。
../database/final_database/030/004.jpg,30,004.jpg,9,-0.22,0.18,口が少し開き、目元もやや緊張して見えるため落ち着きはあるが軽い不快・困惑寄りに感じられます。強い興奮ではなく、低～中程度の覚醒度と判断しました。
../database/final_database/030/004.jpg,30,004.jpg,10,-0.28,0.12,目が閉じ気味で口が半開きのため、快よりもやや不快・困惑寄りに見えます。表情の動きは大きくなく、覚醒度は低〜中程度と判断しました。
../database/final_database/030/005.jpg,30,005.jpg,1,0.1,-0.2,口元がわずかに上がっている一方、目元や表情筋の緊張が少なく全体に落ち着いた印象です。快・不快は中立寄りで、覚醒度はやや低めと判断しました。
../database/final_database/030/005.jpg,30,005.jpg,2,0.12,-0.28,口元にわずかな微笑みがあり大きな不快感は見られないため、valenceはやや正寄りです。一方で目元や表情全体の動きが小さく落ち着いているため、arousalは低めと判断しました。
../database/final_database/030/005.jpg,30,005.jpg,3,-0.05,-0.35,口角がわずかに下がり、目も半開きで表情が弱く、快・不快のどちらにも強く偏らない中立寄りに見えます。動きや緊張感が少なく落ち着いた（低覚醒）印象です。
../database/final_database/030/005.jpg,30,005.jpg,4,0.1,-0.25,口角がわずかに上がり、表情は穏やかで軽い快の印象です。一方で目元の開きが小さく全体に動きが少ないため、覚醒度はやや低めと判断しました。
../database/final_database/030/005.jpg,30,005.jpg,5,0.05,-0.35,口元にわずかな微笑みがあり不快感は強くないためvalenceはほぼ中立〜やや快寄りです。一方で目が細く表情筋の緊張が低く見えるため、覚醒度はやや低めと判断しました。
../database/final_database/030/005.jpg,30,005.jpg,6,0.05,-0.35,口元がわずかに上がっており大きな不快感は見られない一方、目の開きや表情筋の動きが小さく落ち着いた印象です。そのため快・不快はほぼ中立、覚醒度は低めと判断しました。
../database/final_database/030/005.jpg,30,005.jpg,7,0.12,-0.28,口元がわずかに上がり全体として中立〜やや快の表情に見えますが、目元の力が弱く落ち着いた印象で覚醒度は低めです。
../database/final_database/030/005.jpg,30,005.jpg,8,0.12,-0.22,口角がわずかに上がっており大きな不快感は見られないため、valenceはやや快寄りです。一方で目元や表情筋の動きが小さく落ち着いた印象なので、arousalは低めと判断しました。
../database/final_database/030/005.jpg,30,005.jpg,9,0.12,-0.28,口元がわずかに上がっており、強い不快感は見られないためvalenceはやや正寄りです。一方で目の開きや表情筋の緊張が弱く、全体に落ち着いた印象なのでarousalは低めです。
../database/final_database/030/005.jpg,30,005.jpg,10,0.15,-0.25,口元がわずかに上がっており軽い快の印象ですが、目元は細く表情の動きが少なく落ち着いた状態に見えます。全体として穏やかで覚醒度は低めです。
../database/final_database/030/006.jpg,30,006.jpg,1,0.1,-0.2,口元がわずかに上がっており大きな不快感は見られない一方、目元や表情全体の動きが少なく落ち着いた印象です。強い緊張や興奮のサインも少ないため、覚醒度はやや低めと判断しました。
../database/final_database/030/006.jpg,30,006.jpg,2,0.12,-0.22,口元がわずかに上がっており大きな不快サインは見られないため、弱い快方向と判断しました。目や眉の動きが小さく表情変化が穏やかなので、覚醒度はやや低めに見積もりました。
../database/final_database/030/006.jpg,30,006.jpg,3,0.18,-0.12,口元がわずかに上がっており全体として中立〜やや快の印象です。一方で目元や表情の動きが小さく、興奮度は低めに見えます。
../database/final_database/030/006.jpg,30,006.jpg,4,0.12,-0.18,口角がわずかに上がり表情は中立〜軽い快の印象ですが、目元や眉の動きが小さく活発さは低めです。全体として落ち着いた穏やかな表情に見えます。
../database/final_database/030/006.jpg,30,006.jpg,5,0.12,-0.28,口角がわずかに上がり全体に落ち着いた表情で、強い不快感は見られません。一方で目元や口元の動きが小さく、覚醒度は低めに見えます。
../database/final_database/030/006.jpg,30,006.jpg,6,0.12,-0.28,口元がわずかに上がっており大きな不快感は見られないため、valenceはやや正寄りです。目や眉の動きが少なく表情のエネルギーが低いので、arousalは低めと判断しました。
../database/final_database/030/006.jpg,30,006.jpg,7,0.1,-0.2,口角がわずかに上がっており不快ではないが、笑顔は弱く中立寄りです。目元や眉の動きが小さく表情の活性度も高くないため、やや低覚醒と判断しました。
../database/final_database/030/006.jpg,30,006.jpg,8,0.1,-0.25,表情は口角がわずかに上がり、全体として穏やかで軽い好意寄りに見えます。一方で目元や顔の筋緊張が弱く、興奮度は低め（落ち着いた状態）と判断しました。
../database/final_database/030/006.jpg,30,006.jpg,9,0.22,-0.28,口元がわずかに上がり、眉や目元の緊張が少ないため軽い快の印象です。一方で表情の動きが小さく落ち着いて見えるので覚醒度は低めです。
../database/final_database/030/006.jpg,30,006.jpg,10,0.05,-0.25,口元がわずかに上がっており不快ではないが、表情全体は落ち着いていて感情の強さは弱い。目や眉の緊張も少なく、覚醒度は低めに見える。
../database/final_database/030/007.jpg,30,007.jpg,1,-0.18,-0.22,口が少し開いているものの笑顔ではなく、目元も落ち着いていて全体に中立〜やや不快寄りに見えます。表情の動きが小さく緊張感も強くないため、覚醒度は低めと判断しました。
../database/final_database/030/007.jpg,30,007.jpg,2,-0.1,-0.05,口がわずかに開き、表情はどちらかといえば無表情〜軽い不快寄りに見えます。目元や眉の動きが小さく、覚醒度は低めと判断しました。
../database/final_database/030/007.jpg,30,007.jpg,3,-0.15,0.25,口が少し開き、目元がやや落ち着いていて強い笑顔や怒りは見られませんが、わずかな不安・困惑のニュアンスがあり中立よりやや不快寄りに見えます。表情の動きは小さく全体として穏やかなので覚醒度は低〜中程度です。
../database/final_database/030/007.jpg,30,007.jpg,4,-0.05,-0.12,表情は口がわずかに開いているものの、笑顔や眉の強い緊張は見られず全体に中性的です。覚醒度も強い興奮・緊張のサインが少ないため低めに見積もりました。
../database/final_database/030/007.jpg,30,007.jpg,5,-0.1,0.2,口が少し開いて眉がやや下がっており、快よりもわずかに不快・困惑寄りに見えます。表情の強度は高くなく、覚醒度も軽度です。
../database/final_database/030/007.jpg,30,007.jpg,6,-0.2,-0.1,口が少し開いて無表情に近く、快・不快の強いサインは見られませんが、わずかに沈んだ印象があります。表情の強い緊張や興奮はなく、覚醒度は低めに見えます。
../database/final_database/030/007.jpg,30,007.jpg,7,-0.12,-0.34,口がわずかに開いていて表情がやや不安・困惑寄りに見えるため、快-不快は少し不快寄りと判断しました。目元や眉の緊張が強くなく全体として落ち着いた印象なので、覚醒度は低めにしました。
../database/final_database/030/007.jpg,30,007.jpg,8,-0.08,0.12,口がわずかに開き、目元も緊張が少なく中立寄りですが、微妙に不安・戸惑いが混じる表情に見えます。強い興奮や沈静はなく、覚醒度は低〜中程度です。
../database/final_database/030/007.jpg,30,007.jpg,9,-0.1,0.15,口が少し開いて目元がやや落ち着いており、強い笑顔や怒りは見られません。わずかな困惑・不安が感じられるため不快寄りで、覚醒度は低～中程度と判断しました。
../database/final_database/030/007.jpg,30,007.jpg,10,0.12,0.18,口がわずかに開いていて驚きや困惑が混じる中立寄りの表情に見え、強い快・不快は感じにくいです。目元の緊張は弱く、覚醒度も低〜中程度と判断しました。
../database/final_database/030/008.jpg,30,008.jpg,1,0.15,-0.1,口角がわずかに上がり気味で強い不快感は見られないため、valenceはやや快寄りと判断しました。一方で目の開きや表情筋の緊張が弱く、全体に落ち着いた印象なのでarousalは低めです。
../database/final_database/030/008.jpg,30,008.jpg,2,-0.18,-0.12,口元がわずかに下がり、目の開きも小さく全体的に沈んだ印象で快より不快寄りです。表情の動きが弱く緊張や興奮も低めに見えるため覚醒度はやや低めです。
../database/final_database/030/008.jpg,30,008.jpg,3,-0.15,0.25,口元がやや下がり気味で緊張感のある表情に見え、快よりもわずかに不快寄りです。一方で目が開いており表情筋の動きもあるため、覚醒度は軽く高めと判断しました。
../database/final_database/030/008.jpg,30,008.jpg,4,-0.12,-0.28,口元がわずかに下がり、目も細く力が抜けた表情で快のサインが弱いです。強い驚きや興奮は見られず全体に落ち着いた低覚醒に見えます。
../database/final_database/030/008.jpg,30,008.jpg,5,-0.18,-0.22,口角がやや下がり、目元も力が弱く、快よりもやや不快・落ち込み寄りに見えます。表情の強い緊張や興奮は少なく、全体として覚醒度は低めです。
../database/final_database/030/008.jpg,30,008.jpg,6,-0.12,-0.25,口角がやや下がり気味で、目も半開きで表情の快さが強くは感じられません。表情の動きも小さく落ち着いて見えるため覚醒度は低めと判断しました。
../database/final_database/030/008.jpg,30,008.jpg,7,-0.12,-0.28,口角がやや下がり、目元も力が抜けていて快より不快寄りに見えます。表情の動きが小さく、全体に落ち着いた（低覚醒）印象です。
../database/final_database/030/008.jpg,30,008.jpg,8,-0.18,-0.22,口角がやや下がり、目元も力が抜けていて快の要素が弱く、わずかに不快寄りに見えます。表情の動きが小さく全体に落ち着いているため、覚醒度は低めと判断しました。
../database/final_database/030/008.jpg,30,008.jpg,9,-0.18,-0.22,口元がやや下がり気味で、目も半開きで活力が低く見えるため、軽い不快寄りかつ低覚醒と判断しました。強い怒りや喜びなどの高い覚醒サインは見られません。
../database/final_database/030/008.jpg,30,008.jpg,10,-0.05,-0.2,口元はわずかに下がり目も半開きで、快・不快のどちらにも強く振れていない中立〜やや不快寄りに見えます。表情の動きが小さく、覚醒度も低めに見えます。
../database/final_database/030/009.jpg,30,009.jpg,1,0.32,-0.42,口角がわずかに上がっており、穏やかな微笑みに見えるため快寄りです。目が閉じ気味で表情の動きも小さく、落ち着いた低覚醒の状態に見えます。
../database/final_database/030/009.jpg,30,009.jpg,2,0.42,-0.28,目元が閉じ気味で表情筋の緊張が少なく、落ち着いた（低覚醒）状態に見えます。口角がわずかに上がっており、軽い快の感情が示唆されます。
../database/final_database/030/009.jpg,30,009.jpg,3,0.4,-0.35,口角がわずかに上がり全体にリラックスした表情で、軽い快の感情が見られます。目が閉じ気味で緊張感が少なく、覚醒度は低めと判断しました。
../database/final_database/030/009.jpg,30,009.jpg,4,0.32,-0.34,口角がわずかに上がり、表情は穏やかで軽い快の印象です。一方で目が閉じ気味で緊張感が少なく、覚醒度は低めに見えます。
../database/final_database/030/009.jpg,30,009.jpg,5,0.42,-0.18,口角がわずかに上がり、全体として穏やかな微笑みに見えるため快寄りのvalenceです。一方で目が閉じ気味で表情の動きが小さく、落ち着いた状態に見えるためarousalはやや低めです。
../database/final_database/030/009.jpg,30,009.jpg,6,0.41,-0.29,目元が閉じ気味で口角がわずかに上がっており、穏やかな満足・安心の表情に見えます。表情の動きが強くなく、落ち着いた低覚醒寄りと判断しました。
../database/final_database/030/009.jpg,30,009.jpg,7,0.42,-0.28,口角がわずかに上がり、全体にリラックスした穏やかな表情で快寄りに見えます。目が閉じ気味で緊張感が少なく、覚醒度はやや低めと判断しました。
../database/final_database/030/009.jpg,30,009.jpg,8,0.34,-0.38,口角がわずかに上がり、全体として穏やかな表情で軽い快の印象です。目は閉じ気味で表情筋の緊張が低く、覚醒度はやや低めに見えます。
../database/final_database/030/009.jpg,30,009.jpg,9,0.34,-0.21,口角がわずかに上がり、眉間の緊張も少ないため軽い快の表情に見えます。一方で目が閉じ気味で表情の動きが小さく、覚醒度はやや低めと判断しました。
../database/final_database/030/009.jpg,30,009.jpg,10,0.42,-0.18,口角がわずかに上がり、全体として穏やかで軽い微笑が見られるため快寄りです。目が閉じ気味で表情の動きも小さく、興奮度は低めと判断しました。
../database/final_database/030/010.jpg,30,010.jpg,1,0.05,-0.25,目を閉じて口が少し開いており、笑顔や強い緊張は見られないため快・不快は中立寄りです。動きの少ない穏やかな表情に見えるため覚醒度はやや低めと判断しました。
../database/final_database/030/010.jpg,30,010.jpg,2,-0.1,0.1,目を閉じて口が少し開いており、強い喜びや怒りは見られず中立〜やや不快寄りに見えます。表情の緊張は弱く、覚醒度も低〜中程度です。
../database/final_database/030/010.jpg,30,010.jpg,3,-0.1,-0.2,目を閉じて口が半開きで、笑顔や緊張が強く見られず、やや不快寄りの沈静的な表情に見えます。覚醒度も高い興奮や驚きは感じにくいです。
../database/final_database/030/010.jpg,30,010.jpg,4,-0.2,-0.1,目が閉じて口が半開きで、リラックス〜眠そうな表情に見え、快・不快はやや不快寄りに感じます。動きや緊張感が少ないため覚醒度は低めと判断しました。
../database/final_database/030/010.jpg,30,010.jpg,5,-0.1,0.25,目を閉じて口が半開きで、リラックスというよりわずかな不快感や疲労感がある表情に見えます。大きな緊張や興奮はなく、覚醒度は低〜中程度と判断しました。
../database/final_database/030/010.jpg,30,010.jpg,6,-0.1,0.2,目が閉じ気味で口が開いており、ため息や眠気のような低い快不快（やや不快寄り）の印象です。一方で口の開きがあり完全な無覚醒ではないため、覚醒度はわずかに高めと判断しました。
../database/final_database/030/010.jpg,30,010.jpg,7,0.15,-0.05,目を閉じ口が少し開いており、強い喜びや怒りではなく落ち着いた（やや眠そうな）表情に見えます。わずかに不快寄りではなく中立〜軽い快の方向で、覚醒度も低めと判断しました。
../database/final_database/030/010.jpg,30,010.jpg,8,0.1,-0.1,目は閉じ気味で口が少し開いており、強い喜びや怒りなどの高覚醒感情は見られません。表情はほぼ中性で、わずかに快寄りの落ち着いた状態に見えます。
../database/final_database/030/010.jpg,30,010.jpg,9,0.05,0.25,目を閉じ口が少し開いた表情で、強い笑顔や怒りは見られず中立に近い印象です。口の開きから軽い発声・ため息のような覚醒が少しあると判断しました。
../database/final_database/030/010.jpg,30,010.jpg,10,-0.12,-0.18,目を閉じて口が半開きで、緊張や喜びよりも疲労・倦怠感に近い表情に見えます。強い覚醒や興奮は感じられず、やや不快寄りの低覚醒と判断しました。
../database/final_database/031/001.jpg,31,001.jpg,1,-0.25,0.2,目が細く、口が半開きで緊張や不快感が少し見られる一方、強い興奮は感じにくい表情です。全体として軽い不快寄りで覚醒度はやや低めと判断しました。
../database/final_database/031/001.jpg,31,001.jpg,2,-0.35,0.25,口が半開きで眉・目元がやや緊張しており、不快寄りの表情に見えます。一方で強い興奮はなく、覚醒度は低〜中程度と判断しました。
../database/final_database/031/001.jpg,31,001.jpg,3,-0.18,-0.05,目が細く口角が下がり気味で、快より不快寄りの表情に見えます。動きや緊張感は強くなく、覚醒度は中立に近い低めと判断しました。
../database/final_database/031/001.jpg,31,001.jpg,4,-0.35,0.2,目が細く口元がやや歪んでおり、快より不快寄りの表情に見えます。一方で表情の強さは中程度で、覚醒度はやや高めに留まります。
../database/final_database/031/001.jpg,31,001.jpg,5,-0.32,0.22,眉や目がやや細まり、口が半開きで不快・不満そうな表情に見えます。一方で動きは大きくなく、覚醒度は軽度の上昇に留まる印象です。
../database/final_database/031/001.jpg,31,001.jpg,6,-0.12,0.18,口が少し開いて目が細まり、やや不快・困惑寄りの表情に見えます。一方で動きや緊張感は強くなく、覚醒度は低〜中程度と判断しました。
../database/final_database/031/001.jpg,31,001.jpg,7,-0.32,0.18,口が少し開いて緊張や不快感が見られる一方、強い怒りや喜びはなく落ち着いた表情に近いです。目の開きも弱めで、覚醒度は低〜中程度と判断しました。
../database/final_database/031/001.jpg,31,001.jpg,8,-0.35,0.25,口が半開きで眉・目元がやや緊張しており、快よりも不快寄りの表情に見えます。一方で強い興奮ではなく、軽い覚醒（注意・不快感）程度に留まっています。
../database/final_database/031/001.jpg,31,001.jpg,9,-0.3,0.1,目が細まり口が開いており、やや不快・困惑した表情に見えます。一方で動きは大きくなく、覚醒度は低〜中程度と判断しました。
../database/final_database/031/001.jpg,31,001.jpg,10,-0.35,0.3,眉や目が細まり口が半開きで、快よりも不快・困惑寄りの表情に見えます。一方で表情の強さは中程度で、強い興奮というより軽い覚醒状態と判断しました。
../database/final_database/031/002.jpg,31,002.jpg,1,-0.28,-0.18,口角がやや下がり、目元も半開きで快のサインが弱く、軽い不快・憂うつさが見られます。表情変化が小さく緊張感も強くないため、覚醒度は低めです。
../database/final_database/031/002.jpg,31,002.jpg,2,-0.38,-0.22,眉や目元がやや下がり、口角も下がって見えるため不快寄りの表情です。表情の強い緊張や驚きは少なく、覚醒度は低めと判断しました。
../database/final_database/031/002.jpg,31,002.jpg,3,-0.22,-0.18,口角がやや下がり気味で、目元も力が弱く、わずかに不快・落ち込み寄りに見えます。一方で表情の動きは大きくなく、覚醒度は低めと判断しました。
../database/final_database/031/002.jpg,31,002.jpg,4,-0.25,-0.35,口角が下がり気味で目元もやや落ち着いており、不快寄りの表情に見えます。一方で強い緊張や興奮は感じられず、覚醒度は低めです。
../database/final_database/031/002.jpg,31,002.jpg,5,-0.26,-0.18,口角がやや下がり、目も半開きで力が抜けた表情のため、軽い不快・落ち込み寄りに見えます。表情の動きが小さく緊張も弱いので覚醒度は低めと判断しました。
../database/final_database/031/002.jpg,31,002.jpg,6,-0.35,-0.2,口角が下がり気味で表情がこわばっており、快より不快寄りに見えます。目の開きが小さく動きも少ないため、覚醒度は低めと判断しました。
../database/final_database/031/002.jpg,31,002.jpg,7,-0.25,-0.35,口角がやや下がり、目が細く力が抜けた表情で、快より不快寄りに見えます。表情の動きが小さく全体に落ち着いているため、覚醒度は低めと判断しました。
../database/final_database/031/002.jpg,31,002.jpg,8,-0.25,-0.35,口角がやや下がり、目も細く緊張感が少ないため、やや不快寄りで低覚醒の表情に見えます。強い怒りや喜びはなく、落ち着いた不満・疲労に近い印象です。
../database/final_database/031/002.jpg,31,002.jpg,9,-0.25,-0.15,口角がやや下がり、目も半開きで笑顔ではないため軽い不快寄りの印象です。表情の動きが少なく緊張や興奮も強くないので覚醒度は低めと判断しました。
../database/final_database/031/002.jpg,31,002.jpg,10,-0.35,-0.15,口角がやや下がり、まぶたも重く見えて快感情より不快寄りに見えます。表情の動きが小さく、興奮度は低めで落ち着いた状態に見えます。
../database/final_database/031/003.jpg,31,003.jpg,1,-0.36,0.18,眉が下がり目が細く、口角もやや下がっていて不快・悲しみ寄りの表情に見えます。一方で表情の強い緊張や驚きは少なく、覚醒度は低～中程度です。
../database/final_database/031/003.jpg,31,003.jpg,2,-0.35,0.15,目が細く口角が下がり気味で、やや不快・困惑を示す表情に見えます。一方で表情の緊張は強くなく、覚醒度は低～中程度です。
../database/final_database/031/003.jpg,31,003.jpg,3,-0.35,0.15,眉が少し寄り、目が細く口角も下がり気味で不快・苦痛寄りの表情に見えます。一方で大きな驚きや興奮はなく、覚醒度は低〜中程度と判断しました。
../database/final_database/031/003.jpg,31,003.jpg,4,-0.35,0.25,目が細く、口元がやや下がっており不快・困惑寄りの表情に見えます。一方で表情の強度は中程度で、覚醒度はやや高い程度と判断しました。
../database/final_database/031/003.jpg,31,003.jpg,5,-0.35,0.05,口角が下がり目が細く、苦痛・不快寄りの表情に見えます。一方で大きな驚きや興奮は見られず、覚醒度は中立に近いです。
../database/final_database/031/003.jpg,31,003.jpg,6,-0.52,0.18,目が細く口角が下がり気味で、全体に不快・苦痛寄りの表情に見えます。一方で表情の動きは強くなく、覚醒度は低〜中程度と判断しました。
../database/final_database/031/003.jpg,31,003.jpg,7,-0.42,0.18,目が細く口角がやや下がっており、苦痛・不快寄りの表情に見えます。一方で表情の強さは中程度で、覚醒度はやや低〜軽度の範囲と判断しました。
../database/final_database/031/003.jpg,31,003.jpg,8,-0.45,0.15,目が細く口角が下がり気味で、不快・苦痛寄りの表情に見えます。一方で表情の強い緊張や興奮は少なく、覚醒度は低〜中程度です。
../database/final_database/031/003.jpg,31,003.jpg,9,-0.35,0.05,目が細く口元がわずかに下がっており、不快感や困惑が感じられる表情です。一方で表情筋の緊張は強くなく、覚醒度は低〜中程度に留まります。
../database/final_database/031/003.jpg,31,003.jpg,10,-0.32,0.18,眉がやや寄り、目が細く口角が下がって見えるため、不快寄りの表情です。一方で大きく見開く・強く緊張する様子は弱く、覚醒度は低〜中程度と判断しました。
../database/final_database/031/004.jpg,31,004.jpg,1,0.12,-0.28,口角がわずかに上がり表情は中立寄りの軽い快ですが、目元の動きが少なく全体として落ち着いた印象です。強い緊張や興奮は見られないため覚醒度は低めにしました。
../database/final_database/031/004.jpg,31,004.jpg,2,0.1,-0.2,口元がわずかに上がり、全体として中立～軽い快の表情に見えます。一方で目元や顔全体の緊張が弱く、覚醒度は低めに感じられます。
../database/final_database/031/004.jpg,31,004.jpg,3,0.12,-0.18,口角がわずかに上がり、表情は概ね中立〜軽い快の方向ですが、強い喜びは見られません。目元や顔全体の緊張が少なく落ち着いた印象のため、覚醒度はやや低めと判断しました。
../database/final_database/031/004.jpg,31,004.jpg,4,0.1,-0.2,口元がわずかに上がり、全体として中立〜軽い好意的な表情に見えます。一方で目元の緊張や動きが少なく、覚醒度は低めに感じられます。
../database/final_database/031/004.jpg,31,004.jpg,5,0.24,-0.18,口角がわずかに上がり全体として穏やかな表情で、強い不快感は見られません。一方で目元や表情筋の動きが小さく、興奮・緊張は低めに見えます。
../database/final_database/031/004.jpg,31,004.jpg,6,0.12,-0.18,口角がわずかに上がり中立〜軽い好意の表情に見える一方、目元や全体の表情筋の緊張が少なく落ち着いた状態に見えるためです。
../database/final_database/031/004.jpg,31,004.jpg,7,0.12,-0.18,口角がわずかに上がり全体として中立〜軽い快の表情ですが、目元の動きが少なく落ち着いた印象です。そのため快寄りのvalenceと低めのarousalと判断しました。
../database/final_database/031/004.jpg,31,004.jpg,8,0.15,-0.25,口角がわずかに上がり穏やかな表情で、強い不快感は見られません。一方で目の開きや表情筋の緊張が弱く、覚醒度は低めに見えます。
../database/final_database/031/004.jpg,31,004.jpg,9,0.1,-0.25,口角がわずかに上がり全体として中立〜軽い快の表情ですが、目元の動きが小さく活性度は低めに見えます。緊張や興奮のサインが少ないためarousalはやや非覚醒寄りです。
../database/final_database/031/004.jpg,31,004.jpg,10,0.18,-0.12,口角がわずかに上がり、全体として穏やかで軽い好意的表情に見えます。一方で目元や表情筋の動きが小さく、興奮度は低めです。
../database/final_database/031/005.jpg,31,005.jpg,1,0.12,-0.28,口元がわずかに上がっていて軽いポジティブさはあるものの、目元の動きが小さく全体に落ち着いた表情です。興奮や緊張のサインが少ないため覚醒度は低めに見えます。
../database/final_database/031/005.jpg,31,005.jpg,2,0.12,-0.22,口角がわずかに上がっており不快感は強くないため、valenceは軽く正寄りにしました。一方で目の開きや表情筋の緊張が弱く落ち着いた印象なので、arousalはやや低めにしました。
../database/final_database/031/005.jpg,31,005.jpg,3,0.12,-0.28,口角がわずかに上がっており、全体として中立〜やや快の表情に見えます。一方で目の開きや表情筋の動きが小さく、覚醒度は低めと判断しました。
../database/final_database/031/005.jpg,31,005.jpg,4,0.12,-0.28,口角がわずかに上がり、表情はやや快寄りですが、全体として落ち着いていて強い感情の高まりは見られません。目や眉の動きも小さく、覚醒度は低めと判断しました。
../database/final_database/031/005.jpg,31,005.jpg,5,0.15,-0.25,表情は口元がわずかに上がり、全体として穏やかで軽い快の印象です。一方で目や眉の動きが少なく、興奮度は低めに見えます。
../database/final_database/031/005.jpg,31,005.jpg,6,0.12,-0.18,口元がわずかに上がっており不快というより軽い快の表情ですが、目元や表情筋の緊張が少なく落ち着いた状態に見えます。強い興奮や緊張は感じられないため覚醒度はやや低めにしました。
../database/final_database/031/005.jpg,31,005.jpg,7,0.12,-0.28,口角がわずかに上がっており不快ではないが、表情変化が小さく中立に近い快です。目の開きや顔の緊張が少なく、落ち着いた低覚醒と判断しました。
../database/final_database/031/005.jpg,31,005.jpg,8,0.18,-0.22,口角がわずかに上がっており全体として穏やかな表情で、軽い快の印象です。目元や眉の動きが小さく緊張感が低いため、覚醒度はやや低めと判断しました。
../database/final_database/031/005.jpg,31,005.jpg,9,0.12,-0.18,口角がわずかに上がり全体として中立～軽い快の表情ですが、目元の動きが小さく感情の強度は低めです。落ち着いた状態に見えるため覚醒度はやや低いと判断しました。
../database/final_database/031/005.jpg,31,005.jpg,10,0.12,-0.28,口角がわずかに上がっており軽い快の印象ですが、表情筋の動きが少なく落ち着いた雰囲気です。目元の緊張も弱く、覚醒度は低めと判断しました。
../database/final_database/031/006.jpg,31,006.jpg,1,-0.18,0.22,口が半開きで眉や目元にやや緊張があり、快というより軽い不快・困惑寄りに見えます。一方で表情の強さは中程度で、覚醒度はやや高めと判断しました。
../database/final_database/031/006.jpg,31,006.jpg,2,-0.32,0.18,眉間がやや寄り、口が半開きで緊張や不快感がうかがえます。一方で表情の強度は高くなく、覚醒度は軽度にとどまります。
../database/final_database/031/006.jpg,31,006.jpg,3,-0.18,0.12,口がやや開き、眉・目元に緊張が見られて不快寄りに感じられますが、強い怒りや恐怖ほどの覚醒はなく軽度の反応に留まっています。
../database/final_database/031/006.jpg,31,006.jpg,4,-0.18,0.22,口が半開きで眉間がやや寄り、快よりも軽い不快・戸惑いの印象があります。表情の緊張は強くなく、覚醒度は低〜中程度に見えます。
../database/final_database/031/006.jpg,31,006.jpg,5,-0.12,0.18,口が少し開き眉もやや下がっており、快よりは不快寄りの困惑・不調の表情に見えます。一方で緊張感は強くなく、覚醒度はやや低～中程度です。
../database/final_database/031/006.jpg,31,006.jpg,6,-0.18,0.22,口が少し開き、眉や目元に軽い緊張が見られる一方、笑顔などの快のサインは弱く、やや不快寄りに見えます。表情の強度は中程度で、覚醒度はわずかに高めと判断しました。
../database/final_database/031/006.jpg,31,006.jpg,7,0.08,0.22,口が少し開き眉や目元がやや緊張しており、軽い困惑や不快寄りの中立に見えます。一方で表情の動きは大きくなく、覚醒度は低〜中程度です。
../database/final_database/031/006.jpg,31,006.jpg,8,-0.22,0.15,眉がやや下がり、口が開いて力が抜けた表情で、快より不快寄りに見えます。一方で強い興奮や緊張は感じにくく、覚醒度は低〜中程度です。
../database/final_database/031/006.jpg,31,006.jpg,9,-0.32,0.18,眉がやや下がり目が細く、口が半開きで不快・困惑寄りの表情に見えます。一方で表情の強度は大きくなく、覚醒度は低〜中程度と判断しました。
../database/final_database/031/006.jpg,31,006.jpg,10,-0.18,0.32,口がやや開き、眉・目元に緊張感があり、快よりもやや不快寄りに見えます。一方で表情の動きはあり、完全に落ち着いた状態ではないため軽い覚醒を示します。
../database/final_database/031/007.jpg,31,007.jpg,1,-0.35,0.25,目が閉じ、口が半開きで眉がやや寄っており、不快・苦痛寄りの表情に見えます。一方で緊張は強くなく、覚醒度は中程度と判断しました。
../database/final_database/031/007.jpg,31,007.jpg,2,-0.35,0.25,眉が中央に寄って下がり、目を閉じて口が少し開いているため、不快・苦痛寄りの表情に見えます。一方で強い興奮や緊張は大きくなく、覚醒度は中程度と判断しました。
../database/final_database/031/007.jpg,31,007.jpg,3,-0.55,0.25,眉が寄り、目を閉じて口が開き気味で、苦痛や不快感を示す表情に見えます。一方で動きは強すぎず、覚醒度は中程度と判断しました。
../database/final_database/031/007.jpg,31,007.jpg,4,-0.45,0.25,目を閉じて眉間が寄り、口もやや開いて力が入っているため不快寄りに見えます。一方で表情の強度は中程度で、興奮・覚醒はやや低め〜中程度と判断しました。
../database/final_database/031/007.jpg,31,007.jpg,5,-0.35,0.25,目が閉じ気味で眉が寄り、口が開いて苦痛・不快そうな表情に見えます。一方で表情の緊張は強すぎず、覚醒度は中程度と判断しました。
../database/final_database/031/007.jpg,31,007.jpg,6,-0.35,0.2,目を閉じ眉が寄っており、口元も下がっていて不快・苦痛寄りの表情に見えます。一方で動きは大きくなく、覚醒度は中程度に留まります。
../database/final_database/031/007.jpg,31,007.jpg,7,-0.35,0.25,目を閉じて眉が寄り、口が半開きで下向き気味なため不快・つらさが示唆されます。一方で表情の強度は中程度で、緊張や軽い覚醒が感じられます。
../database/final_database/031/007.jpg,31,007.jpg,8,-0.35,0.25,目を閉じて眉が中央に寄り、口が開いてやや苦痛や不快を示す表情に見えます。一方で動きは強くなく、覚醒度は中程度と判断しました。
../database/final_database/031/007.jpg,31,007.jpg,9,-0.35,0.15,眉が中央に寄り、目を閉じて口がわずかに開いているため、不快感やつらさが感じられます。一方で表情の強度は極端ではなく、覚醒度は低〜中程度に見えます。
../database/final_database/031/007.jpg,31,007.jpg,10,-0.55,0.15,眉が寄り、目を閉じて口が開いた表情から不快感や痛み・嫌悪などのネガティブさが強いと判断しました。一方で動きは大きくなく、興奮・活性は中程度にとどまるためarousalはやや低めです。
../database/final_database/031/008.jpg,31,008.jpg,1,0.05,-0.15,口元がわずかに開き、表情はほぼ中性で強い喜怒哀楽は見られません。視線や眉の緊張も弱く、覚醒度は低めと判断しました。
../database/final_database/031/008.jpg,31,008.jpg,2,0.05,-0.1,口元がわずかに緩んでおり不快さは強くない一方、目元や全体の表情の動きが少なく落ち着いた印象です。強い喜びや緊張は見られず、軽い中立～やや快寄りで低覚醒と判断しました。
../database/final_database/031/008.jpg,31,008.jpg,3,-0.08,0.22,口がわずかに開き、表情全体がやや不安・戸惑い気味で快は強く感じられません。一方で緊張感は軽度にあり、覚醒度は少し高めと判断しました。
../database/final_database/031/008.jpg,31,008.jpg,4,0.12,0.08,口角がわずかに上がりかけている一方、目元の緊張は少なく全体として中立に近い表情です。表情の強度が低く、覚醒度も低めと判断しました。
../database/final_database/031/008.jpg,31,008.jpg,5,0.12,-0.18,口元がわずかに上がり、全体としては中立〜軽い快の表情に見えます。一方で目元の動きが小さく表情の強度が低いため、覚醒度はやや低めと判断しました。
../database/final_database/031/008.jpg,31,008.jpg,6,0.12,-0.18,口元がわずかに開いており、否定的な緊張や強い笑顔は見られないため中立〜やや快寄りと判断しました。目元の動きが小さく全体の表情変化が少ないので、覚醒度はやや低めです。
../database/final_database/031/008.jpg,31,008.jpg,7,0.22,-0.08,口角がわずかに上がり、全体として穏やかで軽い快の表情に見えます。一方で目元の緊張や動きは小さく、覚醒度は低めと判断しました。
../database/final_database/031/008.jpg,31,008.jpg,8,-0.12,-0.18,口角がやや下がり気味で表情が硬く、快よりもわずかに不快寄りに見えます。目の開きや表情の動きが小さく、覚醒度も低めに見えます。
../database/final_database/031/008.jpg,31,008.jpg,9,-0.18,-0.12,口角がやや下がり、目元も緊張感が少なく全体に中立〜わずかに不快寄りに見えます。表情の強い動きが少ないため覚醒度は低めと判断しました。
../database/final_database/031/008.jpg,31,008.jpg,10,0.12,0.08,口元がわずかに上がり、表情全体は穏やかで軽い快の印象があります。一方で目元の動きが小さく強い興奮は見られないため、覚醒度は低めと判断しました。
../database/final_database/031/009.jpg,31,009.jpg,1,0.05,-0.35,口元の動きが小さく大きな笑顔や怒りは見られず、全体として中性的でやや落ち着いた印象です。目も半開きで緊張感が低く、覚醒度は低めと判断しました。
../database/final_database/031/009.jpg,31,009.jpg,2,0.05,-0.35,口元の動きが小さく、笑顔や不快の強いサインが見られないため快・不快は中立寄りです。目がやや伏し目で表情筋の緊張も弱く、覚醒度は低めに見えます。
../database/final_database/031/009.jpg,31,009.jpg,3,0.05,-0.35,口元がわずかに上がっているように見える一方、目元や眉の動きが小さく全体として感情表出は弱いです。落ち着いた（低覚醒）状態で、快・不快はほぼ中立に近いと判断しました。
../database/final_database/031/009.jpg,31,009.jpg,4,0.1,-0.3,口元がわずかに上がっており全体として中立〜やや快の印象ですが、目元は落ち着いていて強い感情の高まりは見られません。表情変化が小さく、覚醒度はやや低めと判断しました。
../database/final_database/031/009.jpg,31,009.jpg,5,0.12,-0.28,口元がわずかに上がっており強い不快感は見られない一方、目元や表情筋の動きが少なく落ち着いた印象です。全体として軽い快・低覚醒寄りと判断しました。
../database/final_database/031/009.jpg,31,009.jpg,6,-0.1,-0.35,口角がやや下がり気味で表情が硬く、快感情は弱めに見えます。目の開きや顔の筋緊張が小さく、全体に落ち着いた低覚醒の印象です。
../database/final_database/031/009.jpg,31,009.jpg,7,0.05,-0.35,口元はわずかに上がっているようにも見え中立〜ごく軽い快の印象ですが、目元や表情筋の動きが少なく落ち着いた（低覚醒）状態に見えます。全体として穏やかで感情の振れ幅は小さいです。
../database/final_database/031/009.jpg,31,009.jpg,8,0.12,-0.28,口元はわずかに上がっており軽い快の印象ですが、目元が細く表情の動きが少ないため全体としては落ち着いた状態に見えます。強い興奮や緊張は感じられません。
../database/final_database/031/009.jpg,31,009.jpg,9,0.05,-0.35,口元がわずかに上がっているものの全体的に表情変化が少なく、快・不快は中立に近いです。目の開きや筋緊張が弱く落ち着いた印象のため覚醒度は低めと判断しました。
../database/final_database/031/009.jpg,31,009.jpg,10,0.05,-0.25,口元がわずかに上がっているものの全体的に表情変化が少なく、中立に近い印象です。目の開きや表情筋の緊張が弱く、覚醒度は低めに見えます。
../database/final_database/031/010.jpg,31,010.jpg,1,-0.62,0.35,口角が下がり、眉間に力が入った不快・苦痛寄りの表情に見えます。一方で目がやや閉じ気味で動きも大きくないため、覚醒度は中程度と判断しました。
../database/final_database/031/010.jpg,31,010.jpg,2,-0.45,0.3,目が細く半開きで口元も緊張しており、不快・困惑に近い表情に見えるためvalenceは負寄り。強い興奮や活力は感じにくいものの、わずかな緊張があるためarousalはやや正に設定しました。
../database/final_database/031/010.jpg,31,010.jpg,3,-0.55,0.3,目が細く口角が下がり気味で、苦痛や不快を示す表情に見えます。一方で口が開き呼吸や発声の兆候があり、覚醒度はやや高めと判断しました。
../database/final_database/031/010.jpg,31,010.jpg,4,-0.52,0.18,口角が下がり目が細く、快よりも不快・苦痛寄りの表情に見えます。一方で動きは大きくなく、強い興奮よりは低〜中程度の覚醒です。
../database/final_database/031/010.jpg,31,010.jpg,5,-0.62,0.35,口角が下がり、目も細く力が抜けた表情で不快・悲しみ寄りに見えます。一方で口が開いており多少の緊張や訴えが感じられるため覚醒度はやや高めです。
../database/final_database/031/010.jpg,31,010.jpg,6,-0.62,0.34,眉間が寄り気味で目が細く、口角も下がっており不快・苦痛寄りの表情に見えます。一方で口が開いて発声・呼吸の動きがあり、覚醒度は低すぎず中程度と判断しました。
../database/final_database/031/010.jpg,31,010.jpg,7,-0.62,0.35,口角が下がり、目も細めで苦痛や不快感が示唆される表情です。一方で顔の緊張はあるため、覚醒度はやや高めと判断しました。
../database/final_database/031/010.jpg,31,010.jpg,8,-0.62,0.38,目が細く口角が下がり気味で、苦痛や不快感を示す表情に見えます。一方で口が開き顔の筋緊張もあるため、覚醒度はやや高めと判断しました。
../database/final_database/031/010.jpg,31,010.jpg,9,-0.55,0.35,目が細く閉じ気味で口元が下がり、苦痛や不快感を示す表情に見えるためvalenceは低めです。一方で口が開き顔に緊張があり、軽い覚醒（反応の強さ）が感じられるためarousalはやや高めにしました。
../database/final_database/031/010.jpg,31,010.jpg,10,-0.68,0.42,眉が寄り目が細く、口角が下がって半開きで不快・苦痛の表情に見えます。一方で表情の緊張があり、覚醒度はやや高めと判断しました。
../database/final_database/032/002.jpg,32,002.jpg,1,0.35,-0.05,口角がやや上がり表情は穏やかで、軽い快の印象があります。目元の動きは小さく落ち着いているため覚醒度は中立〜やや低めです。
../database/final_database/032/002.jpg,32,002.jpg,2,0.35,-0.05,口角がわずかに上がり、全体として穏やかな表情で軽い快の印象です。一方で目の開きや表情筋の動きが強くなく、覚醒度は中立〜やや低めに見えます。
../database/final_database/032/002.jpg,32,002.jpg,3,0.22,-0.12,口角がわずかに上がり、全体として穏やかで軽い快の表情に見えます。一方で目元の緊張や表情の強さは弱く、覚醒度は低めです。
../database/final_database/032/002.jpg,32,002.jpg,4,0.18,-0.12,口角がわずかに上がり穏やかな表情で、強い不快感は見られません。目元の動きが少なく全体に落ち着いているため覚醒度は低めです。
../database/final_database/032/002.jpg,32,002.jpg,5,0.32,0.12,口角がやや上がり、全体として穏やかな微笑みに見えるため快寄りのvalenceです。一方で目や口の開きが控えめで表情の動きが小さいため、覚醒度は低めと判断しました。
../database/final_database/032/002.jpg,32,002.jpg,6,0.35,-0.15,口角がわずかに上がっており不快感は少なく、軽い微笑みに見えるためvalenceはやや正寄りです。一方で目元の動きや表情筋の緊張が強くなく落ち着いた印象なのでarousalはやや低めです。
../database/final_database/032/002.jpg,32,002.jpg,7,0.32,0.1,口角がわずかに上がり、全体として穏やかな表情で軽い快の印象があります。一方で目元や表情筋の緊張は強くなく、覚醒度は低めに見えます。
../database/final_database/032/002.jpg,32,002.jpg,8,0.12,-0.08,口角がわずかに上がり穏やかな表情で、強い不快感は見られません。目元の緊張が少なく全体として落ち着いているため、覚醒度はやや低めと判断しました。
../database/final_database/032/002.jpg,32,002.jpg,9,0.32,0.1,口角がわずかに上がっており不快というより軽い快の表情に見えます。一方で目元や表情筋の緊張が強くなく、興奮度は低めです。
../database/final_database/032/002.jpg,32,002.jpg,10,0.32,-0.18,口角がわずかに上がり表情は穏やかで、軽い快の印象があります。一方で目の開きが小さく緊張感が低いため、覚醒度はやや低めと判断しました。
../database/final_database/032/003.jpg,32,003.jpg,1,0.28,-0.18,口角がわずかに上がり、全体として穏やかで軽いポジティブさが見られます。一方で目の開きや表情の強さが控えめで、覚醒度は低めと判断しました。
../database/final_database/032/003.jpg,32,003.jpg,2,0.12,0.05,口角がわずかに上がり、眉や目元の緊張も強くないため、やや快寄りの中立的な表情に見えます。驚きや強い怒り・喜びのような強い覚醒サインが少ないため、覚醒度は低めです。
../database/final_database/032/003.jpg,32,003.jpg,3,0.12,-0.18,口元がわずかに上がっており軽い快の印象ですが、目元の緊張や表情の動きが小さく全体として落ち着いた状態に見えます。強い興奮や緊張は感じにくいため覚醒度はやや低めと判断しました。
../database/final_database/032/003.jpg,32,003.jpg,4,0.18,-0.12,口角がわずかに上がり、全体として穏やかな表情でやや快寄りに見えます。一方で目元の動きが少なく、興奮や緊張は低めで落ち着いた状態に見えます。
../database/final_database/032/003.jpg,32,003.jpg,5,0.12,0.08,口角がわずかに上がり、全体として中立〜軽い快の表情に見えます。目の開きや表情筋の緊張は強くなく、覚醒度は低めです。
../database/final_database/032/003.jpg,32,003.jpg,6,0.15,-0.05,口元がわずかに上がっており全体として中立〜やや快の印象ですが、目元の動きが少なく強い感情は感じられません。表情の変化が小さいため覚醒度も低めに見えます。
../database/final_database/032/003.jpg,32,003.jpg,7,0.12,-0.08,口角がわずかに上がっており軽い快の表情に見える一方、目元の開きや表情の強さは控えめで落ち着いた状態に見えるためです。
../database/final_database/032/003.jpg,32,003.jpg,8,0.12,-0.18,口元がわずかに上がっており軽い快の印象ですが、目元の動きが少なく表情全体は落ち着いて見えます。強い興奮や緊張は感じられないためarousalはやや低めにしました。
../database/final_database/032/003.jpg,32,003.jpg,9,0.12,0.08,口元がわずかに上がり穏やかな表情で、強い不快感は見られません。一方で目の開きや表情筋の緊張が弱く、覚醒度は低めに見えます。
../database/final_database/032/003.jpg,32,003.jpg,10,0.22,-0.18,口角がわずかに上がり表情は穏やかで、軽い快の印象があります。一方で目元の動きが小さく全体に落ち着いているため、覚醒度はやや低めと判断しました。
../database/final_database/032/004.jpg,32,004.jpg,1,0.12,-0.18,口元がわずかに上がっており軽い快の表情に見える一方、目や眉の動きが小さく全体として落ち着いていて覚醒度は低めに見えます。
../database/final_database/032/004.jpg,32,004.jpg,2,0.12,-0.18,口角がわずかに上がり軽い微笑みが見られるため快方向ですが、表情全体は落ち着いており覚醒度は低めに見えます。
../database/final_database/032/004.jpg,32,004.jpg,3,0.18,-0.22,口角がわずかに上がり穏やかな表情で、強い不快感は見られません。一方で目元や表情筋の動きは小さく、興奮度は低めに見えます。
../database/final_database/032/004.jpg,32,004.jpg,4,0.18,-0.12,口角がわずかに上がり、眉や目元の緊張が少ないため軽い快の印象です。一方で表情の動きが小さく、興奮や活発さはあまり感じられないため覚醒度は低めです。
../database/final_database/032/004.jpg,32,004.jpg,5,0.35,-0.1,口角がわずかに上がり、全体として穏やかな微笑みが見られるため快寄りです。一方で目の見開きや表情筋の緊張が強くなく、落ち着いた状態に見えるため覚醒度は低めです。
../database/final_database/032/004.jpg,32,004.jpg,6,0.22,-0.12,口元がわずかに上がり穏やかな表情で、全体として軽い快の印象です。一方で目元や表情の動きが小さく、興奮度は低めに見えます。
../database/final_database/032/004.jpg,32,004.jpg,7,0.18,-0.12,口角がわずかに上がっており軽いポジティブさが見られますが、目元や表情筋の動きが小さく全体として落ち着いた印象です。興奮や緊張のサインは強くないため覚醒度は低めにしました。
../database/final_database/032/004.jpg,32,004.jpg,8,0.18,-0.22,口角がわずかに上がっており表情は穏やかで、軽い快の印象です。一方で目や眉の動きが小さく、全体として落ち着いた低覚醒に見えます。
../database/final_database/032/004.jpg,32,004.jpg,9,0.28,-0.12,口角がわずかに上がり、全体として穏やかで軽い肯定的感情が見られます。一方で目の開きや表情筋の緊張が強くなく、覚醒度は低めに見えます。
../database/final_database/032/004.jpg,32,004.jpg,10,0.18,-0.12,口角がわずかに上がっており、穏やかな（やや快）表情に見えます。一方で目や眉の緊張が少なく、全体として落ち着いた低覚醒寄りです。
../database/final_database/032/006.jpg,32,006.jpg,1,0.42,0.18,口角がやや上がり、表情全体に軽いポジティブさが見られるためvalenceはやや高めです。一方で目の見開きや眉の緊張が強くなく、興奮度は低めに見えるためarousalは中立寄りにしました。
../database/final_database/032/006.jpg,32,006.jpg,2,0.25,0.1,口角がわずかに上がり、表情は軽い笑みで中程度に快の印象です。一方で目や眉の動きが大きくなく、興奮度は低めに見えます。
../database/final_database/032/006.jpg,32,006.jpg,3,0.12,0.1,口角がやや上がり、表情は全体に穏やかでわずかに肯定的に見えます。一方で目や眉の動きが小さく、強い興奮や緊張は感じにくいため覚醒度は低めです。
../database/final_database/032/006.jpg,32,006.jpg,4,0.25,0.1,口角がやや上がり口が少し開いており、全体として軽い快の表情に見えます。一方で目元の強い緊張や驚きは少なく、覚醒度は低めです。
../database/final_database/032/006.jpg,32,006.jpg,5,0.35,0.15,口角がやや上がり、全体として穏やかな表情で軽いポジティブさが見られます。一方で目元の緊張や動きは強くなく、覚醒度は低めです。
../database/final_database/032/006.jpg,32,006.jpg,6,0.33,0.22,口角がやや上がり、全体的に穏やかな表情で軽い快感情が見られます。目元の緊張は強くなく、興奮度も低〜中程度に留まっています。
../database/final_database/032/006.jpg,32,006.jpg,7,0.32,0.18,口角がやや上がり、表情全体は穏やかで軽いポジティブさが見られます。一方で目元や口の開きは強い興奮を示すほどではなく、覚醒度は低めです。
../database/final_database/032/006.jpg,32,006.jpg,8,0.22,-0.08,口角がやや上がり、表情は軽い肯定的（穏やかな微笑）に見えます。一方で目の開きや顔の筋緊張は強くなく、覚醒度は低めと判断しました。
../database/final_database/032/006.jpg,32,006.jpg,9,0.18,0.24,口角がやや上がり、表情は全体に穏やかで軽い好意・安心感が見られます。一方で目元の強い緊張や興奮は少なく、覚醒度は低〜中程度です。
../database/final_database/032/006.jpg,32,006.jpg,10,0.18,0.1,口元がわずかに開き、目元も強い緊張が見られないため、軽い快寄りの表情に見えます。一方で大きな笑顔や驚きの要素は少なく、覚醒度は低めです。
../database/final_database/032/007.jpg,32,007.jpg,1,0.62,0.18,目元が細く口角が上がっており、全体として微笑みに近い表情で快寄りです。一方で動きは大きくなく落ち着いた印象のため覚醒度は低めです。
../database/final_database/032/007.jpg,32,007.jpg,2,0.35,0.15,口角がやや上がり、全体として穏やかな微笑みに見えるため快寄りのvalenceです。一方で目の開きや表情筋の緊張が強くなく、落ち着いた状態に見えるためarousalは低めです。
../database/final_database/032/007.jpg,32,007.jpg,3,0.26,0.18,目が細く口角がやや上がっており、軽い微笑みで快の傾向が見られます。一方で表情の動きは強くなく、興奮度は低めに見えます。
../database/final_database/032/007.jpg,32,007.jpg,4,0.42,0.18,口角がやや上がり、全体として軽い微笑みに見えるため快寄りのvalenceです。一方で目の開きや表情筋の緊張が強くなく、落ち着いた状態に見えるためarousalは低めです。
../database/final_database/032/007.jpg,32,007.jpg,5,0.42,0.18,口角がやや上がり、目元も力が抜けた表情で軽い快の印象です。一方で驚きや緊張は少なく、覚醒度は低めに見えます。
../database/final_database/032/007.jpg,32,007.jpg,6,0.32,0.18,口角がやや上がり、表情は軽い微笑みに見えるため快寄りです。一方で目が細く全体に力みが少ないため覚醒度は低めと判断しました。
../database/final_database/032/007.jpg,32,007.jpg,7,0.3,0.05,口角がやや上がり、表情全体に軽い快の要素が見られるためvalenceはややプラスです。一方で目の開きが小さく力みも弱いので覚醒度は低めと判断しました。
../database/final_database/032/007.jpg,32,007.jpg,8,0.35,0.15,口角がやや上がり、表情全体に軽い快の印象があります。一方で目が細く力みが少ないため、覚醒度は低めに見えます。
../database/final_database/032/007.jpg,32,007.jpg,9,0.44,0.24,口角がやや上がり、全体として軽い微笑みの表情で快寄りに見えます。一方で目が細く力みも強くないため、覚醒度は中程度よりやや低めと判断しました。
../database/final_database/032/007.jpg,32,007.jpg,10,0.34,0.18,口角がやや上がり、表情は全体的に穏やかで軽い快の印象です。一方で目の開きや表情筋の緊張が強くなく、覚醒度は低めに見えます。
../database/final_database/032/008.jpg,32,008.jpg,1,0.18,-0.22,口角がわずかに上がっており不快ではないが、笑顔は弱めで穏やかな表情です。目元や口元の緊張が少なく、全体として落ち着いた低覚醒に見えます。
../database/final_database/032/008.jpg,32,008.jpg,2,0.42,-0.18,口角がわずかに上がり、全体として穏やかな微笑みが見られるため快寄りです。一方で目元や表情筋の緊張が少なく、落ち着いた状態に見えるため覚醒度は低めです。
../database/final_database/032/008.jpg,32,008.jpg,3,0.2,-0.3,口角がわずかに上がっており全体として中立～やや快の表情に見えます。一方で目元や表情筋の動きが小さく、興奮度は低め（落ち着いた状態）と判断しました。
../database/final_database/032/008.jpg,32,008.jpg,4,0.18,-0.22,口角がわずかに上がり、全体として中立～軽い快の表情に見えます。一方で目元や表情の動きが小さく、興奮や緊張は低めで落ち着いた印象です。
../database/final_database/032/008.jpg,32,008.jpg,5,0.18,-0.22,口角がわずかに上がっており軽い肯定的感情が見られますが、目元や表情全体の動きが少なく落ち着いた状態に見えるため覚醒度は低めです。
../database/final_database/032/008.jpg,32,008.jpg,6,0.26,-0.22,口角がわずかに上がっており全体として穏やかな表情で、軽い快の印象です。目元や表情筋の緊張が強くなく落ち着いて見えるため、覚醒度はやや低めと判断しました。
../database/final_database/032/008.jpg,32,008.jpg,7,0.35,-0.25,口角がわずかに上がっており穏やかな微笑に見えるため、valenceはやや快寄りです。一方で目元や表情筋の緊張が少なく落ち着いた印象なので、arousalはやや低めです。
../database/final_database/032/008.jpg,32,008.jpg,8,0.25,-0.15,口角がわずかに上がっており全体として穏やかな好意的表情に見えます。一方で目の開きや表情筋の緊張が強くなく、覚醒度は低めと判断しました。
../database/final_database/032/008.jpg,32,008.jpg,9,0.12,-0.18,口元がわずかに上がった穏やかな表情で、不快感は強くありません。一方で目や顔全体の緊張が少なく、興奮度は低めに見えます。
../database/final_database/032/008.jpg,32,008.jpg,10,0.2,-0.25,口角がわずかに上がっており軽い微笑みに見えるため快寄りです。一方で目元や表情筋の動きが小さく、落ち着いた状態で覚醒度は低めと判断しました。
../database/final_database/032/009.jpg,32,009.jpg,1,0.18,-0.25,目が閉じ気味で口角がわずかに上がっており、穏やかな快の表情に見えます。一方で表情の動きが小さく、興奮や緊張は低めに感じられます。
../database/final_database/032/009.jpg,32,009.jpg,2,0.35,-0.25,目を細めて口角がやや上がっており、穏やかな快の表情に見えます。一方で表情の動きが大きくなく落ち着いているため覚醒度は低めと判断しました。
../database/final_database/032/009.jpg,32,009.jpg,3,0.35,-0.2,目が閉じ気味で口元がわずかに上がっており、穏やかな快の表情に見えます。表情の動きは強くなく落ち着いているため、覚醒度はやや低めと判断しました。
../database/final_database/032/009.jpg,32,009.jpg,4,0.35,-0.25,目が閉じ気味で口角がわずかに上がっており、穏やかな快の表情に見えます。表情筋の動きが小さく落ち着いているため覚醒度は低めです。
../database/final_database/032/009.jpg,32,009.jpg,5,0.45,-0.15,口角がやや上がり、目も力が抜けており、穏やかな快の表情に見えます。動きや緊張感は強くなく、覚醒度は低めです。
../database/final_database/032/009.jpg,32,009.jpg,6,0.35,-0.25,目が閉じ気味で口角がわずかに上がっており、穏やかな満足感（やや快）を示しています。一方で表情の動きは小さく、興奮は低めで落ち着いた状態に見えます。
../database/final_database/032/009.jpg,32,009.jpg,7,0.32,-0.18,目を閉じて口角がわずかに上がっており、穏やかでやや快の表情に見えます。一方で表情筋の動きが小さく、興奮度は低め（落ち着いた状態）と判断しました。
../database/final_database/032/009.jpg,32,009.jpg,8,0.33,-0.18,口角がやや上がっており、表情は穏やかでわずかに快寄りに見えます。一方で目が閉じ気味で動きが少なく、覚醒度は低めと判断しました。
../database/final_database/032/009.jpg,32,009.jpg,9,0.35,-0.15,目を閉じて口角がわずかに上がっており、全体として穏やかでやや快の表情に見えます。一方で動きや緊張感が少なく、覚醒度は低めと判断しました。
../database/final_database/032/009.jpg,32,009.jpg,10,0.34,-0.26,口角がわずかに上がり、全体として穏やかでやや快の表情に見えます。目が閉じ気味で緊張感が少なく、覚醒度は低めに推定します。
../database/final_database/032/010.jpg,32,010.jpg,1,0.12,-0.28,口元がわずかに上がり全体として中立〜やや快の印象ですが、目が細く表情の動きが少ないため覚醒度は低めに見えます。
../database/final_database/032/010.jpg,32,010.jpg,2,0.1,-0.25,口角がわずかに上がっており不快感は強くないため、valenceは軽い快寄りと判断しました。一方で目が細く表情の動きが小さいため、arousalはやや低めとしました。
../database/final_database/032/010.jpg,32,010.jpg,3,0.18,-0.12,口元がわずかに上がり穏やかな表情で、全体として軽い快の印象があります。一方で目が細く動きが少ないため覚醒度はやや低めに見えます。
../database/final_database/032/010.jpg,32,010.jpg,4,0.12,-0.28,口元がわずかに緩んでおり強い不快は見られないため、valenceはやや快寄りと判断しました。一方で目が細く表情の動きが小さいため、覚醒度は低めです。
../database/final_database/032/010.jpg,32,010.jpg,5,0.12,-0.18,口角がわずかに上がり穏やかな表情で、全体として軽い快の印象です。一方で目が細く力みが少ないため覚醒度は低めに見えます。
../database/final_database/032/010.jpg,32,010.jpg,6,0.12,-0.18,口角がわずかに上がり全体として中立〜軽い快の表情ですが、目が細く表情筋の動きが少なく落ち着いた状態に見えます。興奮や緊張のサインが弱いため覚醒度はやや低めと判断しました。
../database/final_database/032/010.jpg,32,010.jpg,7,0.12,-0.18,口角がわずかに上がり表情はやや肯定的ですが、目が半閉じで全体に力が抜けており落ち着いた（低覚醒）印象です。
../database/final_database/032/010.jpg,32,010.jpg,8,0.12,-0.18,口元がわずかに上がっており大きな不快感は見られないため、快寄りの弱いポジティブと判断しました。目が伏せ気味で表情の動きが小さく、落ち着いた低覚醒と推定しました。
../database/final_database/032/010.jpg,32,010.jpg,9,0.32,-0.18,口角がわずかに上がり、表情全体は穏やかで軽い快が見られます。一方で目が細く力みが少ないため、覚醒度は低めと判断しました。
../database/final_database/032/010.jpg,32,010.jpg,10,0.15,-0.25,口元がわずかに上がり不快感は弱く、全体として穏やかな表情に見えます。目が細くリラックスしており、覚醒度は低めと判断しました。
../database/final_database/033/001.jpg,33,001.jpg,1,0.18,-0.12,口角がわずかに上がり全体として穏やかな表情で、軽い快の方向に見えます。一方で目の開きや表情筋の緊張が弱く、覚醒度はやや低めに感じられます。
../database/final_database/033/001.jpg,33,001.jpg,2,0.32,0.08,口元がわずかに上がり、全体に穏やかで軽い微笑みに見えるため快寄りです。一方で目や眉の動きが小さく、興奮や緊張は低めに見えるため覚醒度は低めです。
../database/final_database/033/001.jpg,33,001.jpg,3,0.22,-0.18,口角がわずかに上がり、表情全体は穏やかで軽い快の印象があります。一方で目の開きや表情筋の緊張は強くなく、覚醒度は低めに見えます。
../database/final_database/033/001.jpg,33,001.jpg,4,0.22,-0.12,口角がやや上がり、目元も緩んでいるため軽い快の表情に見えます。一方で表情の動きは小さく、落ち着いた状態なので覚醒度は低めです。
../database/final_database/033/001.jpg,33,001.jpg,5,0.32,-0.12,口角がやや上がり、表情全体に軽い好意・安心感が見られるため快寄りです。一方で目の開きや表情筋の緊張が強くなく、落ち着いた状態なので覚醒度は低めです。
../database/final_database/033/001.jpg,33,001.jpg,6,0.45,0.05,口角がやや上がり、全体として穏やかで軽いポジティブさが見られます。一方で目元や表情筋の緊張は強くなく、興奮度は低めです。
../database/final_database/033/001.jpg,33,001.jpg,7,0.32,-0.18,口角がわずかに上がり、表情全体に穏やかな微笑みが見られるため快寄りです。一方で目の開きや表情筋の緊張は強くなく、落ち着いた状態に見えるため覚醒度はやや低めと判断しました。
../database/final_database/033/001.jpg,33,001.jpg,8,0.35,-0.05,口角がわずかに上がり、全体に穏やかな微笑みで快寄りの印象です。一方で目の開きや表情筋の緊張が強くなく、覚醒度は低めに見えます。
../database/final_database/033/001.jpg,33,001.jpg,9,0.22,-0.18,口角がわずかに上がり、表情全体は穏やかで軽い肯定感が見られます。一方で目の開きや表情筋の緊張は強くなく、覚醒度は低めに見えます。
../database/final_database/033/001.jpg,33,001.jpg,10,0.28,-0.12,口角がわずかに上がり、表情全体に軽いポジティブさが見られるためvalenceはやや快寄りです。一方で目の開きや顔の筋緊張が強くなく、興奮度は低めに見えるためarousalはわずかに非覚醒寄りです。
../database/final_database/033/002.jpg,33,002.jpg,1,0.32,-0.18,口角がわずかに上がっており、全体として穏やかで軽い好意的表情に見えます。目元や表情筋の緊張は強くなく、落ち着いた低覚醒寄りと判断しました。
../database/final_database/033/002.jpg,33,002.jpg,2,0.32,-0.18,口角がわずかに上がっており全体として穏やかな微笑みに見えるため、快方向のvalenceを付けました。一方で目の開きや表情筋の緊張が強くなく落ち着いた印象なので、arousalはやや低めにしました。
../database/final_database/033/002.jpg,33,002.jpg,3,0.32,-0.12,口角がわずかに上がっており全体として穏やかな表情で、軽い快の感情が示唆されます。目元や筋緊張が強くなく興奮度は低めに見えるため、arousalはやや非覚醒寄りと判断しました。
../database/final_database/033/002.jpg,33,002.jpg,4,0.34,-0.22,口角がわずかに上がり、目元も緊張が少ないため軽い快の表情に見えます。一方で表情の動きは小さく、興奮や緊張は強くないため覚醒度はやや低めと判断しました。
../database/final_database/033/002.jpg,33,002.jpg,5,0.32,-0.18,口角がわずかに上がっており全体として穏やかな肯定的表情に見えます。一方で目元や眉の動きが小さく、強い興奮や緊張は感じにくいため覚醒度は低めです。
../database/final_database/033/002.jpg,33,002.jpg,6,0.22,-0.18,口元がわずかに上がっており全体として穏やかな微笑みに見えるため、快方向のvalenceとしました。目元や表情筋の緊張が強くなく落ち着いた印象なので、arousalはやや低めにしました。
../database/final_database/033/002.jpg,33,002.jpg,7,0.34,-0.22,口角がわずかに上がっており軽い微笑みが見られるため快寄りのvalenceです。一方で表情筋の緊張や目の開きが強くなく、全体的に落ち着いた印象なのでarousalはやや低めです。
../database/final_database/033/002.jpg,33,002.jpg,8,0.18,-0.22,口元がわずかに上がった穏やかな表情で、強い不快感は見られません。目元や顔全体の緊張が少なく落ち着いた印象のため、覚醒度は低めと判断しました。
../database/final_database/033/002.jpg,33,002.jpg,9,0.42,-0.18,口角がわずかに上がっており穏やかな微笑みに見えるため、快寄りのvalenceです。一方で目や表情筋の緊張が強くなく落ち着いた印象なので、arousalはやや低めです。
../database/final_database/033/002.jpg,33,002.jpg,10,0.35,-0.25,口角がわずかに上がっており、穏やかな微笑みが見られるため快寄りです。一方で目や顔全体の緊張が少なく、活性は低めに見えます。
../database/final_database/033/003.jpg,33,003.jpg,1,0.68,0.22,目を閉じて口角が上がり、穏やかな微笑みに見えるため快（高めのvalence）と判断しました。一方で表情の緊張感や驚きは少なく、落ち着いた状態なのでarousalはやや低めです。
../database/final_database/033/003.jpg,33,003.jpg,2,0.35,-0.25,目を閉じて口元がわずかに上がっており、穏やかな快の表情に見えます。表情筋の緊張が少なく落ち着いているため、覚醒度は低めと判断しました。
../database/final_database/033/003.jpg,33,003.jpg,3,0.35,-0.2,目を閉じて口角がやや上がり、苦痛よりも穏やかな快の表情に見えます。一方で表情の緊張は強くなく、覚醒度はやや低めと判断しました。
../database/final_database/033/003.jpg,33,003.jpg,4,0.12,0.38,口角がわずかに上がり、表情全体はやや快寄りに見えます。一方で目を閉じて力が抜けた印象がありつつ、口が開いているため覚醒度は中程度と判断しました。
../database/final_database/033/003.jpg,33,003.jpg,5,0.15,-0.35,目が閉じて口が少し開いた表情で、快・不快どちらとも言い切れない中立寄りに見えます。動きや緊張感は少なく、落ち着いた（低覚醒）状態に感じられます。
../database/final_database/033/003.jpg,33,003.jpg,6,0.35,-0.15,口角がやや上がり、表情全体は穏やかで不快感は弱い一方、目を閉じて力みも少なく落ち着いた状態に見えるためです。
../database/final_database/033/003.jpg,33,003.jpg,7,0.35,-0.25,目を閉じて口元がゆるみ、苦痛よりも安堵・満足に近い穏やかな表情に見えます。動きは少なく落ち着いた状態のため覚醒度は低めと判断しました。
../database/final_database/033/003.jpg,33,003.jpg,8,0.68,0.12,目が閉じて口角がやや上がっており、全体として穏やかで満足そうな表情に見えます。強い緊張や興奮は感じにくく、覚醒度は低めです。
../database/final_database/033/003.jpg,33,003.jpg,9,0.55,-0.15,目を閉じて口角がやや上がっており、穏やかな快の表情に見えます。動きや緊張感は強くなく、覚醒度はやや低めと判断しました。
../database/final_database/033/003.jpg,33,003.jpg,10,0.65,0.35,目を閉じて口角が上がり、穏やかな笑顔に見えるため快寄り（高めのvalence）と判断しました。表情は落ち着いており激しい興奮は感じないため、覚醒度は中程度にしました。
../database/final_database/033/004.jpg,33,004.jpg,1,0.45,-0.3,口角がやや上がっており全体として穏やかな微笑に見えるため、快（正のvalence）寄りです。目が閉じ気味で表情の動きが小さく落ち着いているため、覚醒度はやや低めと判断しました。
../database/final_database/033/004.jpg,33,004.jpg,2,0.41,-0.28,口角がわずかに上がり、全体として穏やかな微笑に見えるため快寄りのvalenceです。一方で目が閉じ気味で表情筋の緊張が弱く、興奮度は低めに見えるためarousalはやや低めです。
../database/final_database/033/004.jpg,33,004.jpg,3,0.46,-0.22,口角がわずかに上がり、全体として穏やかな微笑に見えるため快寄りのvalenceです。一方で目が閉じ気味で表情の緊張が少なく、覚醒度はやや低めと判断しました。
../database/final_database/033/004.jpg,33,004.jpg,4,0.55,-0.35,口角がやや上がりリラックスした微笑みに見えるため快（正のvalence）寄りです。一方で目が閉じ気味で表情筋の緊張が低く、落ち着いた状態に見えるためarousalは低めです。
../database/final_database/033/004.jpg,33,004.jpg,5,0.46,-0.24,口角がやや上がり、全体に穏やかな微笑みで快寄りの印象です。一方で目が閉じ気味で表情筋の緊張が少なく、覚醒度は低めに見えます。
../database/final_database/033/004.jpg,33,004.jpg,6,0.48,-0.18,目元が細く口角がやや上がっており、穏やかな微笑みで快の方向に見えます。一方で表情の動きが控えめで緊張感が少ないため、覚醒度はやや低めと判断しました。
../database/final_database/033/004.jpg,33,004.jpg,7,0.62,-0.18,口角が上がり、全体として穏やかな微笑みで快の方向が強いです。一方で目が閉じ気味で表情の動きは小さく、覚醒度はやや低めに見えます。
../database/final_database/033/004.jpg,33,004.jpg,8,0.38,-0.12,目元が細まり口角がわずかに上がっており、軽い快の表情に見えます。一方で動きは小さく落ち着いた表情のため覚醒度は低めと判断しました。
../database/final_database/033/004.jpg,33,004.jpg,9,0.42,-0.18,口角がわずかに上がり、全体として穏やかで軽い微笑に見えるため快寄りのvalenceです。目が閉じ気味で表情の動きも小さく、落ち着いた状態に見えるためarousalはやや低めです。
../database/final_database/033/004.jpg,33,004.jpg,10,0.35,-0.25,目を細めて口角がわずかに上がっており、穏やかな微笑みで快方向に寄っています。一方で表情の動きは小さく、落ち着いた状態に見えるため覚醒度は低めです。
../database/final_database/033/005.jpg,33,005.jpg,1,0.35,0.2,口角がやや上がり、表情全体に軽い笑みが見られるため快寄りです。一方で目の開きや表情筋の緊張は強くなく、覚醒度は中程度に低いと判断しました。
../database/final_database/033/005.jpg,33,005.jpg,2,0.32,0.12,口角がやや上がり口が開いていて、全体として軽いポジティブさが見られます。一方で目元の緊張は強くなく、興奮度は低めに見えます。
../database/final_database/033/005.jpg,33,005.jpg,3,0.22,0.18,口角がやや上がり軽い笑みが見られるため快寄りです。一方で目の開きや表情筋の緊張は強くなく、覚醒度は低めと判断しました。
../database/final_database/033/005.jpg,33,005.jpg,4,0.42,0.25,口角がやや上がり、全体として軽い微笑みで快方向の感情が見られます。一方で目元の開きが小さく表情の強さは控えめなため、覚醒度は中低程度です。
../database/final_database/033/005.jpg,33,005.jpg,5,0.42,0.18,口角がやや上がり、表情全体に軽い笑みが見られるため快寄りです。一方で目の開きや筋緊張が強くなく、興奮度は低めに見えます。
../database/final_database/033/005.jpg,33,005.jpg,6,0.35,0.25,口角がやや上がり、表情全体に軽い笑みが見られるため快寄りです。一方で目の開きが小さく動きも強くないため、覚醒度は低〜中程度と判断しました。
../database/final_database/033/005.jpg,33,005.jpg,7,0.42,0.18,口角がわずかに上がり、全体として穏やかな微笑みに見えるため快寄りです。目の開きや表情筋の緊張は強くなく、落ち着いた状態なので覚醒度は低めです。
../database/final_database/033/005.jpg,33,005.jpg,8,0.42,0.18,口角がやや上がり、表情全体は軽い微笑みで快寄りに見えます。一方で目の開きが小さく動きも控えめなので覚醒度は低めです。
../database/final_database/033/005.jpg,33,005.jpg,9,0.18,0.32,口角がやや上がり、笑み寄りの表情で全体として軽い快の印象です。一方で目が細く強い興奮は感じにくいため、覚醒度は中程度にとどまります。
../database/final_database/033/005.jpg,33,005.jpg,10,0.38,0.22,口角がやや上がり、表情全体に軽い微笑みが見られるため快寄りと判断しました。一方で目元の開きや表情の強さは控えめで、覚醒度は低〜中程度です。
../database/final_database/033/006.jpg,33,006.jpg,1,0.1,-0.25,口角がわずかに上がり穏やかな表情で、強い不快感は見られません。一方で目元や表情筋の緊張が弱く、興奮度は低めに感じられます。
../database/final_database/033/006.jpg,33,006.jpg,2,0.18,-0.12,口角がわずかに上がり穏やかな表情で、強い不快や緊張は見られません。一方で目の開きや顔の筋緊張が弱く、覚醒度は低めに見えます。
../database/final_database/033/006.jpg,33,006.jpg,3,0.12,-0.08,口元にわずかな上がりがあり中立〜軽い快の印象ですが、目元や顔全体の緊張は強くなく落ち着いた表情です。強い喜びや驚きなどの高覚醒サインは見られません。
../database/final_database/033/006.jpg,33,006.jpg,4,0.2,-0.3,口元がわずかに上がっており軽い好意・穏やかさが感じられる一方、目の開きや表情筋の緊張は強くなく全体に落ち着いた印象です。
../database/final_database/033/006.jpg,33,006.jpg,5,0.12,-0.08,口元がわずかに上がっており軽い肯定的感情が見られますが、目元の動きが少なく全体として落ち着いた低覚醒の表情です。
../database/final_database/033/006.jpg,33,006.jpg,6,0.12,-0.18,口元がわずかに上がっており軽い快の印象ですが、目元や全体の表情の動きが小さく落ち着いた状態に見えます。強い緊張や興奮は感じられません。
../database/final_database/033/006.jpg,33,006.jpg,7,-0.05,-0.1,口元はわずかに上がっているものの、目元の動きが少なく全体として感情表出が弱い印象です。落ち着いた（低覚醒）状態で、快・不快はほぼ中立に近いと判断しました。
../database/final_database/033/006.jpg,33,006.jpg,8,0.1,-0.15,口角がわずかに上がり全体として中立〜軽い好意的表情に見えます。一方で目の開きや表情筋の緊張が弱く、覚醒度はやや低めと判断しました。
../database/final_database/033/006.jpg,33,006.jpg,9,0.12,-0.18,口元がわずかに上がっており、全体として中立〜軽い快の印象です。一方で目や眉の動きが小さく、表情の強さは低めで落ち着いた状態に見えます。
../database/final_database/033/006.jpg,33,006.jpg,10,0.05,-0.25,口元がわずかに上がっていますが全体として表情の動きが少なく、中立〜わずかに快の印象です。目元や口周りの緊張が弱く、覚醒度は低めに見えます。
../database/final_database/033/009.jpg,33,009.jpg,1,-0.35,0.55,眉が寄り目が細く、口が開いて不快・苦痛を訴えるような表情に見えます。一方で口の開きや顔の緊張から覚醒度はやや高めです。
../database/final_database/033/009.jpg,33,009.jpg,2,0.24,0.62,口が開いて眉がやや上がり、目も細めで緊張や驚きが混ざった表情に見えます。強い不快ではないものの落ち着きはなく、覚醒度は高めと判断しました。
../database/final_database/033/009.jpg,33,009.jpg,3,-0.1,0.55,目が閉じ気味で口が開き、眉や口元に苦痛・不快さを示す緊張が見られます。一方で表情の動きが大きく、感情の強度（覚醒度）はやや高めです。
../database/final_database/033/009.jpg,33,009.jpg,4,-0.52,0.38,眉が内側に寄り目が細く、口が開いて下がり気味で苦痛・不快の表情に見えます。一方で口が大きく開き表情筋の緊張があるため覚醒度はやや高めです。
../database/final_database/033/009.jpg,33,009.jpg,5,0.12,0.46,目が閉じ気味で口が開き、苦しさや泣きそうな表情に見えるため快は強くなく、やや不快寄りです。一方で表情の緊張と口の動きから覚醒度は中程度に感じられます。
../database/final_database/033/009.jpg,33,009.jpg,6,-0.35,0.55,眉がやや寄り、目が細く口が開いており、不快・苦痛寄りの表情に見えます。一方で表情の動きが大きく緊張感があるため覚醒度はやや高めと判断しました。
../database/final_database/033/009.jpg,33,009.jpg,7,-0.48,0.62,眉が寄り目が細く、口が開いて苦痛や不快感を示す表情に見えます。一方で表情筋の緊張が強く、覚醒度（興奮・ストレス反応）は高めです。
../database/final_database/033/009.jpg,33,009.jpg,8,-0.25,0.35,目が閉じ気味で口が開き、苦しそう・泣きそうな表情に見えるため快ではなくやや不快寄りです。一方で表情の動きがあり、情動の強さは中程度で覚醒寄りと判断しました。
../database/final_database/033/009.jpg,33,009.jpg,9,-0.55,0.35,眉が寄り目が細く、口が開いて泣き出しそうな表情で不快感・苦痛が強いと判断しました。一方で顔の緊張はあるものの激しい興奮というほどではないため、中程度の覚醒にしました。
../database/final_database/033/009.jpg,33,009.jpg,10,-0.35,0.55,目が閉じ気味で口が開き、眉や口元に不快そうな緊張が見られるためvalenceはやや低めです。一方で表情の強さ（口の開き・顔全体の緊張）からarousalは中程度に高いと判断しました。
../database/final_database/033/010.jpg,33,010.jpg,1,0.34,-0.12,口角がわずかに上がり穏やかな微笑に見えるため快寄りです。一方で目の開きや表情筋の緊張が強くなく、全体として落ち着いた低覚醒寄りに見えます。
../database/final_database/033/010.jpg,33,010.jpg,2,0.42,-0.08,口角がやや上がり、全体として穏やかな微笑に見えるため快（正のvalence）寄りです。一方で目元や表情筋の緊張が強くなく、落ち着いた状態に見えるためarousalは低めです。
../database/final_database/033/010.jpg,33,010.jpg,3,0.22,-0.18,口角がわずかに上がり、表情全体に軽い快の要素が見られます。一方で目元の動きや緊張感が弱く、覚醒度は低めに見えます。
../database/final_database/033/010.jpg,33,010.jpg,4,0.25,-0.15,口角がわずかに上がっており、全体として穏やかな微笑みに見えるため快寄りです。一方で目の開きが小さく表情の動きも控えめで、覚醒度は低めと判断しました。
../database/final_database/033/010.jpg,33,010.jpg,5,0.32,-0.18,口角がわずかに上がり不快感は少ない一方、目元の動きが少なく落ち着いた表情で興奮度は低めに見えます。
../database/final_database/033/010.jpg,33,010.jpg,6,0.22,-0.18,口角がわずかに上がり表情は穏やかで、軽い快の感情が見られます。一方で目元や筋緊張が強くなく、覚醒度は低めに見えます。
../database/final_database/033/010.jpg,33,010.jpg,7,0.38,-0.12,口角がわずかに上がり穏やかな微笑に見えるため快寄り（正のvalence）です。一方で目元や表情筋の緊張が強くなく、落ち着いた状態に見えるためarousalはやや低めです。
../database/final_database/033/010.jpg,33,010.jpg,8,0.32,-0.18,口角がやや上がり、全体として穏やかな微笑みに見えるため快寄りのvalenceです。一方で目の開きや表情筋の緊張が強くなく、落ち着いた印象なのでarousalはやや低めです。
../database/final_database/033/010.jpg,33,010.jpg,9,0.32,-0.08,口角がわずかに上がっており不快感は少なく、軽いポジティブさが見られます。一方で目の開きや表情筋の緊張が強くなく、興奮度は低めです。
../database/final_database/033/010.jpg,33,010.jpg,10,0.28,0.06,口角がわずかに上がり、全体として穏やかな微笑に見えるため快方向のvalenceです。一方で目の開きや表情筋の緊張は強くなく、落ち着いた状態に見えるためarousalは低めです。
../database/final_database/034/001.jpg,34,001.jpg,1,-0.28,0.12,口角がやや下がり、視線も横に逸れていて不快・不安寄りの表情に見えます。一方で表情筋の緊張は強くなく、覚醒度は低〜中程度です。
../database/final_database/034/001.jpg,34,001.jpg,2,-0.18,0.12,口角がやや下がり眉も少し寄っており、不快寄りの弱い否定的感情が見られます。一方で表情の強さは大きくなく、覚醒度は低〜中程度です。
../database/final_database/034/001.jpg,34,001.jpg,3,-0.35,0.25,口元が引きつり気味で笑顔というより不快・警戒のニュアンスがあり、視線も逸れていて落ち着きません。表情の強度は高くないため覚醒度は中程度に留まります。
../database/final_database/034/001.jpg,34,001.jpg,4,-0.32,0.18,口角が下がり気味で視線も逸れており、不快・不安寄りの印象です。一方で表情の強い緊張や興奮は少なく、覚醒度はやや低めに見えます。
../database/final_database/034/001.jpg,34,001.jpg,5,-0.12,0.18,口元がわずかに緊張しており、視線も横に逸れていて安心感より不快・警戒寄りに見えます。一方で表情の変化は小さく、強い興奮や沈静ではないため覚醒度は軽度にとどまります。
../database/final_database/034/001.jpg,34,001.jpg,6,-0.25,0.15,口角がやや下がり、視線も横に逸れていて不快・不安寄りの表情に見えます。一方で表情の強い緊張や興奮は少なく、覚醒度は低めと判断しました。
../database/final_database/034/001.jpg,34,001.jpg,7,-0.24,0.12,口元がやや引きつり、眉もわずかに寄っており快より不快寄りに見えます。一方で表情の強い緊張や大きな動きは少なく、覚醒度は低〜中程度です。
../database/final_database/034/001.jpg,34,001.jpg,8,-0.22,0.18,口角がやや下がり、視線も不安定で緊張や不快感がうかがえます。一方で表情の強い興奮は少なく、覚醒度はやや低〜中程度です。
../database/final_database/034/001.jpg,34,001.jpg,9,-0.22,0.18,口元がやや引きつり、視線も落ち着かず不快・戸惑い寄りの表情に見えます。一方で表情の強度は高くなく、軽い緊張程度の覚醒度と判断しました。
../database/final_database/034/001.jpg,34,001.jpg,10,-0.28,0.22,口角がやや下がり、目線も落ち着いていて不快寄りの表情に見えます。一方で眉や口元に軽い緊張があり、覚醒度はわずかに高めです。
../database/final_database/034/002.jpg,34,002.jpg,1,0.12,-0.08,口角がわずかに上がっており全体として軽い快表情ですが、眉間に少し緊張があり強いポジティブさは感じません。目の開きや表情筋の動きが控えめで、覚醒度はやや低めに見えます。
../database/final_database/034/002.jpg,34,002.jpg,2,0.06,0.12,口元がわずかに上がっており軽い快の要素がある一方、眉が少し寄っていて中立寄りに見えます。表情の強さは弱く、覚醒度も低めから中程度と判断しました。
../database/final_database/034/002.jpg,34,002.jpg,3,0.12,-0.08,口角がわずかに上がっている一方、眉が少し寄っており、快・不快が混ざった弱い表情に見えます。目の開きや表情筋の緊張は強くなく、覚醒度はやや低めと判断しました。
../database/final_database/034/002.jpg,34,002.jpg,4,0.1,0.05,口元がわずかに上がっており軽い好意・穏やかさが感じられる一方、目元や眉は大きく動いておらず感情強度は低めです。全体として落ち着いた中立寄りの表情です。
../database/final_database/034/002.jpg,34,002.jpg,5,-0.12,0.18,口元はわずかに上がっていますが、眉間に軽い緊張があり、快・不快はやや不快寄りに見えます。表情の動きは小さく落ち着いているため、覚醒度は低めながら少しだけ緊張が感じられます。
../database/final_database/034/002.jpg,34,002.jpg,6,-0.12,0.18,口元はわずかに上がっていますが、眉間に軽い緊張があり快表情が弱めです。全体として落ち着いており、強い興奮や沈静は見られないため覚醒度は低～中程度と判断しました。
../database/final_database/034/002.jpg,34,002.jpg,7,0.12,-0.08,口元はわずかに上がっていますが、眉間に軽いしわがあり全体として中立〜やや戸惑い気味の表情です。強い興奮や緊張は見られず落ち着いた状態に見えます。
../database/final_database/034/002.jpg,34,002.jpg,8,-0.1,0.15,口元はわずかに上がっていますが、眉間に軽い緊張があり快の度合いは低めです。表情の動きは小さく、落ち着きつつも少し注意が向いた程度の覚醒と判断しました。
../database/final_database/034/002.jpg,34,002.jpg,9,-0.1,0.15,口元はわずかに上がっていますが、眉間に軽いしわがあり不安・困惑が混じった表情に見えます。強い興奮はなく、覚醒度は低め〜中程度です。
../database/final_database/034/002.jpg,34,002.jpg,10,0.12,0.05,口角がわずかに上がっている一方、眉間に軽いしわがあり快・不快が混ざった中立寄りの表情です。目の開きや表情筋の緊張が強くないため覚醒度は低めと判断しました。
../database/final_database/034/003.jpg,34,003.jpg,1,0.12,-0.18,口角がわずかに上がっており軽い快の表情ですが、目元の動きが小さく全体として感情強度は低めです。落ち着いた状態に見えるため覚醒度はやや低めと判断しました。
../database/final_database/034/003.jpg,34,003.jpg,2,0.05,-0.15,口元はわずかに上がり気味で大きな不快表情は見られない一方、目元は半開きで緊張感が低く落ち着いた印象です。そのため快・覚醒ともに中立付近でやや低覚醒と判断しました。
../database/final_database/034/003.jpg,34,003.jpg,3,0.12,-0.18,口元がわずかに上がっており軽い快の印象ですが、目元はやや細く全体として落ち着いた表情に見えます。驚きや強い緊張は感じにくく、覚醒度は低めと判断します。
../database/final_database/034/003.jpg,34,003.jpg,4,0.12,-0.18,口元がわずかに上がり大きな緊張は見られないため、軽い快の方向と判断しました。一方で目や眉の動きが小さく全体に落ち着いた表情なので、覚醒度はやや低めです。
../database/final_database/034/003.jpg,34,003.jpg,5,0.05,-0.15,口角がわずかに上がり中立〜軽い快の印象ですが、目元の緊張が少なく全体として落ち着いた表情です。強い感情や興奮は見られないため覚醒度は低めにしました。
../database/final_database/034/003.jpg,34,003.jpg,6,0.12,-0.18,口角がわずかに上がり不快感は強くない一方、目元が半開きで表情の動きが小さく落ち着いた印象です。強い興奮や緊張は見られません。
../database/final_database/034/003.jpg,34,003.jpg,7,0.1,-0.2,口元がわずかに上がっており不快感は弱い一方、目元や眉の緊張が少なく全体として落ち着いた表情に見えるため。強い興奮や驚きの兆候も乏しい。
../database/final_database/034/003.jpg,34,003.jpg,8,-0.12,0.18,口元がわずかに下がり、目も細めで快の表情が強くないためvalenceはやや不快寄りにしました。一方で表情の緊張や注視があり、完全に沈静ではないためarousalは軽く覚醒寄りです。
../database/final_database/034/003.jpg,34,003.jpg,9,0.05,-0.25,口元がわずかに上がっていますが、目元の緊張が少なく全体として中立に近い表情です。覚醒度は高くなく、落ち着いた（やや低めの）状態に見えます。
../database/final_database/034/003.jpg,34,003.jpg,10,0.1,-0.2,口角がわずかに上がっており軽い快の印象ですが、目元や全体の表情の動きが少なく落ち着いて見えます。そのため快は弱く、覚醒度も低めと判断しました。
../database/final_database/034/004.jpg,34,004.jpg,1,0.12,-0.28,口角がわずかに上がり表情は概ね中立～軽い快ですが、目元や眉の緊張が少なく全体に落ち着いて見えるため覚醒度は低めです。
../database/final_database/034/004.jpg,34,004.jpg,2,0.05,-0.25,口角がわずかに上がり中立〜軽い快の表情に見える一方、目元や眉の緊張が少なく全体に落ち着いた印象です。強い興奮や驚きは感じられないため覚醒度は低めにしました。
../database/final_database/034/004.jpg,34,004.jpg,3,0.12,-0.18,口元がわずかに上がっており全体として中立〜軽い快の印象ですが、目元の緊張が少なく表情変化も小さいため覚醒度は低めです。
../database/final_database/034/004.jpg,34,004.jpg,4,0.12,-0.28,口角がわずかに上がり表情は中立〜軽い快の方向ですが、目元の緊張が少なく全体に落ち着いた印象です。強い驚きや怒りなどの高覚醒サインは見られません。
../database/final_database/034/004.jpg,34,004.jpg,5,0.12,-0.18,口角がわずかに上がり全体として中立〜軽い快の表情に見えます。一方で目元や顔全体の緊張は強くなく、落ち着いた低覚醒寄りと判断しました。
../database/final_database/034/004.jpg,34,004.jpg,6,0.18,-0.22,口角がわずかに上がり穏やかな表情で、強い不快や喜びは見られないためvalenceはやや快寄りです。目元や眉の動きが小さく全体に落ち着いているためarousalは低めです。
../database/final_database/034/004.jpg,34,004.jpg,7,0.12,-0.08,口元がわずかに上がり表情は中立〜軽い快の印象ですが、目元の動きが少なく全体として落ち着いて見えるため覚醒度は低めです。
../database/final_database/034/004.jpg,34,004.jpg,8,0.1,-0.25,口角がわずかに上がり、全体として中立〜軽い快の表情に見えます。一方で目元や表情筋の緊張が弱く、覚醒度はやや低めです。
../database/final_database/034/004.jpg,34,004.jpg,9,0.12,-0.08,口角がわずかに上がり、全体として中立〜軽い快の表情に見えます。一方で目元や顔の緊張が少なく、覚醒度は低めと判断しました。
../database/final_database/034/004.jpg,34,004.jpg,10,0.18,-0.12,口角がわずかに上がり、表情全体は穏やかで軽い好意が感じられます。一方で目元や眉の動きが小さく、興奮度は低めに見えます。
../database/final_database/034/005.jpg,34,005.jpg,1,-0.25,0.35,眉が寄り、口元も引き気味で不快・困惑寄りの表情に見えるためvalenceはやや低めです。一方で表情筋の緊張があり、落ち着きよりも反応性が感じられるのでarousalはやや高めにしました。
../database/final_database/034/005.jpg,34,005.jpg,2,-0.28,0.34,眉が寄り、目が細く口元も緊張していて不快・困惑寄りの表情です。一方で表情筋の緊張があり、落ち着いた無表情よりは覚醒度がやや高めに見えます。
../database/final_database/034/005.jpg,34,005.jpg,3,-0.18,0.42,眉がひそまり目が細く、口元も緊張していて不快・困惑寄りに見えます。一方で表情筋の緊張があり、落ち着いた無表情よりは覚醒度がやや高い印象です。
../database/final_database/034/005.jpg,34,005.jpg,4,-0.18,0.22,眉が寄り気味で口元も緊張しており、やや不快・困惑のニュアンスが見られます。一方で表情の強度は中程度で、覚醒度はやや高めに留まります。
../database/final_database/034/005.jpg,34,005.jpg,5,-0.35,0.3,眉が寄って目が細く、口元も引きつった不快・困惑寄りの表情に見えます。一方で表情の緊張はあるため覚醒度はやや高めと判断しました。
../database/final_database/034/005.jpg,34,005.jpg,6,-0.25,0.35,眉が寄り、口元がやや緊張していて不快・困惑寄りの表情に見えるためvalenceは低めです。一方で目が開き気味で表情筋の緊張もあり、覚醒度はやや高めと判断しました。
../database/final_database/034/005.jpg,34,005.jpg,7,-0.32,0.41,眉が寄り、目元も緊張しており不快・困惑寄りの表情に見えます。一方で口が開いて力が入っているため、覚醒度はやや高めです。
../database/final_database/034/005.jpg,34,005.jpg,8,-0.18,0.32,眉間にしわが寄り、口元もやや緊張していて不快・困惑寄りの表情に見えます。一方で目が開いていて表情筋の動きがあり、覚醒度はやや高めです。
../database/final_database/034/005.jpg,34,005.jpg,9,-0.25,0.35,眉が寄り、目が細く口元も緊張していて不快・困惑寄りの表情に見えるためvalenceはやや低め。表情の緊張はあるが激しい興奮ではないのでarousalは中程度にした。
../database/final_database/034/005.jpg,34,005.jpg,10,-0.35,0.3,眉が寄り、目が細く口元も緊張しており、不快・困惑寄りの表情に見えます。一方で驚きや興奮は強くなく、覚醒度は中程度です。
../database/final_database/034/006.jpg,34,006.jpg,1,0.2,-0.1,口角がわずかに上がっており不快ではなく軽い快の印象です。一方で目元や表情の動きが小さく、興奮・緊張は低めに見えるため覚醒度はやや低めと判断しました。
../database/final_database/034/006.jpg,34,006.jpg,2,0.18,-0.12,口角がわずかに上がり穏やかな表情で、強い不快感は見られません。一方で目元や表情筋の緊張が弱く、興奮・覚醒度は低めに見えます。
../database/final_database/034/006.jpg,34,006.jpg,3,0.12,-0.18,口角がわずかに上がっており否定的感情は強く見えないため、valenceは軽くポジティブ寄りです。一方で目元や表情筋の緊張が少なく、全体として落ち着いた印象なのでarousalはやや低めです。
../database/final_database/034/006.jpg,34,006.jpg,4,0.12,-0.18,口角がわずかに上がっており軽い快の印象ですが、目元や表情筋の動きが小さく全体に落ち着いて見えます。そのためポジティブ寄りで覚醒度はやや低めと判断しました。
../database/final_database/034/006.jpg,34,006.jpg,5,0.18,-0.08,口角がわずかに上がっており不快感は少ないため、valenceはやや正寄りです。一方で目元や表情筋の緊張が強くなく落ち着いた印象のため、arousalは低めに見積もりました。
../database/final_database/034/006.jpg,34,006.jpg,6,0.12,-0.18,口元はわずかに上がっており軽い肯定的感情が見られますが、目元の緊張や表情全体の動きは小さく落ち着いた状態に見えます。
../database/final_database/034/006.jpg,34,006.jpg,7,0.25,-0.15,口元がわずかに上がっており、全体として穏やかで軽いポジティブさが見られます。一方で目元の動きが小さく、興奮や緊張は低めに感じられます。
../database/final_database/034/006.jpg,34,006.jpg,8,0.1,-0.2,口元はわずかに上がっており軽い快の印象ですが、目元の動きが少なく全体として感情表出は弱めです。緊張や興奮はあまり感じられず、落ち着いた（低覚醒）状態に見えます。
../database/final_database/034/006.jpg,34,006.jpg,9,0.12,-0.18,口角がわずかに上がり中立～軽い快の表情に見える一方、目元や表情筋の緊張は弱く落ち着いた印象です。全体としてポジティブ寄りだが覚醒度は低めと判断しました。
../database/final_database/034/006.jpg,34,006.jpg,10,0.15,-0.35,口角がわずかに上がり大きな否定感は見られないため、valenceはやや正寄りです。目元や表情筋の緊張が低く全体に落ち着いた印象なので、arousalは低めです。
../database/final_database/034/007.jpg,34,007.jpg,1,-0.18,0.12,口角がやや下がり、眉間に軽い緊張が見られるためやや不快寄りに判断しました。一方で表情の強い動きは少なく、覚醒度は低〜中程度と推定します。
../database/final_database/034/007.jpg,34,007.jpg,2,-0.25,0.15,口角がわずかに下がり、眉間にも軽い緊張が見られるためやや不快寄りと判断しました。一方で表情の強さは弱く、覚醒度は低〜中程度です。
../database/final_database/034/007.jpg,34,007.jpg,3,-0.1,0.05,口角がほぼ水平で笑顔が弱く、眉間に軽い緊張が見えるため快・不快はやや不快寄りです。目の開きや表情の強さは控えめで、覚醒度は低〜中程度と判断しました。
../database/final_database/034/007.jpg,34,007.jpg,4,-0.22,0.12,口角がやや下がり、眉間に軽い緊張が見られるため少し不快寄りの表情に見えます。一方で目の見開きや動きは強くなく、覚醒度は低め〜中程度です。
../database/final_database/034/007.jpg,34,007.jpg,5,-0.25,0.05,口角がやや下がり、眉間に軽い緊張が見られるため不快寄りの表情です。一方で目の見開きや動きは強くなく、覚醒度は中立に近いと判断しました。
../database/final_database/034/007.jpg,34,007.jpg,6,-0.15,0.1,口元がやや引き締まり、眉間に軽い緊張が見られるため快よりやや不快寄りです。一方で表情の強い動きは少なく、覚醒度は低～中程度に留まります。
../database/final_database/034/007.jpg,34,007.jpg,7,-0.12,0.08,口元がやや下がり、眉間に少し力が入って見えるため快よりわずかに不快寄りです。一方で表情の強い緊張や驚きは少なく、覚醒度は中立に近いと判断しました。
../database/final_database/034/007.jpg,34,007.jpg,8,-0.18,0.12,口角がわずかに下がり、眉間が少し寄っていて不快寄りの表情に見えます。一方で目の開きや表情筋の緊張は強くなく、覚醒度は低〜中程度です。
../database/final_database/034/007.jpg,34,007.jpg,9,-0.12,0.18,口角がわずかに下がり、眉間に軽い緊張が見られるため快ではなくやや不快寄りです。一方で表情の強さは中程度で、覚醒度は低すぎず軽く高めと判断しました。
../database/final_database/034/007.jpg,34,007.jpg,10,-0.12,0.18,口角があまり上がらず、目元もやや緊張しており軽い不快・戸惑い寄りに見えます。一方で表情の強い動きは少なく、覚醒度は低〜中程度です。
../database/final_database/034/008.jpg,34,008.jpg,1,-0.45,0.35,眉間にしわが寄り目が細く、口が開いて緊張や不快感が示唆されます。一方で表情筋の動きがあり受動的ではないため、覚醒度はやや高めと判断しました。
../database/final_database/034/008.jpg,34,008.jpg,2,-0.32,0.28,眉が寄り、目が細く口元も緊張しており、不快寄りの表情に見えます。一方で強い興奮というよりは中程度の緊張・警戒の覚醒水準です。
../database/final_database/034/008.jpg,34,008.jpg,3,-0.35,0.25,眉間にしわが寄り、目も細く口角が下がり気味で不快・困惑寄りの表情に見えます。一方で強い驚きや激しい怒りほどの緊張はなく、覚醒度は中程度と判断しました。
../database/final_database/034/008.jpg,34,008.jpg,4,-0.25,0.35,眉間にしわが寄り、目が細く口元も緊張していて不快・困惑寄りの表情に見えます。一方で表情筋の緊張があり、覚醒度はやや高めと判断しました。
../database/final_database/034/008.jpg,34,008.jpg,5,-0.35,0.45,眉間にしわが寄り、口元も緊張していて不快・困惑寄りの表情に見えます。一方で目や口が動いており、表情の強さから覚醒度は中程度に高いと判断しました。
../database/final_database/034/008.jpg,34,008.jpg,6,-0.45,0.35,眉が寄って目が細まり、口元も緊張しており不快・困惑寄りの表情に見えます。一方で表情筋の緊張があり、覚醒度はやや高めと判断しました。
../database/final_database/034/008.jpg,34,008.jpg,7,-0.35,0.25,眉間にしわが寄り、目が細まり口元も緊張していて不快・困惑寄りの表情に見えます。一方で大きな驚きや興奮はなく、覚醒度は中程度です。
../database/final_database/034/008.jpg,34,008.jpg,8,-0.35,0.3,眉間にしわが寄り、目が細く口元も緊張していて不快・困惑寄りの表情に見えるためvalenceはやや低めです。一方で表情の緊張感はあるものの強い興奮や活発さは感じにくいのでarousalは中程度にしました。
../database/final_database/034/008.jpg,34,008.jpg,9,-0.32,0.41,眉間にしわが寄り、口元もやや緊張していて不快寄りの表情に見えます。一方で目が開いて口も動きがあり、覚醒度は中程度に感じられます。
../database/final_database/034/008.jpg,34,008.jpg,10,-0.35,0.4,眉間にしわが寄り、目が細く口元もやや緊張していて不快・困惑寄りの表情に見えます。一方で表情筋の緊張があり反応は比較的はっきりしているため覚醒度は中程度です。
../database/final_database/034/009.jpg,34,009.jpg,1,-0.45,0.35,眉間にしわが寄り、目が細く口も歪んでおり不快・困惑の表情に見えます。一方で強い興奮というよりは中程度の緊張や不快感なので覚醒度はやや高めに留まります。
../database/final_database/034/009.jpg,34,009.jpg,2,-0.38,0.41,眉間にしわが寄り目が細く、口角も下がって不快・困惑の表情に見えます。一方で表情筋の緊張があり、静的ではなくやや覚醒度は高めです。
../database/final_database/034/009.jpg,34,009.jpg,3,-0.45,0.35,眉が寄り目が細く、口元も歪んでおり不快・困惑の表情に見えます。一方で表情の緊張はあるため覚醒度はやや高めと判断しました。
../database/final_database/034/009.jpg,34,009.jpg,4,-0.55,0.35,眉間にしわが寄り、口元も緊張していて不快・困惑の表情に見えるためvalenceは低めです。目の開きや表情筋の緊張はあるものの激しい興奮ではないためarousalは中程度にしました。
../database/final_database/034/009.jpg,34,009.jpg,5,-0.35,0.45,眉間にしわが寄り、目を細め口がゆがんでいるため、不快・困惑寄りの表情に見えます。一方で顔の緊張があり反応性は中程度に高いので覚醒はやや高めです。
../database/final_database/034/009.jpg,34,009.jpg,6,-0.35,0.25,眉が寄り、目を細めて口が歪んでおり、不快・困惑の表情に見えます。一方で動きは大きくなく、覚醒度は中程度と判断しました。
../database/final_database/034/009.jpg,34,009.jpg,7,-0.35,0.25,眉間にしわが寄り、目が細く口角も下がり気味で不快・困惑寄りの表情に見えます。一方で緊張はあるものの激しい興奮ではなく中程度の覚醒と判断しました。
../database/final_database/034/009.jpg,34,009.jpg,8,-0.32,0.44,眉間にしわが寄り、目を細めて口元も緊張しており不快寄りに見えます。一方で表情の緊張感があり覚醒度はやや高めです。
../database/final_database/034/009.jpg,34,009.jpg,9,-0.32,0.29,眉間にしわが寄り、目が細く口角も下がっていて不快・困惑寄りの表情に見えます。一方で表情筋の緊張があり、覚醒度はやや高めです。
../database/final_database/034/009.jpg,34,009.jpg,10,-0.35,0.3,眉が寄り、目が細く口元も歪んでおり不快・困惑の表情に見えます。一方で強い興奮や活発さは低〜中程度で、覚醒度はやや高い程度と判断しました。
../database/final_database/034/010.jpg,34,010.jpg,1,0.22,-0.18,口元がわずかに上がっており不快感は強くない一方、目元や表情筋の動きは小さく落ち着いた印象です。そのため、軽い快と低めの覚醒と判断しました。
../database/final_database/034/010.jpg,34,010.jpg,2,0.12,0.05,口元がわずかに上がりかけているものの、目元の緊張や不確かさがあり、全体としては中立〜やや快寄りに見えます。表情の強さは弱く、覚醒度は低めです。
../database/final_database/034/010.jpg,34,010.jpg,3,0.12,0.06,口元がわずかに上がり、全体として中立〜軽い快の表情に見えます。目や眉の緊張が強くなく、興奮度も低めで落ち着いた状態に見えます。
../database/final_database/034/010.jpg,34,010.jpg,4,0.12,-0.08,口元がわずかに上がっており軽い快の印象ですが、目元や表情筋の動きが小さく感情の強度は低めに見えます。全体として落ち着いた（低覚醒）状態に近いです。
../database/final_database/034/010.jpg,34,010.jpg,5,0.12,0.18,口元がわずかに上がっており軽い好意・安心感が見られる一方、目元はやや緊張・戸惑いが混ざっていて強い快感情ではありません。表情の動きは小さく、全体として覚醒度も低〜中程度です。
../database/final_database/034/010.jpg,34,010.jpg,6,0.12,0.08,口角がわずかに上がり不快さは強くない一方、目元や表情筋の緊張が少なく全体として落ち着いた印象です。驚きや強い興奮は見られないため覚醒度は低めにしました。
../database/final_database/034/010.jpg,34,010.jpg,7,0.15,0.05,口角がわずかに上がっており大きな不快表情ではない一方、目元がやや緊張していて快の強さは弱めに見えます。表情の動きが小さく全体として落ち着いているため覚醒度は低めです。
../database/final_database/034/010.jpg,34,010.jpg,8,0.22,0.08,口元がわずかに上がっており軽い好意・安心寄りに見える一方、目元は力が弱く表情全体のエネルギーは低めです。驚きや強い緊張は見られず、落ち着いた状態と判断しました。
../database/final_database/034/010.jpg,34,010.jpg,9,0.18,0.12,口元がわずかに上がっており大きな不快感は見られないため、やや快寄りです。一方で目や表情筋の緊張は強くなく、興奮度は低めに見えます。
../database/final_database/034/010.jpg,34,010.jpg,10,-0.12,0.08,口元がやや引きつり、眉と目元にわずかな緊張が見られ、快よりもやや不快寄りに見えます。一方で表情の強さは弱く、覚醒度は低〜中程度です。
../database/final_database/035/001.jpg,35,001.jpg,1,-0.25,0.1,眉間にしわが寄り、口元がやや緊張していて不快寄りの表情に見えます。一方で目の開きは強すぎず、興奮度は低〜中程度と判断しました。
../database/final_database/035/001.jpg,35,001.jpg,2,-0.18,0.22,眉が寄り気味で口角がやや下がっており、快よりも軽い不快・戸惑いの表情に見えます。表情の緊張は強くなく、覚醒度は低〜中程度です。
../database/final_database/035/001.jpg,35,001.jpg,3,-0.27,0.31,眉がやや寄って目も細まり、口元も緊張して見えるため不快寄りの表情です。一方で表情筋の緊張があり、落ち着ききった状態ではないため覚醒はやや高めと判断しました。
../database/final_database/035/001.jpg,35,001.jpg,4,-0.25,0.15,眉が寄り気味で口角もやや下がっており、不快寄りの表情に見えます。一方で目の開きや表情筋の緊張は強すぎず、覚醒度は低～中程度です。
../database/final_database/035/001.jpg,35,001.jpg,5,-0.2,0.1,口角がわずかに下がり、眉間に軽い緊張が見られるため快よりやや不快寄りに判断しました。表情の強さは強くなく、覚醒度は低〜中程度です。
../database/final_database/035/001.jpg,35,001.jpg,6,-0.12,0.18,眉がやや寄って目が細く、口元も緊張していて不快寄りに見えます。一方で表情の強さは中程度で、大きな驚きや興奮は感じないため覚醒度はやや低めです。
../database/final_database/035/001.jpg,35,001.jpg,7,-0.22,0.12,眉間にしわが寄り、口元がややこわばっていて不快寄りの表情に見えます。一方で激しい驚きや興奮はなく、覚醒度は低〜中程度です。
../database/final_database/035/001.jpg,35,001.jpg,8,-0.24,0.18,眉がやや寄って目が細く、口元も緊張して見えるため快より不快寄りです。一方で表情の強い驚きや興奮はなく、覚醒度はやや低～中程度と判断しました。
../database/final_database/035/001.jpg,35,001.jpg,9,-0.22,0.28,眉がやや寄り、口元も緊張していて不快・困惑寄りの表情に見えます。一方で目は開いており表情筋の緊張もあるため、覚醒度はやや高めと判断しました。
../database/final_database/035/001.jpg,35,001.jpg,10,-0.25,0.2,眉がやや寄り、目元と口元に緊張が見られるため不快寄りに判断しました。一方で表情の強度は強すぎず、覚醒度は軽度の高まりに留まっています。
../database/final_database/035/002.jpg,35,002.jpg,1,-0.25,0.35,眉をひそめて目を細め、口元も緊張しているため不快寄りの表情に見えます。一方で表情の筋緊張があり、驚き・困惑のような覚醒度はやや高めです。
../database/final_database/035/002.jpg,35,002.jpg,2,0.12,0.38,口元がやや上がりウィンクのような表情で、軽いポジティブさが感じられます。一方で眉間の寄りや緊張も見えるため覚醒度は中程度と判断しました。
../database/final_database/035/002.jpg,35,002.jpg,3,0.1,0.35,口角がわずかに上がりつつも、片目を細めた表情で不快さや緊張も混ざって見えるため、快は弱めにしました。目や口周りの力みがあり落ち着いた表情ではないので、覚醒度はやや高めと判断しました。
../database/final_database/035/002.jpg,35,002.jpg,4,-0.12,0.38,眉間にしわが寄り、片目を閉じた表情で不快・緊張寄りに見えます。一方で口が開き表情筋の動きがあり、覚醒度はやや高めと判断しました。
../database/final_database/035/002.jpg,35,002.jpg,5,-0.22,0.34,眉が寄り、目が細く口元も緊張しており不快寄りの表情に見えます。一方で口が開き表情筋の動きが大きく、軽い興奮・覚醒が感じられます。
../database/final_database/035/002.jpg,35,002.jpg,6,-0.15,0.35,眉が寄り、片目を細めて口元もやや緊張しており、快より不快寄りの表情に見えます。一方で表情筋の動きがあり無表情ではないため、覚醒度はやや高めと判断しました。
../database/final_database/035/002.jpg,35,002.jpg,7,-0.1,0.45,目が細まり口元が引きつったように見え、快の表情というよりやや不快・緊張寄りに感じます。眉間の寄りや表情の強さから、覚醒度は中程度に高いと判断しました。
../database/final_database/035/002.jpg,35,002.jpg,8,-0.12,0.41,片目を細め口元が少し歪んでおり、快よりもやや不快・戸惑い寄りの表情に見えます。一方で顔の緊張があり、覚醒度は中程度に高いと判断しました。
../database/final_database/035/002.jpg,35,002.jpg,9,-0.12,0.34,口元がやや緊張し眉間にも力が入っており、快よりもやや不快寄りに見えます。一方で目や口の動きがあり表情のエネルギーは中程度で、軽い覚醒状態と判断しました。
../database/final_database/035/002.jpg,35,002.jpg,10,-0.12,0.35,眉間にしわが寄り、目を細めた表情で快より不快寄りに見えます。一方で口が開き緊張感があり、覚醒度はやや高めと判断しました。
../database/final_database/035/003.jpg,35,003.jpg,1,0.12,-0.18,口角がわずかに上がっており不快感は強くない一方、目元や眉の緊張が少なく全体として落ち着いた表情に見えます。強い喜び・怒りなどの高い覚醒を示す要素は少ないため低めの覚醒と判断しました。
../database/final_database/035/003.jpg,35,003.jpg,2,0.12,-0.18,口元にわずかな上がりがあり軽い快の印象ですが、目元や眉の動きが小さく全体的に落ち着いた表情です。強い興奮や緊張は見られないため覚醒度は低めにしました。
../database/final_database/035/003.jpg,35,003.jpg,3,0.18,-0.22,口元がわずかに上がっており全体として穏やかな表情で、強い不快感は見られません。一方で目や眉の動きが小さく、興奮・緊張は低めに感じられます。
../database/final_database/035/003.jpg,35,003.jpg,4,0.18,-0.22,口角がわずかに上がり軽い微笑みに見えるため快寄りですが、目元や全体の表情の動きが小さく落ち着いているため覚醒度は低めと判断しました。
../database/final_database/035/003.jpg,35,003.jpg,5,0.18,-0.12,口角がわずかに上がり穏やかな表情で、全体として軽い快の印象です。一方で目元や表情筋の緊張は強くなく、覚醒度はやや低めに見えます。
../database/final_database/035/003.jpg,35,003.jpg,6,0.12,-0.08,口元がわずかに上がり穏やかな表情で、強い不快感は見られません。一方で目元や表情筋の動きが小さく、全体として落ち着いた低覚醒に見えます。
../database/final_database/035/003.jpg,35,003.jpg,7,0.12,-0.18,口角がわずかに上がっており不快感は強くないため、valenceは軽い快に寄せました。一方で目の開きや表情筋の緊張が弱く落ち着いた印象なので、arousalはやや低めにしました。
../database/final_database/035/003.jpg,35,003.jpg,8,0.12,-0.08,口元がわずかに上がっており軽い快の表情ですが、目元や眉に強い活性は見られず全体として落ち着いています。緊張や驚きなどの覚醒サインが弱いため低～中程度のarousalと判断しました。
../database/final_database/035/003.jpg,35,003.jpg,9,0.12,-0.08,口角がわずかに上がっており軽い快の印象ですが、目元や眉の動きが小さく感情の強度は低めに見えます。全体として落ち着いた表情で覚醒度はやや低いと判断しました。
../database/final_database/035/003.jpg,35,003.jpg,10,0.12,-0.08,口角がわずかに上がり、全体として中立〜軽い快の表情に見えます。一方で目元や表情筋の緊張は強くなく、覚醒度は低めと判断しました。
../database/final_database/035/004.jpg,35,004.jpg,1,0.05,0.25,眉がやや寄り、目も細めで緊張や戸惑いが見られる一方、口元はわずかに上がっており強い不快ではありません。表情の強度は中程度で、軽い覚醒状態と判断しました。
../database/final_database/035/004.jpg,35,004.jpg,2,0.05,0.15,口元はわずかに上がっており中立〜軽い快の印象ですが、眉間にしわがあり困惑・緊張も感じられます。表情の強度は高くないため覚醒度は低〜中程度です。
../database/final_database/035/004.jpg,35,004.jpg,3,0.05,0.1,口元はわずかに上がっていますが、眉間にしわが寄り目が細く、快・不快が混ざった表情に見えます。強い感情の高ぶりはなく、覚醒度は低〜中程度と判断しました。
../database/final_database/035/004.jpg,35,004.jpg,4,-0.18,0.25,眉間にしわが寄り目が細く、口元も緊張していて不快寄りに見えます。一方で表情の力みがあり、覚醒度はやや高めです。
../database/final_database/035/004.jpg,35,004.jpg,5,-0.12,0.18,眉間にしわが寄り目が細く、やや不快・困惑寄りの表情に見えます。一方で口元は大きく崩れておらず、興奮度は低〜中程度です。
../database/final_database/035/004.jpg,35,004.jpg,6,0.05,0.25,眉が寄り目が細く、口元も引き締まっており快・不快が混在する曖昧な表情に見えます。表情の緊張はあるため覚醒はやや高めですが、強い興奮ではありません。
../database/final_database/035/004.jpg,35,004.jpg,7,-0.18,0.22,口元はわずかに上がっていますが、眉間にしわがあり目が細く、快よりも軽い不快・困惑が混じった表情に見えます。緊張は強くなく中程度の覚醒です。
../database/final_database/035/004.jpg,35,004.jpg,8,0.08,0.22,口角がわずかに上がっている一方で眉間に軽いしわがあり、快・不快は中立寄りに見えます。表情の緊張感は強くなく、覚醒度も低〜中程度です。
../database/final_database/035/004.jpg,35,004.jpg,9,0.05,0.2,口元はわずかに上がっており大きな不快感は見られませんが、眉間に軽いしわがあり緊張や困惑が混ざった表情です。覚醒度は中程度で落ち着きつつも注意が向いている印象です。
../database/final_database/035/004.jpg,35,004.jpg,10,-0.12,0.18,口元はわずかに笑みがあるものの、眉間にしわが寄り目が細く、困惑や不快寄りの表情に見えます。緊張は強くなく軽い覚醒状態と判断しました。
../database/final_database/035/005.jpg,35,005.jpg,1,0.1,-0.15,口角がわずかに上がり軽い微笑みが見られる一方、目元は大きな緊張がなく落ち着いた表情です。そのため快方向だが覚醒度は低めと判断しました。
../database/final_database/035/005.jpg,35,005.jpg,2,0.12,0.05,口元がわずかに上がっており弱い肯定的感情が見られますが、目元の緊張が少なく全体として落ち着いた表情です。
../database/final_database/035/005.jpg,35,005.jpg,3,0.12,-0.18,口元がわずかに上がっており全体として中立〜軽い快の表情に見えますが、目元の動きが少なく興奮度は低めに見えるためです。
../database/final_database/035/005.jpg,35,005.jpg,4,0.12,-0.08,口元がわずかに上がり表情はやや肯定的ですが、目元の緊張は少なく全体として落ち着いた印象です。そのため快は弱め、覚醒度も低めに見えます。
../database/final_database/035/005.jpg,35,005.jpg,5,-0.05,0.1,口元はわずかに上がっていますが、目元や眉に緊張感があり全体として中立〜やや不快寄りに見えます。表情の動きは小さく、覚醒度は低〜中程度です。
../database/final_database/035/005.jpg,35,005.jpg,6,0.05,-0.1,口元がわずかに上がっており軽い好意的（中立寄り）な表情に見えますが、目元の動きが小さく全体として落ち着いた状態で覚醒度は低めに見えます。
../database/final_database/035/005.jpg,35,005.jpg,7,0.12,0.08,口元がわずかに上がっており軽い微笑のように見える一方、目元は強い感情が出ておらず落ち着いた印象です。全体としてやや快寄りで、覚醒度は低め～中立に近いと判断しました。
../database/final_database/035/005.jpg,35,005.jpg,8,-0.05,0.15,口元はわずかに上がっているものの、眉間に軽い緊張が見られ全体として中立〜やや不快寄りに見えます。表情の動きは小さく、覚醒度も低〜中程度です。
../database/final_database/035/005.jpg,35,005.jpg,9,0.12,0.05,口角がわずかに上がっており強い不快表情は見られないため、valenceはやや正寄りと判断しました。一方で目元や眉の緊張が小さく、興奮・驚きなどの高覚醒サインも弱いためarousalは低めです。
../database/final_database/035/005.jpg,35,005.jpg,10,0.12,-0.08,口角がわずかに上がり軽い微笑が見られる一方、目元の緊張や動きが少なく落ち着いた表情です。そのため快は弱めで、覚醒度も低めと判断しました。
../database/final_database/035/006.jpg,35,006.jpg,1,-0.18,0.32,眉が寄り目が細く、口元も引きつった表情でやや不快寄りに見えます。一方で表情の緊張があり、覚醒度は中程度に感じられます。
../database/final_database/035/006.jpg,35,006.jpg,2,-0.28,0.22,片目を細めて口角が下がり気味で、不快・困惑の表情に見えます。一方で驚きや強い興奮は少なく、覚醒度はやや低〜中程度です。
../database/final_database/035/006.jpg,35,006.jpg,3,-0.22,0.24,眉が寄り片目を細めており、口元もやや緊張しているため不快寄りに見えます。一方で表情の動きはあり、完全に無表情ではないので覚醒度はやや高めと判断しました。
../database/final_database/035/006.jpg,35,006.jpg,4,-0.28,0.34,口元がやや開き眉間に緊張が見られ、快より不快寄りの表情です。一方で目の見開きと表情筋の動きがあり、覚醒度はやや高めと判断しました。
../database/final_database/035/006.jpg,35,006.jpg,5,-0.18,0.32,片目を細め口角がやや下がっており、困惑や不快寄りの表情に見えます。一方で表情の緊張（眉間の寄りや口の開き）があり、覚醒度はやや高めと判断しました。
../database/final_database/035/006.jpg,35,006.jpg,6,-0.15,0.25,眉が寄り、片目を細めて口元もやや緊張しており、不快・困惑寄りの表情に見えます。一方で表情筋の動きはあり、完全に落ち着いた状態ではないため覚醒度はやや高めです。
../database/final_database/035/006.jpg,35,006.jpg,7,-0.23,0.32,眉間にしわが寄り、片目を細め口元もやや緊張していて不快寄りに見えます。一方で表情の筋緊張があり、無表情よりは覚醒度が少し高い印象です。
../database/final_database/035/006.jpg,35,006.jpg,8,-0.25,0.35,眉が寄り片目を細めて口元も緊張しており、不快・困惑寄りの表情に見えます。一方で目や口が動いていて無表情ではないため、覚醒度はやや高めと判断しました。
../database/final_database/035/006.jpg,35,006.jpg,9,-0.35,0.25,口角が下がり気味で片目を細めた不快・戸惑い寄りの表情に見え、快の方向は弱いです。一方で表情筋の緊張はあるため覚醒度はやや高めと判断しました。
../database/final_database/035/006.jpg,35,006.jpg,10,-0.18,0.32,片目を細め口角もあまり上がっておらず、やや不快・戸惑いの表情に見えます。一方で表情筋の緊張があり、覚醒度はやや高めと判断しました。
../database/final_database/035/007.jpg,35,007.jpg,1,-0.35,0.55,眉が寄り、口元も緊張していて不快・苛立ちの表情に見えるためvalenceは低めです。一方で表情筋の緊張が強く、覚醒度はやや高めと判断しました。
../database/final_database/035/007.jpg,35,007.jpg,2,-0.46,0.55,眉が寄り目が細く、口元も緊張しており不快・苛立ち寄りの表情に見えます。表情の緊張感が強く、覚醒度はやや高めと判断しました。
../database/final_database/035/007.jpg,35,007.jpg,3,-0.35,0.55,眉が寄り、目が細く口元も緊張していて不快・いら立ち寄りの表情に見えます。一方で表情筋の収縮が強く、エネルギー感があるため覚醒度はやや高めです。
../database/final_database/035/007.jpg,35,007.jpg,4,-0.35,0.55,眉間にしわが寄り、片目を細めて歯を見せているため不快・苛立ち寄りの表情に見えます。一方で口周りの緊張と表情筋の強さから覚醒度はやや高めです。
../database/final_database/035/007.jpg,35,007.jpg,5,-0.45,0.55,眉が寄り、目が細く口元も緊張しており不快・不満寄りの表情に見えます。一方で表情筋の緊張が強く、覚醒度はやや高めと判断しました。
../database/final_database/035/007.jpg,35,007.jpg,6,-0.42,0.48,眉が寄って目が細まり、口元も緊張していて不快・苛立ち寄りの表情に見えます。表情の筋緊張が強く、一定の覚醒（興奮/警戒）も感じられます。
../database/final_database/035/007.jpg,35,007.jpg,7,-0.35,0.55,眉が寄り、目が細く、口元も緊張していて不快・苛立ち寄りの表情に見えます。一方で表情の筋緊張が強く、覚醒度はやや高めと判断します。
../database/final_database/035/007.jpg,35,007.jpg,8,-0.35,0.55,眉が寄って目が細まり、口元も緊張しているため不快寄りに見えます。一方で表情の強さがあり、覚醒度はやや高めです。
../database/final_database/035/007.jpg,35,007.jpg,9,-0.55,0.62,眉が寄り、口元も緊張しており不快・嫌悪や苛立ち寄りの表情に見えます。一方で表情筋の緊張が強く、覚醒度は高めです。
../database/final_database/035/007.jpg,35,007.jpg,10,-0.35,0.55,眉が寄り目が細く、口元も緊張しており不快・苛立ちの表情に見えます。表情の筋緊張が強く、感情の活性度もやや高いと判断しました。
../database/final_database/035/008.jpg,35,008.jpg,1,-0.18,0.22,眉が中央に寄ってやや下がり、目が細く口元も引き締まっていて軽い不快・困惑の表情に見えます。一方で表情の強度は高くなく、覚醒度はやや低〜中程度です。
../database/final_database/035/008.jpg,35,008.jpg,2,-0.12,0.18,眉が内側に寄り、目がやや細く口元が引きつって見えるため、わずかに不快寄りの表情です。一方で表情の緊張はあるものの極端ではないため、覚醒度は軽度に高めと判断しました。
../database/final_database/035/008.jpg,35,008.jpg,3,-0.15,0.1,眉がやや寄り、目が細く口角も上がっていないため、わずかに不快寄りに見えます。一方で表情の強い緊張や驚きは少なく、覚醒度は低め～中程度です。
../database/final_database/035/008.jpg,35,008.jpg,4,-0.12,0.18,眉間にしわが寄り目が細く、口元も緊張していてやや不快・困惑寄りに見えます。一方で表情の動きは強くなく、覚醒度は低〜中程度です。
../database/final_database/035/008.jpg,35,008.jpg,5,-0.25,0.15,眉が寄り目が細く、口元も上がらず不快・困惑寄りの表情に見えます。一方で表情の強さは中程度で、覚醒度はやや低め～中程度です。
../database/final_database/035/008.jpg,35,008.jpg,6,-0.12,0.22,眉間にしわが寄り、口元もやや引きつっていて不快寄りに見える一方、表情の強さは中程度で軽い覚醒状態に見えます。
../database/final_database/035/008.jpg,35,008.jpg,7,-0.18,0.22,眉間にしわが寄り、目が細く口元も引き締まっていて不快寄りの表情に見えます。一方で強い驚きや興奮はなく、軽い緊張・不満程度の覚醒度です。
../database/final_database/035/008.jpg,35,008.jpg,8,-0.18,0.22,眉間にしわが寄り、口元も引き気味でやや不快・困惑の表情に見えます。一方で目は開いており表情の緊張感もあるため、覚醒度はやや高めと判断しました。
../database/final_database/035/008.jpg,35,008.jpg,9,-0.15,0.25,眉が少し寄り目が細く、口元も引き締まっていて快よりやや不快寄りに見えます。一方で強い怒りや驚きほどではなく、緊張感は軽度なので覚醒はやや高めにしました。
../database/final_database/035/008.jpg,35,008.jpg,10,-0.22,0.18,眉が寄って目が細く、口元も引き締まっていて不快・困惑寄りの表情に見えます。一方で表情の強度は中程度で、覚醒度はやや低〜中程度です。
../database/final_database/035/009.jpg,35,009.jpg,1,0.15,-0.1,口元がわずかに上がっており全体として穏やかな表情で、軽い快の印象です。目元や眉の緊張が強くなく動きも少ないため、覚醒度はやや低めと判断しました。
../database/final_database/035/009.jpg,35,009.jpg,2,0.18,-0.22,口角がわずかに上がり穏やかな表情で、強い不快や喜びは見られません。目元の緊張も少なく落ち着いた印象のため、valenceはやや快寄り・arousalはやや低めと判断しました。
../database/final_database/035/009.jpg,35,009.jpg,3,0.18,-0.12,口元がわずかに上がっており、全体として穏やかで軽い好意的感情が見られます。一方で目や眉の動きが小さく、興奮度は低めで落ち着いた状態に見えます。
../database/final_database/035/009.jpg,35,009.jpg,4,0.15,-0.1,口角がわずかに上がり全体として中立〜軽い快の表情ですが、目元や眉の動きが小さく感情の強度は低めに見えます。緊張や興奮のサインが少ないため覚醒度はやや低いと判断しました。
../database/final_database/035/009.jpg,35,009.jpg,5,0.12,-0.18,口元がわずかに上がっており、強い不快感は見られないためvalenceは軽く正寄りです。一方で目元や表情筋の緊張が弱く、全体として落ち着いた印象なのでarousalはやや低めです。
../database/final_database/035/009.jpg,35,009.jpg,6,0.32,-0.08,口角がわずかに上がり、表情は穏やかで軽いポジティブさが見られます。目元の緊張が少なく全体に落ち着いた印象のため覚醒度は低めです。
../database/final_database/035/009.jpg,35,009.jpg,7,0.18,-0.22,口角がわずかに上がり穏やかな表情で、強い不快感や緊張は見られません。目元の動きが少なく落ち着いた印象のため覚醒度は低めです。
../database/final_database/035/009.jpg,35,009.jpg,8,0.22,-0.08,口角がわずかに上がり、全体として穏やかな表情のため軽い快を示します。一方で目や眉の緊張が少なく、興奮度は低めに見えます。
../database/final_database/035/009.jpg,35,009.jpg,9,0.18,-0.12,口元がわずかに上がっており軽い微笑みで、全体としてはやや快の印象です。目元や眉の動きが小さく緊張感も強くないため、覚醒度は低めと判断しました。
../database/final_database/035/009.jpg,35,009.jpg,10,0.18,-0.12,口角がわずかに上がっており全体として軽い好意・穏やかさが感じられます。一方で表情の動きは小さく、興奮や緊張は低めに見えます。
../database/final_database/035/010.jpg,35,010.jpg,1,-0.12,0.18,口元はわずかに緊張しており笑顔というより不快寄りに見える一方、強い怒りや恐怖ほどではありません。目の細まりと表情筋のこわばりから軽い覚醒状態が感じられます。
../database/final_database/035/010.jpg,35,010.jpg,2,-0.12,0.18,眉が少し寄り、目が細く口角も上がりきっていないため、わずかに不快寄りの印象です。一方で表情の緊張は強くなく、覚醒度は低〜中程度に見えます。
../database/final_database/035/010.jpg,35,010.jpg,3,-0.12,0.18,目が細まり眉間にわずかな緊張があり、口元もややこわばって見えるため快は低めです。一方で表情の動きは強くなく、覚醒度は軽度にとどまります。
../database/final_database/035/010.jpg,35,010.jpg,4,-0.12,0.18,眉間に軽いしわがあり目を細めていて、わずかに不快・警戒寄りの表情に見えます。一方で口元の緊張は強くなく、興奮度は低～中程度だと判断しました。
../database/final_database/035/010.jpg,35,010.jpg,5,-0.15,0.05,口元がやや緊張しており笑顔ではなく、目元も細めで不快寄りの中立に見えます。強い興奮や活動性は感じられず、覚醒度はほぼ中程度です。
../database/final_database/035/010.jpg,35,010.jpg,6,-0.12,-0.05,口角がわずかに下がり、目元も緊張が少なく中立〜やや不快寄りに見えます。表情の動きが小さく、興奮度は低め（落ち着いた状態）と判断しました。
../database/final_database/035/010.jpg,35,010.jpg,7,-0.12,0.22,口角がやや下がり、目元も少し細めで不快寄りの表情に見えます。一方で強い緊張や興奮は感じにくく、覚醒度は低〜中程度です。
../database/final_database/035/010.jpg,35,010.jpg,8,-0.12,0.28,口元はわずかに緩んでいる一方、目が細く眉間に軽い緊張が見られ、快・不快はやや不快寄りに見えます。表情の強さは中程度で、落ち着きより少し覚醒寄りです。
../database/final_database/035/010.jpg,35,010.jpg,9,-0.1,0.2,目が細く口元がややこわばっており、快よりもわずかに不快寄りに見えます。表情の緊張感はあるものの強い興奮ではないため、覚醒度は軽度に高めと判断しました。
../database/final_database/035/010.jpg,35,010.jpg,10,0.1,0.12,口角がわずかに上がっており強い不快感は見られない一方、目が細く表情の緊張も少ないため快は弱めと判断しました。表情変化が小さく落ち着いているので覚醒度も低めです。
../database/final_database/036/001.jpg,36,001.jpg,1,-0.52,0.62,眉間にしわが寄り、口元も緊張していて不快・怒り/苛立ち寄りの表情に見えます。目の開きと顔の緊張が強く、覚醒度は高めと判断しました。
../database/final_database/036/001.jpg,36,001.jpg,2,-0.55,0.6,眉間にしわが寄り口元も緊張しており、不快・怒り/不満寄りの表情に見えます。目も見開き気味で筋緊張が強く、覚醒度は高めです。
../database/final_database/036/001.jpg,36,001.jpg,3,-0.62,0.48,眉が強く寄り、口元も緊張していて不快・怒り/苛立ち寄りの表情に見えます。一方で目の開きや表情筋の緊張があり、覚醒度は中程度以上です。
../database/final_database/036/001.jpg,36,001.jpg,4,-0.58,0.62,眉間にしわが寄り、口元も緊張していて不快・怒りや苛立ちの表情に見えるためvalenceは低めです。目の開きと顔全体の緊張が強く、覚醒度は高めと判断しました。
../database/final_database/036/001.jpg,36,001.jpg,5,-0.55,0.65,眉間にしわが寄り口元も緊張しており、不快・怒り/困惑寄りの表情に見えます。目の開きと表情筋の緊張が強めで覚醒度は高めです。
../database/final_database/036/001.jpg,36,001.jpg,6,-0.55,0.45,眉が強く寄り、目元も緊張して口が半開きで不快・怒り寄りの表情に見えます。一方で表情筋の緊張が強く、覚醒度は中程度以上と判断しました。
../database/final_database/036/001.jpg,36,001.jpg,7,-0.62,0.55,眉が寄って目が細まり、口元も緊張しており不快・怒り/困惑系の表情に見えます。一方で顔全体の緊張が強く、覚醒度は中程度以上と判断しました。
../database/final_database/036/001.jpg,36,001.jpg,8,-0.62,0.58,眉が強くしかめられ口元も緊張しており、不快・怒り/苛立ち寄りの表情に見えます。表情筋の緊張が強く、覚醒度も中〜高程度と判断しました。
../database/final_database/036/001.jpg,36,001.jpg,9,-0.55,0.55,眉間にしわが寄り、口元も緊張しており不快・怒りや不満の表情に見えます。目の開きと顔の緊張が強く、覚醒度もやや高めです。
../database/final_database/036/001.jpg,36,001.jpg,10,-0.55,0.55,眉を強くひそめて口元も緊張しており、不快・怒りや不満の表情に見えます。目の開きと表情筋の緊張が強く、覚醒度も高めです。
../database/final_database/036/002.jpg,36,002.jpg,1,-0.52,0.48,眉が強くひそまり口角が下がっており、不快・不安寄りの表情に見えます。一方で目が見開き気味で緊張感があるため覚醒度はやや高めです。
../database/final_database/036/002.jpg,36,002.jpg,2,-0.45,0.55,眉が中央に寄って上がり、口が半開きで緊張した表情のため不快寄りと判断しました。目の開きと筋緊張があり、覚醒度はやや高めです。
../database/final_database/036/002.jpg,36,002.jpg,3,-0.42,0.51,眉が寄り、口元が引きつっていて不快・不安寄りの表情に見えます。目も見開き気味で緊張感があり、覚醒度はやや高めです。
../database/final_database/036/002.jpg,36,002.jpg,4,-0.55,0.62,眉が寄って目が見開かれ、口も緊張して半開きになっており、不快・不安の感情が強い表情に見えます。緊張感が高く覚醒度も高めと判断しました。
../database/final_database/036/002.jpg,36,002.jpg,5,-0.55,0.48,眉が寄り、口が半開きで緊張や不快感が見られるためvalenceは低めです。一方で表情筋の緊張があり驚き・警戒のような覚醒度が感じられるためarousalはやや高めです。
../database/final_database/036/002.jpg,36,002.jpg,6,-0.62,0.58,眉が強く寄り、目が見開かれ気味で口も緊張しており、不快・不安や苛立ちの表情に見えます。表情の強度が中程度以上で緊張感があるため覚醒度はやや高めです。
../database/final_database/036/002.jpg,36,002.jpg,7,-0.58,0.62,眉が寄り、口が半開きで緊張や不安・不快感が強く表れています。目の見開きもあり覚醒度が高い状態に見えます。
../database/final_database/036/002.jpg,36,002.jpg,8,-0.55,0.62,眉が寄って目が見開かれ、口元も緊張しており、不快・不安の表情が強いです。表情の強度も高めで覚醒度は高いと判断しました。
../database/final_database/036/002.jpg,36,002.jpg,9,-0.38,0.52,眉が寄り、口が半開きで緊張や不快感が見られるためvalenceはやや低めです。目の開きと表情のこわばりから覚醒度は中程度に高いと判断しました。
../database/final_database/036/002.jpg,36,002.jpg,10,-0.48,0.52,眉が中央に寄り上まぶたが緊張しており、口角も下がって不快・不安の表情に見えます。一方で目と口周りの筋緊張が強く、覚醒度はやや高めです。
../database/final_database/036/003.jpg,36,003.jpg,1,-0.56,0.64,眉が寄り、口が半開きで下がり気味で、不快・不安の表情に見えます。目も見開き気味で緊張感があり、覚醒度は高めと判断しました。
../database/final_database/036/003.jpg,36,003.jpg,2,-0.62,0.58,眉が内側に寄り、口が開いて下がっており、不安・恐れや不快感が強い表情に見えます。目も大きく緊張があり、覚醒度はやや高めと判断しました。
../database/final_database/036/003.jpg,36,003.jpg,3,-0.65,0.55,眉が強く寄り、口が開いて下がっており、不快・不安や苦痛を示す表情に見えます。目も見開き気味で緊張感があり、覚醒度はやや高めと判断しました。
../database/final_database/036/003.jpg,36,003.jpg,4,-0.62,0.55,眉が寄り、口が半開きで緊張や不快感が見られるためvalenceは低めです。目が見開かれ表情の強度が高く、驚き・不安による覚醒が感じられるためarousalはやや高めです。
../database/final_database/036/003.jpg,36,003.jpg,5,-0.62,0.54,眉が中央に寄り口角が下がっており、不快・不安の表情が強いです。目が見開き気味で緊張感があるため覚醒度はやや高めと判断しました。
../database/final_database/036/003.jpg,36,003.jpg,6,-0.62,0.58,眉が中央に寄って上がり、口が開いて緊張した形で、不快・不安寄りの表情に見えます。目も見開き気味で、覚醒度はやや高いと判断しました。
../database/final_database/036/003.jpg,36,003.jpg,7,-0.52,0.58,眉が寄り、口が半開きで緊張や不安・苦痛を示す表情に見えるため不快寄りです。目も見開き気味で覚醒度が高い反応が出ています。
../database/final_database/036/003.jpg,36,003.jpg,8,-0.62,0.58,眉が寄って目が見開かれ、口角が下がって不快・不安の表情に見えます。緊張感が強く、覚醒度も高めです。
../database/final_database/036/003.jpg,36,003.jpg,9,-0.62,0.58,眉が寄り、口が開いて緊張した表情で不快・不安が強く見えるためvalenceは低めです。一方で目が見開かれ表情の筋緊張が強いので覚醒度は高めと判断しました。
../database/final_database/036/003.jpg,36,003.jpg,10,-0.62,0.48,眉が上がり寄り、口が開いて緊張した表情で、不安や恐れがうかがえます。快より不快寄りで、覚醒度もやや高めと判断しました。
../database/final_database/036/004.jpg,36,004.jpg,1,-0.35,0.4,眉が寄り、口が半開きで困惑・不快感が見られる一方、表情筋の緊張がありやや覚醒度が高い状態に見えます。
../database/final_database/036/004.jpg,36,004.jpg,2,-0.35,0.55,眉が寄り、口が開いて不快・困惑の表情に見えるためvalenceはやや低めです。一方で表情の緊張感が強く、反応が活発なのでarousalは中程度に高いと判断しました。
../database/final_database/036/004.jpg,36,004.jpg,3,-0.28,0.42,眉が寄り、目が細まり口が開いた不快・困惑（苦痛）寄りの表情に見えます。一方で表情筋の緊張があり反応性が高いため、覚醒度はやや高めと判断しました。
../database/final_database/036/004.jpg,36,004.jpg,4,-0.35,0.4,眉間にしわが寄り口が半開きで、困惑や不快感が見られるためvalenceはやや負。表情の緊張感はあるが強い興奮ではないのでarousalは中程度の正にしました。
../database/final_database/036/004.jpg,36,004.jpg,5,-0.35,0.45,眉が寄り、口が開いて不安や困惑・痛みを訴えるような表情に見えるため快（valence）は低めです。一方で表情の緊張と目の開きから覚醒度（arousal）はやや高めと判断しました。
../database/final_database/036/004.jpg,36,004.jpg,6,-0.32,0.42,眉間にしわが寄り、口が開いて緊張した表情で、不快・困惑の要素が強いです。驚きや不安で身体的な覚醒もやや高めに見えます。
../database/final_database/036/004.jpg,36,004.jpg,7,-0.45,0.35,眉が寄り目が細まり、口が開いて不快そうな表情で、ネガティブ寄りに見えます。一方で驚きや困惑による緊張があり、覚醒度はやや高めです。
../database/final_database/036/004.jpg,36,004.jpg,8,-0.25,0.35,眉が中央に寄って上がり、口が開いて不安や戸惑いを示す表情に見えます。強い怒りや喜びではなく、やや不快寄りで中程度の覚醒と判断しました。
../database/final_database/036/004.jpg,36,004.jpg,9,-0.38,0.47,眉が寄って目が細く、口が開いて緊張や不快感がにじむ表情です。一方で驚き・困惑のような反応が見られ、覚醒度はやや高めと判断しました。
../database/final_database/036/004.jpg,36,004.jpg,10,-0.25,0.35,眉が寄り、口が半開きで不快・困惑の表情に見えるためvalenceはややマイナス。目の開きと表情の緊張感から覚醒度は中程度に高いと判断しました。
../database/final_database/036/005.jpg,36,005.jpg,1,-0.15,0.1,眉がやや寄り、口が半開きで緊張や戸惑いが見られるため快は低めです。一方で表情の強い動きは少なく、覚醒度は軽度にとどまります。
../database/final_database/036/005.jpg,36,005.jpg,2,-0.2,0.35,口が半開きで眉間にわずかな緊張があり、快よりもやや不快寄りに見えます。一方で表情の緊張と視線の開きから、覚醒度は中程度に感じられます。
../database/final_database/036/005.jpg,36,005.jpg,3,-0.08,0.22,口が少し開いて眉間がわずかに寄っており、軽い困惑や不快寄りの表情に見えます。表情の動きは大きくないため覚醒度は中程度に留まります。
../database/final_database/036/005.jpg,36,005.jpg,4,-0.3,0.25,口が少し開いて眉がわずかに寄っており、不快や戸惑いが混ざった表情に見えるためvalenceはやや低め。驚きほど強い緊張はなく、覚醒度は中程度と判断しました。
../database/final_database/036/005.jpg,36,005.jpg,5,-0.35,0.45,口が開き眉間がやや寄っており、快より不快寄りの表情に見えます。一方で目や口周りに緊張があり、落ち着いた無表情よりは覚醒度がやや高いと判断しました。
../database/final_database/036/005.jpg,36,005.jpg,6,-0.25,0.1,眉がやや寄り、口が半開きで緊張や不安が感じられる一方、表情の強い興奮は見られません。全体として軽い不快寄りで覚醒度は低〜中程度です。
../database/final_database/036/005.jpg,36,005.jpg,7,-0.32,0.28,眉がわずかに寄り、口が半開きで緊張や不安を示す表情に見えるため快-不快はやや不快寄りです。一方で目と口周りに一定の緊張があり、覚醒度は中程度に高いと判断しました。
../database/final_database/036/005.jpg,36,005.jpg,8,-0.28,0.22,口角がやや下がり、眉も上がり気味で不安・不快寄りの表情に見えます。一方で口が少し開き緊張感はあるため、覚醒度は低すぎず中程度です。
../database/final_database/036/005.jpg,36,005.jpg,9,-0.18,0.22,口がわずかに開き、眉や目元に緊張が見られるため不快寄りに推定しました。表情変化は大きくなく、覚醒度は低〜中程度と判断しました。
../database/final_database/036/005.jpg,36,005.jpg,10,-0.2,0.35,口が少し開き眉がやや寄っており、安心や喜びよりも不快・困惑寄りの表情に見えます。一方で表情の動きはあり、低覚醒ではなく中程度の覚醒と判断します。
../database/final_database/036/006.jpg,36,006.jpg,1,-0.35,0.4,口が開き眉がやや寄っており、不快・困惑や苦痛寄りの表情に見えます。一方で表情の緊張があり、覚醒度はやや高めと判断しました。
../database/final_database/036/006.jpg,36,006.jpg,2,-0.48,0.42,眉が寄って口が開き、困惑・不快そうな表情に見えるためvalenceはやや低めです。一方で口の開きと表情筋の緊張から覚醒度は中程度と判断しました。
../database/final_database/036/006.jpg,36,006.jpg,3,-0.35,0.55,眉が寄って口が開き、困惑や不快感・痛みを示す表情に見えます。一方で表情筋の緊張と口の開きがあり、覚醒度はやや高めと判断しました。
../database/final_database/036/006.jpg,36,006.jpg,4,-0.35,0.55,眉が寄り、口が開いて緊張や不快感が見られるためvalenceは低めです。一方で目や口の開きが大きく反応が強いのでarousalはやや高めです。
../database/final_database/036/006.jpg,36,006.jpg,5,-0.52,0.38,眉が寄り、口が開いて苦痛や不快を訴えるような表情に見えるためvalenceは低めです。一方で顔の緊張と表情の強さから覚醒度はやや高めと判断しました。
../database/final_database/036/006.jpg,36,006.jpg,6,-0.35,0.42,眉が寄って口が開き、困惑や不快感（軽い苦痛）を示す表情に見えます。一方で表情筋の緊張があり、反応はやや覚醒寄りです。
../database/final_database/036/006.jpg,36,006.jpg,7,-0.35,0.45,眉間にしわが寄り口が開いており、不快・困惑の表情に見えるためvalenceは負寄りです。口の開きと表情の緊張から覚醒度はやや高めと判断しました。
../database/final_database/036/006.jpg,36,006.jpg,8,-0.35,0.55,眉が寄り、口が開いて苦痛や不快感を示す表情に見えます。一方で表情筋の緊張があり反応が強いので覚醒度はやや高めです。
../database/final_database/036/006.jpg,36,006.jpg,9,-0.18,0.42,口が開き眉がやや寄っており、驚きや困惑・不快寄りの表情に見えるためvalenceはやや低め。目が見開き気味で緊張感があるのでarousalは中程度に高いと判断しました。
../database/final_database/036/006.jpg,36,006.jpg,10,-0.55,0.45,口が開いて眉が上がり気味で、驚きや不快・困惑に近い表情に見えます。緊張感があり覚醒度はやや高めですが、快の要素は少ないためvalenceは低めです。
../database/final_database/036/007.jpg,36,007.jpg,1,-0.15,0.35,口元が引きつり気味で眉も上がり、不快・困惑に近い表情に見えます。一方で目線が上を向き緊張感があり、覚醒度はやや高めと判断しました。
../database/final_database/036/007.jpg,36,007.jpg,2,-0.28,0.32,口元が引きつり気味で眉間に緊張があり、やや不快・戸惑いの表情に見えます。目線が上に逸れていて落ち着きが少なく、軽い覚醒（緊張）状態と判断しました。
../database/final_database/036/007.jpg,36,007.jpg,3,-0.25,0.35,口元がやや引きつり、眉もリラックスしておらず不快寄りに見えます。一方で目線が上に向き、表情筋の緊張があるため覚醒度はやや高めです。
../database/final_database/036/007.jpg,36,007.jpg,4,-0.2,0.25,口角がわずかに下がり、眉も緊張していて不快・困惑寄りの表情に見えます。一方で目線の動きや口元の緊張があり、覚醒度はやや高めです。
../database/final_database/036/007.jpg,36,007.jpg,5,-0.12,0.28,口角がやや下がり気味で眉・目元にも緊張が見られ、軽い不快/戸惑いの印象です。一方で目線が上方に向き表情筋の動きがあり、覚醒度は低すぎずやや高めと判断しました。
../database/final_database/036/007.jpg,36,007.jpg,6,-0.38,0.32,口元がやや引きつり、眉や目線も落ち着かず不快・不安寄りの表情に見えます。一方で無表情ではなく緊張感があり、覚醒度は中程度と判断しました。
../database/final_database/036/007.jpg,36,007.jpg,7,-0.25,0.35,口元がやや引きつり、眉も緊張しているため不快寄りに見えます。一方で目線の動きや表情のこわばりから、覚醒度はやや高めと判断しました。
../database/final_database/036/007.jpg,36,007.jpg,8,-0.25,0.2,口元がやや引きつり、眉や目線も不安げで快の表情が弱く、少し不快寄りに見えます。一方で表情の強い緊張や興奮は少なく、覚醒度は低〜中程度です。
../database/final_database/036/007.jpg,36,007.jpg,9,-0.25,0.35,口が半開きで眉がやや寄り、視線も落ち着かず不安・困惑の印象が強いため快より不快寄りです。一方で表情の緊張感があり、覚醒度はやや高めと判断しました。
../database/final_database/036/007.jpg,36,007.jpg,10,-0.32,0.35,口元がやや歪み、眉や目の向きから不安・戸惑いが感じられるため不快寄りです。一方で目線が上がり表情筋の緊張があるため覚醒度はやや高めです。
../database/final_database/036/009.jpg,36,009.jpg,1,-0.35,0.52,眉が寄り、口元も緊張しており不快・困惑の表情が見られます。一方で目や顔の筋緊張が強く、覚醒度はやや高めと判断しました。
../database/final_database/036/009.jpg,36,009.jpg,2,-0.38,0.42,眉が強く寄り、口元も緊張しているため不快・困惑寄りの感情が示唆されます。表情の緊張感があり覚醒度は中程度に高いと判断しました。
../database/final_database/036/009.jpg,36,009.jpg,3,-0.45,0.35,眉間にしわが寄り、口元も緊張していて不快・困惑の表情に見えるためvalenceはマイナス寄りです。一方で目が開き表情筋の緊張もあるのでarousalはやや高めと判断しました。
../database/final_database/036/009.jpg,36,009.jpg,4,-0.45,0.35,眉が寄って口元が緊張しており、不快・困惑の感情が強めに見えます。目の開きは中程度で強い興奮ではないため、覚醒はやや高めに留まります。
../database/final_database/036/009.jpg,36,009.jpg,5,-0.55,0.35,眉が中央に寄って上がり、口元が緊張してわずかに開いているため、不快・困惑の感情が強い表情に見えます。覚醒度は中程度で、驚きや警戒のニュアンスがあります。
../database/final_database/036/009.jpg,36,009.jpg,6,-0.42,0.35,眉が寄って口角が下がり、困惑や不快寄りの表情に見えるためvalenceはやや低めです。一方で目が開き緊張感があり、覚醒度は中程度と判断しました。
../database/final_database/036/009.jpg,36,009.jpg,7,-0.52,0.47,眉間にしわが寄り、口元も緊張していて不快・困惑の表情に見えるためvalenceは低めです。目が見開かれ顔の筋緊張も強く、一定の覚醒度が感じられるためarousalはやや高めです。
../database/final_database/036/009.jpg,36,009.jpg,8,-0.4,0.35,眉が寄っており口元も緊張して見えるため、不快寄りの感情が示唆されます。目の開きと表情筋の緊張から、覚醒度はやや高めと判断しました。
../database/final_database/036/009.jpg,36,009.jpg,9,-0.45,0.52,眉が寄って口が少し開き、困惑や不安・嫌悪寄りの表情に見えるためvalenceは低めです。一方で目がしっかり開いて緊張感があり、覚醒度は中程度以上と判断しました。
../database/final_database/036/009.jpg,36,009.jpg,10,-0.45,0.35,眉が寄り、口元も緊張していて不快・不安寄りの表情に見えます。目は開いており表情筋の緊張もあるため、覚醒度はやや高めと判断しました。
../database/final_database/036/010.jpg,36,010.jpg,1,-0.28,0.32,口元がやや引きつり、眉と視線も落ち着かず不安・不快寄りの表情に見えます。一方で目の動きと表情の緊張があり、覚醒度は中程度に感じられます。
../database/final_database/036/010.jpg,36,010.jpg,2,-0.12,0.34,口元がわずかに引きつり、眉や目線が落ち着かず不安・戸惑いの表情に見えるため快は低めです。一方で目の開きと表情の緊張感から覚醒度はやや高めと判断しました。
../database/final_database/036/010.jpg,36,010.jpg,3,-0.12,0.24,眉が寄り気味で口元も緊張しており、やや不快・困惑寄りの表情に見えます。一方で目線の動きと口の開きから軽い緊張があり、覚醒度はやや高めです。
../database/final_database/036/010.jpg,36,010.jpg,4,-0.18,0.32,眉がややひそまり口元も引きつった不安げな表情で、快より不快寄りに見えます。一方で視線が泳ぎ緊張感があり、覚醒度は中程度に高いと判断しました。
../database/final_database/036/010.jpg,36,010.jpg,5,-0.25,0.35,口元がやや歪み、眉間も少し寄っていて不快・困惑寄りの表情に見えます。一方で視線が上を向き緊張感があり、覚醒度はやや高めと判断しました。
../database/final_database/036/010.jpg,36,010.jpg,6,-0.25,0.35,口がわずかに開き、眉や目線が上向きで落ち着かない印象があり、不快寄りの戸惑い・不安が感じられます。表情の強度は中程度で、覚醒度はやや高めと判断しました。
../database/final_database/036/010.jpg,36,010.jpg,7,-0.22,0.35,眉が上がり目線が泳いでいて口元も引きつり気味のため、快よりもやや不快・困惑寄りに見えます。表情の緊張感があり、覚醒度は中程度に高いと判断しました。
../database/final_database/036/010.jpg,36,010.jpg,8,-0.05,0.35,口が少し開き眉や目元に緊張があり、困惑・不安寄りの表情に見えるため快不快はわずかに不快側です。目の見開きと表情筋の緊張から覚醒度は中程度に高いと判断しました。
../database/final_database/036/010.jpg,36,010.jpg,9,-0.12,0.28,眉が寄り気味で口元も引きつり、快よりやや不快寄りの表情に見えます。一方で目線が上に向き緊張感があり、覚醒度は中程度と判断しました。
../database/final_database/036/010.jpg,36,010.jpg,10,-0.1,0.4,口がわずかに開き、眉が少し寄って視線が上を向いており、困惑や不安が混じった表情に見えます。緊張感がある一方で強い怒りや喜びではないため、やや低い快-不快と中程度の覚醒と判断しました。
../database/final_database/037/003.jpg,37,003.jpg,1,-0.62,0.58,眉間に強いしわが寄り、口元も緊張しており不快・怒りや困惑に近い表情です。一方で目が見開かれ筋緊張が強く、覚醒度は高めと判断します。
../database/final_database/037/003.jpg,37,003.jpg,2,-0.62,0.68,眉が強く寄り、目が見開かれて口元も緊張しており、怒り・不快感が強い表情です。表情の緊張度が高く、覚醒水準も高いと判断します。
../database/final_database/037/003.jpg,37,003.jpg,3,-0.55,0.62,眉が強くしかめられ、口元も緊張しており不快・怒り寄りの表情に見えます。目の開きと顔全体の緊張感から覚醒度は高めと判断しました。
../database/final_database/037/003.jpg,37,003.jpg,4,-0.62,0.72,眉が強く寄り、目が見開かれ口元も緊張しており、怒りや不満といった不快寄りの感情が強い表情です。緊張感が高く覚醒水準も高いと判断しました。
../database/final_database/037/003.jpg,37,003.jpg,5,-0.58,0.62,眉が強くしかめられ、目が見開き気味で口元も緊張しており不快感や怒りが示唆されます。表情の強度が高く、覚醒度も高めに見えます。
../database/final_database/037/003.jpg,37,003.jpg,6,-0.62,0.68,眉間に強いしわが寄り、口元も緊張していて不快・怒り寄りの表情に見えます。目の見開きと筋緊張が強く、覚醒度も高いと判断しました。
../database/final_database/037/003.jpg,37,003.jpg,7,-0.62,0.71,眉が寄り、目が見開かれて口元も緊張しており、怒り・不快の表情が強いです。表情筋の緊張が高く、覚醒度も高いと判断しました。
../database/final_database/037/003.jpg,37,003.jpg,8,-0.62,0.74,眉が強くひそまり、口元も緊張しており怒り・不快感が強い表情に見えます。目の開きと表情筋の緊張から覚醒度も高めです。
../database/final_database/037/003.jpg,37,003.jpg,9,-0.55,0.65,眉間にしわが寄り、口元も引き締まっており不快・怒りの要素が強い表情です。一方で視線が鋭く緊張感があるため覚醒度は高めと判断しました。
../database/final_database/037/003.jpg,37,003.jpg,10,-0.62,0.55,眉が強く寄り、目が見開かれて口元も緊張しており、怒り・不快の表情に見えます。緊張感が高く覚醒度も高めと判断しました。
../database/final_database/037/004.jpg,37,004.jpg,1,-0.25,0.15,口角がやや下がり、表情全体にわずかな不快・不安のニュアンスが見られるためvalenceは低めです。一方で目の開きは過度ではなく緊張も強くないため、arousalは軽い覚醒レベルに留まります。
../database/final_database/037/004.jpg,37,004.jpg,2,-0.25,0.15,口角がやや下がり気味で、眉や目元に緊張があり不快寄りに見えます。一方で表情の動きは強くなく、覚醒度は低〜中程度です。
../database/final_database/037/004.jpg,37,004.jpg,3,-0.15,0.25,口元がやや引きつり、眉や目元に緊張が見られるため快よりもわずかに不快寄りです。一方で表情の硬さから軽い覚醒（緊張・警戒）があると判断しました。
../database/final_database/037/004.jpg,37,004.jpg,4,-0.18,0.22,口角がやや下がり、眉や目元にも緊張が見られるため軽い不快寄りです。一方で表情の動きは小さく、強い興奮ではないため覚醒度はやや低め～中程度です。
../database/final_database/037/004.jpg,37,004.jpg,5,-0.25,0.2,口角がやや下がり気味で緊張・不快寄りの表情に見える一方、目の開きは大きくなく過度な興奮は感じません。全体として軽い不快と低〜中程度の覚醒と判断しました。
../database/final_database/037/004.jpg,37,004.jpg,6,-0.25,0.35,口角がやや下がり、緊張や不快感を示す表情に見えるためvalenceは低めです。一方で目が開き気味で顔の筋緊張もあり、覚醒度はやや高めと判断しました。
../database/final_database/037/004.jpg,37,004.jpg,7,-0.25,0.35,口角がやや下がり、眉間に緊張が見られるため不快寄りの感情が示唆されます。一方で目が開き気味で表情筋の緊張もあるため、覚醒度はやや高めと判断しました。
../database/final_database/037/004.jpg,37,004.jpg,8,-0.22,0.18,口角がやや下がり、唇が緊張していて不快・戸惑い寄りの表情に見えます。一方で目の開きは強すぎず、覚醒度は低〜中程度です。
../database/final_database/037/004.jpg,37,004.jpg,9,-0.18,0.22,口元がやや引きつり、笑顔というより軽い不快・戸惑いが見られます。一方で目は開いており緊張感が少しあるため覚醒度はやや高めです。
../database/final_database/037/004.jpg,37,004.jpg,10,-0.22,0.1,口角がやや下がり、眉間に軽い緊張が見られるため、わずかに不快寄りと判断しました。一方で表情の強い動きは少なく、覚醒度は低〜中程度です。
../database/final_database/037/005.jpg,37,005.jpg,1,-0.62,0.44,眉が寄り、目が細く口角が下がっており不快・苦痛寄りの表情に見えます。一方で表情筋の緊張があり、感情の強さ（覚醒度）は中程度と判断しました。
../database/final_database/037/005.jpg,37,005.jpg,2,-0.55,0.42,眉が強く寄り、目が細まり、口角が下がって不快・苦痛を示す表情に見えます。一方で表情筋の緊張があり、落ち着いた無表情より覚醒度はやや高めです。
../database/final_database/037/005.jpg,37,005.jpg,3,-0.62,0.48,眉間にしわが寄り、目が細まり口角も下がっていて不快・苦痛寄りの表情に見えます。一方で表情筋の緊張が強く、感情の動きは中程度に覚醒している印象です。
../database/final_database/037/005.jpg,37,005.jpg,4,-0.55,0.35,眉が寄り、口角が下がって苦痛や不快感が強い表情に見えます。一方で大きく見開いた目や激しい動きはなく、覚醒度は中程度と判断しました。
../database/final_database/037/005.jpg,37,005.jpg,5,-0.62,0.52,眉が寄り、目を細め口角が下がっており、不快・苦痛寄りの表情に見えます。口が少し開き顔全体に緊張があるため、覚醒度は中程度に高いと判断しました。
../database/final_database/037/005.jpg,37,005.jpg,6,-0.55,0.35,眉が中央に寄り、目が細まり、口角が下がって見えるため不快・苦痛寄りの表情です。一方で表情の緊張はあるが強い興奮ではなく、中程度の覚醒と判断します。
../database/final_database/037/005.jpg,37,005.jpg,7,-0.58,0.42,眉が寄り、目が細く口角が下がっており、不快・困惑や苦痛を示す表情に見えます。一方で表情筋の緊張があり、覚醒度は中程度に感じられます。
../database/final_database/037/005.jpg,37,005.jpg,8,-0.35,0.45,眉が寄り、目が細く口元も緊張していて不快・困惑寄りの表情に見えるためvalenceは低めです。一方で表情の筋緊張があり覚醒度はやや高いと判断しました。
../database/final_database/037/005.jpg,37,005.jpg,9,-0.55,0.35,眉間にしわが寄り、目が細く口元も緊張しており、不快・苦痛の表情に見えます。一方で表情の強さは中程度で、極端な興奮や沈静ではないため覚醒度はやや高めにしました。
../database/final_database/037/005.jpg,37,005.jpg,10,-0.55,0.45,眉が中央に寄って上がり、目が細く口角が下がって見えるため不快・苦痛寄りの感情が示唆されます。一方で表情の緊張があり、沈静というよりはやや覚醒度が高い状態に見えます。
../database/final_database/037/006.jpg,37,006.jpg,1,-0.55,0.65,眉が中央に寄り上がり、口角が下がって半開きで泣き出しそうな不快・悲しみの表情に見えます。目も潤んだようで緊張感があり、情動の強さ（覚醒度）は高めです。
../database/final_database/037/006.jpg,37,006.jpg,2,-0.55,0.62,眉が寄り、口角が下がって口が開いており、泣きそうな不快・苦痛の表情に見えるためvalenceは低めです。目の開きと表情筋の緊張が強く、情動の高まりが感じられるためarousalは高めにしました。
../database/final_database/037/006.jpg,37,006.jpg,3,-0.55,0.6,眉間にしわが寄り、口角が下がって半開きで不快・泣き出しそうな表情に見えます。目も潤んで緊張があり、感情の強度（覚醒度）は高めです。
../database/final_database/037/006.jpg,37,006.jpg,4,-0.55,0.65,眉が寄り、口が開いて泣き出しそうな表情で不快・苦痛が強く見えます。表情の緊張が強く、感情の活性（覚醒度）も高めです。
../database/final_database/037/006.jpg,37,006.jpg,5,-0.55,0.6,眉が中央に寄って上がり、口が半開きで緊張した表情に見えるため不快寄りです。目元もこわばっており、落ち着きよりも動揺・覚醒が感じられます。
../database/final_database/037/006.jpg,37,006.jpg,6,-0.56,0.63,眉が強く寄り、口角が下がって口が開いており、泣きそうな不快・苦痛の表情に見えます。表情筋の緊張が強く、感情の強度も高いので覚醒度は高めと判断しました。
../database/final_database/037/006.jpg,37,006.jpg,7,-0.62,0.58,眉が寄り、目元が緊張して口が開いた不快そうな表情で、泣き出し・訴えのような感情が見られます。表情筋の緊張が強く、覚醒度（興奮・不安）が高めと判断しました。
../database/final_database/037/006.jpg,37,006.jpg,8,-0.62,0.58,眉が強く寄り、口角が下がって半開きで泣き出しそうな表情のため不快寄りです。目も潤んで緊張が見られ、感情の活性は高めなので覚醒寄りと判断しました。
../database/final_database/037/006.jpg,37,006.jpg,9,-0.55,0.62,眉が寄って目元が緊張し、口角が下がり気味で不快・苦痛寄りの表情に見えます。口が開いており表情筋の緊張が強いので覚醒度は高めです。
../database/final_database/037/006.jpg,37,006.jpg,10,-0.62,0.58,眉間にしわが寄り、口が開いて下唇が引かれるなど苦痛・不快を示す表情に見えます。目の緊張もあり感情の強度は中〜やや高めで、覚醒度は高めと判断しました。
../database/final_database/037/007.jpg,37,007.jpg,1,-0.55,0.6,眉間にしわが寄り、口が開いて歯が見えるなど不快・怒り/恐れ寄りの表情に見えます。目も見開き気味で緊張感があり、覚醒度は高めと判断しました。
../database/final_database/037/007.jpg,37,007.jpg,2,-0.62,0.58,眉が強くひそまり口が開いて歯が見え、嫌悪や怒りに近い不快な表情に見えます。表情の緊張が強く、覚醒度も高めと判断しました。
../database/final_database/037/007.jpg,37,007.jpg,3,-0.62,0.54,眉が寄り、口角が下がって歯を見せるなど不快・怒り/恐れ寄りの表情でvalenceは低めです。視線が鋭く表情筋の緊張が強いため覚醒度は高めです。
../database/final_database/037/007.jpg,37,007.jpg,4,-0.62,0.58,眉を強くひそめ、口元も緊張して不快・嫌悪や怒りに近い表情に見えます。目も見開き気味で筋緊張があり、覚醒度はやや高めと判断しました。
../database/final_database/037/007.jpg,37,007.jpg,5,-0.62,0.55,眉間にしわが寄り口元も緊張しており、不快・怒り/不満の傾向が強い表情です。目が見開かれ緊張感もあるため覚醒度は中程度以上と判断しました。
../database/final_database/037/007.jpg,37,007.jpg,6,-0.62,0.54,眉が強く寄り、口が開いて歯が見えるなど不快・怒り/嫌悪寄りの表情です。目も見開き気味で緊張感があり、覚醒度は高めと判断しました。
../database/final_database/037/007.jpg,37,007.jpg,7,-0.62,0.55,眉を強くひそめ、口が開いて歯が見える緊張した表情で、不快・怒りや恐れが示唆されます。目も見開き気味で筋緊張があり、覚醒度は高めです。
../database/final_database/037/007.jpg,37,007.jpg,8,-0.62,0.58,眉が強く寄り、口が開いて歯が見えるなど不快・怒り/嫌悪に近い表情に見えます。目も見開き気味で筋緊張があり、覚醒度は高めと判断します。
../database/final_database/037/007.jpg,37,007.jpg,9,-0.62,0.55,眉が強くひそまり口が開いて歯が見えており、怒りや不快感が強い表情に見えます。目も大きく緊張が感じられ、覚醒度はやや高めです。
../database/final_database/037/007.jpg,37,007.jpg,10,-0.58,0.67,眉間にしわが寄り、口元も緊張していて不快・不満の表情に見えます。一方で目が見開かれ表情筋の緊張が強く、覚醒度は高めです。
../database/final_database/037/008.jpg,37,008.jpg,1,-0.52,0.58,眉間にしわが寄り、口元も緊張していて不快・嫌悪や困惑の表情に見えるためvalenceは低めです。一方で表情筋の緊張が強く、注意・警戒が高い状態に見えるためarousalはやや高めです。
../database/final_database/037/008.jpg,37,008.jpg,2,-0.55,0.4,眉が強くひそめられ、口元も緊張しており不快・困惑の表情が見られます。一方で目の開きや顔の緊張感から覚醒度は中程度に高いと判断しました。
../database/final_database/037/008.jpg,37,008.jpg,3,-0.55,0.48,眉が強くひそまり口元も緊張しており、不快・不安寄りの表情に見えます。目の開きと表情筋のこわばりから、覚醒度は中程度に高いと判断しました。
../database/final_database/037/008.jpg,37,008.jpg,4,-0.42,0.48,眉が寄り口が引きつっており、不快・困惑の表情に見えるためvalenceは低めです。目も見開き気味で緊張感があり覚醒度はやや高めと判断しました。
../database/final_database/037/008.jpg,37,008.jpg,5,-0.45,0.4,眉をひそめて口元が引きつり、困惑や不快感が見られるためvalenceは低めです。一方で表情筋の緊張があり、落ち着いた無表情よりは覚醒度が高いのでarousalはやや高めです。
../database/final_database/037/008.jpg,37,008.jpg,6,-0.45,0.35,眉間にしわが寄り、口元も緊張していて不快・困惑の表情に見えるためvalenceは低めです。一方で強い興奮ではなく、警戒・戸惑い程度の覚醒なのでarousalは中程度にしました。
../database/final_database/037/008.jpg,37,008.jpg,7,-0.45,0.55,眉間にしわが寄り、口元も緊張していて不快・不安寄りの表情に見えます。一方で目や口周りの力みが強く、覚醒度はやや高めです。
../database/final_database/037/008.jpg,37,008.jpg,8,-0.45,0.5,眉が強く寄り、口元も緊張していて不快・不安そうな表情に見えます。一方で目の開きと表情筋の緊張があり、覚醒度はやや高めです。
../database/final_database/037/008.jpg,37,008.jpg,9,-0.35,0.45,眉間にしわが寄り口元も緊張しており、不快・困惑寄りの表情に見えます。目の開きと表情筋の緊張があり、覚醒度はやや高めと判断しました。
../database/final_database/037/008.jpg,37,008.jpg,10,-0.42,0.46,眉間にしわが寄り、口元が引きつって不快・困惑の表情に見えるためvalenceは負寄りです。一方で顔の緊張が強く、反応性が高い印象なのでarousalはやや高めと判断しました。
../database/final_database/037/009.jpg,37,009.jpg,1,-0.62,0.48,眉が強く寄り、口元も引きつっていて不快・恐怖寄りの表情に見えます。目の開きと表情筋の緊張があり、覚醒度はやや高めです。
../database/final_database/037/009.jpg,37,009.jpg,2,-0.55,0.45,眉が寄り、口角が下がって歯が見えるなど不快・不安の表情が強いです。一方で目が見開かれ緊張感があり、覚醒度は中程度に高いと判断します。
../database/final_database/037/009.jpg,37,009.jpg,3,-0.55,0.4,眉間にしわが寄り口角が下がっており、不快・不安の表情に見えます。一方で目が開き緊張感があるため、覚醒度はやや高めです。
../database/final_database/037/009.jpg,37,009.jpg,4,-0.62,0.48,眉が寄り、目元も緊張して口角が下がっており不快・不安寄りの表情に見えます。表情のこわばりが強く、一定の覚醒（緊張・警戒）が感じられます。
../database/final_database/037/009.jpg,37,009.jpg,5,-0.55,0.35,眉が強く寄り、口角が下がって緊張した表情で不快寄りに見えます。一方で目が見開き気味で筋緊張もあり、覚醒度はやや高めです。
../database/final_database/037/009.jpg,37,009.jpg,6,-0.55,0.35,眉が強く寄って口角も下がり、嫌悪・不快や不安を示す表情に見えます。一方で目は開いており緊張感があるため、覚醒度はやや高めと判断しました。
../database/final_database/037/009.jpg,37,009.jpg,7,-0.55,0.45,眉が中央に寄って上がり、口元も緊張していて不快・不安の表情に見えます。視線が強く、顔全体のこわばりから適度に覚醒度も高いと判断しました。
../database/final_database/037/009.jpg,37,009.jpg,8,-0.62,0.48,眉が寄り、口元も引きつった不快・不安の表情に見えるためvalenceは低めです。目の開きと表情筋の緊張から覚醒度は中程度と判断しました。
../database/final_database/037/009.jpg,37,009.jpg,9,-0.58,0.62,眉が強くひそまり口角が下がっており、不快・不安や怒り寄りの表情に見えます。目の見開きと顔全体の緊張が強く、覚醒度は高めと判断しました。
../database/final_database/037/009.jpg,37,009.jpg,10,-0.62,0.48,眉が寄り、口元が引きつっていて不快・不安の表情に見えます。一方で目が見開かれ緊張感があり、覚醒度はやや高めです。
../database/final_database/037/010.jpg,37,010.jpg,1,-0.55,0.65,眉が強くしかめられ目が見開かれ、口元も緊張しており不快・嫌悪や怒り寄りの表情に見えます。表情の緊張感が強く覚醒度は高めです。
../database/final_database/037/010.jpg,37,010.jpg,2,-0.55,0.65,眉が強く寄り、目が見開かれ口元が緊張しており、不快・警戒や困惑が強い表情に見えます。表情の緊張度が高く覚醒度も高めと判断しました。
../database/final_database/037/010.jpg,37,010.jpg,3,-0.62,0.58,眉が強く寄り、口元が緊張して歯が見えるため不快・嫌悪/恐れ寄りの表情に見えます。目も見開き気味で緊張感があり、覚醒度はやや高めです。
../database/final_database/037/010.jpg,37,010.jpg,4,-0.55,0.7,眉が寄って目が見開かれ、口元も緊張しており不快・警戒の表情に見えます。表情の筋緊張と驚きが強く、覚醒度は高めです。
../database/final_database/037/010.jpg,37,010.jpg,5,-0.55,0.62,眉が寄り、口元が引きつっており不快・警戒や怒りに近い表情に見えます。目が見開かれ緊張感があるため覚醒度は高めです。
../database/final_database/037/010.jpg,37,010.jpg,6,-0.55,0.65,眉が寄り目が見開かれ、口元も引きつった緊張感のある表情で不快寄りに見えます。驚き・不安の要素が強く、覚醒度は高めです。
../database/final_database/037/010.jpg,37,010.jpg,7,-0.62,0.58,眉が寄って目が見開かれ、口元も緊張しており不快・嫌悪や不安寄りの表情に見えます。表情の強さが比較的高く、覚醒度も中〜高程度と判断しました。
../database/final_database/037/010.jpg,37,010.jpg,8,-0.55,0.62,眉が寄り、目が見開かれて口元も緊張しており、不快・警戒や嫌悪の表情に見えます。表情の強度が高く緊張感があるため覚醒度も高めです。
../database/final_database/037/010.jpg,37,010.jpg,9,-0.62,0.58,眉が強く寄り、口元も引きつっていて不快・警戒/嫌悪の表情に見えます。目が大きく見開かれて緊張感があり、覚醒度は高めです。
../database/final_database/037/010.jpg,37,010.jpg,10,-0.62,0.71,眉が寄り目が見開かれており、口元も緊張していて不快・警戒（恐れ/嫌悪）寄りの表情に見えるためvalenceは低めです。表情の緊張感が強く覚醒度が高いと判断しました。
../database/final_database/038/001.jpg,38,001.jpg,1,-0.68,0.55,目を強く閉じて眉間にしわが寄り、口が開いて下がっているため不快・苦痛の表情に見えます。緊張が高く泣き出しそうな反応で覚醒度も高めです。
../database/final_database/038/001.jpg,38,001.jpg,2,-0.78,0.52,目を強く閉じ口角が下がっており、苦痛や泣きそうな不快感が強い表情に見えます。表情の緊張が強く、情動の高まり（覚醒）も中程度以上と判断しました。
../database/final_database/038/001.jpg,38,001.jpg,3,-0.72,0.58,眉が寄り目が強く閉じられ、口角が下がって苦痛や泣きそうな表情に見えるため不快寄りです。口が開き顔全体の緊張が強く、感情の強度も高めなので覚醒はやや高いと判断しました。
../database/final_database/038/001.jpg,38,001.jpg,4,-0.72,0.34,眉が寄り、目を強く閉じて口角が下がっており、不快・苦痛の表情に見えます。緊張はあるものの激しい興奮ではないため覚醒度は中程度と判断しました。
../database/final_database/038/001.jpg,38,001.jpg,5,-0.72,0.48,目を強く閉じ、眉を寄せて口角が下がっており、不快・苦痛の表情に見えるためvalenceは低めです。口が開いて緊張が感じられ、感情の強度は中程度に高いのでarousalはやや高めです。
../database/final_database/038/001.jpg,38,001.jpg,6,-0.68,0.52,眉が寄り目を強く閉じ、口が開いて苦痛や不快感を示す表情に見えます。表情の緊張が強く、情動の強度（覚醒度）も中程度以上と判断しました。
../database/final_database/038/001.jpg,38,001.jpg,7,-0.72,0.46,眉が寄り目が強く閉じ、口角が下がって苦痛や泣きそうな表情に見えるため不快寄りです。一方で表情筋の緊張が強く、感情の強度が高いので覚醒度はやや高めです。
../database/final_database/038/001.jpg,38,001.jpg,8,-0.78,0.42,眉間にしわが寄り目が強く閉じられ、口もへの字で苦痛や不快感が強い表情です。涙をこらえるような緊張感があり、覚醒度は中程度に高いと判断しました。
../database/final_database/038/001.jpg,38,001.jpg,9,-0.68,0.34,目を強く閉じて眉間にしわが寄り、口も歪んでいるため不快・苦痛の表情に見えます。一方で激しい動きはなく泣き出しそうな緊張が中心なので覚醒度は中程度と判断しました。
../database/final_database/038/001.jpg,38,001.jpg,10,-0.72,0.42,眉間にしわが寄り目を強く閉じ、口が下がって開いており、苦痛・不快の表情に見えます。一方で表情筋の緊張が強く、泣き出しそうな反応で覚醒度はやや高めです。
../database/final_database/038/002.jpg,38,002.jpg,1,-0.35,0.15,眉が寄り、目が細く口角が下がり気味で不快・困惑寄りの表情に見えます。一方で表情の強い緊張や興奮は少なく、覚醒度は低～中程度です。
../database/final_database/038/002.jpg,38,002.jpg,2,-0.12,0.18,口角がわずかに下がり、眉間に軽い緊張が見られるため、やや不快寄りです。一方で目の開きは保たれており、表情の緊張から覚醒度は低すぎないと判断しました。
../database/final_database/038/002.jpg,38,002.jpg,3,-0.18,0.22,眉が中央に寄り、目が細く口角もやや下がっていて、不快・困惑寄りの表情に見えます。一方で表情の強さは中程度で、覚醒度はやや高めに留まります。
../database/final_database/038/002.jpg,38,002.jpg,4,-0.28,0.22,眉が内側に寄り目が細く、口角もわずかに下がっているため不快寄りの表情に見えます。一方で表情の強度は中程度で、緊張・覚醒はやや高めと判断しました。
../database/final_database/038/002.jpg,38,002.jpg,5,-0.22,0.18,眉が内側に寄り、目が細く口角が下がり気味で、やや不快・困惑の表情に見えます。一方で口が開き軽い緊張があるものの、強い興奮は感じにくいため覚醒度は低〜中程度です。
../database/final_database/038/002.jpg,38,002.jpg,6,-0.15,0.1,眉がわずかに寄り、目が細く口角も下がり気味で、快よりもやや不快寄りに見えます。一方で表情の動きは強くなく、覚醒度は低〜中程度です。
../database/final_database/038/002.jpg,38,002.jpg,7,-0.22,0.18,眉がやや寄り、目が細く口角も下がり気味で不快寄りの表情に見えます。一方で表情の緊張は強くなく、覚醒度は低〜中程度と判断しました。
../database/final_database/038/002.jpg,38,002.jpg,8,-0.1,0.15,口角がやや下がり、眉間に軽い緊張が見られるためわずかに不快寄りです。一方で目の開きや表情の強さは中程度で、覚醒度は低〜やや高めに留まります。
../database/final_database/038/002.jpg,38,002.jpg,9,-0.18,0.22,眉がやや寄り、目が細く口角も下がり気味で、わずかに不快・困惑寄りの表情に見えます。一方で表情の強度は大きくなく、覚醒度は軽度にとどまります。
../database/final_database/038/002.jpg,38,002.jpg,10,-0.32,0.12,眉が寄り目が細く、口角もあまり上がっていないためやや不快寄りに見えます。表情の動きは強くなく緊張感も低めなので覚醒度は低〜中程度です。
../database/final_database/038/003.jpg,38,003.jpg,1,-0.45,0.35,眉が寄り気味で口角も下がり、やや不快・不安そうな表情に見えます。一方で目は開いており表情の緊張もあるため、覚醒度は中程度と判断しました。
../database/final_database/038/003.jpg,38,003.jpg,2,-0.55,0.35,眉が寄り、口角が下がって不快・不安そうな表情に見えます。一方で目が開き気味で緊張感があり、覚醒度はやや高めと判断しました。
../database/final_database/038/003.jpg,38,003.jpg,3,-0.42,0.38,眉が寄り、口角が下がって不安・不快寄りの表情に見えます。一方で目が開き緊張感があり、覚醒度はやや高めと判断しました。
../database/final_database/038/003.jpg,38,003.jpg,4,-0.62,0.48,眉が寄って口角が下がり、困惑や不快感が強い表情に見えるためvalenceは低めです。口が開いて表情の緊張があり、一定の覚醒（反応の強さ）が感じられるためarousalはやや高めです。
../database/final_database/038/003.jpg,38,003.jpg,5,-0.62,0.48,眉が寄り、口角が下がって口が少し開いており、不快・悲しみ/不安寄りの表情に見えます。一方で目の開きや口の緊張があり、落ち着いた無感情よりはやや覚醒度が高いと判断しました。
../database/final_database/038/003.jpg,38,003.jpg,6,-0.62,0.38,眉が中央に寄り、口元が下がって緊張感のある表情で、不快・不安寄りの感情が示唆されます。目や口がやや開いており、落ち着きよりも一定の覚醒（警戒・動揺）が感じられます。
../database/final_database/038/003.jpg,38,003.jpg,7,-0.58,0.46,眉が内側に寄り、口角が下がって半開きで不快・不安の表情に見えます。目の開きと顔の緊張があり、覚醒度は中程度に感じられます。
../database/final_database/038/003.jpg,38,003.jpg,8,-0.55,0.35,眉が寄り、口角が下がって不快・困惑の表情に見えるためvalenceは低めです。一方で目は開いており表情筋の緊張もあるためarousalはやや高めと判断しました。
../database/final_database/038/003.jpg,38,003.jpg,9,-0.58,0.42,眉が中央に寄り、口角が下がって不快・悲しみ寄りの表情に見えます。一方で目が開き口も開いており、多少の緊張や訴えがあって覚醒度は中程度です。
../database/final_database/038/003.jpg,38,003.jpg,10,-0.55,0.35,眉が中央に寄って上がり、口が開いて下がり気味で、困惑・不快寄りの表情に見えます。一方で目は開いており緊張感があるため、覚醒度はやや高めと判断しました。
../database/final_database/038/005.jpg,38,005.jpg,1,-0.42,0.58,眉間にしわが寄り目が細く、口が開いて歯が見えるなど不快・苦痛寄りの表情に見えます。一方で表情筋の緊張が強く、反応が活発なので覚醒度は高めです。
../database/final_database/038/005.jpg,38,005.jpg,2,-0.32,0.58,目を細めて口を開けた苦痛・不快そうな表情で、快の要素が少ないためvalenceはやや低めです。一方で表情の緊張や力みがあり反応は強めなのでarousalは高めにしました。
../database/final_database/038/005.jpg,38,005.jpg,3,-0.32,0.41,目を細め口が開いており、快というより不快・困惑や痛みを感じている表情に見えます。一方で表情筋の動きがあり反応が強めなので、覚醒度はやや高めと判断しました。
../database/final_database/038/005.jpg,38,005.jpg,4,-0.35,0.4,目が強く細まり口が開いていて、嫌悪や不快感・苦痛を示す表情に見えます。一方で表情筋の緊張があり反応も強めなので覚醒度はやや高めと判断しました。
../database/final_database/038/005.jpg,38,005.jpg,5,-0.35,0.25,目を細め口が半開きで、苦痛や不快感を示す表情に見えます。一方で動きは強くなく、覚醒度は中程度と判断しました。
../database/final_database/038/005.jpg,38,005.jpg,6,-0.35,0.4,目を細め口が開いた苦しそう・嫌悪に近い表情で、快より不快が優勢です。表情の緊張感があり反応も強めなので覚醒はやや高めと判断しました。
../database/final_database/038/005.jpg,38,005.jpg,7,-0.35,0.55,目を強く細め口が歪んで開いており、不快感や痛み・嫌悪に近い表情に見えます。一方で表情筋の緊張が強く、覚醒度はやや高いと判断しました。
../database/final_database/038/005.jpg,38,005.jpg,8,-0.35,0.2,目を細め口が開き気味で眉間に力が入っており、不快・困惑や痛みの表情に見えます。一方で動きは強すぎず、覚醒度は中程度と判断しました。
../database/final_database/038/005.jpg,38,005.jpg,9,-0.25,0.35,眉が寄り目が細く、口が開いて不快・苦痛寄りの表情に見えます。一方で口周りの緊張があり反応性は中程度なので覚醒はやや高めと判断しました。
../database/final_database/038/005.jpg,38,005.jpg,10,-0.52,0.42,眉が寄り目が細く、口が開いているため不快感や痛み・嫌悪に近い表情に見えます。一方で表情筋の緊張が強く、ある程度の覚醒（反応の強さ）が感じられます。
../database/final_database/038/006.jpg,38,006.jpg,1,-0.62,0.48,眉が寄り、口角が下がって開き気味で不快・苦痛の表情に見えるためvalenceは低めです。一方で表情筋の緊張があり反応が強いのでarousalはやや高めと判断しました。
../database/final_database/038/006.jpg,38,006.jpg,2,-0.55,0.45,眉が内側に寄って上がり、口角が下がり気味で不快・悲しみ/不安の表情に見えます。一方で目が開いて口も少し開いており、緊張感があって覚醒度はやや高めです。
../database/final_database/038/006.jpg,38,006.jpg,3,-0.58,0.52,眉が寄り、口角が下がって不快・悲しみ/苦痛の表情に見えます。一方で口が開き緊張感があり、情動の強さ（覚醒）は中程度に高いです。
../database/final_database/038/006.jpg,38,006.jpg,4,-0.62,0.41,眉が寄り口角が下がっており、不快・苦痛や悲しみの表情に見えます。一方で口が開き表情の緊張があるため、覚醒度はやや高めと判断しました。
../database/final_database/038/006.jpg,38,006.jpg,5,-0.62,0.48,眉が寄り、目元が細まり口角が下がっており不快・苦痛寄りの表情に見えます。口が開いて緊張が感じられるため覚醒度はやや高めです。
../database/final_database/038/006.jpg,38,006.jpg,6,-0.62,0.54,眉が中央に寄って上がり、口角が下がって半開きで不快・苦痛の表情に見えます。目の開きと顔全体の緊張があり、覚醒度はやや高めと判断しました。
../database/final_database/038/006.jpg,38,006.jpg,7,-0.62,0.54,眉が中央に寄って上がり、口角が下がって口が半開きで緊張や不快感が見られます。表情の強さは中程度で、落ち着きよりもやや覚醒寄りに感じられます。
../database/final_database/038/006.jpg,38,006.jpg,8,-0.52,0.42,眉が寄り、口が半開きで緊張や不快感が見られるためvalenceは負寄りです。一方で表情のこわばりや目の開きから一定の覚醒度があり、arousalはやや高めと判断しました。
../database/final_database/038/006.jpg,38,006.jpg,9,-0.58,0.52,眉が中央に寄り、目元が細く口角が下がって開いており、苦痛・不快寄りの表情に見えます。一方で表情筋の緊張と口の開きから覚醒度はやや高めと判断しました。
../database/final_database/038/006.jpg,38,006.jpg,10,-0.62,0.44,眉が中央に寄り、口が半開きで下がり気味で、不快・悲しみや不安寄りの表情に見えます。一方で表情の緊張があり、落ち着いた無感情ではないため覚醒度は中程度と判断しました。
../database/final_database/038/007.jpg,38,007.jpg,1,-0.25,0.55,口が半開きで目が大きく見開かれ、緊張や不安・驚きの要素が強い表情に見えます。快より不快寄りだが強い嫌悪ではなく、覚醒度はやや高めです。
../database/final_database/038/007.jpg,38,007.jpg,2,-0.25,0.55,口がやや開き眉間に緊張が見られ、驚きや不安を示す表情に近いです。快より不快寄りで、覚醒度は中程度以上と判断しました。
../database/final_database/038/007.jpg,38,007.jpg,3,-0.35,0.55,口が開き気味で緊張感のある表情で、快よりも不快寄りに見えます。目の見開きもあり、落ち着きより覚醒度が高い印象です。
../database/final_database/038/007.jpg,38,007.jpg,4,-0.35,0.45,口が開いており眉や目元に緊張が見られるため、やや不快寄りの印象です。一方で視線がはっきりして表情の張りがあるため、覚醒度はやや高めと判断しました。
../database/final_database/038/007.jpg,38,007.jpg,5,-0.35,0.45,口が半開きで緊張した表情に見え、快よりも不快寄りの印象です。目が見開き気味で注意・警戒が感じられ、覚醒度はやや高めと判断しました。
../database/final_database/038/007.jpg,38,007.jpg,6,-0.25,0.55,眉がやや寄り、口が開いて緊張した表情に見えるため不快寄りです。一方で目が大きく開き表情筋の緊張があり、覚醒度は高めと判断しました。
../database/final_database/038/007.jpg,38,007.jpg,7,-0.25,0.55,口が半開きで目が見開かれており、緊張や不安を示す表情に見えます。笑顔の要素が乏しく、やや不快寄りで覚醒度は高めと判断しました。
../database/final_database/038/007.jpg,38,007.jpg,8,-0.35,0.55,口が半開きで緊張感のある表情、目元も落ち着きより警戒・不安が感じられるため不快寄りです。一方で視線が強く、表情筋の張りがあるので覚醒度はやや高めと判断しました。
../database/final_database/038/007.jpg,38,007.jpg,9,-0.35,0.55,眉がやや寄り、口が緊張して半開きで不安・警戒の表情に見えるため快は低めです。一方で目が大きく開き緊張感があるので覚醒度は高めと判断しました。
../database/final_database/038/007.jpg,38,007.jpg,10,-0.4,0.55,眉が下がり目が見開かれ、口元も緊張しているため不安・恐怖寄りの不快感が強い表情に見えます。覚醒度は高めで、警戒している印象があります。
../database/final_database/038/008.jpg,38,008.jpg,1,-0.25,0.55,眉が寄り視線が落ち着かず口も半開きで、困惑や不安などやや不快寄りの感情が見られます。表情の緊張感があり覚醒度は中程度以上と判断しました。
../database/final_database/038/008.jpg,38,008.jpg,2,-0.22,0.48,眉が寄り片方が上がっており、口も半開きで戸惑い・不快寄りの表情に見えます。一方で目と口の開きがあり緊張や驚きが感じられるため覚醒度はやや高めです。
../database/final_database/038/008.jpg,38,008.jpg,3,-0.35,0.55,眉が寄り目線が不安定で、口も半開きの戸惑い・不快寄りの表情に見えます。驚きや緊張があり、覚醒度はやや高めと判断しました。
../database/final_database/038/008.jpg,38,008.jpg,4,-0.3,0.55,眉が寄り、口が半開きで困惑や不快感が見られるためvalenceはやや低めです。一方で目の開きと表情の緊張があり覚醒度は中程度に高いと判断しました。
../database/final_database/038/008.jpg,38,008.jpg,5,-0.32,0.48,眉が寄り目線が上方に逸れており、口も半開きで戸惑いや不安が感じられるため不快寄りです。一方で表情の緊張感があり覚醒度はやや高めと判断しました。
../database/final_database/038/008.jpg,38,008.jpg,6,-0.18,0.52,口が半開きで眉が寄っており、困惑や不安が混じる表情に見えるため快は低めです。一方で目の動きと表情筋の緊張があり、覚醒度はやや高めと判断しました。
../database/final_database/038/008.jpg,38,008.jpg,7,-0.25,0.45,眉が寄り目線が上を向き、口が半開きで戸惑いや不安が感じられるため不快寄りです。一方で表情筋の緊張があり注意・警戒の覚醒度はやや高めです。
../database/final_database/038/008.jpg,38,008.jpg,8,-0.22,0.47,眉が寄り目が上を向いており、口も半開きで困惑・不安の表情に見えます。ネガティブ寄りですが強い不快ではなく、驚きや緊張で覚醒度はやや高めです。
../database/final_database/038/008.jpg,38,008.jpg,9,-0.2,0.55,眉が寄り目線が定まらず口も半開きで、困惑や不安のような不快寄りの表情に見えます。一方で表情筋の緊張があり、覚醒度はやや高めです。
../database/final_database/038/008.jpg,38,008.jpg,10,-0.25,0.55,眉が寄り目が上を向き、口も半開きで困惑・不安そうな表情に見えます。ネガティブ寄りだが強い怒りではなく、緊張感のある覚醒度はやや高めです。
../database/final_database/038/009.jpg,38,009.jpg,1,0.22,-0.18,目が細く口角がわずかに上がっており、軽い快の表情に見えます。一方で表情の動きは強くなく、落ち着いた低めの覚醒度と判断しました。
../database/final_database/038/009.jpg,38,009.jpg,2,0.23,-0.18,目が細く口角がわずかに上がっており、軽い満足・微笑に近い表情に見えます。一方で表情筋の緊張や動きは強くなく、覚醒度はやや低めと判断しました。
../database/final_database/038/009.jpg,38,009.jpg,3,0.12,-0.28,目を細め口角がわずかに上がっており、軽い満足・穏やかさが感じられます。一方で表情の動きが小さく、覚醒度は低めに見えます。
../database/final_database/038/009.jpg,38,009.jpg,4,0.21,-0.18,口角がわずかに上がり、全体として軽い快の表情に見えます。一方で目が細く力みも弱いため、覚醒度はやや低めと判断しました。
../database/final_database/038/009.jpg,38,009.jpg,5,0.12,0.05,目が細く口角がわずかに上がっており、軽い快の表情に見えます。一方で表情全体の動きは小さく、覚醒度は低めと判断しました。
../database/final_database/038/009.jpg,38,009.jpg,6,0.35,-0.25,目が細く口角がやや上がっており、軽い満足・微笑の表情に見えます。一方で動きは少なく、強い緊張や興奮は感じられないため覚醒度は低めと判断しました。
../database/final_database/038/009.jpg,38,009.jpg,7,0.18,-0.12,目が細く口元がわずかに上がっており、軽い快の表情に見えます。一方で表情筋の動きが小さく、興奮度は低めに感じられます。
../database/final_database/038/009.jpg,38,009.jpg,8,0.35,-0.25,目元が細く、口角がわずかに上がっており軽い快の表情に見えます。一方で表情筋の緊張や動きが強くなく、落ち着いた低覚醒寄りです。
../database/final_database/038/009.jpg,38,009.jpg,9,0.1,-0.05,目を細め口角がわずかに上がっており、軽い好意・満足が感じられます。一方で表情の動きは小さく、興奮度は低めに見えます。
../database/final_database/038/009.jpg,38,009.jpg,10,0.15,-0.25,目を細めて口角がわずかに上がっており、軽い満足・穏やかな感情が示唆されます。一方で表情筋の緊張は強くなく、興奮度は低めに見えます。
../database/final_database/038/010.jpg,38,010.jpg,1,-0.25,0.15,目を強く閉じて口角がやや下がっており、不快・困惑寄りの表情に見えます。一方で表情筋の緊張は強すぎず、覚醒度は低〜中程度と判断しました。
../database/final_database/038/010.jpg,38,010.jpg,2,-0.35,0.25,目を強く閉じて口角が下がり、眉間にも緊張が見えるため不快寄りの表情です。一方で強い驚きや興奮ではなく、緊張はあるが中程度の覚醒と判断しました。
../database/final_database/038/010.jpg,38,010.jpg,3,-0.38,0.12,目が細く閉じ、口角が下がり気味で、苦痛や不快感が示唆される表情です。一方で表情の強い緊張や驚きは少なく、覚醒度はやや低めと判断しました。
../database/final_database/038/010.jpg,38,010.jpg,4,-0.35,0.15,眉が寄り、目を細めて口角が下がっており、不快・困惑寄りの表情に見えます。一方で表情の強さは中程度で、覚醒度は低〜やや低めと判断しました。
../database/final_database/038/010.jpg,38,010.jpg,5,-0.48,0.18,眉が寄り、目を強く閉じて口角も下がっており、不快・悲痛そうな表情に見えます。動きは大きくないものの緊張感があり、覚醒度はやや高めと判断しました。
../database/final_database/038/010.jpg,38,010.jpg,6,-0.35,0.15,眉が寄り、目が強く閉じられて口角がやや下がっており、不快・困惑や痛みの表情に見えます。一方で大きく口を開けたり激しい動きはなく、覚醒度は中程度より低めです。
../database/final_database/038/010.jpg,38,010.jpg,7,-0.55,0.1,目を強く閉じて口角が下がり気味で、つらさや不快感が表れているように見えます。一方で大きな驚きや興奮はなく、覚醒度は低〜中程度です。
../database/final_database/038/010.jpg,38,010.jpg,8,-0.35,0.2,目を強く閉じて口角が下がり気味で、苦痛・不快寄りの表情に見えます。一方で表情の緊張はあるものの激しい驚きや興奮はなく、覚醒度はやや低め〜中程度です。
../database/final_database/038/010.jpg,38,010.jpg,9,-0.42,-0.18,眉が寄り目が細く口角も下がり気味で、不快・痛みや困惑の表情に見えます。動きは強くなく落ち着いた緊張なので覚醒度はやや低めと判断しました。
../database/final_database/038/010.jpg,38,010.jpg,10,-0.3,0.25,眉が寄り、目が細く閉じ気味で口角も下がっており、不快・苦痛寄りの表情に見えます。一方で表情の強さは中程度で、覚醒度はやや高め程度と判断しました。
../database/final_database/039/001.jpg,39,001.jpg,1,0.25,0.15,口角がわずかに上がり、目元も比較的リラックスしているため、弱い快の印象です。一方で表情の強い緊張や驚きは見られず、覚醒度は低めと判断しました。
../database/final_database/039/001.jpg,39,001.jpg,2,0.25,0.15,口角がわずかに上がり、表情は穏やかで軽い快の印象です。一方で目の見開きや筋緊張は強くなく、覚醒度は低めに見えます。
../database/final_database/039/001.jpg,39,001.jpg,3,0.38,0.12,口角がやや上がり、全体として穏やかで軽い喜び・安心感が見られるためvalenceはやや正寄りです。一方で目の開きや表情筋の緊張は強くなく、興奮度は低めなのでarousalは小さく正にしました。
../database/final_database/039/001.jpg,39,001.jpg,4,0.35,0.15,口角がわずかに上がり、表情全体は穏やかでやや肯定的に見えます。一方で目の開きや表情筋の緊張は強くなく、覚醒度は低めです。
../database/final_database/039/001.jpg,39,001.jpg,5,0.35,0.25,口角がやや上がり、表情全体に軽いポジティブさが見られるため快寄りです。一方で目や眉の動きが大きくなく、興奮度は中程度よりやや低めと判断しました。
../database/final_database/039/001.jpg,39,001.jpg,6,0.35,0.25,口角がやや上がり、目元も緊張が少ないため軽い快の表情に見えます。驚きや怒りの強い開きはなく、覚醒度は中程度より低めと判断します。
../database/final_database/039/001.jpg,39,001.jpg,7,0.32,0.18,口角がやや上がり、表情全体に軽い好意・安心感が見られるためvalenceはやや正寄りです。一方で目や口の開きは小さく、興奮や緊張は強くないためarousalは低めにしました。
../database/final_database/039/001.jpg,39,001.jpg,8,0.32,0.18,口角がわずかに上がり、表情全体も柔らかいためやや快寄りのvalenceと判断しました。一方で目や口の開きは小さく、緊張や興奮は強く見えないためarousalは低めです。
../database/final_database/039/001.jpg,39,001.jpg,9,0.35,0.2,口角がやや上がり、目元も緊張が少なく穏やかな表情のため、快方向の感情が示唆されます。一方で驚きや強い緊張は見られず、覚醒度は低～中程度です。
../database/final_database/039/001.jpg,39,001.jpg,10,0.25,0.1,口角がわずかに上がり、表情は穏やかで不快感は見られません。一方で目や眉の緊張が少なく、興奮度は低めです。
../database/final_database/039/002.jpg,39,002.jpg,1,0.12,-0.08,口角がわずかに上がり中立～軽い快の表情に見えますが、目元の緊張が少なく全体として落ち着いた印象です。強い感情の高まりは感じにくいため覚醒度はやや低めにしました。
../database/final_database/039/002.jpg,39,002.jpg,2,0.32,-0.05,口角がわずかに上がり、目元も穏やかで軽い好意・安心感が見られます。一方で表情の動きは大きくなく、興奮度は低めに見えます。
../database/final_database/039/002.jpg,39,002.jpg,3,0.12,0.05,口元がわずかに上がり、全体として中立〜軽い快の表情に見えます。目や眉の動きが小さく緊張感も強くないため、覚醒度は低めと判断します。
../database/final_database/039/002.jpg,39,002.jpg,4,0.25,0.1,口角がわずかに上がり、眉や目元の緊張が少ないため、軽い快の表情に見えます。目の開きも過度ではなく、全体として落ち着いた低～中程度の覚醒です。
../database/final_database/039/002.jpg,39,002.jpg,5,0.12,0.05,口角がわずかに上がり、眉や目元の緊張が少ないため軽い快の印象です。表情の動きが小さく落ち着いて見えるため覚醒度は低めです。
../database/final_database/039/002.jpg,39,002.jpg,6,0.25,-0.05,口角がわずかに上がり、表情は全体的に穏やかで軽い快の印象です。一方で目や眉の緊張が少なく、興奮度は低めに見えます。
../database/final_database/039/002.jpg,39,002.jpg,7,0.32,-0.08,口角がわずかに上がり、表情全体は穏やかで軽い好意が見られます。一方で目の開きや筋緊張は強くなく、覚醒度は中立〜やや低めと判断しました。
../database/final_database/039/002.jpg,39,002.jpg,8,0.12,-0.08,口角がわずかに上がり、全体として中立〜軽いポジティブ寄りに見えます。一方で目元や表情の動きが小さく、興奮度は低め（落ち着いた状態）と判断しました。
../database/final_database/039/002.jpg,39,002.jpg,9,0.18,0.05,口角がわずかに上がり、全体として中立〜軽い好意の表情に見えます。一方で目元や眉の動きが小さく、興奮度は低めです。
../database/final_database/039/002.jpg,39,002.jpg,10,0.18,0.12,口角がわずかに上がり、全体として中立寄りの穏やかな表情に見えます。目の開きや眉の緊張が強くないため、覚醒度も低めと判断しました。
../database/final_database/039/004.jpg,39,004.jpg,1,0.1,0.3,口が少し開いており驚き・注意喚起のようなニュアンスがある一方、眉や口角の強い下がりは見られず概ね中立寄りです。覚醒度はやや高めですが強い興奮や緊張ほどではありません。
../database/final_database/039/004.jpg,39,004.jpg,2,0.05,0.35,口が少し開いていて驚きや発話中のような表情で、強い喜びや不快は読み取りにくいです。視線は落ち着いている一方で口元の動きから軽い覚醒（注意・反応）が感じられます。
../database/final_database/039/004.jpg,39,004.jpg,3,0.08,0.32,口が少し開いていて驚き・発話中のような表情で、強い喜びや怒りは見られません。眉や目元の緊張は軽度で、やや覚醒度が高いものの快・不快はほぼ中立寄りと判断しました。
../database/final_database/039/004.jpg,39,004.jpg,4,0.05,0.25,口が少し開いていて驚きや発話中のような表情で、強い喜びや不快は見られません。目元も比較的落ち着いており、軽い覚醒度にとどまると判断しました。
../database/final_database/039/004.jpg,39,004.jpg,5,0.1,0.35,口が少し開き、驚きや注意喚起のような表情で、強い快・不快は読み取りにくいです。目元は緊張が軽く、覚醒度はやや高めと判断しました。
../database/final_database/039/004.jpg,39,004.jpg,6,0.05,0.2,口が少し開いて目元も緊張が少ないため、強い不快・快のどちらにも偏らない中立に近い表情に見えます。わずかな驚き・注意の向きが感じられ、覚醒度はやや高めと判断しました。
../database/final_database/039/004.jpg,39,004.jpg,7,0.05,0.32,口が少し開いており驚きや関心のような反応が見られる一方、口角の上がりは弱く強い快・不快は感じにくい表情です。目元の緊張も強くないため覚醒度は中程度と判断しました。
../database/final_database/039/004.jpg,39,004.jpg,8,0.05,0.3,口が少し開いていて驚き・困惑のようなニュアンスがあり、快・不快はほぼ中立に近いと判断しました。表情の緊張は弱めですが注意が向いた状態に見えるため、覚醒度はやや高めにしました。
../database/final_database/039/004.jpg,39,004.jpg,9,0.1,0.35,口が少し開いていて驚きや軽い困惑のような表情で、強い快・不快は感じにくいです。目は大きく見開かれており注意喚起的で、覚醒度はやや高めと判断しました。
../database/final_database/039/004.jpg,39,004.jpg,10,0.05,0.32,口が少し開いていて驚きや注意喚起のような表情だが、口角の上がりは弱く強い快・不快は感じにくい。目の開きも中程度で、覚醒度はやや高めと判断した。
../database/final_database/039/005.jpg,39,005.jpg,1,0.18,0.22,口が少し開き、目線も上向きで驚きや関心に近い表情に見えます。強い喜びや不快のサインは弱く、覚醒度も中程度のためこの値にしました。
../database/final_database/039/005.jpg,39,005.jpg,2,0.2,0.4,口が少し開いて目が見開かれており、驚きや関心がうかがえる表情です。嫌悪や怒りの強さは見られないためやや快寄りで、覚醒度は中程度と判断しました。
../database/final_database/039/005.jpg,39,005.jpg,3,0.05,0.25,口が少し開き目も開いており、驚きや関心のような軽い覚醒が感じられます。一方で口角の上がりは弱く、強い快・不快どちらにも偏らない中立寄りに見えます。
../database/final_database/039/005.jpg,39,005.jpg,4,0.12,0.41,口が半開きで驚きや戸惑いに近い表情で、強い喜びや不快は読み取りにくいです。目の開きと口の動きから覚醒度はやや高めと判断しました。
../database/final_database/039/005.jpg,39,005.jpg,5,0.1,0.35,口が少し開き目も見開き気味で、驚きや関心などの軽い覚醒が感じられます。口角は強く上がっておらず不快でもないため、快は弱めの中立寄りと判断しました。
../database/final_database/039/005.jpg,39,005.jpg,6,0.1,0.35,口が少し開いて目がやや見開かれており、驚きや関心のような覚醒度のある表情に見えます。一方で口角の上がりは強くなく、快・不快は中立寄りと判断しました。
../database/final_database/039/005.jpg,39,005.jpg,7,0.12,0.38,口が少し開いて目がやや見開かれており、驚きや関心に近い表情で覚醒度はやや高めです。一方で強い笑顔や怒りは見られず快・不快は中立寄りと判断しました。
../database/final_database/039/005.jpg,39,005.jpg,8,0.05,0.28,口が少し開き、目も見開き気味で驚き・困惑のような中性的表情に見えます。強い笑顔や怒りはなく、覚醒はやや高めだが快不快はほぼ中立と判断しました。
../database/final_database/039/005.jpg,39,005.jpg,9,0.08,0.34,口が少し開いて目が見開かれており、驚きや関心のような軽い覚醒が見られます。一方で口角の上がりは強くなく、快・不快は中立に近い印象です。
../database/final_database/039/005.jpg,39,005.jpg,10,0.1,0.45,口が開いて目がやや見開かれており、驚き・関心のような表情で覚醒度は中程度に高いと判断しました。口角の強い上がりや眉間の強い緊張はなく、快不快はほぼ中立寄りのわずかに快と見積もりました。
../database/final_database/039/007.jpg,39,007.jpg,1,-0.2,0.55,口が開いて眉が下がり気味で、驚きや不安を感じさせる表情のため快よりやや不快寄りです。目が大きく見開かれており緊張感があるので覚醒度は高めです。
../database/final_database/039/007.jpg,39,007.jpg,2,-0.35,0.55,口が開き眉間がやや寄っており、驚きや不安・警戒のような不快寄りの表情に見えます。目も見開き気味で緊張感があり、覚醒度は高めと判断しました。
../database/final_database/039/007.jpg,39,007.jpg,3,-0.35,0.55,眉がやや寄り、口が開いて歯が見えており、驚きや警戒・不快寄りの緊張した表情に見えます。目も見開き気味で覚醒度は中〜高めと判断しました。
../database/final_database/039/007.jpg,39,007.jpg,4,-0.25,0.55,口が開き目が見開かれており、驚きや緊張が感じられる表情です。快よりもやや不快寄りで、覚醒度は中程度以上と判断しました。
../database/final_database/039/007.jpg,39,007.jpg,5,-0.35,0.6,目が見開かれ口が開いており、驚きや緊張・不安を示す表情に見えるため快は低めです。表情の強度が高く覚醒度は高めと判断しました。
../database/final_database/039/007.jpg,39,007.jpg,6,-0.25,0.55,口が開いて眉や目がやや緊張しており、驚き・警戒のような不快寄りの表情に見えます。一方で目の開きと表情筋の緊張から覚醒度は高めです。
../database/final_database/039/007.jpg,39,007.jpg,7,-0.35,0.6,口が開き目が見開かれており、驚きや緊張・警戒のような不快寄りの表情に見えます。表情の強度が比較的高く、覚醒度も高めと判断しました。
../database/final_database/039/007.jpg,39,007.jpg,8,-0.32,0.58,口が開いて目が見開かれており、驚きや緊張が感じられる表情です。快よりも不安・警戒寄りに見えるためvalenceはやや低め、反応の強さからarousalは高めにしました。
../database/final_database/039/007.jpg,39,007.jpg,9,-0.35,0.55,口が開いて目が見開かれており、驚きや不安・緊張を示す表情に見えます。快よりも不快寄りで、覚醒度はやや高めと判断しました。
../database/final_database/039/007.jpg,39,007.jpg,10,-0.35,0.55,眉がやや寄り、口が半開きで緊張や不安・驚きのニュアンスがあり快より不快寄りに見えます。目の見開きと表情の強さから覚醒度はやや高めです。
../database/final_database/039/008.jpg,39,008.jpg,1,-0.22,0.42,口が開き目が見開かれており、驚きや不安を感じさせる表情です。快の要素は弱く、やや不快寄りで覚醒度は中程度に高いと判断しました。
../database/final_database/039/008.jpg,39,008.jpg,2,-0.18,0.42,口が開いて目が見開かれ気味で、驚きや緊張に近い表情に見えます。快よりはやや不快寄りですが、強い嫌悪ではないためvalenceは軽度のマイナス、覚醒度は中程度のプラスと判断しました。
../database/final_database/039/008.jpg,39,008.jpg,3,-0.2,0.45,口が開いて目がやや見開かれており、驚きや不安に近い表情に見えるため快よりやや不快寄りです。表情の緊張感があり覚醒度は中程度よりやや高めと判断しました。
../database/final_database/039/008.jpg,39,008.jpg,4,-0.15,0.35,口が開いており目もやや見開いているため、驚きや緊張のような覚醒度は中程度に高いと判断しました。笑顔ではなく中立〜わずかに不快寄りの表情に見えるため、valenceは軽くマイナスにしました。
../database/final_database/039/008.jpg,39,008.jpg,5,-0.15,0.35,口が半開きで目が見開かれ気味で、驚きや戸惑いのような緊張感があるため覚醒度はやや高めです。一方で笑顔ではなく不安寄りの表情なので快度はわずかに低めと判断しました。
../database/final_database/039/008.jpg,39,008.jpg,6,-0.18,0.42,口が開いて目がやや見開かれており、驚きや困惑などの軽い不快寄りの表情に見えます。表情の動きがあり緊張感もあるため覚醒度はやや高めと判断しました。
../database/final_database/039/008.jpg,39,008.jpg,7,-0.08,0.42,口が半開きで目が見開かれ気味で、驚きや緊張といった覚醒度の高い状態に見えるためです。笑顔ではなく中立〜やや不快寄りの表情に見えるためvalenceはわずかにマイナスにしました。
../database/final_database/039/008.jpg,39,008.jpg,8,0.05,0.55,口が半開きで視線が前方に向き、驚きや注意喚起のような軽い緊張が見られます。笑顔や強い不快のサインは少なく、感情価はほぼ中立で覚醒度はやや高めと判断しました。
../database/final_database/039/008.jpg,39,008.jpg,9,-0.25,0.55,口が開いて目が見開かれ気味で、驚きや不安を示す表情に見えます。快より不快寄りで、覚醒度は中程度に高いと判断しました。
../database/final_database/039/008.jpg,39,008.jpg,10,-0.1,0.45,口が少し開き目も見開き気味で、驚きや緊張を示す表情に見えます。快不快は中立寄りですがやや不快（困惑）寄りで、覚醒度はやや高めです。
../database/final_database/039/009.jpg,39,009.jpg,1,0.15,0.25,口が少し開き、表情は中立寄りでわずかにポジティブに見えます。目や口元の緊張は強くなく、覚醒度も低～中程度です。
../database/final_database/039/009.jpg,39,009.jpg,2,0.1,0.05,口が少し開いており驚きや発話の途中のように見える一方、眉や目元の緊張が強くなく全体として中立に近い印象です。快・不快の偏りは小さく、覚醒度も低〜中程度と判断しました。
../database/final_database/039/009.jpg,39,009.jpg,3,0.1,0.15,口が少し開き、目元は強い緊張や笑顔がなく中立寄りに見えます。驚き・注意のような軽い覚醒はあるが、快不快は大きく偏っていません。
../database/final_database/039/009.jpg,39,009.jpg,4,-0.05,0.2,口が少し開いており緊張や戸惑いを示す表情で、快・不快は中立に近いがやや不快寄りに見える。目元は強い怒りや喜びほどではなく、覚醒度は軽く高め。
../database/final_database/039/009.jpg,39,009.jpg,5,0.12,0.1,口が少し開き目元の緊張が弱く、強い喜びや怒りは見られません。全体として中立〜わずかに快で、覚醒度も低めに見えます。
../database/final_database/039/009.jpg,39,009.jpg,6,0.1,0.05,口が少し開いていて驚きや発話中のように見える一方、眉や目元の緊張が弱く、強い快・不快は感じにくいです。全体として落ち着いた中立寄りで、覚醒度も低めと判断しました。
../database/final_database/039/009.jpg,39,009.jpg,7,0.12,0.1,口が少し開いていて驚きや発話中のように見える一方、目元や口角の上がりが弱く強い快・不快は感じにくいです。全体として穏やかで低〜中程度の覚醒と判断しました。
../database/final_database/039/009.jpg,39,009.jpg,8,0.1,0.25,口がやや開いて目元の緊張は強くなく、軽い驚き・注意のような表情で強い快・不快は感じにくいです。覚醒度は低〜中程度で、落ち着いた状態に見えます。
../database/final_database/039/009.jpg,39,009.jpg,9,0.08,0.12,口がわずかに開き、表情は中立に近いものの少しだけ好意的に見えます。目元の緊張が強くなく、覚醒度も低～中程度と判断しました。
../database/final_database/039/009.jpg,39,009.jpg,10,0.12,0.18,口がやや開き表情筋の緊張が少なく、強い喜怒哀楽は見られません。わずかに肯定的で軽い覚醒（注意・反応）状態に見えます。
../database/final_database/039/010.jpg,39,010.jpg,1,-0.35,0.55,目が大きく見開かれ口が開いており、驚きや緊張が感じられる表情です。快よりも不快寄りの印象があり、覚醒度はやや高めです。
../database/final_database/039/010.jpg,39,010.jpg,2,-0.35,0.55,口が開いて目が見開かれており、驚きや不安・警戒のような緊張した表情に見えます。快より不快寄りで、覚醒度はやや高めと判断しました。
../database/final_database/039/010.jpg,39,010.jpg,3,-0.35,0.62,口が開いて目が見開かれており、驚きや警戒といった緊張感の高い表情に見えます。快よりも不快・不安寄りの印象があるためvalenceはやや低め、arousalは高めにしました。
../database/final_database/039/010.jpg,39,010.jpg,4,-0.35,0.55,目が見開かれ口が開いており、驚きや警戒を感じる表情です。快より不快寄りで、覚醒度はやや高いと判断しました。
../database/final_database/039/010.jpg,39,010.jpg,5,-0.32,0.52,口が開き眉がやや緊張していて、驚きや不安寄りの表情に見えるため快は低めです。目の見開きと口の動きから覚醒度は中程度に高いと判断しました。
../database/final_database/039/010.jpg,39,010.jpg,6,-0.35,0.62,口が開いて目が見開かれており、驚きや緊張・警戒のような不快寄りの表情に見えます。表情の強度は中程度以上で、覚醒度は高めと判断しました。
../database/final_database/039/010.jpg,39,010.jpg,7,-0.45,0.6,口が開き目が見開かれており、驚きや不安・警戒のような緊張感が強い表情に見えます。快より不快寄りで、覚醒度は高めと判断しました。
../database/final_database/039/010.jpg,39,010.jpg,8,-0.35,0.55,口が開き目が見開かれており、驚きや警戒のような緊張感がある表情に見えます。快より不快寄りで、覚醒度はやや高めと判断しました。
../database/final_database/039/010.jpg,39,010.jpg,9,-0.35,0.55,口が開いて目が見開かれており、驚きや不快寄りの緊張が感じられます。表情の動きが大きく、覚醒度はやや高めと判断しました。
../database/final_database/039/010.jpg,39,010.jpg,10,-0.55,0.65,口が開いて目が見開かれており、驚きや不快・警戒の表情に見えるためvalenceは低めです。表情の緊張感が強く覚醒度は高めと判断しました。
../database/final_database/040/001.jpg,40,001.jpg,1,0.25,0.15,口が少し開き、表情は穏やかでわずかにポジティブに見えますが、笑顔の強さは弱く覚醒度も高くありません。
../database/final_database/040/001.jpg,40,001.jpg,2,0.22,0.18,口が少し開き、目も大きく見開かれていて驚きや注意喚起のような表情ですが、口角がわずかに上がっており強い不快は感じません。緊張感はあるものの強い興奮ではなく中程度の覚醒に留まります。
../database/final_database/040/001.jpg,40,001.jpg,3,0.22,0.18,口が少し開き目も大きめで、驚き・興味のような軽い覚醒が見られます。眉や口角の強い下がりがなく、不快よりはやや快寄りに見えます。
../database/final_database/040/001.jpg,40,001.jpg,4,0.12,0.18,口が少し開いており驚きや発声中のような中立寄りの表情で、強い快・不快は見られません。目の開きも大きすぎず、覚醒度は低〜中程度と判断しました。
../database/final_database/040/001.jpg,40,001.jpg,5,0.1,0.15,口が少し開いていて驚き・関心のような表情だが、笑顔ほどの快は強くないためvalenceはわずかに正寄り。目や口の開きから軽い覚醒状態と判断した。
../database/final_database/040/001.jpg,40,001.jpg,6,0.15,0.25,口が少し開いており驚き・関心に近い表情で、強い笑顔や怒りは見られません。全体としてやや快寄りだが感情強度は高くないため、valenceは軽度プラス、arousalは中程度にしました。
../database/final_database/040/001.jpg,40,001.jpg,7,0.1,0.25,口が少し開いており驚き・興味のような軽い反応が見られますが、笑顔や強い不快のサインは弱く全体として中立寄りです。目の見開きも強くないため覚醒度はやや低〜中程度と判断しました。
../database/final_database/040/001.jpg,40,001.jpg,8,0.18,0.22,口が少し開き目も大きめで、驚き・関心のような軽い覚醒が見られます。一方で笑顔の強い上がりはなく、快は弱めの中立寄りと判断しました。
../database/final_database/040/001.jpg,40,001.jpg,9,0.1,0.2,口が少し開いていて驚きや関心のような表情で、強い不快・快のどちらにも大きく偏っていません。目の開きも大きすぎず、覚醒度は軽度に高い程度と判断しました。
../database/final_database/040/001.jpg,40,001.jpg,10,0.22,0.14,口が少し開いていて驚き・発話中のような表情で、強い不快感は見られません。目元や口角の上がりが弱く、快でも不快でもない中立寄りのため、軽い快・低覚醒と判断しました。
../database/final_database/040/004.jpg,40,004.jpg,1,-0.55,0.35,眉がひそみ目元が緊張しており、口も開いて不快・困惑の表情に見えます。一方で驚きほど強い覚醒ではなく、中程度の緊張感に留まります。
../database/final_database/040/004.jpg,40,004.jpg,2,-0.42,0.48,眉が寄り、口が開いて歯が見えるなど不快・困惑（痛み/不安）寄りの表情に見えます。一方で表情筋の緊張が強く、反応性も高いため覚醒度はやや高めです。
../database/final_database/040/004.jpg,40,004.jpg,3,-0.35,0.4,眉が寄り、口が半開きで緊張や不快感が見られるためvalenceはやや低めです。一方で表情筋の緊張と目の開きから覚醒度は中程度に高いと判断しました。
../database/final_database/040/004.jpg,40,004.jpg,4,-0.35,0.45,眉が寄り、口が半開きで緊張や不快感が示唆されます。一方で表情の動きが大きく、困惑・警戒による覚醒度はやや高めです。
../database/final_database/040/004.jpg,40,004.jpg,5,-0.35,0.4,眉が寄り、口が半開きで緊張や不快感（困惑・嫌悪）を示す表情に見えます。一方で目や口周りの動きがあり、感情の活性は中程度に感じられます。
../database/final_database/040/004.jpg,40,004.jpg,6,-0.42,0.38,眉が強く寄り、口が半開きで緊張や不快感が示唆されるためvalenceはやや低めです。一方で表情筋の緊張があり驚き・戸惑い寄りの反応で覚醒度はやや高めです。
../database/final_database/040/004.jpg,40,004.jpg,7,-0.35,0.45,眉間にしわが寄り口が半開きで、困惑や不快感が見られる表情です。一方で目や口周りの緊張があり、落ち着いた無表情よりは覚醒度がやや高いと判断しました。
../database/final_database/040/004.jpg,40,004.jpg,8,-0.35,0.45,眉間にしわが寄り、口が半開きで不快・戸惑いの表情に見えるためvalenceは負寄りです。一方で表情の緊張感があり反応が強いのでarousalはやや高めです。
../database/final_database/040/004.jpg,40,004.jpg,9,-0.45,0.35,眉が寄り、口が半開きで緊張や不快感を示す表情に見えます。一方で目が見開かれ気味で覚醒度はやや高めです。
../database/final_database/040/004.jpg,40,004.jpg,10,-0.45,0.55,眉が寄って目が細まり、口が半開きで緊張や不快感が見られるためvalenceは低めです。一方で表情のこわばりがあり覚醒度は中程度以上と判断しました。
../database/final_database/040/005.jpg,40,005.jpg,1,-0.55,0.45,眉が中央に寄って上がり、口角が下がって半開きで不安・苦痛の表情に見えます。目も見開き気味で緊張感があり、覚醒度はやや高めと判断しました。
../database/final_database/040/005.jpg,40,005.jpg,2,-0.55,0.45,眉が内側に寄り、口角が下がり気味で不快・不安そうな表情に見えます。一方で目が開き気味で緊張感があり、覚醒度はやや高めと判断しました。
../database/final_database/040/005.jpg,40,005.jpg,3,-0.45,0.55,眉が上がり口角が下がっており、不安・恐怖や困惑のような不快寄りの表情に見えます。目が大きく開き緊張感があるため覚醒度はやや高めと判断しました。
../database/final_database/040/005.jpg,40,005.jpg,4,-0.55,0.45,眉が寄って口角が下がり、困惑や不快感が表れているためvalenceは低めです。一方で目が開き緊張した表情なのでarousalはやや高めと判断しました。
../database/final_database/040/005.jpg,40,005.jpg,5,-0.62,0.44,眉が寄り、口角が下がって不安・不快そうな表情に見えます。一方で目が見開かれ気味で緊張感があり、覚醒度はやや高めです。
../database/final_database/040/005.jpg,40,005.jpg,6,-0.62,0.48,口角が下がり、眉が内側に寄って不安・不快の表情に見えるためvalenceは低めです。一方で目が開き気味で緊張感があり、ある程度の覚醒が感じられるためarousalは中程度にしました。
../database/final_database/040/005.jpg,40,005.jpg,7,-0.55,0.55,眉が寄り、口角が下がって不安・苦痛を示す表情で不快寄りです。一方で目が開き表情の緊張感が強く、覚醒度はやや高めと判断しました。
../database/final_database/040/005.jpg,40,005.jpg,8,-0.55,0.45,眉が強く寄り、口角が下がって不安や苦痛の表情に見えるため不快寄りです。一方で目が開き気味で緊張感があり、覚醒度はやや高めと判断しました。
../database/final_database/040/005.jpg,40,005.jpg,9,-0.55,0.55,眉が上がり目が潤んで口角が下がっており、不安・悲しみや困惑が強い表情に見えます。情動の強さは中程度で、落ち着きよりも緊張が感じられます。
../database/final_database/040/005.jpg,40,005.jpg,10,-0.62,0.48,眉が寄り、口角が下がって半開きで、不安・苦痛のような不快感が強く見えます。一方で目が開き緊張感があり、覚醒度はやや高めと判断しました。
../database/final_database/040/006.jpg,40,006.jpg,1,-0.62,0.48,眉が強く寄り、口元も緊張していて不快・嫌悪や困惑寄りの表情に見えます。目の開きと表情筋の緊張があるため覚醒度は中程度に高いと判断しました。
../database/final_database/040/006.jpg,40,006.jpg,2,-0.55,0.4,眉が寄り、口元も緊張していて不快・不安の表情に見えます。目の開きは中程度で強い興奮ではないため、覚醒はやや高め程度と判断しました。
../database/final_database/040/006.jpg,40,006.jpg,3,-0.62,0.48,眉間にしわが寄り口角が下がっており、不快・困惑や嫌悪の表情に見えるためvalenceは低めです。一方で目が見開き気味で緊張感があるため、arousalはやや高めと判断しました。
../database/final_database/040/006.jpg,40,006.jpg,4,-0.55,0.45,眉間にしわが寄り、口角が下がって不快・不安の表情に見えます。一方で目が見開き気味で緊張感があり、覚醒度はやや高めです。
../database/final_database/040/006.jpg,40,006.jpg,5,-0.62,0.55,眉が強く寄り、口角が下がって緊張した表情で不快感が強いと判断しました。目も見開き気味で表情筋の硬さがあり、覚醒度はやや高めです。
../database/final_database/040/006.jpg,40,006.jpg,6,-0.55,0.45,眉が強く寄り、口元も緊張して不快・困惑の表情に見えます。目の見開きと顔のこわばりから適度な覚醒（緊張）が感じられます。
../database/final_database/040/006.jpg,40,006.jpg,7,-0.55,0.45,眉が寄り、口元がこわばっており不快・不安の表情に見えます。目もやや見開き気味で緊張感があるため覚醒度は中程度に高いと判断しました。
../database/final_database/040/006.jpg,40,006.jpg,8,-0.58,0.42,眉が強く寄って目も見開き気味で、口元も緊張しており不快・警戒（怒り/不安）寄りの表情に見えます。緊張感はあるものの激しい興奮ではないため、中程度の覚醒と判断しました。
../database/final_database/040/006.jpg,40,006.jpg,9,-0.55,0.4,眉間にしわが寄り、口元も緊張していて不快・困惑の表情に見えます。一方で目は開いており表情筋の緊張もあるため、覚醒度はやや高めと判断しました。
../database/final_database/040/006.jpg,40,006.jpg,10,-0.62,0.55,眉間にしわが寄り口角が下がっており、不快・困惑や怒りに近い表情に見えます。目は見開き気味で緊張感があり、覚醒度はやや高めと判断しました。
../database/final_database/040/007.jpg,40,007.jpg,1,-0.64,0.72,眉が強く寄り、口が開いて歯が見えるなど不快・怒り/恐怖寄りの表情に見えます。目の見開きと筋緊張があり覚醒度も高めです。
../database/final_database/040/007.jpg,40,007.jpg,2,-0.62,0.68,眉が強く寄り、口が半開きで緊張した表情のため不快寄り（valence低め）に見えます。目の見開きと表情筋の強い収縮から覚醒度は高め（arousal高め）と判断しました。
../database/final_database/040/007.jpg,40,007.jpg,3,-0.62,0.58,眉が寄って目が見開かれ、口が開いて緊張感のある表情で不快・警戒の感情が強い。覚醒度も高めで、驚きや怒りに近い反応が示唆されます。
../database/final_database/040/007.jpg,40,007.jpg,4,-0.62,0.68,眉が寄り、目が見開かれ、口が半開きで緊張した表情のため不快寄りです。驚き・怒りに近い覚醒度の高い表情に見えます。
../database/final_database/040/007.jpg,40,007.jpg,5,-0.62,0.58,眉が強く寄り、口が半開きで緊張した表情のため不快寄りです。目の見開きと表情筋の緊張から覚醒度は高めと判断しました。
../database/final_database/040/007.jpg,40,007.jpg,6,-0.62,0.55,眉が寄り、口が半開きで緊張や不快感が強く見られるためvalenceは低めです。一方で目が見開かれ表情の強度が高く、覚醒度は中程度以上です。
../database/final_database/040/007.jpg,40,007.jpg,7,-0.62,0.58,眉が強く寄り目が見開かれており、口も緊張して開いているため不快・怒り/嫌悪寄りの表情に見えます。表情筋の緊張が強く覚醒度も高めです。
../database/final_database/040/007.jpg,40,007.jpg,8,-0.62,0.58,眉が強く寄り、目が見開かれて口も緊張して開いており、不快・嫌悪や怒り寄りの表情に見えるためvalenceは低めです。表情の緊張と覚醒度が高く見えるためarousalは高めです。
../database/final_database/040/007.jpg,40,007.jpg,9,-0.62,0.54,眉が強く寄り、口が開いて緊張した表情で不快・警戒の印象が強いです。目の開きも大きく、驚きや怒り寄りの覚醒度が高めに見えます。
../database/final_database/040/007.jpg,40,007.jpg,10,-0.62,0.68,眉が強く寄り、目を見開き口が緊張して開いているため、不快（怒り・恐怖寄り）の印象が強いです。表情の緊張と覚醒度が高く、興奮・警戒しているように見えます。
../database/final_database/040/008.jpg,40,008.jpg,1,-0.62,0.45,口角が下がり眉間にしわが寄っており、不快・苦痛寄りの表情に見えます。一方で目が見開き気味で緊張感があり、覚醒度はやや高めと判断しました。
../database/final_database/040/008.jpg,40,008.jpg,2,-0.42,0.48,眉が寄り、口角が下がって緊張や不快感が見られるためvalenceは低めです。目が開き気味で表情に力が入っており、覚醒度はやや高いと判断しました。
../database/final_database/040/008.jpg,40,008.jpg,3,-0.62,0.48,眉間にしわが寄り口角が下がっていて不快・困惑の表情に見えるため、valenceは低めです。目が開き気味で緊張感もあるので、arousalはやや高めと判断しました。
../database/final_database/040/008.jpg,40,008.jpg,4,-0.54,0.46,眉が寄り、口元も引きつっていて不快・嫌悪や不安寄りの表情に見えます。目や口の緊張があり、覚醒度もやや高めと判断しました。
../database/final_database/040/008.jpg,40,008.jpg,5,-0.55,0.45,眉が寄り口が緊張しており、不快・不安の表情に見えます。目線や口元のこわばりから、落ち着きよりもやや覚醒度が高い状態と判断しました。
../database/final_database/040/008.jpg,40,008.jpg,6,-0.45,0.35,眉が寄り、口角が下がって歯を見せる緊張した表情で不快寄りに見えます。一方で目が開き気味で顔の筋緊張もあり、覚醒度はやや高めと判断しました。
../database/final_database/040/008.jpg,40,008.jpg,7,-0.35,0.45,口角が下がり眉が寄っており、不快・困惑の表情に見えるためvalenceは低めです。一方で目が見開かれ緊張感があるためarousalはやや高めと判断しました。
../database/final_database/040/008.jpg,40,008.jpg,8,-0.52,0.48,眉が寄り口元が引きつっており不快・警戒の表情に見えます。視線が鋭く緊張感があるため覚醒度は中程度に高いと判断しました。
../database/final_database/040/008.jpg,40,008.jpg,9,-0.55,0.65,眉が強くひそまり口角が下がっており、不快・不安や痛みを示す表情に見えます。目の開きと顔の緊張が強く、覚醒度は高めです。
../database/final_database/040/008.jpg,40,008.jpg,10,-0.58,0.46,眉が寄り口角が下がっており、不快・困惑の表情に見えるためvalenceは低めです。目が大きく開き緊張感があるのでarousalはやや高めと判断しました。
../database/final_database/040/009.jpg,40,009.jpg,1,-0.52,0.38,眉が寄り、目が細く、口角が下がっており不快・困惑の表情に見えるためvalenceは低めです。一方で表情の緊張感があり、ある程度の覚醒状態が示唆されるためarousalはやや高めです。
../database/final_database/040/009.jpg,40,009.jpg,2,-0.52,0.48,眉が寄り、口角が下がって不快・不安そうな表情が見られます。一方で目が見開き気味で表情筋の緊張があり、覚醒度は中程度に高いと判断します。
../database/final_database/040/009.jpg,40,009.jpg,3,-0.58,0.42,眉が寄り、口角が下がって半開きで不快・苦痛寄りの表情に見えます。目線も上向きで緊張感があり、覚醒度はやや高めと判断しました。
../database/final_database/040/009.jpg,40,009.jpg,4,-0.62,0.48,眉が寄り、口角が下がってやや開いており、不快・苦痛や不安を示す表情に見えます。一方で目の見開きや表情筋の緊張があり、覚醒度は中程度に高いと判断しました。
../database/final_database/040/009.jpg,40,009.jpg,5,-0.53,0.34,眉間にしわが寄り、口元も緊張していて不快・不安寄りの表情に見えます。一方で目が開き気味で緊張感があり、覚醒度はやや高めです。
../database/final_database/040/009.jpg,40,009.jpg,6,-0.52,0.31,眉が寄り、口角が下がっていて不快・不安寄りの表情に見えます。一方で目や口の緊張があり、軽い覚醒（緊張・警戒）状態と判断しました。
../database/final_database/040/009.jpg,40,009.jpg,7,-0.55,0.45,眉が中央に寄り、口元も緊張しており不快・不安の表情に見えます。一方で目の開きや筋緊張があり、覚醒度はやや高めです。
../database/final_database/040/009.jpg,40,009.jpg,8,-0.55,0.55,眉が中央に寄って上がり、口元も緊張していて不快・不安の表情に見えます。目線が上向きで表情の張りもあり、覚醒度は中程度以上と判断しました。
../database/final_database/040/009.jpg,40,009.jpg,9,-0.45,0.35,眉が寄って目が細く、口元も緊張しており不快・困惑の表情に見えます。一方で表情の強さは中程度で、覚醒度もやや高めと判断しました。
../database/final_database/040/009.jpg,40,009.jpg,10,-0.52,0.41,眉間にしわが寄り、口元もやや引きつっていて不快・不安の表情に見えます。一方で目の開きや表情筋の緊張があり、覚醒度は中程度と判断しました。
../database/final_database/040/010.jpg,40,010.jpg,1,-0.15,0.35,口元がやや引きつり、眉もわずかに寄っていて不快寄りの表情に見えます。一方で目が開き気味で表情筋の緊張もあり、覚醒度はやや高めと判断しました。
../database/final_database/040/010.jpg,40,010.jpg,2,-0.12,0.35,口角がわずかに下がり眉間に緊張が見られ、やや不快・困惑寄りの表情です。一方で目が開き気味で表情筋の緊張もあり、覚醒度は中程度と判断しました。
../database/final_database/040/010.jpg,40,010.jpg,3,-0.12,0.28,口元がやや引きつり、眉間に軽い緊張が見られるため快よりもわずかに不快寄りです。一方で目の開きと表情筋の動きがあり、覚醒度は中程度に高いと判断しました。
../database/final_database/040/010.jpg,40,010.jpg,4,0.05,0.35,口角がわずかに上がっている一方、眉間に軽い緊張があり、快・不快はほぼ中立に近い印象です。目の開きと表情筋の動きから、覚醒度はやや高めと判断しました。
../database/final_database/040/010.jpg,40,010.jpg,5,-0.15,0.35,口角がやや下がり、眉も緊張していて不快・不安寄りの表情に見えます。一方で目が開き気味で表情筋の緊張もあり、覚醒度はやや高めと判断しました。
../database/final_database/040/010.jpg,40,010.jpg,6,-0.25,0.35,口角がやや下がり、眉間に緊張が見られるため不快寄りの印象です。一方で目が開き表情筋の動きもあるため、覚醒度はやや高めと判断しました。
../database/final_database/040/010.jpg,40,010.jpg,7,-0.35,0.25,眉が寄り気味で口元も緊張しており、不快・不安寄りの表情に見えます。一方で目は開いていて表情筋の動きもあるため、覚醒度はやや高めと判断しました。
../database/final_database/040/010.jpg,40,010.jpg,8,-0.12,0.34,口元がやや引きつり、眉間に緊張が見られるため快よりもやや不快寄りに判断しました。一方で目の開きと表情筋の緊張から覚醒度は中程度にあります。
../database/final_database/040/010.jpg,40,010.jpg,9,-0.25,0.35,口元が引きつり、眉間に力が入っていて不快・困惑寄りの表情に見えます。一方で目の開きがあり緊張感も感じるため、覚醒度はやや高めと判断しました。
../database/final_database/040/010.jpg,40,010.jpg,10,-0.18,0.22,眉が少し寄り、口元も緊張していて快より不快寄りの表情に見えます。一方で目は開いており表情筋の動きもあるため、覚醒度はやや高めと判断しました。
../database/final_database/041/001.jpg,41,001.jpg,1,-0.32,0.22,口角が下がり気味で眉間に軽い緊張があり、不快寄りの印象です。目線の鋭さはあるものの全体の動きは強くなく、覚醒度はやや低〜中程度に見えます。
../database/final_database/041/001.jpg,41,001.jpg,2,-0.2,0.25,口角が下がり気味で眉間に軽い緊張があり、不快・不満寄りの表情に見えます。一方で目の開きは保たれており、軽い覚醒（注意・警戒）状態と判断しました。
../database/final_database/041/001.jpg,41,001.jpg,3,-0.28,0.18,口角がやや下がり、眉が寄っていて不満・警戒のニュアンスがあるためvalenceは低めです。一方で表情の強さは中程度で、興奮や驚きほどではないためarousalはやや低〜中程度にしました。
../database/final_database/041/001.jpg,41,001.jpg,4,-0.22,0.18,口角がわずかに下がり、眉間に軽いしわが見えるため不快寄りの表情に見えます。一方で表情の強さは弱く、覚醒度は低〜中程度と判断します。
../database/final_database/041/001.jpg,41,001.jpg,5,-0.25,0.3,口角がやや下がり眉も寄っていて、不快・不満寄りの表情に見えます。一方で目は開いており表情の緊張感もあるため、覚醒度はやや高めと判断しました。
../database/final_database/041/001.jpg,41,001.jpg,6,-0.28,0.22,口角がやや下がり眉間に軽い緊張が見られ、不快寄りの表情に見えます。一方で表情の強さは中程度で、覚醒度はやや高めと判断しました。
../database/final_database/041/001.jpg,41,001.jpg,7,-0.32,0.18,口角がやや下がり、眉間に軽い緊張が見られるため不快寄りの表情です。一方で表情の強度は強くなく、覚醒度は低〜中程度にとどまります。
../database/final_database/041/001.jpg,41,001.jpg,8,-0.28,0.34,眉が寄り、口角も下がり気味でやや不快・不満そうな表情に見えます。一方で視線が鋭く表情の緊張があるため、覚醒度はやや高めと判断しました。
../database/final_database/041/001.jpg,41,001.jpg,9,-0.18,0.32,口元が引き締まり眉もやや寄っていて、不快・警戒のニュアンスが見られます。一方で目は開いて注意が向いており、覚醒度はやや高めです。
../database/final_database/041/001.jpg,41,001.jpg,10,-0.25,0.15,口角がやや下がり、眉が寄っているため不快寄りの表情に見えます。一方で目の開きは大きくなく、強い興奮は感じられないため覚醒度は低めです。
../database/final_database/041/002.jpg,41,002.jpg,1,0.22,-0.18,口角がわずかに上がり、全体として穏やかな表情で軽い快が示唆されます。一方で目元の緊張や大きな動きが少なく、覚醒度はやや低めに見えます。
../database/final_database/041/002.jpg,41,002.jpg,2,0.15,-0.35,口角がわずかに上がり、表情は穏やかで軽い肯定感が見られます。一方で目元の緊張や動きが少なく、全体として落ち着いた低覚醒の状態です。
../database/final_database/041/002.jpg,41,002.jpg,3,0.12,-0.18,口角がわずかに上がり、全体として穏やかな表情で軽い快が見られます。一方で目元や表情筋の緊張が少なく、覚醒度は低めに見えます。
../database/final_database/041/002.jpg,41,002.jpg,4,0.12,-0.18,口元がわずかに上がっており大きな不快感は見られないため、valenceは軽く正寄りです。一方で目の開きや表情筋の緊張が弱く、全体に落ち着いた印象なのでarousalはやや低めです。
../database/final_database/041/002.jpg,41,002.jpg,5,0.12,-0.18,口角がわずかに上がっており不快感は少ない一方、目元や表情筋の緊張が弱く全体に落ち着いた印象です。強い興奮や驚きは見られません。
../database/final_database/041/002.jpg,41,002.jpg,6,0.2,-0.3,口角がわずかに上がっており不快さは少ないため、軽い快のvalenceと判断しました。一方で目元や表情筋の緊張が強くなく落ち着いた印象のため、arousalはやや低めです。
../database/final_database/041/002.jpg,41,002.jpg,7,0.1,-0.2,口角がわずかに上がっており強い不快感は見られないため、快寄りのvalenceと判断しました。一方で目元や表情筋の動きが小さく、落ち着いた印象のためarousalはやや低めです。
../database/final_database/041/002.jpg,41,002.jpg,8,0.15,-0.25,口角がわずかに上がり、穏やかな表情で軽い快の印象があります。一方で目元や表情筋の緊張が少なく、全体として落ち着いた低覚醒に見えます。
../database/final_database/041/002.jpg,41,002.jpg,9,0.18,-0.22,口元がわずかに上がっており軽いポジティブさが感じられますが、目元の開きや表情筋の動きが小さく全体として落ち着いた（低覚醒）印象です。
../database/final_database/041/002.jpg,41,002.jpg,10,0.25,-0.15,口元がわずかに上がっており穏やかな微笑に見えるため、快（valence）はやや正寄りです。一方で目元や表情筋の緊張が弱く落ち着いた印象のため、覚醒度（arousal）はやや低めです。
../database/final_database/041/003.jpg,41,003.jpg,1,0.12,0.22,片目を細め口角もわずかに上がっており、軽いからかい・自信のある表情でやや快寄りに見えます。表情の動きはあるものの強い興奮はなく、中程度の覚醒と判断しました。
../database/final_database/041/003.jpg,41,003.jpg,2,0.12,0.18,口元はわずかに上がっており軽い快の要素がありますが、片目を細め眉間に力が入っていて違和感・緊張も混ざっています。表情の動きは強くなく、覚醒度は低〜中程度です。
../database/final_database/041/003.jpg,41,003.jpg,3,0.25,0.15,口元はわずかに上がっており全体としては軽い快の印象ですが、片目を細めた表情で緊張や違和感も少し感じられます。表情の動きは強くなく、覚醒度は低〜中程度です。
../database/final_database/041/003.jpg,41,003.jpg,4,0.18,0.12,片目を細めた軽いウィンクのような表情で、口元にわずかな上向きが見られます。強い興奮や緊張は感じにくく、落ち着いた軽いポジティブさです。
../database/final_database/041/003.jpg,41,003.jpg,5,0.15,0.25,片目を細めた軽いしかめ面で、強い喜びはなくやや不満げに見えます。一方で表情の緊張はあるため覚醒度は中程度に寄せました。
../database/final_database/041/003.jpg,41,003.jpg,6,0.12,0.18,口角はわずかに上がっている一方、目が細く眉間に軽い緊張が見られ、快・不快が混在した表情です。覚醒度は強い驚きや興奮はなく、軽い緊張がある程度にとどまります。
../database/final_database/041/003.jpg,41,003.jpg,7,0.12,0.18,口角はわずかに上がり、全体として軽い好意（やや快）を示しますが、片目を細めた表情で緊張や警戒も少し感じられます。表情の強度は中程度で、覚醒度はやや低め〜中程度です。
../database/final_database/041/003.jpg,41,003.jpg,8,0.15,0.05,口角はわずかに上がっていますが、片目を細めて眉間に軽いしわがあり、快と不快が混ざった表情に見えます。動きは強くなく、覚醒度は低めです。
../database/final_database/041/003.jpg,41,003.jpg,9,0.12,0.18,口元はわずかに上がっており軽い快の要素がありますが、片目を細めて眉間に少し緊張が見られ、戸惑い・違和感も混ざった表情です。覚醒度は強い驚きや興奮はなく中程度の緊張に留まっています。
../database/final_database/041/003.jpg,41,003.jpg,10,0.12,0.18,口元はわずかに上がっており軽い快の要素がありますが、片目を細め眉間にしわが寄っていて不快・困惑も混ざっています。表情の強度は強くないため覚醒度は低〜中程度です。
../database/final_database/041/006.jpg,41,006.jpg,1,-0.12,0.22,口角がわずかに下がり眉間に緊張があり、不快寄りに見えます。一方で目が開いて表情筋の緊張もあるため、覚醒度はやや高めです。
../database/final_database/041/006.jpg,41,006.jpg,2,0.12,0.18,口元はわずかに上がっており軽い快の表情ですが、眉間にしわがあり困惑・緊張も混ざっています。全体として感情強度は強くなく、覚醒度は低〜中程度です。
../database/final_database/041/006.jpg,41,006.jpg,3,-0.12,0.18,口角がわずかに上がっている一方、眉が寄っていて不快・困惑寄りの表情に見えます。表情の強度は高くなく、覚醒度は軽度の上昇にとどまります。
../database/final_database/041/006.jpg,41,006.jpg,4,0.08,0.15,口元にわずかな笑みがあり全体として中立〜やや快の表情ですが、眉間の寄りが少し見られ不安・困惑も混ざっています。表情変化は小さく、覚醒度は低〜中程度です。
../database/final_database/041/006.jpg,41,006.jpg,5,-0.2,0.1,口角がやや下がり気味で眉間に軽い緊張があり、わずかに不快寄りに見えます。一方で表情の強い興奮や緊迫はなく、覚醒度は低めです。
../database/final_database/041/006.jpg,41,006.jpg,6,-0.12,0.18,口角がわずかに下がり、眉間に軽い緊張が見られるため快より不快寄りです。一方で表情の強度は高くなく、軽い覚醒レベルと判断しました。
../database/final_database/041/006.jpg,41,006.jpg,7,-0.22,0.12,眉がややひそまり口元も強い笑顔ではなく、少し不快・不安寄りの表情に見えます。一方で表情の緊張は強くなく、覚醒度は低〜中程度と判断しました。
../database/final_database/041/006.jpg,41,006.jpg,8,-0.18,0.22,眉がわずかに寄り、口元も緊張して見えるため快より不快寄りです。一方で表情の強さは中程度で、覚醒度はやや高めと判断しました。
../database/final_database/041/006.jpg,41,006.jpg,9,-0.18,0.22,口元はわずかに上がっていますが、眉が寄っていて不安・困惑の表情が強く、快よりもやや不快寄りに見えます。表情の緊張は中程度で、覚醒度は低〜中程度と判断しました。
../database/final_database/041/006.jpg,41,006.jpg,10,-0.12,0.18,口元はわずかに上がっているものの、眉が寄り気味で困惑・不安そうな表情に見えるため、快は弱くやや不快寄りと判断しました。表情の強さは中程度で、覚醒度は低〜やや高めと推定しました。
../database/final_database/041/007.jpg,41,007.jpg,1,-0.12,0.18,口元はわずかに下がり、目も細めで軽い不快・警戒のニュアンスが見られます。一方で表情の動きは強くなく、覚醒度は低〜中程度にとどまります。
../database/final_database/041/007.jpg,41,007.jpg,2,0.1,0.15,口元がわずかに上がり穏やかな表情に見えるため快寄りです。一方で目元の緊張は強くなく、全体として落ち着いているため覚醒度は低めです。
../database/final_database/041/007.jpg,41,007.jpg,3,0.1,0.05,口元がわずかに上がり穏やかで、強い不快感は見られません。一方で表情の変化や目の開きは控えめで覚醒度は低めです。
../database/final_database/041/007.jpg,41,007.jpg,4,0.05,0.15,口元がわずかに上がっている一方、目元が細く緊張感があり、快・不快は中立寄りに見えます。表情の動きは小さく、覚醒度も低〜中程度と判断しました。
../database/final_database/041/007.jpg,41,007.jpg,5,-0.12,0.18,口元はわずかに上がっていますが、眉と目元がやや緊張して見え、快・不快は中立から少し不快寄りに感じられます。表情の動きは小さく、覚醒度は低〜中程度です。
../database/final_database/041/007.jpg,41,007.jpg,6,-0.15,0.25,口元はわずかに上がっていますが、眉間に力が入っていて緊張・不快寄りの印象です。表情の強さは中程度で、軽い覚醒（注意・緊張）を感じます。
../database/final_database/041/007.jpg,41,007.jpg,7,-0.05,0.25,口元はわずかに上がっていますが、目が細く眉間が寄っており、快・不快が拮抗したやや不快寄りの表情に見えます。緊張感や集中が少し感じられるため覚醒度はやや高めです。
../database/final_database/041/007.jpg,41,007.jpg,8,-0.22,0.18,口元はやや引き締まり、眉間にも軽い緊張が見られるため快より少し不快寄りと判断しました。一方で表情の動きは強くなく、覚醒度は低〜中程度です。
../database/final_database/041/007.jpg,41,007.jpg,9,-0.12,0.18,口元はわずかに上がっているものの、目元が細く緊張感があり、全体として中立〜やや不快寄りに見えます。表情の強度は高くなく、覚醒度は軽度の上昇にとどまります。
../database/final_database/041/007.jpg,41,007.jpg,10,-0.12,0.18,口元はわずかに微笑んでいるようにも見えますが、眉間が寄って目つきが鋭く、やや不快・警戒のニュアンスがあります。表情の動きは強くなく、覚醒度は低め〜中程度です。
../database/final_database/041/008.jpg,41,008.jpg,1,-0.41,0.22,眉が寄り、口角がやや下がっていて不快・不満そうな表情に見えます。一方で目の開きや表情筋の緊張は強すぎず、覚醒度は中程度と判断しました。
../database/final_database/041/008.jpg,41,008.jpg,2,-0.35,0.25,眉間にしわが寄り、口元もやや下がっていて不快・疑念の表情に見えるためvalenceは低めです。一方で表情の緊張はあるものの強い興奮ではなく中程度なのでarousalはやや高めにしました。
../database/final_database/041/008.jpg,41,008.jpg,3,-0.38,0.22,眉が寄り、口元も引き締まっていて不快・不満そうな表情に見えます。一方で激しい驚きや興奮はなく、覚醒度はやや低め～中程度と判断しました。
../database/final_database/041/008.jpg,41,008.jpg,4,-0.28,0.12,眉間にしわが寄り口角が下がっており、不快・不満寄りの表情に見えます。一方で目の開きや表情筋の緊張は強すぎず、覚醒度は低〜中程度と判断しました。
../database/final_database/041/008.jpg,41,008.jpg,5,-0.32,0.18,眉が寄り目線が横に逸れており、不快感や疑念のようなネガティブ寄りの表情に見えます。口元の動きは小さく強い興奮は感じにくいため、覚醒度はやや低めと判断しました。
../database/final_database/041/008.jpg,41,008.jpg,6,-0.35,0.25,口角が下がり眉間にしわが寄っており、不快・不満寄りの表情に見えます。一方で強い興奮や緊張は感じにくく、覚醒度はやや低め～中程度です。
../database/final_database/041/008.jpg,41,008.jpg,7,-0.32,0.18,眉が寄り、口角がやや下がっており不快・困惑寄りの表情に見えます。一方で目の見開きや口の緊張は強くなく、覚醒度は低〜中程度です。
../database/final_database/041/008.jpg,41,008.jpg,8,-0.36,0.18,眉間にしわが寄り、口元もやや緊張しており不快・不満寄りの表情に見えます。一方で表情の強度は中程度で、興奮や活発さは高くありません。
../database/final_database/041/008.jpg,41,008.jpg,9,-0.32,0.18,口角が下がり、眉間にしわが寄っていて不快・困惑の表情に見えます。一方で目の開きは強くなく、興奮度はやや低めです。
../database/final_database/041/008.jpg,41,008.jpg,10,-0.32,0.12,眉間にしわが寄り口角がやや下がっており、不快・不満そうな表情に見えます。一方で目や口の緊張は強すぎず、覚醒度は低め〜中程度と判断しました。
../database/final_database/041/009.jpg,41,009.jpg,1,-0.25,0.3,眉が寄り目が細く、口元もやや歪んでいるため不快・困惑寄りの表情に見えます。一方で口が開き表情筋の動きがあるので、覚醒度はやや高めと判断しました。
../database/final_database/041/009.jpg,41,009.jpg,2,-0.38,0.22,眉が寄り目が細く、口元も引きつった形で不快・困惑の表情に見えます。一方で強い驚きや興奮はなく、覚醒度はやや低〜中程度です。
../database/final_database/041/009.jpg,41,009.jpg,3,-0.35,0.3,口角が下がり、目も細めで不快・困惑寄りの表情に見えます。一方で口が開き緊張感があるため、覚醒度はやや高めと判断しました。
../database/final_database/041/009.jpg,41,009.jpg,4,-0.32,0.41,目が細まり口角が下がり気味で、やや不快・困惑した表情に見えます。一方で口が開き表情の緊張があるため、覚醒度はやや高めと判断しました。
../database/final_database/041/009.jpg,41,009.jpg,5,-0.35,0.25,眉が寄り、目が細く口が半開きで、やや不快・困惑の表情に見えます。一方で表情の強度は極端ではなく、軽い覚醒状態と判断しました。
../database/final_database/041/009.jpg,41,009.jpg,6,-0.18,0.22,口角がやや下がり、眉間に軽い緊張が見られるため不快寄りです。一方で表情の強さは中程度で、軽い覚醒状態と判断しました。
../database/final_database/041/009.jpg,41,009.jpg,7,-0.42,0.28,口角が下がり気味で眉間にも緊張が見られ、不快・戸惑いの方向の表情に見えます。一方で目は大きく見開かれておらず、興奮よりは中程度の覚醒と判断しました。
../database/final_database/041/009.jpg,41,009.jpg,8,-0.55,0.35,眉が寄り、口角が下がって苦痛・不快そうな表情に見えるためvalenceは低めです。一方で表情筋の緊張があり反応性はあるのでarousalはやや高めと判断しました。
../database/final_database/041/009.jpg,41,009.jpg,9,-0.55,0.35,眉が寄り気味で目が細く、口元も緊張しており不快・困惑寄りの表情に見えます。一方で表情の歪みがあり、ある程度の覚醒（反応の強さ）が感じられます。
../database/final_database/041/009.jpg,41,009.jpg,10,-0.28,0.22,眉が寄り目が細く、口元も歪んでおり不快感や戸惑いが感じられます。一方で表情の強さは中程度で、覚醒度はやや高めに見えます。
../database/final_database/041/010.jpg,41,010.jpg,1,-0.22,0.18,口角がやや下がり、眉間に軽いしわが見えるため不快寄りの印象です。一方で表情の強さは中程度で、覚醒度はわずかに高めと判断しました。
../database/final_database/041/010.jpg,41,010.jpg,2,-0.12,0.18,口角がわずかに下がり眉間に軽いしわがあり、やや不快寄りの表情に見えます。一方で目は開いており緊張感は強くないため、覚醒度は低〜中程度です。
../database/final_database/041/010.jpg,41,010.jpg,3,-0.22,0.12,口角がやや下がり、眉間に軽いしわが見えるため快より不快寄りに感じます。一方で目の開きや表情の強さは強くなく、覚醒度は低〜中程度です。
../database/final_database/041/010.jpg,41,010.jpg,4,-0.22,0.12,口角がわずかに下がり、眉間に軽いしわが見られるためやや不快寄りに判断しました。一方で目の開きや表情の強さは弱く、覚醒度は低〜中程度です。
../database/final_database/041/010.jpg,41,010.jpg,5,-0.22,0.18,眉が寄り、口元がやや緊張して見えるため快より不快寄りです。一方で表情の強度は強すぎず、覚醒度は軽度の上昇に留まります。
../database/final_database/041/010.jpg,41,010.jpg,6,-0.22,0.18,眉が内側に寄り口角がやや下がっており、困惑・不満寄りの表情で快は低めです。一方で目の開きは普通で表情変化は小さく、覚醒度は軽度に留まります。
../database/final_database/041/010.jpg,41,010.jpg,7,-0.28,0.22,眉が寄り、口角もやや下がっていて不快・不満寄りの表情に見えます。一方で目は開いており緊張感はあるものの強い興奮ではないため、覚醒度は軽度に高い程度と判断しました。
../database/final_database/041/010.jpg,41,010.jpg,8,-0.35,0.25,口角がわずかに下がり眉間にしわが寄っていて、不快・戸惑い寄りの表情に見えます。一方で目は開いており緊張感はあるものの強い興奮ではないため、覚醒度は中程度と判断しました。
../database/final_database/041/010.jpg,41,010.jpg,9,-0.35,0.25,口角がわずかに下がり眉間にしわが寄っていて不快・不満寄りに見えるためvalenceは低めです。一方で表情の緊張はあるものの強い驚きや興奮ではないためarousalは軽度の覚醒に留まります。
../database/final_database/041/010.jpg,41,010.jpg,10,-0.22,0.18,眉間にしわが寄り、口角もやや下がっており不快寄りの表情に見えます。一方で驚きや強い緊張は弱く、覚醒度は低〜中程度です。
../database/final_database/042/002.jpg,42,002.jpg,1,-0.12,0.08,口角がやや下がり気味で目元も緊張が少なく、わずかに不快・困惑寄りの表情に見えます。一方で表情の強い動きは少なく、覚醒度は低～中程度です。
../database/final_database/042/002.jpg,42,002.jpg,2,-0.12,-0.28,口角がやや下がり、目元も緊張が少なく、快・不快ではわずかに不快寄りに見えます。表情の動きが小さく落ち着いているため、覚醒度は低めと判断しました。
../database/final_database/042/002.jpg,42,002.jpg,3,-0.18,-0.05,口角がやや下がり、目元も強い笑顔ではなく不快寄りの中立表情に見えます。表情の動きは小さく、覚醒度は低め（落ち着いた状態）と判断しました。
../database/final_database/042/002.jpg,42,002.jpg,4,-0.08,-0.24,口角がやや下がり、目元も力が弱く快の表情ではないためvalenceはわずかにマイナス。表情の動きが小さく緊張感も低めに見えるためarousalは低めに推定しました。
../database/final_database/042/002.jpg,42,002.jpg,5,0.1,-0.15,口角がわずかに上がっており不快感は強くない一方、目元がやや重く全体に落ち着いた表情で覚醒度は低めに見えます。
../database/final_database/042/002.jpg,42,002.jpg,6,-0.1,-0.35,口角がわずかに下がり、目元もやや重たく見えるため快より不快寄りです。表情の動きが小さく緊張感も強くないので覚醒度は低めと判断しました。
../database/final_database/042/002.jpg,42,002.jpg,7,-0.12,-0.28,口角がほぼ水平で目も半開きに見え、明確な笑顔や怒りはなくやや不快寄りの中立表情です。表情の動きが小さく緊張感も強くないため覚醒度は低めと判断しました。
../database/final_database/042/002.jpg,42,002.jpg,8,-0.12,-0.18,口角がわずかに下がり、目元もリラックスしていて快でも不快でもない中立〜やや不快寄りに見えます。表情の動きが小さく緊張感も低いため、覚醒度は低めと判断しました。
../database/final_database/042/002.jpg,42,002.jpg,9,0.12,-0.28,口角がわずかに上がり不快ではない一方、目の開きや表情筋の緊張が弱く落ち着いた印象です。全体として軽い好意・中程度の低覚醒と判断しました。
../database/final_database/042/002.jpg,42,002.jpg,10,-0.12,-0.28,口角がわずかに下がり、目元もやや力が抜けていて快の表情は強くありません。表情の動きが小さく全体に落ち着いているため覚醒度も低めと判断しました。
../database/final_database/042/003.jpg,42,003.jpg,1,0.15,-0.2,口元がわずかに上がり、全体として軽い好意・安心感が見られるためvalenceはややプラスです。一方で目の開きが小さく表情の動きも弱いため、覚醒度はやや低めと判断しました。
../database/final_database/042/003.jpg,42,003.jpg,2,0.05,-0.25,口元にわずかな上がりが見られる一方、目元は半開きで活力が低く、全体として中立〜軽い快の表情に見えます。表情の動きが小さくリラックス寄りのため覚醒度は低めと判断しました。
../database/final_database/042/003.jpg,42,003.jpg,3,0.12,-0.18,口元がわずかに上がり軽い微笑に見える一方、目元の開きが小さく表情全体は落ち着いています。強い興奮や緊張は感じにくいためarousalは低めにしました。
../database/final_database/042/003.jpg,42,003.jpg,4,-0.12,0.08,口角がわずかに下がり気味で笑顔ではなく、やや不快・困惑寄りに見えます。一方で目や表情の強い緊張は少なく、覚醒度は低め〜中立に近いです。
../database/final_database/042/003.jpg,42,003.jpg,5,-0.12,0.08,口角がわずかに上がっている一方で、目元が細く緊張感があり、快・不快が中立付近の複雑な表情に見えます。表情の動きは小さく、覚醒度も低〜中程度と判断しました。
../database/final_database/042/003.jpg,42,003.jpg,6,-0.08,-0.12,口元がわずかに歪み、目も細めで緊張や不快感が少し感じられます。一方で表情変化は大きくなく、覚醒度は低めに見えます。
../database/final_database/042/003.jpg,42,003.jpg,7,0.12,-0.18,口角がわずかに上がり不快さは強くないため、valenceはやや正寄りです。一方で目元の緊張が少なく表情変化も穏やかなので、arousalはやや低めと判断しました。
../database/final_database/042/003.jpg,42,003.jpg,8,0.12,-0.18,口元にわずかな上がりがあり不快というよりやや快の印象ですが、目元が半開きで表情の強さは弱く落ち着いた状態に見えます。全体として穏やかで低覚醒の軽いポジティブ寄りと判断しました。
../database/final_database/042/003.jpg,42,003.jpg,9,0.12,-0.08,口角がわずかに上がり、全体として中立〜軽い好意の表情に見えます。一方で目元の動きが小さく、興奮や緊張は低めで落ち着いた状態に感じられます。
../database/final_database/042/003.jpg,42,003.jpg,10,0.12,-0.18,口角がわずかに上がっており不快ではないものの、目元の緊張が少なく全体として穏やかで低覚醒に見えます。強い喜びや驚きは感じられません。
../database/final_database/042/004.jpg,42,004.jpg,1,0.05,-0.1,口元はわずかに上がっていて中立〜軽い快の印象ですが、目が細く力が入っておらず全体として落ち着いた表情です。強い感情の高まりは見られないため覚醒度は低めにしました。
../database/final_database/042/004.jpg,42,004.jpg,2,-0.12,0.08,目元がやや細く、口角もほとんど上がっておらず、わずかに不快・不満寄りの中立表情に見えます。表情筋の動きは強くなく、覚醒度は低〜中程度と判断しました。
../database/final_database/042/004.jpg,42,004.jpg,3,0.12,-0.08,口角がわずかに上がっていますが、眉間に軽い緊張があり強い快情動ではありません。表情の動きが小さく落ち着いているため覚醒度は低めです。
../database/final_database/042/004.jpg,42,004.jpg,4,0.05,0.1,口元がわずかに上がっている一方、眉が少し寄っていて困惑や緊張も感じられるため快不快は中立寄りです。目の開きや表情の強さが控えめで、覚醒度も低～中程度に見えます。
../database/final_database/042/004.jpg,42,004.jpg,5,0.1,0.05,口角がわずかに上がっており不快よりは中立〜軽い快の印象ですが、眉間に力が入っていて強い喜びではありません。表情の動きが小さく、覚醒度も低〜中立寄りです。
../database/final_database/042/004.jpg,42,004.jpg,6,0.12,-0.18,口元がわずかに上がっており強い不快感は見られない一方、目元と眉の動きが小さく全体として表情の強度が低いです。そのため快は弱めで、覚醒度もやや低めと判断しました。
../database/final_database/042/004.jpg,42,004.jpg,7,-0.08,0.12,口角がわずかに上がっている一方で眉間に軽いしわがあり、快・不快が中立寄りに見えます。表情の動きは小さく落ち着いているため覚醒度はやや低めと判断しました。
../database/final_database/042/004.jpg,42,004.jpg,8,0.12,-0.18,口元がわずかに上がっており強い不快感は見られない一方、目元が細く表情の動きが小さいため快は弱めと判断しました。表情の緊張や驚きは少なく、全体として落ち着いた低覚醒寄りです。
../database/final_database/042/004.jpg,42,004.jpg,9,-0.12,-0.18,口角がわずかに下がり、眉間に軽いしわが見られるため、やや不快寄りの印象です。目の開きや表情の動きが小さく、全体として覚醒度は低めに見えます。
../database/final_database/042/004.jpg,42,004.jpg,10,0.12,-0.18,口元がわずかに上がっており不快感は強くない一方、目元や眉の動きが小さく全体として落ち着いた表情に見えるためです。強い興奮や緊張は感じられません。
../database/final_database/042/006.jpg,42,006.jpg,1,0.25,-0.35,目が閉じていて口元がわずかに上がっており、穏やかでやや快の表情に見えます。動きや緊張感は少なく、落ち着いた低覚醒寄りと判断しました。
../database/final_database/042/006.jpg,42,006.jpg,2,0.32,-0.22,目を閉じて口角がわずかに上がっており、穏やかな満足感が見られます。表情の動きが小さくリラックスしているため覚醒度は低めです。
../database/final_database/042/006.jpg,42,006.jpg,3,0.1,-0.35,目を閉じて口元がわずかに上がっており、穏やかで軽い快の印象です。表情筋の動きが小さく緊張感も低いため、覚醒度はやや低めと判断しました。
../database/final_database/042/006.jpg,42,006.jpg,4,0.2,-0.4,口角がわずかに上がり、全体として穏やかな表情に見えるため快寄りです。一方で目を閉じて力みが少なく、落ち着いた状態に見えるため覚醒度は低めです。
../database/final_database/042/006.jpg,42,006.jpg,5,0.25,-0.45,目が閉じられており口元がわずかに上がっていて、穏やかでやや快の表情に見えます。一方で動きや緊張感は低く、落ち着いた低覚醒と判断しました。
../database/final_database/042/006.jpg,42,006.jpg,6,0.28,-0.38,口角がわずかに上がり、表情全体は穏やかで軽い快の印象があります。一方で目が閉じ気味で筋緊張も強くなく、覚醒度は低めに見えます。
../database/final_database/042/006.jpg,42,006.jpg,7,0.22,-0.38,口角がわずかに上がり表情全体が穏やかで、不快さは見られません。一方で目を閉じており緊張感が低く、覚醒度は低めと判断しました。
../database/final_database/042/006.jpg,42,006.jpg,8,0.18,-0.34,口角がわずかに上がっており穏やかな表情で、全体としてやや快寄りです。目を閉じてリラックスしているように見えるため覚醒度は低めと判断しました。
../database/final_database/042/006.jpg,42,006.jpg,9,0.35,-0.25,目を閉じて口角がわずかに上がっており、穏やかでやや快の印象です。一方で動きや緊張感が少なく、覚醒度は低めに見えます。
../database/final_database/042/006.jpg,42,006.jpg,10,0.32,-0.28,目を閉じて口元がわずかに上がっており、穏やかで軽い満足感が示唆されます。一方で表情の動きは小さく、落ち着いた低覚醒の状態に見えます。
../database/final_database/042/007.jpg,42,007.jpg,1,-0.25,0.15,眉間にしわが寄り、口元もわずかに下がっていて不快寄りの表情に見えます。一方で動きは強くなく、覚醒度は低〜中程度と判断しました。
../database/final_database/042/007.jpg,42,007.jpg,2,-0.23,0.19,眉が寄って額にしわがあり、口元もわずかに下がっていて軽い不快・困惑の表情に見えます。一方で表情の強度は高くなく、覚醒度はやや低〜中程度です。
../database/final_database/042/007.jpg,42,007.jpg,3,-0.32,0.18,眉が寄り、目が細く口角もやや下がっており不快・困惑寄りの表情に見えます。一方で表情の強さは中程度で、興奮度は低〜やや低めです。
../database/final_database/042/007.jpg,42,007.jpg,4,-0.18,0.22,眉が寄り、目が細く口角もやや下がっていて不快・困惑寄りの表情に見えます。一方で表情の強度は強すぎず、緊張は中程度なので覚醒はやや高めと判断しました。
../database/final_database/042/007.jpg,42,007.jpg,5,-0.12,0.18,眉が寄り、目が細く口角もわずかに下がって見えるため、軽い不快・困惑寄りの表情です。一方で表情の強度は高くなく、覚醒度はやや低〜中程度と判断しました。
../database/final_database/042/007.jpg,42,007.jpg,6,-0.35,0.12,眉が中央に寄り目も細く、口角も上がっておらず不快・困惑寄りの表情に見えます。一方で表情の強度は高くなく、覚醒度はやや低めと判断しました。
../database/final_database/042/007.jpg,42,007.jpg,7,-0.32,0.1,眉間にしわが寄り、口元も引き締まっていて不快・不満寄りの表情に見えます。一方で動きは小さく、強い興奮よりは低～中程度の覚醒です。
../database/final_database/042/007.jpg,42,007.jpg,8,-0.32,0.18,眉が寄って目が細く、口元もやや緊張しており不快寄りの表情に見えます。一方で動きは大きくなく、覚醒度は低〜中程度と判断しました。
../database/final_database/042/007.jpg,42,007.jpg,9,-0.35,0.1,眉が寄り、目が細く口角もやや下がっており、不快・困惑寄りの表情に見えます。一方で大きな開眼や口の緊張は弱く、覚醒度は低めです。
../database/final_database/042/007.jpg,42,007.jpg,10,-0.32,0.12,眉間にしわが寄り、口角がやや下がっていて不快寄りの表情に見えます。一方で目の開きや表情の強さは大きくなく、覚醒度は低～中程度です。
../database/final_database/042/008.jpg,42,008.jpg,1,-0.25,0.15,口角がやや下がり、眉間に緊張が見られるため不快寄りの表情です。一方で目の開きは大きくなく、全体の活性は低めなので覚醒度はわずかに高い程度と判断しました。
../database/final_database/042/008.jpg,42,008.jpg,2,-0.28,0.22,眉間にしわが寄り口元も引きつった表情で、快より不快寄りに見えます。一方で目の開きは大きくなく、強い興奮というより軽い緊張・警戒程度の覚醒と判断しました。
../database/final_database/042/008.jpg,42,008.jpg,3,-0.22,0.28,眉間にしわが寄り、口元がやや引きつって見えるため快より不快寄りの印象です。一方で目は開いており表情の緊張感もあるので、覚醒度はやや高めと判断しました。
../database/final_database/042/008.jpg,42,008.jpg,4,-0.3,0.35,眉間にしわが寄り口角も下がり気味で、やや不快・不満そうな表情に見えます。一方で目の開きと表情筋の緊張があり、覚醒度は中程度と判断しました。
../database/final_database/042/008.jpg,42,008.jpg,5,-0.25,0.15,眉間にしわが寄り、口角も上がっていないためやや不快寄りに見えます。一方で表情の強さは中程度で、覚醒度は低〜やや低めと判断しました。
../database/final_database/042/008.jpg,42,008.jpg,6,-0.12,0.18,口元はわずかに上がっていますが、眉間にしわが寄っており不快・戸惑い寄りの表情に見えます。覚醒度は強い驚きや興奮はなく、軽い緊張がある程度です。
../database/final_database/042/008.jpg,42,008.jpg,7,-0.12,0.34,口元はわずかに上がっているものの、眉間にしわが寄り目が細く、困惑や不快感が混ざった表情に見えます。緊張感がありつつも激しい興奮ではないため、覚醒度は中程度と判断しました。
../database/final_database/042/008.jpg,42,008.jpg,8,-0.18,0.22,眉が寄り、片目を細めた表情でやや不快・疑念のニュアンスが見られます。一方で口元は強い緊張や驚きほどではなく、覚醒度は中程度です。
../database/final_database/042/008.jpg,42,008.jpg,9,-0.18,0.22,口角がわずかに下がり、眉が寄っていて不快寄りの表情に見えます。一方で目は開いており緊張感が少しあるため覚醒度は軽く高めです。
../database/final_database/042/008.jpg,42,008.jpg,10,-0.25,0.35,眉間のしわと片目を細めた表情から、不快・警戒のニュアンスがありvalenceはやや低めです。口元は強く緊張しておらず大きな興奮も見られないため、arousalは中程度にしました。
../database/final_database/042/009.jpg,42,009.jpg,1,0.12,-0.28,口角がわずかに上がり、表情全体は穏やかで軽い肯定的感情が見られます。一方で目元の開きや筋緊張は強くなく、興奮度は低めに見えます。
../database/final_database/042/009.jpg,42,009.jpg,2,0.1,-0.25,口角がわずかに上がっており軽い快の表情に見えますが、目元や表情筋の動きが少なく落ち着いた（低覚醒）印象です。
../database/final_database/042/009.jpg,42,009.jpg,3,0.18,-0.32,口角がわずかに上がり全体として穏やかな表情で、快寄りの印象です。一方で目元の緊張が少なく動きも小さいため、覚醒度は低めと判断しました。
../database/final_database/042/009.jpg,42,009.jpg,4,0.22,-0.28,口角がわずかに上がり、全体として穏やかで軽い満足感が見られます。一方で目の開きや表情筋の緊張が弱く、覚醒度は低めです。
../database/final_database/042/009.jpg,42,009.jpg,5,0.18,-0.22,口角がわずかに上がり、全体として穏やかで軽い快の表情に見えます。一方で目の開きや表情筋の緊張が弱く、覚醒度は低めです。
../database/final_database/042/009.jpg,42,009.jpg,6,0.2,-0.3,口角がわずかに上がり目元も緊張が少ないため、弱い快の表情に見えます。一方で表情の動きは小さく、興奮や緊張は低めで落ち着いた状態と判断しました。
../database/final_database/042/009.jpg,42,009.jpg,7,0.15,-0.35,口角がわずかに上がり、全体として穏やかな表情でやや快寄りに見えます。一方で目元や表情筋の緊張が弱く、覚醒度は低め（落ち着いた状態）と判断しました。
../database/final_database/042/009.jpg,42,009.jpg,8,0.18,-0.22,口角がわずかに上がり、全体として穏やかで軽い快の表情に見えます。一方で目元の緊張は強くなく、興奮度は低めで落ち着いた状態と判断しました。
../database/final_database/042/009.jpg,42,009.jpg,9,0.25,-0.2,口角がわずかに上がり、全体として穏やかで軽いポジティブさが見られます。一方で目の開きが小さく表情の動きが少ないため、覚醒度は低めと判断しました。
../database/final_database/042/009.jpg,42,009.jpg,10,0.1,-0.35,口角がわずかに上がり、全体として中立〜軽い快の表情に見えます。一方で目元や表情筋の緊張が弱く、覚醒度は低めと判断しました。
../database/final_database/042/010.jpg,42,010.jpg,1,0.1,-0.35,口角がわずかに上がっており強い不快感は見られないため、快は弱めと判断しました。目元や表情筋の動きが小さく落ち着いた印象なので、覚醒度は低めです。
../database/final_database/042/010.jpg,42,010.jpg,2,0.12,-0.18,口角がわずかに上がっており強い不快感は見られないため、valenceはやや正寄りです。一方で目や眉の動きが小さく表情のエネルギーが低いため、arousalはやや低めと判断しました。
../database/final_database/042/010.jpg,42,010.jpg,3,0.08,-0.22,口元がわずかに上がっており強い不快感は見られない一方、目元や表情筋の動きが小さく落ち着いた印象です。全体として中立寄りで覚醒度は低めと判断しました。
../database/final_database/042/010.jpg,42,010.jpg,4,0.12,-0.18,口角がわずかに上がり表情は穏やかで、強い不快感は見られません。一方で目元の緊張は弱く、全体として落ち着いた低覚醒の状態に見えます。
../database/final_database/042/010.jpg,42,010.jpg,5,0.15,-0.25,口元がわずかに上がっており不快さは強くない一方、目元の動きが少なく全体として落ち着いた（低覚醒）印象です。強い喜びや緊張は見られないため、軽い快・やや低覚醒と判断しました。
../database/final_database/042/010.jpg,42,010.jpg,6,0.12,-0.28,口元がわずかに上がっており、強い不快感は見られないためvalenceはやや正寄りです。一方で目元や表情筋の動きが小さく全体に落ち着いた印象なのでarousalは低めと判断しました。
../database/final_database/042/010.jpg,42,010.jpg,7,0.12,-0.28,口角がわずかに上がっているものの表情全体は中立に近く、快は弱めです。目元や姿勢に強い緊張や活発さが見られず、覚醒度は低めと判断しました。
../database/final_database/042/010.jpg,42,010.jpg,8,0.1,-0.3,口元がわずかに上がっており軽い快の表情に見える一方、目元や全体の緊張感が少なく落ち着いた（低覚醒）状態に見えます。強い笑顔や驚きなどの高覚醒サインは見られません。
../database/final_database/042/010.jpg,42,010.jpg,9,0.05,-0.25,口元にわずかな上向きがあり中立〜軽い好意的表情に見える一方、目元の開きが小さく表情の動きが少ないため覚醒度は低めと判断しました。
../database/final_database/042/010.jpg,42,010.jpg,10,0.05,-0.25,口元がわずかに上がっており表情は中立〜軽い快の範囲に見えますが、目元の動きが少なく全体として落ち着いた印象です。強い興奮や緊張は感じられないためarousalは低めにしました。
../database/final_database/043/001.jpg,43,001.jpg,1,-0.74,0.57,眉が寄り目が細く、口角が下がって開いており泣きそうな苦痛・不快の表情に見えます。表情の緊張と口の開きから覚醒度も中程度に高いと判断しました。
../database/final_database/043/001.jpg,43,001.jpg,2,-0.76,0.48,眉が寄って目が細く、口角が下がって半開きで苦痛・不快の表情に見えます。涙は見えませんが緊張感があり、覚醒度は中程度と判断しました。
../database/final_database/043/001.jpg,43,001.jpg,3,-0.62,0.38,眉が寄り、目が細まり、口角が下がって開いているため不快・悲しみ寄りの表情に見えます。一方で表情の緊張感はあるものの激しい興奮ではないため中程度の覚醒と判断しました。
../database/final_database/043/001.jpg,43,001.jpg,4,-0.72,0.58,眉が寄って目が細まり、口角が下がって苦痛や不快感が強く見えます。一方で口が開き緊張が感じられるため覚醒度はやや高めです。
../database/final_database/043/001.jpg,43,001.jpg,5,-0.72,0.46,眉が寄り、目が細まり、口角が下がって半開きで苦痛や不快感が強く見えます。表情の緊張はあるものの激しい興奮ではないため、中程度の覚醒と判断しました。
../database/final_database/043/001.jpg,43,001.jpg,6,-0.78,0.62,眉が寄り、目が細く口角が下がって開いており、不快・悲痛（泣き/苦痛）寄りの表情に見えます。表情の緊張が強く、反応も大きいので覚醒度はやや高めと判断しました。
../database/final_database/043/001.jpg,43,001.jpg,7,-0.62,0.35,眉がひそみ目が細く、口元も下がっていて不快・悲しみ/痛み寄りの表情に見えます。表情の強さは中程度で、強い興奮というよりはやや覚醒した状態と判断しました。
../database/final_database/043/001.jpg,43,001.jpg,8,-0.72,0.58,眉がひそまり目が細く、口角が下がって口が半開きで、泣きそうな苦痛・不快の表情に見えます。表情の緊張感があり感情の強度も中程度以上なのでarousalはやや高めです。
../database/final_database/043/001.jpg,43,001.jpg,9,-0.78,0.62,眉が寄り、目が細まり、口が半開きで下がっており不快・苦痛の表情に見えます。表情の緊張と泣きそうな感じがあり覚醒度も高めです。
../database/final_database/043/001.jpg,43,001.jpg,10,-0.72,0.55,眉が寄り、目が細く口角が下がって半開きで、苦痛や不快感を示す表情に見えます。表情の緊張が強く、泣きそうな反応があり覚醒度も中程度に高いと判断しました。
../database/final_database/043/002.jpg,43,002.jpg,1,-0.35,0.15,眉がひそまり口角がやや下がっており、困惑や不快寄りの表情に見えます。一方で目の開きや表情筋の緊張は強すぎず、覚醒度は低〜中程度です。
../database/final_database/043/002.jpg,43,002.jpg,2,-0.42,0.18,眉が寄り、口角がやや下がっていて不快・困惑寄りの表情に見えます。一方で動きは大きくなく、覚醒度は低〜中程度と判断しました。
../database/final_database/043/002.jpg,43,002.jpg,3,-0.32,0.12,眉が寄り気味で口角も上がらず、やや不快・困惑した印象があるためvalenceは低めです。一方で表情の強さは中程度で、興奮や強い覚醒は見られないためarousalはわずかにプラス程度です。
../database/final_database/043/002.jpg,43,002.jpg,4,-0.35,0.1,眉が内側に寄り、口角もわずかに下がっており、不快・困惑寄りの表情に見えます。目の開きは強くなく緊張も大きくないため、覚醒度は低〜中程度と判断しました。
../database/final_database/043/002.jpg,43,002.jpg,5,-0.35,0.25,眉が寄り、口角もやや下がっていて不快・困惑寄りの表情に見えます。一方で目の開きは極端ではなく、強い興奮というより軽度の覚醒状態です。
../database/final_database/043/002.jpg,43,002.jpg,6,-0.42,0.08,眉が内側に寄り、口元がやや下がっていて不快・心配の表情に見えます。一方で目の開きや表情筋の緊張は強くなく、覚醒度は低めです。
../database/final_database/043/002.jpg,43,002.jpg,7,-0.42,0.18,眉が寄って口角が下がり気味で、不快・不安寄りの表情に見えます。一方で目の開きや表情筋の緊張は強すぎず、覚醒度はやや低〜中程度です。
../database/final_database/043/002.jpg,43,002.jpg,8,-0.35,0.2,眉が中央に寄って下がり、口角もわずかに下がって見えるため不快寄りの表情です。一方で目の見開きや緊張は強くなく、覚醒度は低〜中程度と判断しました。
../database/final_database/043/002.jpg,43,002.jpg,9,-0.35,0.25,眉間にしわが寄り、口角もわずかに下がっており不快寄りに見えます。一方で表情の強さは中程度で、緊張・困惑による軽い覚醒が感じられます。
../database/final_database/043/002.jpg,43,002.jpg,10,-0.42,0.12,眉が中央に寄って下がり、口角もやや下がっていて不快・困惑寄りの表情に見えます。一方で目の開きは強くなく、興奮度は高くないため覚醒は低〜中程度と判断しました。
../database/final_database/043/003.jpg,43,003.jpg,1,-0.12,-0.28,口角がわずかに下がり、眉も少し寄っていて軽い不快・不安の表情に見えます。一方で目の見開きや緊張が強くなく、覚醒度は低めです。
../database/final_database/043/003.jpg,43,003.jpg,2,-0.18,-0.22,口角がやや下がり、眉も少し寄っていて快より不快寄りの印象です。一方で表情の強い緊張や驚きは見られず、覚醒度は低めに見えます。
../database/final_database/043/003.jpg,43,003.jpg,3,-0.15,-0.25,口角がわずかに下がり、眉間も少し寄って見えるため軽い不快・悲しみ寄りの表情に見えます。目や口の開きが小さく動きも少ないため覚醒度は低めと判断しました。
../database/final_database/043/003.jpg,43,003.jpg,4,-0.15,-0.25,口角がわずかに下がり、目元も活気が少なくやや不快寄りに見えます。表情の動きが小さく緊張感も強くないため、覚醒度は低めと判断しました。
../database/final_database/043/003.jpg,43,003.jpg,5,-0.2,-0.1,口角がやや下がり、目元も力が抜けたように見えるため、軽い不快寄りの印象です。表情の変化が小さく全体に落ち着いているので覚醒度も低めと判断しました。
../database/final_database/043/003.jpg,43,003.jpg,6,-0.15,-0.25,口角がやや下がり、眉もわずかに内側へ寄っていて軽い不快・落ち込み寄りに見えます。一方で表情の動きは小さく、興奮度は低めに感じられます。
../database/final_database/043/003.jpg,43,003.jpg,7,-0.35,-0.1,口角が下がり気味で眉もやや寄っており、不快寄りの表情に見えるためvalenceは低めです。一方で目の開きや顔の緊張は強くなく、覚醒度は中立〜やや低めと判断しました。
../database/final_database/043/003.jpg,43,003.jpg,8,-0.12,-0.28,口角がわずかに下がり、眉もやや内側に寄っていて不快寄りの表情に見えます。一方で目の開きや表情筋の緊張は強くなく、覚醒度は低めです。
../database/final_database/043/003.jpg,43,003.jpg,9,-0.12,-0.28,口角がやや下がり、眉間にわずかな緊張が見られるため快よりも不快寄りです。表情の動きは小さく、落ち着いた（低覚醒）印象です。
../database/final_database/043/003.jpg,43,003.jpg,10,-0.35,0.1,眉がやや下がり口角も上がっておらず、困惑や軽い不快感を示す表情に見えます。一方で目の開きや表情筋の緊張は強くなく、覚醒度は低〜中程度です。
../database/final_database/043/004.jpg,43,004.jpg,1,0.12,-0.18,口角がわずかに上がっており大きな不快表情ではない一方、目元や眉の動きが少なく落ち着いた（低覚醒）印象です。全体として弱いポジティブ寄りの中立に近い表情と判断しました。
../database/final_database/043/004.jpg,43,004.jpg,2,0.12,-0.28,口角がわずかに上がり表情は穏やかで、強い不快感は見られません。一方で目元の動きが少なく全体として落ち着いた印象のため覚醒度は低めです。
../database/final_database/043/004.jpg,43,004.jpg,3,0.15,-0.25,口元がわずかに上がり、全体として中立〜軽い快の表情に見えます。一方で目元や表情筋の動きが小さく、覚醒度は低めに見えます。
../database/final_database/043/004.jpg,43,004.jpg,4,0.22,-0.28,口角がわずかに上がり全体として落ち着いた表情で、不快さは強くありません。一方で目や眉の動きが小さく、覚醒度は低めに見えます。
../database/final_database/043/004.jpg,43,004.jpg,5,0.12,-0.22,口角がわずかに上がっており全体として中立〜軽い快の表情に見えます。一方で目元や眉の動きが少なく、興奮度は低め（落ち着いた状態）と判断しました。
../database/final_database/043/004.jpg,43,004.jpg,6,0.12,-0.18,口角がわずかに上がり表情は穏やかで、不快感は強くないためvalenceはやや正寄りです。一方で目元や顔全体の緊張が少なく、興奮度は低めに見えるためarousalはやや負寄りです。
../database/final_database/043/004.jpg,43,004.jpg,7,0.1,-0.2,口元がわずかに上がっており大きな不快感は見られないため、valenceはやや正寄りと判断しました。一方で眉や目の緊張が少なく表情変化も小さいため、arousalはやや低めです。
../database/final_database/043/004.jpg,43,004.jpg,8,0.12,-0.18,口角がわずかに上がり、全体として落ち着いた中立〜軽い快の表情に見えます。眉や目の緊張が少なく、興奮や強い感情は感じられないため覚醒度は低めです。
../database/final_database/043/004.jpg,43,004.jpg,9,0.18,-0.22,口角がわずかに上がっており大きな不快感は見られないため、valenceはやや快寄りです。一方で目の開きや表情筋の緊張が弱く、落ち着いた状態に見えるためarousalはやや低めです。
../database/final_database/043/004.jpg,43,004.jpg,10,0.12,-0.18,口元がわずかに上がっており大きな不快感は見られない一方、目元や表情筋の動きが少なく落ち着いた印象です。全体として穏やかで低覚醒のニュートラル寄りと判断しました。
../database/final_database/043/007.jpg,43,007.jpg,1,0.18,-0.32,目が閉じ気味で口角がわずかに上がっており、穏やかでやや快の表情に見えます。表情筋の緊張が少なく落ち着いているため、覚醒度は低めと判断しました。
../database/final_database/043/007.jpg,43,007.jpg,2,0.28,-0.32,口角がわずかに上がり、眉間の緊張も強くないため軽い快感情が示唆されます。一方で目を閉じて表情の動きが小さく、落ち着いた状態に見えるため覚醒度は低めです。
../database/final_database/043/007.jpg,43,007.jpg,3,0.2,-0.3,目は閉じ気味で表情筋の動きが小さく、落ち着いた（やや眠そうな）印象で覚醒度は低めです。口元がわずかに上がっており、強い不快感はなく軽い快の方向と判断しました。
../database/final_database/043/007.jpg,43,007.jpg,4,0.35,-0.25,目が閉じ気味で口角がわずかに上がっており、穏やかでやや快の表情に見えます。筋緊張や動きが少なく落ち着いた印象のため、覚醒度は低めと判断しました。
../database/final_database/043/007.jpg,43,007.jpg,5,0.35,-0.45,口角がわずかに上がり、全体として穏やかな表情で快寄りに見えます。一方で目を閉じて表情筋の動きも小さく、覚醒度は低めと判断しました。
../database/final_database/043/007.jpg,43,007.jpg,6,0.35,-0.25,口元がわずかに上がり、全体として穏やかで軽いポジティブさが見られます。目を閉じてリラックスしている印象で、覚醒度は低めです。
../database/final_database/043/007.jpg,43,007.jpg,7,0.32,-0.35,目を閉じて口角がわずかに上がっており、落ち着いた穏やかな表情に見えます。緊張や強い興奮は感じられず、覚醒度は低めと判断しました。
../database/final_database/043/007.jpg,43,007.jpg,8,0.35,-0.2,目を閉じて口角がわずかに上がっており、穏やかでやや快の表情に見えます。筋緊張や動きが少なく、落ち着いた低覚醒寄りと判断しました。
../database/final_database/043/007.jpg,43,007.jpg,9,0.12,-0.28,目は閉じ気味で表情筋の動きが小さく、落ち着き・低覚醒に見えます。口元がわずかに上がっており、強い快不快はないものの軽い快寄りと判断しました。
../database/final_database/043/007.jpg,43,007.jpg,10,0.25,-0.35,口元がわずかに上がっており穏やかな快の表情に見えます。一方で目を閉じて力みが少なく、落ち着いた低覚醒の状態と判断しました。
../database/final_database/043/008.jpg,43,008.jpg,1,-0.35,0.2,眉が寄り目が細く、口角も下がり気味で不快・困惑寄りの表情に見えます。一方で動きは強くなく、覚醒度はやや低〜中程度と判断しました。
../database/final_database/043/008.jpg,43,008.jpg,2,-0.35,0.25,眉間にしわが寄り、目が強く閉じられて口角も下がり気味で不快寄りに見えます。一方で表情の緊張はあるため覚醒度はやや高めです。
../database/final_database/043/008.jpg,43,008.jpg,3,-0.45,0.25,眉が寄り目が細く、口元も引きつっており不快・痛みのような表情に見えます。一方で動きの大きい驚きや興奮は少なく、覚醒度は中程度と判断しました。
../database/final_database/043/008.jpg,43,008.jpg,4,-0.55,0.25,眉が中央に寄って目が細く、口角も下がり気味で不快・苦痛寄りの表情に見えます。一方で口を強く結んでおり緊張はあるものの、動きは大きくなく覚醒は中程度です。
../database/final_database/043/008.jpg,43,008.jpg,5,-0.55,0.2,目を強く閉じて眉が寄り、口元も緊張しており不快・苦痛寄りの表情に見えます。一方で激しい驚きや興奮ではなく、やや落ち着いた緊張のため覚醒度は低～中程度と判断しました。
../database/final_database/043/008.jpg,43,008.jpg,6,-0.62,0.22,眉が寄り目が強く閉じられており、口角も下がり気味で不快・苦痛寄りの表情に見えます。一方で動きの激しさは小さく、覚醒度は低〜中程度と判断しました。
../database/final_database/043/008.jpg,43,008.jpg,7,-0.55,0.25,目を強く閉じて眉間にしわが寄っており、口元も緊張していて不快寄りに見えます。一方で表情の動きは大きいものの激しい興奮というほどではないため、覚醒はやや高めにとどまります。
../database/final_database/043/008.jpg,43,008.jpg,8,-0.55,0.25,眉間にしわが寄り、目が細く口角が下がり気味で不快・苦痛の表情に見えます。一方で表情の緊張はあるものの激しい驚きや怒りほどではないため覚醒度は中程度です。
../database/final_database/043/008.jpg,43,008.jpg,9,-0.35,0.2,眉間にしわが寄り、目を強く閉じて口角も下がっており、不快・苦痛寄りの表情に見えます。一方で緊張はあるものの極端な興奮ではなく、覚醒度はやや低〜中程度と判断しました。
../database/final_database/043/008.jpg,43,008.jpg,10,-0.35,0.2,眉が寄り目が細く、口角も上がっておらず不快・苦痛寄りの表情に見えます。一方で表情の強い緊張はあるものの極端ではなく、覚醒度はやや低～中程度と判断しました。
../database/final_database/043/009.jpg,43,009.jpg,1,-0.12,-0.35,口角がわずかに下がり、目元も力が抜けていて快情動は弱めに見えます。表情の変化が小さく全体に落ち着いているため、覚醒度も低めと判断しました。
../database/final_database/043/009.jpg,43,009.jpg,2,0.05,-0.2,口角がわずかに上がっているように見え、強い不快感は感じられません。一方で目の開きや表情筋の緊張が弱く、全体として落ち着いた低覚醒の印象です。
../database/final_database/043/009.jpg,43,009.jpg,3,-0.18,-0.42,口角がやや下がり、目元も力が抜けていて快・不快はやや不快寄りに見えます。表情の変化が小さく活動性も低いため、覚醒度は低めと判断しました。
../database/final_database/043/009.jpg,43,009.jpg,4,0.05,-0.35,口角がわずかに上がっているものの全体的に表情変化が少なく、感情価はほぼ中立です。目元の緊張も弱く落ち着いた印象のため覚醒度は低めと判断しました。
../database/final_database/043/009.jpg,43,009.jpg,5,-0.05,-0.3,口角がほぼ水平で表情の変化が少なく、わずかに沈んだ印象のためvalenceは中立よりやや不快寄りです。目の開きや筋緊張が弱く落ち着いて見えるためarousalは低めです。
../database/final_database/043/009.jpg,43,009.jpg,6,-0.12,-0.35,口角がやや下がり、目元も緊張や喜びが少ないため軽い不快寄りに見えます。表情の動きが小さく全体に落ち着いているので覚醒度は低めです。
../database/final_database/043/009.jpg,43,009.jpg,7,0.05,-0.35,口角がわずかに下がり、目元も力が抜けていて中立〜やや不快寄りに見えます。表情の動きが小さく落ち着いているため覚醒度は低めです。
../database/final_database/043/009.jpg,43,009.jpg,8,0.05,-0.3,口元がほぼ水平で笑顔や怒りなどの強い表情が見られず、全体として中性的です。目の開きも強くなく緊張感が低いため、覚醒度はやや低めと判断しました。
../database/final_database/043/009.jpg,43,009.jpg,9,0.12,-0.28,口角がわずかに上がっているものの、目元や眉の動きが小さく全体として感情表出は弱いです。落ち着いた状態で、わずかにポジティブ寄りの中立に見えます。
../database/final_database/043/009.jpg,43,009.jpg,10,-0.12,-0.35,口角がわずかに下がり、目元も力が抜けていて快よりやや不快寄りに見えます。表情の変化が小さく落ち着いているため覚醒度は低めです。
../database/final_database/044/001.jpg,44,001.jpg,1,0.25,-0.15,口角がわずかに上がり、全体として穏やかな表情で軽い快の印象です。目元や表情の緊張が少なく動きも小さいため、覚醒度はやや低めと判断しました。
../database/final_database/044/001.jpg,44,001.jpg,2,0.12,-0.22,口角がわずかに上がっており不快感は少ないため、valenceはやや正寄りと判断しました。一方で目元や表情筋の緊張が強くなく落ち着いた印象なので、arousalはやや低めです。
../database/final_database/044/001.jpg,44,001.jpg,3,0.22,-0.28,口角がわずかに上がり穏やかな表情で、不快感は少なくやや快寄りに見えます。目や眉の緊張が弱く全体に落ち着いているため、覚醒度は低めと判断しました。
../database/final_database/044/001.jpg,44,001.jpg,4,0.22,-0.18,口角がわずかに上がり全体として穏やかで軽い快の表情に見えます。目や眉の動きが小さく緊張感も強くないため、覚醒度はやや低めと判断しました。
../database/final_database/044/001.jpg,44,001.jpg,5,0.22,-0.28,口角がわずかに上がっており不快感は少なく、軽い快の表情に見えます。一方で目の開きや顔の緊張が弱く、覚醒度は低めです。
../database/final_database/044/001.jpg,44,001.jpg,6,0.25,-0.1,口角がわずかに上がっており全体として穏やかな表情なので、やや快寄りのvalenceと判断しました。目の開きや表情筋の緊張が強くなく落ち着いて見えるため、arousalは低めです。
../database/final_database/044/001.jpg,44,001.jpg,7,0.12,-0.28,口角がわずかに上がり穏やかな表情で、強い不快感は見られないためvalenceはやや正寄りです。目元や口元の緊張が少なく落ち着いた印象なのでarousalは低めにしました。
../database/final_database/044/001.jpg,44,001.jpg,8,0.18,-0.32,口角がわずかに上がっており、軽い満足・穏やかさが示唆されます。目元や表情筋の緊張が少なく全体に落ち着いているため、覚醒度は低めと判断しました。
../database/final_database/044/001.jpg,44,001.jpg,9,0.08,-0.34,口角がわずかに上がっており不快さは少ない一方、目元や表情筋の動きが小さく落ち着いた印象です。全体として穏やかで低覚醒のニュートラル寄りに見えます。
../database/final_database/044/001.jpg,44,001.jpg,10,0.18,-0.25,口角がわずかに上がっており全体として中立〜軽い快の表情に見えます。一方で目の開きや表情筋の緊張が強くなく、覚醒度はやや低めと判断しました。
../database/final_database/044/002.jpg,44,002.jpg,1,-0.35,0.55,眉間にしわが寄り口が開いており、不快感や戸惑いが見られます。表情の緊張が強く、覚醒度はやや高めです。
../database/final_database/044/002.jpg,44,002.jpg,2,-0.35,0.45,眉が寄り、目元も緊張して口が半開きで不快・困惑の表情に見えます。表情の緊張があり覚醒度はやや高めです。
../database/final_database/044/002.jpg,44,002.jpg,3,-0.42,0.48,眉間にしわが寄り、口が開いて緊張・不快そうな表情に見えるためvalenceは低めです。一方で目が見開かれ気味で表情筋の緊張があり、覚醒度はやや高いと判断しました。
../database/final_database/044/002.jpg,44,002.jpg,4,-0.35,0.3,眉間にしわが寄り、口が半開きで緊張や不快感がうかがえるためvalenceはやや低めです。一方で表情の硬さから一定の覚醒はあるものの強い興奮ではないためarousalは中程度にしました。
../database/final_database/044/002.jpg,44,002.jpg,5,-0.35,0.4,眉が寄り、口元もやや緊張していて不快・困惑寄りの表情に見えます。目は開いており表情の動きもあるため、覚醒度はやや高めと判断しました。
../database/final_database/044/002.jpg,44,002.jpg,6,-0.32,0.48,眉が寄って目が細まり、口元も緊張していて不快・困惑寄りの表情に見えます。表情筋の緊張が強く、覚醒度はやや高めと判断しました。
../database/final_database/044/002.jpg,44,002.jpg,7,-0.35,0.55,眉が寄って目が細まり、口が開いて不快・困惑の表情に見えます。緊張感があり覚醒度はやや高めです。
../database/final_database/044/002.jpg,44,002.jpg,8,-0.35,0.45,眉が寄って目が細まり、口も半開きで緊張や不快感がうかがえるためvalenceはやや負。表情のこわばりがあり注意・警戒が高まった状態に見えるためarousalはやや高め。
../database/final_database/044/002.jpg,44,002.jpg,9,-0.36,0.42,眉が寄り、口が半開きで緊張や不快感が見られるためvalenceは低めです。一方で目の見開きや表情の硬さから覚醒度はやや高いと判断しました。
../database/final_database/044/002.jpg,44,002.jpg,10,-0.35,0.45,眉が寄り、口元も緊張していて不快・困惑の表情に見えます。一方で目の開きと表情筋の緊張から覚醒度はやや高めです。
../database/final_database/044/004.jpg,44,004.jpg,1,0.12,0.05,口角がわずかに上がり、表情は穏やかで軽い快の印象です。一方で目や眉の緊張が少なく、興奮度は低めに見えます。
../database/final_database/044/004.jpg,44,004.jpg,2,0.12,-0.08,口角がわずかに上がり、表情は軽い肯定感がある一方で、目元の緊張が弱く全体として落ち着いた印象です。強い興奮や緊張は見られないため覚醒度は低めにしました。
../database/final_database/044/004.jpg,44,004.jpg,3,0.28,0.12,口角がわずかに上がり、眉や目元の緊張が少ないため軽い快の表情に見えます。目の開きや表情筋の動きは強くなく、覚醒度は低めです。
../database/final_database/044/004.jpg,44,004.jpg,4,0.1,0.2,口角がやや上がり、表情全体は穏やかでわずかにポジティブに見えます。一方で目元の強い緊張は少なく、覚醒度は低〜中程度と判断しました。
../database/final_database/044/004.jpg,44,004.jpg,5,0.12,0.18,口元がわずかに開いており軽い笑み・好奇心のような表情で、強い不快感は見られません。一方で目元や眉の緊張は弱く、興奮度も低〜中程度に留まっています。
../database/final_database/044/004.jpg,44,004.jpg,6,0.12,-0.08,口角がわずかに上がり、全体として穏やかで軽い快の表情に見えます。一方で目の開きや表情筋の緊張が強くなく、覚醒度は低めと判断しました。
../database/final_database/044/004.jpg,44,004.jpg,7,0.35,0.1,口角がわずかに上がり、全体として穏やかで軽いポジティブさが感じられます。一方で目の開きや表情筋の緊張は強くなく、覚醒度は低めです。
../database/final_database/044/004.jpg,44,004.jpg,8,0.22,0.18,口角がやや上がり、表情は穏やかで軽い快の方向に見えます。一方で目の開きや表情筋の緊張は強くなく、覚醒度は低めです。
../database/final_database/044/004.jpg,44,004.jpg,9,0.25,0.1,口角がわずかに上がり、全体に穏やかで中立〜やや肯定的な表情に見えます。目元や眉の動きが小さく、興奮度は低めで落ち着いた状態と判断しました。
../database/final_database/044/004.jpg,44,004.jpg,10,0.18,-0.12,口角がわずかに上がり目元も緊張が少ないため、軽い快の印象です。一方で表情の動きは控えめで全体に落ち着いており、覚醒度はやや低めと判断しました。
../database/final_database/044/005.jpg,44,005.jpg,1,-0.22,0.55,眉がやや寄り、口が半開きで緊張や警戒のニュアンスがあり、快より不快寄りに見えます。一方で目が見開かれ表情の動きが強く、覚醒度は高めです。
../database/final_database/044/005.jpg,44,005.jpg,2,-0.18,0.55,眉が寄り目が見開かれ、口が開いているため緊張や苛立ちを感じる表情に見えます。一方で表情の動きが大きく、覚醒度は高めです。
../database/final_database/044/005.jpg,44,005.jpg,3,-0.15,0.65,口が開き目が見開かれており、驚きや緊張のような高い覚醒が見られます。口角は上がっておらず不快寄りのニュートラルに近い表情です。
../database/final_database/044/005.jpg,44,005.jpg,4,-0.2,0.55,眉間に力が入り目が見開かれており、口元も緊張しているため不快寄りに見えます。一方で表情の緊張と覚醒度の高さが感じられるためarousalは高めです。
../database/final_database/044/005.jpg,44,005.jpg,5,-0.32,0.58,眉が寄り目が見開かれ、口も開いていて緊張や攻撃性を感じる表情です。快より不快寄りで、覚醒度は高めと判断しました。
../database/final_database/044/005.jpg,44,005.jpg,6,-0.35,0.55,口が開いて眉間が寄り気味で、やや不快・警戒や驚きの混じった表情に見えます。一方で目の見開きと緊張感があり覚醒度は高めです。
../database/final_database/044/005.jpg,44,005.jpg,7,-0.35,0.55,眉が寄り気味で口が開き、緊張や不満・攻撃性を感じる表情です。一方で目の開きが大きく表情の強度もあるため覚醒度は高めと判断しました。
../database/final_database/044/005.jpg,44,005.jpg,8,-0.32,0.62,口が開いて眉間が寄り気味で、驚きや不快・怒り寄りの緊張した表情に見えます。目も見開き気味で覚醒度が高い印象です。
../database/final_database/044/005.jpg,44,005.jpg,9,-0.35,0.55,口が開き、眉間に緊張があり不快寄りの表情に見えます。一方で視線が強く表情筋の動きも大きいため覚醒度はやや高めです。
../database/final_database/044/005.jpg,44,005.jpg,10,-0.42,0.63,眉が寄り、目が見開かれて口も開いているため、驚きや怒り・不快寄りの表情に見えます。表情の強さがあり覚醒度は高めと判断しました。
../database/final_database/044/006.jpg,44,006.jpg,1,-0.25,0.55,口が開いて目がやや見開かれており、驚きや不安のような緊張感がある表情に見えます。快よりもやや不快寄りですが、強い嫌悪ではないため中程度の負のvalenceにしました。
../database/final_database/044/006.jpg,44,006.jpg,2,-0.12,0.38,口が開き目が見開かれており、驚きや軽い不快感が混じった表情に見えます。緊張感があり覚醒度はやや高めと判断しました。
../database/final_database/044/006.jpg,44,006.jpg,3,-0.25,0.35,口が開いていて目がやや見開かれており、驚きや不安寄りの表情に見えます。強い怒りや喜びではないため、valenceはやや不快寄り、arousalは中程度の覚醒と判断しました。
../database/final_database/044/006.jpg,44,006.jpg,4,-0.25,0.45,口が開いており眉・目元に緊張感が見えるため、やや不快寄りの情動が推測されます。表情の緊張と反応性から覚醒度は中程度に高いと判断しました。
../database/final_database/044/006.jpg,44,006.jpg,5,-0.25,0.55,口が開いて目が見開かれ気味で、驚きや緊張といった覚醒度の高い状態に見えます。一方で笑顔ではなくやや不快・警戒寄りの表情に見えるためvalenceは軽くマイナスにしました。
../database/final_database/044/006.jpg,44,006.jpg,6,-0.22,0.48,口が開いて目が見開かれており、驚きや警戒のような緊張感が強く覚醒度はやや高めです。一方で笑顔ではなく不安寄りの表情に見えるため快・不快はわずかに不快側と判断しました。
../database/final_database/044/006.jpg,44,006.jpg,7,-0.25,0.55,口が開いて眉が寄っており、驚きや不快感を伴う緊張した表情に見えます。覚醒度は中程度以上で、落ち着きよりも反応の強さが感じられます。
../database/final_database/044/006.jpg,44,006.jpg,8,-0.22,0.48,口が半開きで緊張・驚きのような表情に見え、快よりやや不快寄りに推定しました。目の開きもあり反応性が高そうなので覚醒度は中程度に高めです。
../database/final_database/044/006.jpg,44,006.jpg,9,-0.25,0.35,口が開いており眉周りもやや緊張して見えるため、驚き・不安寄りのネガティブ感情が示唆されます。一方で表情の動きがあり、覚醒度は中程度に高いと判断しました。
../database/final_database/044/006.jpg,44,006.jpg,10,-0.15,0.45,口が開いて目が見開かれ気味で、驚きや緊張を示す覚醒度がやや高い表情に見えます。快の要素は弱く、中立〜わずかに不快寄りと判断しました。
../database/final_database/044/007.jpg,44,007.jpg,1,0.22,0.35,口が少し開いていて表情はやや柔らかく、不快感よりも軽いポジティブさが感じられます。一方で強い笑顔や緊張は見られず、覚醒度は中程度です。
../database/final_database/044/007.jpg,44,007.jpg,2,0.12,0.28,口が少し開き、眉や目元に強い緊張は見られないため、感情はやや快寄りで穏やかな印象です。一方で表情の変化が小さく、覚醒度は中程度にとどまります。
../database/final_database/044/007.jpg,44,007.jpg,3,0.12,0.38,口がやや開き、表情は驚き・注意喚起のような要素があり覚醒度は中程度に高めです。一方で口角の上がりは弱く、快・不快は中立寄りに少し快寄りと判断しました。
../database/final_database/044/007.jpg,44,007.jpg,4,0.02,0.28,口が少し開いており驚き・困惑のような中立寄りの表情で、強い喜びや不快は見られません。目がやや見開かれており、落ち着きよりは軽い覚醒が感じられます。
../database/final_database/044/007.jpg,44,007.jpg,5,0.15,0.35,口がやや開き、表情は中立〜わずかにポジティブに見えるためvalenceは軽くプラスにしました。目の開きと口元の動きから、落ち着きよりは少し覚醒寄りと判断しました。
../database/final_database/044/007.jpg,44,007.jpg,6,0.12,0.28,口が少し開いて目もやや見開かれており、驚きや戸惑いが混じった中立寄りの表情に見えます。強い快・不快は感じにくい一方で、軽い緊張で覚醒度はやや高めです。
../database/final_database/044/007.jpg,44,007.jpg,7,0.12,0.18,口が少し開き目元も緊張が弱く、中立〜やや快の表情に見えます。驚きや強い怒り・喜びのような高覚醒のサインは少なく、覚醒度は低めです。
../database/final_database/044/007.jpg,44,007.jpg,8,0.12,0.38,口がやや開き眉も大きく下がっておらず、軽い驚き・関心寄りで強い不快は見られません。一方で目が見開き気味で覚醒度は中程度に感じられます。
../database/final_database/044/007.jpg,44,007.jpg,9,0.1,0.45,口が少し開き、眉や目元に緊張があり驚き・戸惑い寄りに見えるため快は弱めです。一方で表情変化があり注意が向いている印象なので覚醒度はやや高めです。
../database/final_database/044/007.jpg,44,007.jpg,10,0.32,0.28,口がやや開き、眉や目元に強い緊張がなく、全体として穏やかな表情に見えます。一方で笑顔は控えめで驚きや強い興奮も少ないため、快・覚醒ともに中程度と判断しました。
../database/final_database/044/008.jpg,44,008.jpg,1,-0.35,0.62,眉が寄り、目が細まり口が緊張していて不快・怒り/苛立ち寄りの表情に見えるためvalenceは低めです。一方で視線が鋭く表情筋の緊張が強いため覚醒度は高めと判断しました。
../database/final_database/044/008.jpg,44,008.jpg,2,-0.35,0.55,眉が寄り目が細く、口が半開きで緊張や不快感が示唆されます。表情の強さが中程度あり、覚醒度はやや高めと判断しました。
../database/final_database/044/008.jpg,44,008.jpg,3,-0.45,0.62,眉が寄り目が見開かれ、口も緊張しているため不快・攻撃的/苛立ち寄りの印象です。表情の緊張と視線の強さから覚醒度は高めと判断しました。
../database/final_database/044/008.jpg,44,008.jpg,4,-0.42,0.58,眉が寄り目が見開かれ、口元も緊張しており不快・警戒/怒り寄りの表情に見えます。覚醒度は高く、緊張や興奮が感じられます。
../database/final_database/044/008.jpg,44,008.jpg,5,-0.35,0.55,眉が寄り目が鋭く、口も緊張して開いており、怒りや苛立ちに近い不快寄りの表情に見えます。表情の緊張が強く覚醒度はやや高めと判断しました。
../database/final_database/044/008.jpg,44,008.jpg,6,-0.35,0.6,眉が寄り目が鋭く、口元も緊張しているため不快寄りの感情に見えます。表情の緊張感が強く覚醒度は高めです。
../database/final_database/044/008.jpg,44,008.jpg,7,-0.35,0.55,眉が寄って目が鋭く、口元も緊張しており不快・怒り寄りの表情に見えます。一方で視線の強さと表情の張りから覚醒度はやや高めです。
../database/final_database/044/008.jpg,44,008.jpg,8,-0.35,0.62,眉が寄り目が大きく見開かれており、口元も緊張していて不快・警戒（怒り/恐怖）寄りの表情に見えます。表情の緊張と視線の強さから覚醒度は高めです。
../database/final_database/044/008.jpg,44,008.jpg,9,-0.48,0.62,眉が強く寄り目が鋭く、口も緊張して開いており、怒り・不快のサインが目立ちます。一方で表情の緊張度が高く、覚醒度は高めに見えます。
../database/final_database/044/008.jpg,44,008.jpg,10,-0.35,0.55,眉が寄り目が見開かれ、口も緊張して開いており不快・警戒の表情に見えます。表情の強さがあり覚醒度はやや高めです。
../database/final_database/044/009.jpg,44,009.jpg,1,0.18,-0.22,口角がわずかに上がっており、軽い快の表情に見えます。一方で目元や表情筋の動きが小さく、興奮度は低めで落ち着いた印象です。
../database/final_database/044/009.jpg,44,009.jpg,2,0.25,-0.1,口角がわずかに上がっており全体として穏やかな肯定的表情に見えます。一方で目の開きや表情筋の緊張が強くなく、覚醒度は低めです。
../database/final_database/044/009.jpg,44,009.jpg,3,0.18,-0.22,口元がわずかに上がっており軽い快の表情に見えますが、目元の緊張や表情の動きは少なく落ち着いた状態に見えます。
../database/final_database/044/009.jpg,44,009.jpg,4,0.28,-0.22,口角がわずかに上がり、全体として穏やかで軽い好意・安心感のある表情に見えます。一方で目元や表情筋の動きが控えめで、興奮度は低めです。
../database/final_database/044/009.jpg,44,009.jpg,5,0.25,-0.15,口元がわずかに上がっており、全体として穏やかで軽いポジティブさが見られます。一方で目元や表情筋の緊張が強くなく、落ち着いた低めの覚醒度です。
../database/final_database/044/009.jpg,44,009.jpg,6,0.32,-0.18,口角がわずかに上がり全体として穏やかな表情のため、快寄りのvalenceです。一方で目元や表情の動きが小さく、興奮度は低めと判断しました。
../database/final_database/044/009.jpg,44,009.jpg,7,0.12,-0.22,口角がわずかに上がっており軽い快の印象ですが、目元や表情筋の動きが小さく全体に落ち着いて見えます。そのためvalenceはやや正、arousalは低めと判断しました。
../database/final_database/044/009.jpg,44,009.jpg,8,0.22,-0.18,口角がわずかに上がり、全体として穏やかでやや好意的な表情に見えます。目や眉の緊張が少なく落ち着いているため、覚醒度は低めと判断しました。
../database/final_database/044/009.jpg,44,009.jpg,9,0.25,-0.15,口角がわずかに上がっており、穏やかな微笑みに見えるため快寄りです。目元や表情筋の緊張が少なく落ち着いているので覚醒度はやや低めです。
../database/final_database/044/009.jpg,44,009.jpg,10,0.25,-0.2,口角がわずかに上がっており穏やかな微笑みに見えるため、快寄りのvalenceです。一方で目元や表情筋の緊張が強くなく落ち着いた印象なので、arousalはやや低めです。
../database/final_database/044/010.jpg,44,010.jpg,1,-0.45,0.55,口が開いて眉間が寄り、視線も鋭く見えるため不快寄りの感情が示唆されます。一方で表情の緊張感が強く、覚醒度はやや高めと判断しました。
../database/final_database/044/010.jpg,44,010.jpg,2,-0.55,0.45,口が半開きで唇が引かれ、目が見開き気味で不快・嫌悪や緊張を示す表情に見えます。緊張感はあるものの激しい興奮までは至っていないため中程度の覚醒と判断しました。
../database/final_database/044/010.jpg,44,010.jpg,3,-0.62,0.58,口が開いて眉が寄り、怒りや不快感を示す表情に見えます。視線も強く緊張感があり、覚醒度は高めと判断しました。
../database/final_database/044/010.jpg,44,010.jpg,4,-0.52,0.63,眉が寄り目が見開かれ、口も緊張して開いており、不快・怒り/苛立ち寄りの表情に見えます。表情の緊張感が強く覚醒度も高いと判断しました。
../database/final_database/044/010.jpg,44,010.jpg,5,-0.55,0.65,眉が下がり口が開いて歯を見せるなど、怒り・不快の表情に見えるためvalenceは低めです。目が見開かれ緊張感があり、覚醒度は高めと判断しました。
../database/final_database/044/010.jpg,44,010.jpg,6,-0.62,0.55,口が開いて歯が見え、眉間に緊張があり不快・怒り/嫌悪寄りの表情に見えます。目も見開き気味で筋緊張があるため覚醒度はやや高めと判断しました。
../database/final_database/044/010.jpg,44,010.jpg,7,-0.55,0.48,口が半開きで眉や目元に緊張があり、不快・警戒の表情に見えます。表情の強さは中程度で、覚醒度はやや高めと判断しました。
../database/final_database/044/010.jpg,44,010.jpg,8,-0.42,0.48,口が開いて眉間がやや緊張しており、不快・怒り寄りの表情に見えます。一方で表情筋の動きがあり反応性も高いため、覚醒度はやや高めと判断しました。
../database/final_database/044/010.jpg,44,010.jpg,9,-0.52,0.64,口が開いて歯が見え、眉間が寄っているように見えるため不快（怒り・嫌悪）寄りの表情です。目も見開き気味で緊張感があり覚醒度は高めと判断しました。
../database/final_database/044/010.jpg,44,010.jpg,10,-0.62,0.55,口が開いて歯を見せ、眉間が寄っていて怒り・不快感が強い表情に見えます。一方で目の開きや表情筋の緊張があり覚醒度は中程度以上です。
../database/final_database/045/001.jpg,45,001.jpg,1,0.28,-0.22,口角がわずかに上がっており、穏やかな満足感・軽い微笑が見られるため快寄りです。目元の緊張が少なく全体に落ち着いた表情なので覚醒度は低めと判断しました。
../database/final_database/045/001.jpg,45,001.jpg,2,0.32,-0.18,口角がわずかに上がっており全体として穏やかで軽い肯定的感情が見られます。一方で目の開きや表情の張りは強くなく、覚醒度は低めに感じられます。
../database/final_database/045/001.jpg,45,001.jpg,3,0.42,-0.18,口角がわずかに上がり、全体として穏やかな微笑に見えるため快（正のvalence）寄りです。一方で目の開きや表情の強さが控えめで、興奮や緊張は低めに見えるためarousalはやや低めです。
../database/final_database/045/001.jpg,45,001.jpg,4,0.35,-0.25,口角がわずかに上がり表情は穏やかで、軽い快の印象があります。目元や口周りの緊張が少なく、覚醒度は低めに見えます。
../database/final_database/045/001.jpg,45,001.jpg,5,0.32,-0.18,口角がわずかに上がり、全体として穏やかな微笑みに見えるため快寄りのvalenceです。一方で表情筋の緊張や目の見開きが強くなく落ち着いた印象のためarousalは低めです。
../database/final_database/045/001.jpg,45,001.jpg,6,0.42,-0.18,口角がわずかに上がっており全体に穏やかな表情で、快寄りのvalenceと判断しました。目の開きや表情筋の緊張が強くないため、arousalはやや低めです。
../database/final_database/045/001.jpg,45,001.jpg,7,0.32,-0.18,口角がわずかに上がり、全体として穏やかな表情で軽い快の印象です。一方で目の開きや表情筋の緊張が強くなく、覚醒度は低めに見えます。
../database/final_database/045/001.jpg,45,001.jpg,8,0.38,-0.12,口角がわずかに上がっており、全体として穏やかで軽い快の表情に見えます。目元や表情筋の緊張が強くなく、落ち着いた低めの覚醒度と判断しました。
../database/final_database/045/001.jpg,45,001.jpg,9,0.35,-0.25,口角がわずかに上がっており不快感は少なく、穏やかな快の表情に見えます。目や口の開きが小さく、全体に落ち着いていて覚醒度は低めです。
../database/final_database/045/001.jpg,45,001.jpg,10,0.28,-0.12,口角がわずかに上がり、目元も緊張が少ないため軽い快の表情に見えます。一方で表情の動きは控えめで興奮度は低めです。
../database/final_database/045/002.jpg,45,002.jpg,1,0.28,-0.18,口角がわずかに上がり穏やかな表情で、不快感は見られません。目元や眉の緊張が少なく、落ち着いた低めの覚醒度と判断しました。
../database/final_database/045/002.jpg,45,002.jpg,2,0.32,-0.18,口角がわずかに上がっており全体として穏やかな微笑みで、快の方向に寄っています。一方で目元や表情筋の緊張が強くなく落ち着いた印象なので、覚醒度はやや低めです。
../database/final_database/045/002.jpg,45,002.jpg,3,0.25,-0.15,口元がわずかに上がり穏やかな表情で、全体として軽い快の感情が見られます。目元や眉の動きが小さく緊張感が低いため、覚醒度はやや低めと判断しました。
../database/final_database/045/002.jpg,45,002.jpg,4,0.18,-0.22,口角がわずかに上がった穏やかな表情で、強い不快感は見られません。目や表情筋の緊張が弱く全体に落ち着いているため覚醒度は低めです。
../database/final_database/045/002.jpg,45,002.jpg,5,0.32,-0.12,口角がわずかに上がり、表情全体が穏やかで軽い好意が感じられるためvalenceはやや正寄りです。目や眉の緊張が少なく動きも小さいため、覚醒度は低めと判断しました。
../database/final_database/045/002.jpg,45,002.jpg,6,0.25,-0.05,口角がわずかに上がっており、全体として穏やかで軽い好意的表情に見えます。目元や顔の緊張が少なく落ち着いているため、覚醒度は低めと判断しました。
../database/final_database/045/002.jpg,45,002.jpg,7,0.3,-0.2,口角がわずかに上がり、目元も緊張が少ないため軽い快の表情に見えます。一方で表情の動きは小さく、興奮や緊張は低めなので覚醒度はやや低いと判断しました。
../database/final_database/045/002.jpg,45,002.jpg,8,0.22,-0.18,口元がわずかに上がっており、全体として穏やかで軽い快の表情に見えます。一方で目や眉の動きが少なく、興奮度は低めで落ち着いた印象です。
../database/final_database/045/002.jpg,45,002.jpg,9,0.22,-0.12,口角がわずかに上がっており全体として穏やかな表情なので軽い快（ポジティブ）寄りです。一方で目や眉の動きが小さく緊張感も低いため覚醒度はやや低めと判断しました。
../database/final_database/045/002.jpg,45,002.jpg,10,0.22,-0.18,口角がわずかに上がっており全体として穏やかな表情で、軽い快の印象です。目や眉の動きが小さく緊張感も低いため覚醒度はやや低めと判断しました。
../database/final_database/045/003.jpg,45,003.jpg,1,0.35,0.1,口角がやや上がり、表情は穏やかで軽い好意・快のサインが見られます。一方で目元や顔全体の緊張は強くなく、覚醒度は低めに見えます。
../database/final_database/045/003.jpg,45,003.jpg,2,0.25,0.1,口角がわずかに上がり、全体として穏やかな表情で軽い快の印象です。目元や眉の緊張が少なく、興奮度は低めに見えます。
../database/final_database/045/003.jpg,45,003.jpg,3,0.55,0.1,口角が上がり軽い笑顔で、全体として快の感情が優勢に見えます。一方で目の開きや表情筋の緊張は強くなく、覚醒度は低めです。
../database/final_database/045/003.jpg,45,003.jpg,4,0.32,0.05,口角がやや上がり、穏やかな微笑みに見えるため快寄りです。一方で目元や表情筋の緊張は強くなく、興奮度は低めと判断しました。
../database/final_database/045/003.jpg,45,003.jpg,5,0.18,-0.12,口角がわずかに上がり、表情は軽い微笑みに見えるため快寄りのvalenceです。一方で目元や顔全体の緊張が弱く、興奮度は低めに見えるためarousalはやや低めです。
../database/final_database/045/003.jpg,45,003.jpg,6,0.44,0.08,口角が上がり軽い笑顔で、全体として快の方向です。一方で目元の強い緊張や大きな動きは少なく、覚醒度は低めに見えます。
../database/final_database/045/003.jpg,45,003.jpg,7,0.42,0.18,口角がやや上がり、全体として穏やかな微笑みに見えるため快寄りです。一方で目の開きや表情筋の緊張は強くなく、覚醒度は低めと判断しました。
../database/final_database/045/003.jpg,45,003.jpg,8,0.33,0.12,口角がわずかに上がり微笑みに近い表情で、不快さは見られません。一方で目の開きや表情筋の緊張が強くなく、覚醒度は低めに見えます。
../database/final_database/045/003.jpg,45,003.jpg,9,0.35,0.05,口角がやや上がり、穏やかな微笑に見えるため快寄りのvalenceです。一方で目元や表情筋の緊張は強くなく、興奮度は低めと判断しました。
../database/final_database/045/003.jpg,45,003.jpg,10,0.42,0.12,口角がやや上がり微笑みに近い表情で、全体として快の方向が強いです。一方で目の開きや表情筋の緊張は強くなく、覚醒度は低めに見えます。
../database/final_database/045/004.jpg,45,004.jpg,1,0.32,-0.18,口角がわずかに上がり、全体として穏やかな微笑に見えるため快寄りのvalenceです。目元や表情筋の緊張が強くなく落ち着いた印象なのでarousalは低めです。
../database/final_database/045/004.jpg,45,004.jpg,2,0.28,-0.22,口角がわずかに上がっており不快さは少なく、軽い肯定的感情が見られます。表情の動きは小さく落ち着いているため覚醒度はやや低めです。
../database/final_database/045/004.jpg,45,004.jpg,3,0.32,-0.18,口元がわずかに上がっており全体として穏やかな肯定的表情に見えるためvalenceはやや高めです。一方で目や眉の動きが小さく緊張感も少ないのでarousalは低めと判断しました。
../database/final_database/045/004.jpg,45,004.jpg,4,0.28,-0.12,口角がやや上がっており穏やかな微笑みが見られるため、快方向のvalenceです。一方で目の開きや表情筋の緊張が強くなく落ち着いた印象なので、arousalはやや低めです。
../database/final_database/045/004.jpg,45,004.jpg,5,0.22,-0.18,口角がわずかに上がり穏やかな表情で、軽い快感情が示唆されます。一方で目の開きや顔全体の緊張が弱く、覚醒度は低めに見えます。
../database/final_database/045/004.jpg,45,004.jpg,6,0.25,-0.2,口角がわずかに上がっており全体として穏やかな快表情に見えます。一方で目や眉の動きが小さく、興奮度は低めで落ち着いた状態と判断しました。
../database/final_database/045/004.jpg,45,004.jpg,7,0.35,-0.25,口角がわずかに上がっており、穏やかな微笑みで快の感情が示唆されます。一方で目の開きや表情筋の緊張が強くなく、全体として落ち着いた低覚醒に見えます。
../database/final_database/045/004.jpg,45,004.jpg,8,0.25,-0.35,口元がわずかに上がっており、全体として穏やかな快の表情に見えます。一方で目や眉の動きが小さく、興奮度は低めで落ち着いた印象です。
../database/final_database/045/004.jpg,45,004.jpg,9,0.35,-0.25,口角がわずかに上がっており、全体的に穏やかで軽いポジティブさが見られます。一方で目の開きや表情筋の緊張が弱く、落ち着いた低覚醒寄りです。
../database/final_database/045/004.jpg,45,004.jpg,10,0.35,-0.15,口元がわずかに上がっており全体として穏やかで軽い快の表情に見えます。一方で目元や表情筋の緊張が強くなく、落ち着いた低覚醒寄りと判断しました。
../database/final_database/045/006.jpg,45,006.jpg,1,0.25,0.1,口角がやや上がり、表情全体に軽い微笑みが見られるため快寄りです。一方で目や眉の動きは強くなく、興奮度は低めに見えます。
../database/final_database/045/006.jpg,45,006.jpg,2,0.18,0.12,口角がやや上がり、全体として穏やかな微笑に見えるため快方向です。一方で目の開きや表情筋の緊張は強くなく、覚醒度は低めと判断しました。
../database/final_database/045/006.jpg,45,006.jpg,3,0.25,0.15,口角がやや上がり、表情に軽い快の要素が見られます。一方で目元の緊張は強くなく、全体として覚醒度は低めに感じられます。
../database/final_database/045/006.jpg,45,006.jpg,4,0.28,0.12,口角がわずかに上がり、目元も強い緊張がなく全体に穏やかな表情なので、やや快の感情と判断しました。驚きや興奮を示す大きな開眼・強い筋緊張は見られず、覚醒度は低めです。
../database/final_database/045/006.jpg,45,006.jpg,5,0.36,0.12,口角がわずかに上がり、表情は穏やかで軽い快の印象です。一方で目の開きや表情筋の緊張は強くなく、覚醒度は低めに見えます。
../database/final_database/045/006.jpg,45,006.jpg,6,0.22,0.08,口角がやや上がり、全体的に穏やかな表情で軽い快の感情が見られます。一方で目元や表情筋の緊張は強くなく、覚醒度は低めです。
../database/final_database/045/006.jpg,45,006.jpg,7,0.35,0.05,口角がやや上がり、表情は穏やかで軽い好意（快）を示しています。一方で目元や姿勢に強い緊張や興奮は見られず、覚醒度は低めです。
../database/final_database/045/006.jpg,45,006.jpg,8,0.25,0.1,口角がやや上がり表情は穏やかで、軽い快の感情が見られます。一方で目や眉の動きが小さく、興奮や緊張は強くないため覚醒度は低めです。
../database/final_database/045/006.jpg,45,006.jpg,9,0.35,0.1,口角がやや上がり、表情に軽い快の要素が見られます。一方で目元の動きや緊張感は強くなく、覚醒度は低めです。
../database/final_database/045/006.jpg,45,006.jpg,10,0.35,0.2,口角がやや上がり、表情は全体として穏やかな微笑に見えるため快寄りです。一方で目の開きや筋緊張は強くなく、興奮度は低めに見えます。
../database/final_database/045/007.jpg,45,007.jpg,1,0.15,0.25,口が少し開き、表情は驚きや軽い興味に近く、強い不快・快の偏りは小さいと判断しました。目元の緊張は弱く、覚醒度も中程度よりやや低めです。
../database/final_database/045/007.jpg,45,007.jpg,2,0.12,0.32,口が少し開き目が見開かれており、驚きや戸惑いが混じった表情に見えます。強い喜びではないものの不快でもなく、覚醒度はやや高めと判断しました。
../database/final_database/045/007.jpg,45,007.jpg,3,0.22,0.38,口が少し開いており軽い微笑や驚きの要素が見られるため、快寄りのvalenceとしました。目元の緊張は強くなく落ち着きつつも反応はあるため、arousalは中程度にしました。
../database/final_database/045/007.jpg,45,007.jpg,4,0.08,0.34,口が開いており軽い驚きや発話中のような表情で、明確な不快感は強くありません。視線も前向きで緊張は中程度のため、やや覚醒寄りと判断しました。
../database/final_database/045/007.jpg,45,007.jpg,5,0.15,0.25,口が少し開いて軽い笑み・興味を示すような表情で、強い不快感は見られません。目元や口元の緊張も弱く、覚醒度は低〜中程度と判断しました。
../database/final_database/045/007.jpg,45,007.jpg,6,0.34,0.38,口角がやや上がり、表情全体に軽いポジティブさが見られる一方、目元の緊張が少なく強い喜びではありません。口が開いていて注意・反応が出ているため覚醒度は中程度と判断しました。
../database/final_database/045/007.jpg,45,007.jpg,7,0.15,0.35,口が少し開いて目もやや見開かれており、驚きや注意喚起のような覚醒度が中程度に感じられます。一方で口角は強く上がっておらず、快・不快は中立寄りでわずかに快に寄っています。
../database/final_database/045/007.jpg,45,007.jpg,8,0.22,0.38,口角がやや上がり驚き混じりの笑顔に見えるため、快の方向に寄っています。一方で目元の緊張と口の開きから軽い興奮・覚醒が感じられます。
../database/final_database/045/007.jpg,45,007.jpg,9,0.12,0.25,口が開いており驚きや発声中のような表情で、否定的ではないものの強い喜びも限定的に見えます。目元の緊張と口の開きから覚醒度はやや高めと判断しました。
../database/final_database/045/007.jpg,45,007.jpg,10,0.22,0.32,口角がやや上がり口が開いていて、弱いポジティブさ（軽い驚きや興味）を示しています。目の見開きも少しあり、落ち着きよりはやや覚醒寄りです。
../database/final_database/045/009.jpg,45,009.jpg,1,0.3,0.1,口角がやや上がり、全体として穏やかで軽い好意的感情が見られます。一方で目元や表情の強い緊張が少なく、覚醒度は低めです。
../database/final_database/045/009.jpg,45,009.jpg,2,0.35,0.05,口角がやや上がり、表情は穏やかで軽い快の印象です。一方で目元や全体の筋緊張は強くなく、覚醒度は低めに見えます。
../database/final_database/045/009.jpg,45,009.jpg,3,0.32,0.12,口角がやや上がり、表情全体に軽い微笑みが見られるため快寄りです。一方で目や口の開きは大きくなく、興奮度は低めで落ち着いた状態に見えます。
../database/final_database/045/009.jpg,45,009.jpg,4,0.35,0.2,口角がやや上がり、表情全体に軽い微笑の要素が見られるため快寄りです。一方で目元の緊張や大きな動きは少なく、覚醒度は中程度より低めと判断しました。
../database/final_database/045/009.jpg,45,009.jpg,5,0.25,0.15,口角がやや上がり、表情全体に軽い好意・安心感が見られるためvalenceはやや正寄りです。一方で目元や口の開きが大きくなく、興奮度は低めに見えるためarousalは小さめにしました。
../database/final_database/045/009.jpg,45,009.jpg,6,0.22,0.08,口角がやや上がり、表情は穏やかで軽い好意・安心感が見られます。一方で目元の動きが少なく全体の表情変化は控えめなため、覚醒度は低めです。
../database/final_database/045/009.jpg,45,009.jpg,7,0.34,0.12,口角がやや上がり表情は穏やかで、軽い快の感情が見られます。一方で目や眉の緊張が少なく、興奮度は低めに見えます。
../database/final_database/045/009.jpg,45,009.jpg,8,0.32,0.08,口角がやや上がり、表情は穏やかで軽い快が見られます。一方で目元の緊張や大きな動きは少なく、覚醒度は低めです。
../database/final_database/045/009.jpg,45,009.jpg,9,0.35,0.1,口角がやや上がり、表情全体に軽い快の要素が見られます。一方で目元や筋緊張が強くなく、興奮度は低めに見えます。
../database/final_database/045/009.jpg,45,009.jpg,10,0.35,0.1,口元がわずかに上がり、全体として穏やかでやや肯定的な表情に見えます。目元や表情筋の緊張が強くないため覚醒度は低めと判断しました。
../database/final_database/046/001.jpg,46,001.jpg,1,-0.25,0.2,眉がやや寄り、口元が引き締まっていて不快・警戒のニュアンスがあるためvalenceはやや低めです。一方で表情の強さは強烈ではなく、覚醒度は中程度と判断しました。
../database/final_database/046/001.jpg,46,001.jpg,2,-0.18,0.22,口角がやや下がり、眉間に軽い緊張が見られるため快ではなくやや不快寄りです。一方で表情の強さは大きくなく、軽い警戒・困惑程度の覚醒と判断しました。
../database/final_database/046/001.jpg,46,001.jpg,3,-0.18,0.22,口角がやや下がり眉間に軽いしわが見られるため、やや不快寄りの表情です。一方で目は開いており緊張感が少しあるため、覚醒度は軽く高めと判断しました。
../database/final_database/046/001.jpg,46,001.jpg,4,-0.18,0.22,口角がやや下がり、眉間に軽いしわが見られるため不快寄りの表情です。視線の動きや表情の緊張はあるものの強い興奮ではないため、覚醒度はやや低〜中程度と判断しました。
../database/final_database/046/001.jpg,46,001.jpg,5,-0.18,0.12,口元がやや下がり、眉も少し寄っていて不快寄りの表情に見えます。一方で目の開きは強くなく、緊張や興奮は小さめなので覚醒度は低〜中程度です。
../database/final_database/046/001.jpg,46,001.jpg,6,-0.12,0.18,眉がやや寄り口角も上がっておらず、少し不快・困惑寄りの表情に見えます。一方で表情の強さは大きくなく、覚醒度は軽度です。
../database/final_database/046/001.jpg,46,001.jpg,7,-0.2,0.1,口角がわずかに下がり、眉が寄っていて不快・不満そうな表情に見えます。一方で目の開きは強くなく、緊張や興奮は弱めで覚醒度は低〜中程度です。
../database/final_database/046/001.jpg,46,001.jpg,8,-0.25,0.1,眉がやや寄り、口元も引き締まっていて快より不快寄りの表情に見えます。一方で動きは少なく、驚きや興奮は強くないため覚醒度は低めです。
../database/final_database/046/001.jpg,46,001.jpg,9,-0.12,0.18,口角がやや下がり、眉間に軽いしわがあり不満・困惑寄りで快ではない印象です。一方で表情の強さは弱く、覚醒度は低～中程度に見えます。
../database/final_database/046/001.jpg,46,001.jpg,10,-0.18,0.22,口元がやや引きつり、眉間に軽い緊張が見られるため不快寄りの印象です。一方で目の開きは保たれており、強い沈静ではないため覚醒はやや高めと判断しました。
../database/final_database/046/003.jpg,46,003.jpg,1,-0.28,0.32,眉が寄って口角が下がり気味で、やや不快・困惑の表情に見えます。一方で目が開いて注意が向いている印象があり、覚醒度は中程度です。
../database/final_database/046/003.jpg,46,003.jpg,2,-0.32,0.18,眉間にしわが寄り口角がやや下がっており、不快・不満寄りの表情に見えます。一方で目の見開きや強い緊張は少なく、覚醒度は低〜中程度です。
../database/final_database/046/003.jpg,46,003.jpg,3,-0.35,0.25,眉が寄って目線が横に逸れ、口元も引きつったようで不快・警戒のニュアンスがあります。一方で表情の強度は中程度で、興奮よりは軽い緊張に留まるため覚醒はやや低めです。
../database/final_database/046/003.jpg,46,003.jpg,4,-0.35,0.25,眉間にしわが寄り、口角が下がり気味で不快・困惑寄りの表情に見えます。一方で目は開いており緊張感はあるため、覚醒度はやや高めと判断しました。
../database/final_database/046/003.jpg,46,003.jpg,5,-0.32,0.18,口角が下がり気味で眉も寄っており、不快・不満そうな表情に見えるためvalenceは低めです。一方で表情の強度は極端ではなく落ち着いているためarousalはやや低〜中程度です。
../database/final_database/046/003.jpg,46,003.jpg,6,-0.35,0.25,眉間にしわが寄り、口元も引き締まっていて不快・困惑寄りの表情に見えます。一方で表情の強い緊張や驚きは弱く、覚醒度は中程度です。
../database/final_database/046/003.jpg,46,003.jpg,7,-0.35,0.25,眉が寄り、口元も緊張しており不快・困惑寄りの表情に見えます。一方で驚きや興奮は強くなく、軽い覚醒レベルと判断しました。
../database/final_database/046/003.jpg,46,003.jpg,8,-0.35,0.25,眉が寄って口角がやや下がり、疑念や不満のような不快寄りの表情に見えます。一方で目は開いており緊張感が少しあるため覚醒度は軽く高めと判断しました。
../database/final_database/046/003.jpg,46,003.jpg,9,-0.34,0.22,口角が下がり気味で眉間にしわが寄っており、不快・不満を示す表情に見えます。一方で動きは強くなく、覚醒度は中程度と判断しました。
../database/final_database/046/003.jpg,46,003.jpg,10,-0.35,0.2,眉をひそめ口元も緊張しており、やや不快・困惑寄りの表情に見えます。一方で動きは大きくなく、覚醒度は低〜中程度と判断しました。
../database/final_database/046/004.jpg,46,004.jpg,1,-0.22,0.18,眉がやや寄って額にしわがあり、口元も緊張して見えるため快より不快寄りです。一方で表情の強さは中程度で、覚醒度はわずかに高い程度と判断しました。
../database/final_database/046/004.jpg,46,004.jpg,2,-0.18,0.12,眉間にしわが寄り、口角がわずかに下がっていて軽い不快・困惑寄りに見えます。一方で表情の強い緊張や興奮は少なく、覚醒度はやや低め〜中程度です。
../database/final_database/046/004.jpg,46,004.jpg,3,-0.18,0.22,眉がやや寄り、口元も緊張して見えるため快よりは不快寄りです。一方で表情は強くはなく、覚醒度は軽度の高まりに留まります。
../database/final_database/046/004.jpg,46,004.jpg,4,-0.18,0.22,眉が内側に寄り、口元もやや緊張していて不快寄りの表情に見えます。一方で目は開いており表情筋の緊張もあるため、覚醒度はやや高めと判断しました。
../database/final_database/046/004.jpg,46,004.jpg,5,-0.12,0.28,眉が中央に寄ってやや下がり、口元も引き締まっていて快より不快寄りに見えます。表情の緊張感はあるものの強い興奮ではなく、中程度の覚醒と判断しました。
../database/final_database/046/004.jpg,46,004.jpg,6,-0.22,0.18,眉がやや寄り、口元も緊張して見えるため軽い不快寄りの表情です。一方で目の見開きや動きは強くなく、覚醒度は低〜中程度に留まります。
../database/final_database/046/004.jpg,46,004.jpg,7,-0.18,0.22,眉がやや寄り、口角も上がらず緊張や不快感が少し見られます。一方で表情の強い動きは少なく、覚醒度は低〜中程度です。
../database/final_database/046/004.jpg,46,004.jpg,8,-0.25,0.2,眉が内側に寄り、口角もあまり上がっていないためやや不快寄りに見えます。一方で表情の強さは中程度で、覚醒度は軽く高めと判断しました。
../database/final_database/046/004.jpg,46,004.jpg,9,-0.18,0.22,眉が中央に寄ってやや緊張・困惑した表情で、口元の上がりも弱く快より不快寄りに見えます。一方で目は開いており表情の緊張もあるため、覚醒度はやや高めと判断しました。
../database/final_database/046/004.jpg,46,004.jpg,10,-0.18,0.12,眉がやや寄っており口元も強い笑顔ではないため、わずかに不快寄りに見えます。一方で表情の強い緊張や興奮は少なく、覚醒度は軽度にとどまります。
../database/final_database/046/006.jpg,46,006.jpg,1,-0.18,0.12,眉間に軽いしわがあり口元もやや引き締まっていて、わずかに不快・困惑寄りに見えます。表情の強度は弱く、覚醒度は低〜中程度です。
../database/final_database/046/006.jpg,46,006.jpg,2,-0.18,0.12,眉間に軽いしわがあり口角もあまり上がっていないため、やや不快寄りに見えます。一方で表情の強い緊張や興奮は少なく、覚醒度は低め〜中程度です。
../database/final_database/046/006.jpg,46,006.jpg,3,-0.18,0.12,口角はわずかに上がっていますが、眉間に軽い緊張があり全体としては中立〜やや不快寄りに見えます。表情の強さは強くなく、覚醒度は低〜中程度です。
../database/final_database/046/006.jpg,46,006.jpg,4,-0.12,0.08,眉間に軽いしわがあり口角もやや下がって見えるため、快よりもわずかに不快寄りと判断しました。一方で目の開きや表情の強さは弱く、覚醒度は低〜中程度です。
../database/final_database/046/006.jpg,46,006.jpg,5,-0.12,0.08,口元はわずかに上がっているものの、眉間に軽いしわがあり全体としてはやや不快寄りに見えます。表情変化は強くなく、覚醒度は低〜中程度です。
../database/final_database/046/006.jpg,46,006.jpg,6,-0.25,0.15,眉間にややしわが寄り、口角も上がっていないため軽い不快・困惑寄りに見えます。一方で目の見開きや緊張は強くなく、覚醒度は低〜中程度です。
../database/final_database/046/006.jpg,46,006.jpg,7,-0.08,0.12,口角がわずかに下がり、眉も少し寄っていて快の表情は弱く、やや不快寄りに見えます。一方で目の開きや表情筋の緊張は強すぎず、覚醒度は低〜中程度です。
../database/final_database/046/006.jpg,46,006.jpg,8,-0.25,0.05,眉がやや寄り、口角も上がっていないため、快よりは軽い不快・戸惑い寄りに見えます。一方で目や口の開きが小さく、強い緊張や興奮は感じにくいため覚醒度は低めです。
../database/final_database/046/006.jpg,46,006.jpg,9,-0.12,0.18,眉がやや寄っていて口角がわずかに下がり、軽い不快・困惑のニュアンスが見られます。一方で表情の強度は高くなく、覚醒度は低～中程度に留まっています。
../database/final_database/046/006.jpg,46,006.jpg,10,-0.18,0.12,眉がやや寄っていて口角も大きく上がっておらず、軽い不快・困惑寄りに見えます。一方で表情の強い緊張や興奮は少なく、覚醒度はやや低め〜中程度です。
../database/final_database/046/007.jpg,46,007.jpg,1,0.1,0.2,片目を細め口元がわずかに上がっており、軽い好意・照れのような表情に見えるためvalenceはやや正寄りです。一方で大きな開口や強い緊張はなく、覚醒度は低〜中程度と判断しました。
../database/final_database/046/007.jpg,46,007.jpg,2,0.12,0.18,片目をつぶり口元がわずかに上がっており、軽い好意・遊び心が感じられる一方、表情全体の動きは小さく落ち着いて見えます。緊張や強い驚きは少なく、覚醒度は低〜中程度です。
../database/final_database/046/007.jpg,46,007.jpg,3,0.08,0.12,口元はわずかに上がっており大きな不快感は見られませんが、片目を細め眉間に軽いしわがあり困惑・警戒の要素もあります。表情の強度は高くなく、覚醒度は低〜中程度です。
../database/final_database/046/007.jpg,46,007.jpg,4,0.12,0.25,口角がわずかに上がりつつも片目を細めており、全体としては軽い好意・余裕がある表情に見えます。表情の強さは中程度で、覚醒度はやや高めと判断しました。
../database/final_database/046/007.jpg,46,007.jpg,5,0.1,0.05,片目をつぶったウィンクのような表情で、口元もわずかに緩んでおり軽い肯定的感情が見られます。一方で表情変化は小さく、強い興奮や緊張は感じにくいため覚醒度は低めです。
../database/final_database/046/007.jpg,46,007.jpg,6,0.1,0.25,片目をつむり口元がわずかに上がっているため、軽いユーモアや自信を感じる表情でやや快寄りです。一方で表情の強度は高くなく、覚醒度は中程度に留まります。
../database/final_database/046/007.jpg,46,007.jpg,7,0.12,0.28,片目をつぶり口元がわずかに上がっており、強い不快ではないがややポジティブ寄りに見える。表情の緊張は軽度で、覚醒度は中程度より少し低めと判断した。
../database/final_database/046/007.jpg,46,007.jpg,8,0.05,0.15,口元はわずかに上がり中立〜軽い快の印象ですが、片目を強く閉じ眉間に力が入っており緊張や戸惑いが混ざっています。全体として感情強度は高くなく、軽い覚醒に留まります。
../database/final_database/046/007.jpg,46,007.jpg,9,0.12,0.18,片目をつぶったウィンクのような表情で、口元にわずかな上向きがあり大きな不快感は見られません。一方で表情の変化は小さく、強い興奮や緊張は感じにくいため覚醒度は低めです。
../database/final_database/046/007.jpg,46,007.jpg,10,0.12,0.18,口元はわずかに上がっており中立〜軽い快の印象ですが、片目をつぶり眉間にしわがあり少し緊張や不快も混ざっています。表情の強度は高くなく、覚醒度は低〜中程度です。
../database/final_database/046/009.jpg,46,009.jpg,1,0.1,0.2,口元にわずかな上がりがあり軽い微笑にも見える一方、目元がやや緊張していて喜びが強くはありません。全体として穏やかで覚醒度も低〜中程度です。
../database/final_database/046/009.jpg,46,009.jpg,2,0.12,0.18,口元がわずかに上がり全体として中立〜軽い快の表情ですが、片目が細まり眉間もやや寄っていて戸惑い・緊張が混ざっています。表情の強度は高くないため覚醒度は低めの中程度です。
../database/final_database/046/009.jpg,46,009.jpg,3,0.1,-0.05,口元がわずかに上がっており不快ではない一方、目元がやや緊張していて強い喜びは感じにくいです。表情全体の動きが小さく落ち着いているため覚醒度は中立付近です。
../database/final_database/046/009.jpg,46,009.jpg,4,0.12,0.08,口元がわずかに上がり全体として中立〜軽い快の表情ですが、目が細く緊張感も少し見られます。表情の強さは弱く、覚醒度は低めです。
../database/final_database/046/009.jpg,46,009.jpg,5,0.12,0.08,口角がわずかに上がり不快感は強くない一方、目元はやや緊張しており感情は弱めに混在しています。全体として落ち着いた表情で覚醒度は低〜中程度です。
../database/final_database/046/009.jpg,46,009.jpg,6,0.12,0.08,口元がわずかに上がっており軽い微笑みが見られる一方、目元はやや緊張していて強い快感情ではありません。表情の動きが小さく、全体として落ち着いた低覚醒の状態です。
../database/final_database/046/009.jpg,46,009.jpg,7,0.12,0.08,口元がわずかに上がり、全体として中立〜やや快の表情に見えます。一方で目元は落ち着いており緊張感が少ないため覚醒度は低めです。
../database/final_database/046/009.jpg,46,009.jpg,8,0.2,0.1,口元がわずかに上がっており強い不快感は見られませんが、目元がやや緊張していて喜びも強くはありません。全体として穏やかで覚醒度は低めに見えます。
../database/final_database/046/009.jpg,46,009.jpg,9,0.15,0.1,口元がわずかに上がっており全体として中立〜軽い快の表情ですが、眉の寄りと片目の細まりがあり少し困惑や不快も混じっています。表情の動きは小さく、覚醒度は低めです。
../database/final_database/046/009.jpg,46,009.jpg,10,0.18,0.05,口元がわずかに上がっており軽い好意・安心寄りですが、目元は強い笑顔ではなく全体として中立に近い表情です。表情の動きが小さく緊張感も低いため覚醒度は低めと判断しました。
../database/final_database/046/010.jpg,46,010.jpg,1,0.12,0.06,口角がわずかに上がり、表情は中立〜軽いポジティブ寄りに見えます。一方で目が細く動きも少ないため、覚醒度は低めと判断しました。
../database/final_database/046/010.jpg,46,010.jpg,2,0.12,-0.18,口元はわずかに緩んでおり強い不快感は見られない一方、目の開きが小さく表情の動きも少ないため落ち着いた（低覚醒）状態に見えます。
../database/final_database/046/010.jpg,46,010.jpg,3,-0.18,0.12,口元がやや下がり、目も細めで不快寄りの表情に見えますが、強い怒りや恐怖ほどの緊張はなく落ち着いた状態に見えます。
../database/final_database/046/010.jpg,46,010.jpg,4,0.1,-0.2,口角がわずかに上がっていますが、目が細く表情が硬めで、強い喜びや怒りなどの高覚醒は感じにくいです。全体としてやや快寄りだが落ち着いた（低覚醒）印象です。
../database/final_database/046/010.jpg,46,010.jpg,5,-0.12,-0.28,口元がやや下がり、片目を細めた不快・困惑寄りの表情に見えます。一方で表情の動きは強くなく、覚醒度は低めと判断しました。
../database/final_database/046/010.jpg,46,010.jpg,6,0.12,0.06,口元がわずかに上がり全体として中立〜軽い快の印象ですが、片目を細めた表情で緊張や違和感も少し感じられます。表情の動きは小さく、覚醒度は低め〜中程度です。
../database/final_database/046/010.jpg,46,010.jpg,7,0.12,-0.08,口元がわずかに緩んでおり軽い快の要素がありますが、目が細く力が抜けた表情で感情の強度は低めに見えます。全体として落ち着いた（非覚醒寄りの）中立〜やや快の印象です。
../database/final_database/046/010.jpg,46,010.jpg,8,-0.12,0.08,口角がやや下がり気味で目も細く、快というより軽い不快・違和感が示唆されます。一方で表情の強さは弱く、興奮や緊張は高くないため覚醒度は低めです。
../database/final_database/046/010.jpg,46,010.jpg,9,-0.18,0.22,口元がわずかに下がり、片目を細めた表情で快より不快寄りに見えます。表情の強さは中程度で、覚醒度はやや高めと判断しました。
../database/final_database/046/010.jpg,46,010.jpg,10,0.12,-0.08,口元がわずかに上がり、全体として中立〜やや快の印象です。一方で目が細く力が抜けた表情で、覚醒度は低めに見えます。
../database/final_database/047/001.jpg,47,001.jpg,1,0.12,-0.08,口元がわずかに上がっており軽い快の印象ですが、目元の動きが小さく全体として落ち着いた表情です。強い緊張や興奮は見られないため覚醒度は低めにしました。
../database/final_database/047/001.jpg,47,001.jpg,2,0.25,-0.1,口元がわずかに上がり、全体として穏やかでやや肯定的な表情に見えます。一方で目の開きや表情筋の動きが小さく、興奮度は低めです。
../database/final_database/047/001.jpg,47,001.jpg,3,0.18,-0.12,口元がわずかに上がっており軽い好意・穏やかさが感じられる一方、目元の動きが少なく全体として落ち着いた表情です。強い興奮や緊張は見られません。
../database/final_database/047/001.jpg,47,001.jpg,4,0.12,-0.18,口角がわずかに上がり、全体として中立〜軽い快の表情に見えます。一方で目元の動きや表情の強さが小さく、覚醒度は低めと判断しました。
../database/final_database/047/001.jpg,47,001.jpg,5,0.22,-0.08,口元がわずかに上がり、全体として穏やかな表情で軽い快の印象があります。一方で目の開きや表情筋の動きは控えめで、覚醒度は低めに見えます。
../database/final_database/047/001.jpg,47,001.jpg,6,0.12,-0.18,口元がわずかに上がっており軽い快の要素がありますが、目元の緊張が少なく全体としては落ち着いた表情です。そのため覚醒度は低めに見えます。
../database/final_database/047/001.jpg,47,001.jpg,7,0.15,-0.05,口元がわずかに上がり、全体として穏やかで中立～やや快の印象です。目の開きや表情筋の緊張が弱く、覚醒度は低めに見えます。
../database/final_database/047/001.jpg,47,001.jpg,8,0.1,-0.2,口角がわずかに上がり穏やかな表情で、強い不快感は見られません。一方で目の開きや表情筋の緊張が弱く、落ち着いた低覚醒寄りに見えます。
../database/final_database/047/001.jpg,47,001.jpg,9,0.05,-0.1,口元がわずかに上がっているものの、目元の緊張が少なく全体として中立に近い表情です。動きや強い感情のサインが乏しいため覚醒度も低めに見えます。
../database/final_database/047/001.jpg,47,001.jpg,10,0.12,-0.08,口角がわずかに上がり全体に穏やかな表情で、強い不快感は見られません。一方で目元や表情筋の動きが小さく、興奮度は低めに見えます。
../database/final_database/047/002.jpg,47,002.jpg,1,-0.25,0.1,口角が下がり気味で表情が硬く、不快寄りの印象です。一方で目の見開きや筋緊張は強くなく、覚醒度は低〜中程度に見えます。
../database/final_database/047/002.jpg,47,002.jpg,2,-0.05,0.1,口元がわずかに開き、眉や目元の緊張が弱く中立〜軽い戸惑いが見られます。強い笑顔や怒りの要素は少ないため、快・不快はほぼ中立で覚醒も低〜中程度です。
../database/final_database/047/002.jpg,47,002.jpg,3,-0.18,-0.05,口元がやや開いて不安・戸惑いのような表情で、笑顔などの快のサインが弱いです。目元の緊張も強くなく全体に落ち着いて見えるため、覚醒度はほぼ中立に近いと判断しました。
../database/final_database/047/002.jpg,47,002.jpg,4,0.02,0.12,口がわずかに開き、目元も大きな緊張や笑顔が見られないため、快・不快はほぼ中立に近いと判断しました。表情の動きは小さいものの、わずかな緊張感があり覚醒度は低〜中程度です。
../database/final_database/047/002.jpg,47,002.jpg,5,0.1,-0.05,口元がわずかに開いており中立〜やや肯定的に見える一方、目元や眉の動きが小さく全体として落ち着いた表情です。強い緊張や興奮は感じられないため覚醒度は低めと判断しました。
../database/final_database/047/002.jpg,47,002.jpg,6,0.05,0.12,口がわずかに開き、表情は中立に近いが軽い不快・困惑の要素も見られます。目元の緊張は弱く、全体として覚醒度は低〜中程度です。
../database/final_database/047/002.jpg,47,002.jpg,7,-0.12,0.18,口が少し開いて眉と目元にわずかな緊張があり、快よりやや不快寄りに見えます。一方で表情の強さは控えめで、覚醒度は低〜中程度です。
../database/final_database/047/002.jpg,47,002.jpg,8,-0.12,0.18,口がわずかに開いていて緊張や不安を示すような表情で、笑顔要素が少ないため快寄りではありません。一方で表情の動きは小さく強い興奮ではないため、覚醒度は軽度にとどまります。
../database/final_database/047/002.jpg,47,002.jpg,9,0.02,-0.08,口元がわずかに開いているものの笑顔や強い不快のサインは弱く、全体として中立に近い表情です。目元や眉の緊張も強くなく、覚醒度はやや低めに見えます。
../database/final_database/047/002.jpg,47,002.jpg,10,-0.12,0.08,口がわずかに開き、眉や目元に緊張が少し見られる一方で、強い喜びや怒りは感じられません。全体としてやや不快寄りだが覚醒度は低〜中程度です。
../database/final_database/047/003.jpg,47,003.jpg,1,0.12,-0.18,口元がわずかに上がっており強い不快感は見られませんが、表情全体は落ち着いていて感情の動きは小さめです。目元や眉の緊張も弱く、覚醒度は低めに見えます。
../database/final_database/047/003.jpg,47,003.jpg,2,0.12,-0.18,口角がわずかに上がり穏やかな表情で、強い不快感は見られません。目元や口の開きが小さく、全体に落ち着いていて覚醒度は低めです。
../database/final_database/047/003.jpg,47,003.jpg,3,0.12,-0.18,口元がわずかに緩んでおり強い不快は見られない一方、目や眉の動きが小さく全体的に落ち着いた表情です。そのため快は弱めで、覚醒度も低めと判断しました。
../database/final_database/047/003.jpg,47,003.jpg,4,0.12,-0.18,口元がわずかに緩み、強い緊張や嫌悪は見られないため軽い快寄りと判断しました。目元や表情筋の動きが小さく、興奮度は低めに見えるため低覚醒寄りです。
../database/final_database/047/003.jpg,47,003.jpg,5,0.12,-0.18,口角がわずかに上がり表情は穏やかで、強い不快感は見られません。一方で目元や姿勢から活発さは低く、落ち着いた（やや低覚醒の）状態に見えます。
../database/final_database/047/003.jpg,47,003.jpg,6,0.05,-0.15,口元がわずかに緩んでおり強い不快感は見られませんが、目元の表情変化が少なく全体として中立に近い印象です。表情の動きが小さく落ち着いているため覚醒度はやや低めと判断しました。
../database/final_database/047/003.jpg,47,003.jpg,7,0.12,-0.08,口元がわずかに緩み、表情は中立〜軽い快の方向に見えます。一方で目の開きや顔の緊張が強くなく、全体として落ち着いた低覚醒寄りです。
../database/final_database/047/003.jpg,47,003.jpg,8,0.1,-0.15,口角がわずかに上がり表情は中立〜軽い快に見えますが、目元の緊張が少なく全体として落ち着いた印象です。
../database/final_database/047/003.jpg,47,003.jpg,9,0.12,-0.18,口元がわずかに緩み否定的な緊張は少ないため、快寄りだが弱い表情です。目や眉の動きが小さく全体に落ち着いて見えるため、覚醒度はやや低めです。
../database/final_database/047/003.jpg,47,003.jpg,10,0.1,-0.2,口元がわずかに緩んでおり大きな不快感は見られないため、valenceはやや正寄りです。目元や眉の動きが小さく表情の強さが弱いので、arousalは低めと判断します。
../database/final_database/047/004.jpg,47,004.jpg,1,-0.12,-0.18,口角がわずかに下がり、目元も緊張が少なく全体として快・不快どちらにも強く寄らないやや不快寄りの表情に見えます。表情の動きが小さく落ち着いているため覚醒度は低めと判断しました。
../database/final_database/047/004.jpg,47,004.jpg,2,0.12,-0.28,口元がわずかに上がっており強い不快感は見られない一方、目元や眉の動きが小さく表情の活性は低めです。そのため、やや快寄りだが落ち着いた（低覚醒）状態と判断しました。
../database/final_database/047/004.jpg,47,004.jpg,3,-0.12,-0.18,口角がやや下がり、眉も少し寄っているため、軽い不快・不安寄りの表情に見えます。一方で目の開きや表情の強さは弱く、覚醒度は低めと判断しました。
../database/final_database/047/004.jpg,47,004.jpg,4,0.12,-0.18,口角がわずかに上がっており軽い快の表情ですが、目元や全体の表情筋の動きが小さく落ち着いて見えます。そのためvalenceは小さめのプラス、arousalはやや低めと判断しました。
../database/final_database/047/004.jpg,47,004.jpg,5,-0.12,0.08,口角がわずかに下がり、眉間に軽い緊張が見られるためやや不快寄りです。一方で表情の強い動きは少なく、覚醒度は低〜中程度に留まります。
../database/final_database/047/004.jpg,47,004.jpg,6,0.12,-0.18,口角がわずかに上がりつつも、目元や眉の動きが小さく全体として感情の強度は低いです。軽い好意・落ち着き寄りの表情に見えるため、valenceはやや正、arousalはやや低めと判断しました。
../database/final_database/047/004.jpg,47,004.jpg,7,0.12,-0.18,口角がわずかに上がり軽い微笑の要素があるため快寄りですが、目元がやや緊張しており強いポジティブさは感じません。表情の動きが小さく落ち着いて見えるため覚醒度は低めです。
../database/final_database/047/004.jpg,47,004.jpg,8,0.12,-0.18,口角がわずかに上がっており軽い好意・安心寄りですが、目元や表情全体の動きが小さく感情強度は低めです。覚醒度は落ち着いた状態に見えます。
../database/final_database/047/004.jpg,47,004.jpg,9,-0.12,-0.18,口角がやや下がり、眉間に軽い緊張が見られるため快より少し不快寄りです。表情の動きは小さく落ち着いているので覚醒度はやや低めと判断しました。
../database/final_database/047/004.jpg,47,004.jpg,10,0.05,-0.1,口角がわずかに上がっていますが、目元や眉の動きが少なく全体として中立寄りです。表情の強さも弱く、落ち着いた低覚醒に見えます。
../database/final_database/047/005.jpg,47,005.jpg,1,0.18,-0.22,口角がわずかに上がり、全体として中立〜軽い快の表情に見えます。一方で目元や筋緊張が強くなく、興奮度は低め（落ち着いた状態）と判断しました。
../database/final_database/047/005.jpg,47,005.jpg,2,0.18,-0.12,口角がわずかに上がっており、全体として穏やかで軽いポジティブさが見られます。一方で目元や表情の動きが小さく、興奮度は低めに感じられます。
../database/final_database/047/005.jpg,47,005.jpg,3,0.12,-0.28,口元がわずかに上がっており、強い不快感は見られないためvalenceはやや正寄りです。一方で目元や表情筋の緊張が少なく、全体に落ち着いた印象なのでarousalは低めです。
../database/final_database/047/005.jpg,47,005.jpg,4,0.12,-0.22,口元がわずかに上がっており軽い快の表情ですが、目元や眉の動きが小さく全体として落ち着いた印象です。強い驚きや緊張は見られないため覚醒度は低めと判断しました。
../database/final_database/047/005.jpg,47,005.jpg,5,0.12,-0.28,口角がわずかに上がり表情は穏やかで、強い不快感は見られません。一方で目元や顔全体の緊張が少なく、興奮度は低めに感じられます。
../database/final_database/047/005.jpg,47,005.jpg,6,0.18,-0.22,口角がわずかに上がり全体として穏やかな表情で、軽いポジティブさが感じられます。一方で目の開きや表情筋の緊張が弱く、覚醒度はやや低めです。
../database/final_database/047/005.jpg,47,005.jpg,7,0.15,-0.2,口角がわずかに上がり、全体として穏やかな表情で軽い快の印象があります。一方で目元や表情筋の動きが小さく、興奮度は低めに見えます。
../database/final_database/047/005.jpg,47,005.jpg,8,0.12,-0.18,口元がわずかに上がっており強い不快感は見られない一方、目元や眉の動きが小さく表情のエネルギーは低めに見えます。全体として穏やかで軽いポジティブ寄りですが覚醒度は低い印象です。
../database/final_database/047/005.jpg,47,005.jpg,9,0.12,-0.18,口角がわずかに上がっており大きな不快表情は見られないため、valenceはやや正寄りです。一方で目元や表情筋の緊張が少なく全体に落ち着いて見えるため、arousalはやや低めです。
../database/final_database/047/005.jpg,47,005.jpg,10,0.15,-0.2,口元がわずかに上がっており中立～軽い快の印象ですが、目元の動きが少なく全体として落ち着いた表情です。そのため快は小さめ、覚醒度も低めに見積もりました。
../database/final_database/047/006.jpg,47,006.jpg,1,-0.12,-0.18,口角がわずかに下がり、目元も細めで全体に落ち着いた（やや不快寄りの）表情に見えます。強い緊張や興奮は感じられず、覚醒度は低めと判断しました。
../database/final_database/047/006.jpg,47,006.jpg,2,-0.18,-0.22,口角がやや下がり、目元も細く緊張感が少ないため、やや不快寄りに見えます。表情の動きが小さく落ち着いているので覚醒度は低めです。
../database/final_database/047/006.jpg,47,006.jpg,3,-0.15,-0.25,口角がわずかに下がり、目元も半開きで緊張や不快感が少し感じられるためvalenceはやや低めです。一方で表情の動きが小さく落ち着いて見えるため、arousalは低めと判断しました。
../database/final_database/047/006.jpg,47,006.jpg,4,-0.12,-0.35,眉がやや寄り、目が細く口角もほぼ上がっていないため快感情は弱く、わずかに不快寄りに見えます。表情の動きが小さく緊張感も強くないため覚醒度は低めと判断しました。
../database/final_database/047/006.jpg,47,006.jpg,5,-0.12,-0.18,口角がやや下がり、眉間に軽い緊張が見られるため快ではなくわずかに不快寄りです。目の開きや表情筋の動きが小さく、全体として覚醒度は低めに見えます。
../database/final_database/047/006.jpg,47,006.jpg,6,-0.25,0.05,口角がやや下がり、眉間も軽く寄っていて不快寄りの表情に見えます。一方で目の開きや表情筋の緊張は強くなく、覚醒度は低めです。
../database/final_database/047/006.jpg,47,006.jpg,7,-0.25,-0.1,口角がやや下がり、目元も細く緊張感が少ないため、快より不快寄りに見えます。一方で表情の動きが小さく、興奮や警戒は強くないため覚醒度は低めです。
../database/final_database/047/006.jpg,47,006.jpg,8,-0.25,0.1,口角がやや下がり、眉間に軽い緊張が見られるため快感情は弱めにマイナス寄りです。一方で表情の動きは大きくなく、覚醒度は低〜中程度と判断しました。
../database/final_database/047/006.jpg,47,006.jpg,9,-0.12,-0.18,口角がやや下がり、眉間に軽い緊張が見られるため快の方向ではありません。一方で表情の動きは小さく、興奮や強い覚醒は感じられないため低覚醒寄りです。
../database/final_database/047/006.jpg,47,006.jpg,10,-0.2,-0.1,口角がやや下がり、目元も細く緊張や不快寄りの表情に見えます。一方で表情の強い動きは少なく、覚醒度は低めです。
../database/final_database/047/007.jpg,47,007.jpg,1,0.28,-0.22,口角がわずかに上がり表情は穏やかで、軽い快の印象があります。一方で目の開きや表情筋の緊張が強くなく、覚醒度はやや低めに見えます。
../database/final_database/047/007.jpg,47,007.jpg,2,0.22,-0.18,口角がわずかに上がり、全体として穏やかでやや肯定的な表情に見えます。一方で目や眉の緊張は強くなく、興奮度は低めと判断しました。
../database/final_database/047/007.jpg,47,007.jpg,3,0.18,-0.22,口角がわずかに上がり穏やかな表情で、不快さは少ないためvalenceはやや正寄りです。一方で目や眉の緊張が弱く、興奮・緊張感は低めに見えるためarousalはやや負寄りです。
../database/final_database/047/007.jpg,47,007.jpg,4,0.25,-0.2,口角がわずかに上がっており全体として穏やかな表情で、軽い快の感情がうかがえます。目や眉の動きが少なく緊張感も低いため、覚醒度はやや低めと判断しました。
../database/final_database/047/007.jpg,47,007.jpg,5,0.12,-0.18,口角がわずかに上がり、全体として中立〜軽い快の表情に見えます。一方で目元の緊張や開きが強くなく、興奮度は低めです。
../database/final_database/047/007.jpg,47,007.jpg,6,0.2,-0.25,口角がわずかに上がり全体に落ち着いた表情で、弱い肯定的感情が見られます。目や眉の緊張が少なく動きも小さいため、覚醒度はやや低めと判断しました。
../database/final_database/047/007.jpg,47,007.jpg,7,0.15,-0.25,口角がわずかに上がり、全体として穏やかな表情のため軽い快を示します。一方で目や眉の動きが小さく緊張感が低いため、覚醒度はやや低めと判断しました。
../database/final_database/047/007.jpg,47,007.jpg,8,0.25,-0.15,口角がわずかに上がり、全体として穏やかで軽い好意的表情に見えます。一方で目元や眉の動きが少なく、興奮度は低めです。
../database/final_database/047/007.jpg,47,007.jpg,9,0.25,-0.15,口角がわずかに上がっており、全体として穏やかで軽い肯定的感情が見られます。一方で目元の緊張や動きが少なく、興奮度は低めに感じられます。
../database/final_database/047/007.jpg,47,007.jpg,10,0.28,-0.18,口角がわずかに上がり、表情は穏やかで軽い快の印象です。一方で目の見開きや眉の緊張が弱く、全体として覚醒度は低めに見えます。
../database/final_database/047/008.jpg,47,008.jpg,1,0.1,-0.35,口元がわずかに上がっており大きな不快感は見られないため、軽い快方向のvalenceと判断しました。目元や表情筋の動きが少なく落ち着いた印象なので、arousalはやや低めです。
../database/final_database/047/008.jpg,47,008.jpg,2,0.1,-0.35,口角がわずかに上がっており不快ではないが、目元が半開きで表情変化が少なく落ち着いた印象です。強い興奮や緊張は見られず、低めの覚醒度と判断しました。
../database/final_database/047/008.jpg,47,008.jpg,3,0.12,-0.28,口角がわずかに上がり表情は穏やかで、強い不快感は見られません。一方で目の開きが小さく動きが少ない印象のため、覚醒度は低めと判断しました。
../database/final_database/047/008.jpg,47,008.jpg,4,0.12,-0.25,口元がわずかに上がり全体に穏やかな表情で、強い不快感は見られません。一方で目元の動きが少なく表情筋の緊張も弱いため覚醒度は低めと判断しました。
../database/final_database/047/008.jpg,47,008.jpg,5,0.1,-0.35,口角がわずかに上がっており軽い快の印象ですが、目元や表情筋の動きが小さく全体として落ち着いた状態に見えます。強い興奮や緊張は感じられないため覚醒度は低めです。
../database/final_database/047/008.jpg,47,008.jpg,6,0.12,-0.22,表情は口元がわずかに上がり、全体として中立〜軽い好意（快）寄りに見えます。一方で目の開きや表情筋の動きが小さく、落ち着いた低覚醒の状態と判断しました。
../database/final_database/047/008.jpg,47,008.jpg,7,0.12,-0.28,口角がわずかに上がり、全体として中立〜軽い快の表情に見えます。一方で目元の動きが小さく、表情の強度が低いため覚醒度はやや低めと判断しました。
../database/final_database/047/008.jpg,47,008.jpg,8,0.18,-0.12,口角がわずかに上がり、全体として中立〜軽い快の表情に見えます。一方で目の開きや表情筋の緊張が弱く、覚醒度はやや低めと判断しました。
../database/final_database/047/008.jpg,47,008.jpg,9,0.05,-0.35,口角がわずかに上がっているものの、目元の緊張や表情変化が少なく全体的に中性的です。覚醒度は低めで落ち着いた（やや眠そうな）印象があります。
../database/final_database/047/008.jpg,47,008.jpg,10,0.12,-0.28,口角がわずかに上がっており中立〜軽い快の表情ですが、目の開きが小さく表情全体の動きが少ないため覚醒度は低めに見えます。
../database/final_database/047/009.jpg,47,009.jpg,1,0.1,-0.2,口角がわずかに上がり不快感は少ない一方、目元や表情筋の緊張が弱く全体に落ち着いた印象です。強い驚きや興奮は見られません。
../database/final_database/047/009.jpg,47,009.jpg,2,-0.05,-0.15,口元がやや下がり気味で笑顔ではなく、全体に表情の変化が少ないため快‐不快はほぼ中立寄りのわずかに不快と判断しました。目の開きや顔の緊張も強くなく、覚醒度は低めと推定しました。
../database/final_database/047/009.jpg,47,009.jpg,3,0.12,-0.18,口角がわずかに上がり気味で強い不快感は見られませんが、表情全体は落ち着いていて活性度は低めに見えます。驚きや怒りなどの高覚醒のサインが少ないため、軽い快寄り・低覚醒と判断しました。
../database/final_database/047/009.jpg,47,009.jpg,4,-0.05,-0.1,口元はわずかに緩んでいるものの、目元の表情変化が少なく全体として中立寄りに見えます。強い感情の高まりも感じられないため覚醒度は低めにしました。
../database/final_database/047/009.jpg,47,009.jpg,5,0.1,-0.2,口角がわずかに上がり不快感は強くなく、全体に落ち着いた表情で緊張や興奮は低めに見えます。目元や眉の動きも小さく、覚醒度はやや低いと判断しました。
../database/final_database/047/009.jpg,47,009.jpg,6,0.05,-0.15,口元がわずかに上がっており強い不快感は見られませんが、全体として表情の変化が少なく中立寄りです。目元や眉の動きも小さく、興奮や緊張は低めに見えます。
../database/final_database/047/009.jpg,47,009.jpg,7,0.1,-0.15,口元がわずかに上がっており、不快感は少なく軽い快の表情に見えます。目元や眉の動きが小さく全体に落ち着いているため、覚醒度はやや低めと判断しました。
../database/final_database/047/009.jpg,47,009.jpg,8,0.05,-0.15,口元がわずかに緩んでいる一方、眉や目元の緊張が少なく全体として中立に近い表情です。大きな興奮や強い感情の兆候が見られないため覚醒度は低めにしました。
../database/final_database/047/009.jpg,47,009.jpg,9,0.1,-0.05,口角がわずかに上がり、全体として中立〜軽い快の表情に見えます。一方で目元や顔の緊張が強くなく、覚醒度は低めです。
../database/final_database/047/009.jpg,47,009.jpg,10,0.1,-0.15,口元がわずかに上がっており大きな不快感は見られないため、valenceはやや正寄りです。一方で目や表情筋の動きが少なく落ち着いた印象なので、arousalはやや低めにしました。
../database/final_database/047/010.jpg,47,010.jpg,1,0.1,-0.25,口角がわずかに上がり不快ではない一方、目元の動きが少なく全体に落ち着いた表情です。強い緊張や興奮は見られないため覚醒度は低めと判断しました。
../database/final_database/047/010.jpg,47,010.jpg,2,0.12,-0.08,口角がわずかに上がりつつも目元の緊張が少なく、全体として中立〜軽い快の表情に見えます。表情の動きが小さいため覚醒度は低めと判断しました。
../database/final_database/047/010.jpg,47,010.jpg,3,0.05,-0.35,口元がわずかに緩んでおり強い不快感は見られない一方、目や眉の動きが少なく全体的に落ち着いた（やや無反応な）表情です。興奮や緊張のサインが弱いため覚醒度は低めと判断しました。
../database/final_database/047/010.jpg,47,010.jpg,4,0.15,-0.05,口角がわずかに上がり、全体として穏やかで軽い快の表情に見えます。一方で目元の開きや表情筋の緊張は強くなく、覚醒度は中立〜やや低めです。
../database/final_database/047/010.jpg,47,010.jpg,5,-0.05,-0.2,口元がわずかに開いているものの笑顔は弱く、目元も落ち着いていて中立〜やや不快寄りに見えます。表情の動きが小さく全体に沈静的なので覚醒度は低めです。
../database/final_database/047/010.jpg,47,010.jpg,6,0.12,-0.18,口元がわずかに上がり、全体として中立〜軽い快の表情に見えます。一方で目元や表情筋の緊張は強くなく、覚醒度は低めと判断しました。
../database/final_database/047/010.jpg,47,010.jpg,7,0.12,-0.18,口元がわずかに上がり、不快ではないが強い喜びでもない中立寄りの表情に見えるためです。目元や眉の動きが小さく緊張感が低いので、覚醒度もやや低めと判断しました。
../database/final_database/047/010.jpg,47,010.jpg,8,0.12,-0.18,口角がわずかに上がり気味で大きな不快感は見られないため、valenceは軽くプラス寄りです。一方で目の開きや表情筋の緊張が弱く、全体に落ち着いた印象なのでarousalはやや低めです。
../database/final_database/047/010.jpg,47,010.jpg,9,0.1,-0.2,口元がわずかに緩んでおり不快感は弱い一方、目元や表情筋の動きが小さく全体に落ち着いた印象です。強い喜び・怒りなどの高覚醒のサインは見られません。
../database/final_database/047/010.jpg,47,010.jpg,10,-0.05,-0.1,口元がわずかに開いているものの、笑顔や怒りなどの強い感情は見られず、全体的に中立に近い表情です。目元も落ち着いており覚醒度は低めと判断しました。
../database/final_database/048/001.jpg,48,001.jpg,1,-0.35,0.45,眉が寄り、口元も緊張していて不快・困惑寄りの表情に見えます。一方で目が開き気味で緊張感があり、覚醒度はやや高めです。
../database/final_database/048/001.jpg,48,001.jpg,2,-0.42,0.36,眉が寄っていて口角も下がり気味で、困惑や不快感が見られるためvalenceは低めです。一方で目が開き表情の緊張があるため、arousalはやや高めと判断しました。
../database/final_database/048/001.jpg,48,001.jpg,3,-0.35,0.4,眉が寄り、口元も緊張していて不快・困惑寄りの表情に見えます。一方で目が開き気味で緊張感があり、覚醒度はやや高めです。
../database/final_database/048/001.jpg,48,001.jpg,4,-0.35,0.45,眉が寄って口元も緊張しており、困惑や不快寄りの表情に見えます。一方で目の開きと表情筋の緊張から覚醒度はやや高めです。
../database/final_database/048/001.jpg,48,001.jpg,5,-0.35,0.55,眉が寄って片方が上がり、口元も緊張していて不快・困惑の表情に見えます。目が大きく開き気味で緊張感があり、覚醒度はやや高めです。
../database/final_database/048/001.jpg,48,001.jpg,6,-0.35,0.45,眉がひそめられ口元も緊張しており、不快・困惑の表情に見えるためvalenceは負寄りです。目が開き気味で緊張感があるのでarousalはやや高めと判断しました。
../database/final_database/048/001.jpg,48,001.jpg,7,-0.35,0.45,眉が寄り目が見開かれており、口元も緊張しているため不快・困惑寄りの表情に見えます。驚きや警戒の要素があり、覚醒度はやや高めと判断しました。
../database/final_database/048/001.jpg,48,001.jpg,8,-0.35,0.55,眉が強く寄り、目が見開き気味で口元も緊張しており、不快・困惑や警戒のニュアンスが強いです。一方で表情の筋緊張が高く、覚醒度はやや高めと判断します。
../database/final_database/048/001.jpg,48,001.jpg,9,-0.32,0.54,眉が寄って片眉が上がり、口元も緊張していて不快・困惑のサインが見られます。目は開いて表情の筋緊張も強めで、覚醒度はやや高いと判断しました。
../database/final_database/048/001.jpg,48,001.jpg,10,-0.35,0.45,眉が寄り口元も緊張しており、不快・困惑の感情が示唆されます。一方で目が開き表情の緊張が強いため、覚醒度はやや高めです。
../database/final_database/048/002.jpg,48,002.jpg,1,0.12,-0.28,口角がわずかに上がっており全体に穏やかな表情のため、快寄りのvalenceと判断しました。一方で目の開きや表情筋の緊張が強くなく落ち着いて見えるため、arousalはやや低めです。
../database/final_database/048/002.jpg,48,002.jpg,2,0.28,-0.12,口元にわずかな微笑が見られ、全体として穏やかでやや快の印象です。一方で目元や表情筋の動きが強くなく、興奮度は低めに見えます。
../database/final_database/048/002.jpg,48,002.jpg,3,0.18,-0.22,口元がわずかに上がっており弱いポジティブさが見られますが、目や眉の動きが小さく全体として落ち着いた表情で覚醒度は低めです。
../database/final_database/048/002.jpg,48,002.jpg,4,0.25,-0.15,口角がわずかに上がり全体に穏やかな表情で、不快さはあまり感じられません。一方で目元や表情の動きが控えめで、覚醒度は低めに見えます。
../database/final_database/048/002.jpg,48,002.jpg,5,0.18,-0.22,口角がわずかに上がっており、全体として中立〜軽い快の表情に見えます。一方で目元の動きが小さく表情の強度が低いため、覚醒度はやや低めと判断しました。
../database/final_database/048/002.jpg,48,002.jpg,6,0.2,-0.35,口元がわずかに上がっており、強い不快感は見られないため軽い快寄りと判断しました。目元や表情筋の動きが小さく全体に落ち着いているため、覚醒度は低めです。
../database/final_database/048/002.jpg,48,002.jpg,7,0.15,-0.35,口角がわずかに上がっており大きな不快感は見られないため、valenceはやや快寄りです。一方で目や表情筋の緊張が弱く落ち着いた印象のため、arousalは低めにしました。
../database/final_database/048/002.jpg,48,002.jpg,8,0.22,-0.18,口角がわずかに上がっており全体として穏やかな表情なので、valenceはやや快寄りと判断しました。目や眉の緊張が少なく動きも小さいため、arousalはやや低めと見積もりました。
../database/final_database/048/002.jpg,48,002.jpg,9,0.25,-0.1,口角がわずかに上がっており全体として穏やかな表情で、軽い快の感情が示唆されます。目元や眉の緊張が強くなく、動きの少ない落ち着いた状態に見えるため覚醒度は低めです。
../database/final_database/048/002.jpg,48,002.jpg,10,0.25,-0.2,口角がわずかに上がっており全体として穏やかで軽い好意的表情に見えます。一方で目元や表情筋の緊張が少なく、興奮度は低めに感じられます。
../database/final_database/048/004.jpg,48,004.jpg,1,0.18,0.12,口角がわずかに上がっており軽い快の表情ですが、目元や眉の緊張が少しあり喜びは強くありません。全体として落ち着いていて興奮度は低めに見えます。
../database/final_database/048/004.jpg,48,004.jpg,2,0.12,0.08,口元がわずかに上がっており、強い不快感は見られないため快寄りに評価しました。一方で目元や表情筋の緊張が強くなく、覚醒度は低めと判断しました。
../database/final_database/048/004.jpg,48,004.jpg,3,0.12,0.18,口元にわずかな上がりがあり中立〜軽い好意的な印象ですが、目元の緊張と視線の不安定さがあり強い快感情ではありません。表情変化は小さく、覚醒度も低〜中程度にとどまります。
../database/final_database/048/004.jpg,48,004.jpg,4,0.12,0.18,口角がわずかに上がり軽い微笑に見える一方、目元や眉の緊張が少しあり戸惑い・警戒の混じった表情です。全体として快は弱めで、覚醒度も低〜中程度と判断しました。
../database/final_database/048/004.jpg,48,004.jpg,5,0.08,0.12,口元にわずかな笑みがあり不快さは強くない一方、目元の緊張と視線の硬さが少し見られます。全体として感情の強度は低く、やや覚醒寄りの中立に近い表情です。
../database/final_database/048/004.jpg,48,004.jpg,6,0.22,0.18,口角がわずかに上がり、表情全体は軽い好意・安心感を示しています。一方で目元の緊張は弱く、覚醒度は低〜中程度に見えます。
../database/final_database/048/004.jpg,48,004.jpg,7,0.12,0.18,口角がわずかに上がっており軽い好意的感情が見られますが、目元は強い喜びではなく控えめです。表情の動きは小さく、覚醒度も低〜中程度に留まります。
../database/final_database/048/004.jpg,48,004.jpg,8,0.12,0.22,口角がわずかに上がり軽い微笑の要素がある一方、眉がやや寄っていて緊張や戸惑いも感じられます。強い興奮はなく落ち着いた表情のため覚醒度は低めです。
../database/final_database/048/004.jpg,48,004.jpg,9,0.12,0.18,口角がわずかに上がり気味で、強い不快さは見られないため軽い快寄りと判断しました。一方で表情の動きは小さく、覚醒度も低〜中程度に留まるため弱い覚醒としました。
../database/final_database/048/004.jpg,48,004.jpg,10,-0.12,0.18,口元がわずかに引きつり、眉も少し寄っていて快よりは不快寄りに見えます。一方で表情の動きは小さく落ち着いているため、覚醒度は低め〜中程度です。
../database/final_database/048/005.jpg,48,005.jpg,1,0.25,-0.15,口角がわずかに上がり全体に穏やかな表情で、軽い快の方向に見えます。一方で目や口の開きが小さく動きも少ないため、覚醒度はやや低めと判断しました。
../database/final_database/048/005.jpg,48,005.jpg,2,0.35,-0.15,口角がわずかに上がり穏やかな表情で、不快感は低くやや快寄りに見えます。一方で目の開きや表情筋の緊張が強くなく、覚醒度は低めです。
../database/final_database/048/005.jpg,48,005.jpg,3,0.22,-0.18,口角がわずかに上がり、表情は穏やかで軽い肯定的感情が見られます。一方で目や顔全体の緊張が少なく、興奮度は低めに見えます。
../database/final_database/048/005.jpg,48,005.jpg,4,0.12,-0.18,口角がわずかに上がっており不快ではない一方、表情全体は落ち着いていて強い興奮や緊張は見られません。視線も穏やかで、軽い快・低めの覚醒と判断しました。
../database/final_database/048/005.jpg,48,005.jpg,5,0.32,-0.18,口角がわずかに上がり、表情全体は穏やかで軽い好意・満足が感じられます。一方で目の見開きや表情筋の緊張が強くなく、覚醒度は低めです。
../database/final_database/048/005.jpg,48,005.jpg,6,0.32,-0.12,口元がわずかに上がり、全体として穏やかで軽い満足感が見られるため快寄りです。目や眉の緊張が少なく動きも小さいため、覚醒度は低めと判断しました。
../database/final_database/048/005.jpg,48,005.jpg,7,0.22,-0.08,口角がわずかに上がっており全体として穏やかで軽い快の表情に見えます。一方で目元や表情筋の緊張は強くなく、興奮度は低めです。
../database/final_database/048/005.jpg,48,005.jpg,8,0.18,-0.22,口角がわずかに上がり、表情は穏やかで軽い好意（快）が見られます。一方で目の開きや表情筋の緊張が弱く、覚醒度は低めに見えます。
../database/final_database/048/005.jpg,48,005.jpg,9,0.42,-0.18,口角がわずかに上がっており、表情は穏やかで軽い好意・満足が感じられます。一方で目の開きや表情筋の緊張が強くなく、覚醒度は低めに見えます。
../database/final_database/048/005.jpg,48,005.jpg,10,0.12,-0.18,口角がわずかに上がり穏やかな表情で、不快さはあまり感じられません。一方で目の開きや表情筋の緊張が弱く、全体に落ち着いていて覚醒度は低めです。
../database/final_database/048/006.jpg,48,006.jpg,1,0.12,-0.18,口角がわずかに上がっており不快ではない一方、目元や眉の緊張が少なく表情の強さは控えめです。全体として落ち着いた軽いポジティブさが感じられます。
../database/final_database/048/006.jpg,48,006.jpg,2,0.05,-0.35,口元がわずかに上がっており強い不快感は見られない一方、目元や表情筋の動きが小さく全体に落ち着いた印象です。興奮や緊張のサインが少ないため覚醒度は低めと判断しました。
../database/final_database/048/006.jpg,48,006.jpg,3,0.18,-0.22,口元がわずかに上がっており全体として中立〜軽い快の表情に見えます。一方で目元の動きが少なく、覚醒度は低め（落ち着いた状態）と判断しました。
../database/final_database/048/006.jpg,48,006.jpg,4,0.1,-0.2,口元がわずかに上がっており強い不快感は見られない一方、目元や眉の動きが少なく全体的に表情の強度は低めです。そのため、やや快寄りで落ち着いた（低覚醒）状態と判断しました。
../database/final_database/048/006.jpg,48,006.jpg,5,0.1,-0.2,口元がわずかに上がっており全体として中立〜軽い快の表情に見えます。一方で目元の動きが少なく落ち着いているため覚醒度は低めと判断しました。
../database/final_database/048/006.jpg,48,006.jpg,6,0.12,-0.18,口元がわずかに上がっており強い不快感は見られないため、valenceはやや快寄りです。一方で目や眉の動きが小さく表情の強度が低いので、arousalはやや低めと判断しました。
../database/final_database/048/006.jpg,48,006.jpg,7,0.1,-0.2,口角がわずかに上がっており大きな不快感は見られませんが、表情全体は穏やかで感情の強さは低めに見えます。目や眉の緊張も少なく、落ち着いた状態と判断しました。
../database/final_database/048/006.jpg,48,006.jpg,8,0.12,-0.08,口元がわずかに上がっており軽い肯定的感情がうかがえますが、目元や表情筋の動きが小さく全体として落ち着いた（低覚醒）印象です。
../database/final_database/048/006.jpg,48,006.jpg,9,0.12,-0.18,口元がわずかに上がっており大きな不快感は見られない一方、目元や表情筋の動きが小さく落ち着いた印象です。そのため、快は弱めで覚醒度も低めと判断しました。
../database/final_database/048/006.jpg,48,006.jpg,10,0.1,-0.2,口角がわずかに上がっており大きな不快サインは見られないため、valenceは軽い快寄りです。一方で目元や表情全体の動きが少なく落ち着いた印象なので、arousalはやや低めです。
../database/final_database/048/007.jpg,48,007.jpg,1,0.05,-0.1,口元はわずかに上がっていますが、目元の緊張が少なく全体としては中立に近い表情です。覚醒度も低めで、落ち着いた状態に見えます。
../database/final_database/048/007.jpg,48,007.jpg,2,0.05,-0.15,口元はわずかに上がっているものの、目元は力が弱く全体として中性的な表情に見えます。強い驚きや緊張は感じられず、覚醒度はやや低めと判断しました。
../database/final_database/048/007.jpg,48,007.jpg,3,0.12,0.18,口元はわずかに緩み、全体として中立〜軽い快の印象です。一方で目元は強い驚きや怒りは見られず、覚醒度は低〜中程度に留まります。
../database/final_database/048/007.jpg,48,007.jpg,4,0.12,-0.18,口元がわずかに上がっており強い不快感は見られない一方、目元が半開きで表情の動きが小さく落ち着いた印象です。全体として軽い快・低覚醒寄りと判断しました。
../database/final_database/048/007.jpg,48,007.jpg,5,0.12,-0.08,口元がわずかに上がり軽い快の要素がある一方、目元が半目気味で活気が低く見えます。全体として落ち着いた弱いポジティブで、覚醒度は低めと判断しました。
../database/final_database/048/007.jpg,48,007.jpg,6,0.12,-0.08,口元はわずかに上がり軽い好意・安心感が見られる一方、目元や顔全体の緊張が弱く落ち着いた状態に見えます。強い喜びや驚きなどの高覚醒のサインは少ないです。
../database/final_database/048/007.jpg,48,007.jpg,7,0.12,0.18,口元がわずかに上がり表情は中立〜軽い好意寄りですが、目元がやや緊張しており強い喜びではありません。全体として落ち着いた状態で覚醒度も低〜中程度に見えます。
../database/final_database/048/007.jpg,48,007.jpg,8,0.12,-0.18,口角がわずかに上がり不快ではないものの、目元は緩く表情の活気が強くありません。全体として落ち着いた軽い好意・中立寄りに見えます。
../database/final_database/048/007.jpg,48,007.jpg,9,0.08,0.12,口元がわずかに緩んでおり不快ではないものの、笑顔としては弱く中立に近い印象です。目元の動きや表情の強さが控えめで、覚醒度も低～中程度と判断しました。
../database/final_database/048/007.jpg,48,007.jpg,10,0.1,-0.15,口元はわずかに上がっており軽い肯定的感情が見られますが、目元や表情全体は力が抜けていて落ち着いた（低覚醒）印象です。
../database/final_database/048/008.jpg,48,008.jpg,1,0.1,-0.2,口角がわずかに上がっており不快ではない一方、表情全体は落ち着いていて強い興奮や緊張は見られません。視線も穏やかで、軽い快・低めの覚醒と判断しました。
../database/final_database/048/008.jpg,48,008.jpg,2,0.12,-0.08,口元がわずかに上がっており軽い肯定的感情が示唆されますが、目や眉の動きが少なく全体として落ち着いた表情です。強い興奮や緊張は見られないため覚醒度はやや低めと判断しました。
../database/final_database/048/008.jpg,48,008.jpg,3,0.12,-0.08,口角がわずかに上がり、表情は穏やかで軽い好意が示唆されます。一方で目の開きや筋緊張は強くなく、全体として落ち着いた低覚醒に見えます。
../database/final_database/048/008.jpg,48,008.jpg,4,0.12,-0.08,口角がわずかに上がり穏やかな表情で、強い不快感は見られません。一方で目元や表情筋の緊張が少なく、興奮度は低めに見えます。
../database/final_database/048/008.jpg,48,008.jpg,5,0.12,-0.08,口角がわずかに上がっており不快ではないものの、笑顔は弱く中立寄りに見えます。目元や眉の動きが小さく、全体として落ち着いた表情で覚醒度も低めです。
../database/final_database/048/008.jpg,48,008.jpg,6,0.12,-0.08,口角がわずかに上がり、眉や目元の緊張が少ないため軽い快の印象です。表情の変化が小さく落ち着いて見えるので覚醒度は低めと判断しました。
../database/final_database/048/008.jpg,48,008.jpg,7,0.12,-0.08,口角がわずかに上がっており、表情は軽い肯定感（やや快）を示します。一方で目元や顔の緊張が少なく、全体として落ち着いた低覚醒寄りに見えます。
../database/final_database/048/008.jpg,48,008.jpg,8,0.22,-0.08,口角がわずかに上がり表情はやや肯定的ですが、目元の緊張が少なく全体として落ち着いた印象です。強い興奮や警戒は見られないため覚醒度は低めと判断しました。
../database/final_database/048/008.jpg,48,008.jpg,9,0.05,-0.2,口角がわずかに上がっており軽い肯定的感情がうかがえますが、目元や全体の表情の動きは小さく落ち着いているため覚醒度は低めと判断しました。
../database/final_database/048/008.jpg,48,008.jpg,10,0.08,-0.12,口角がわずかに上がっており不快ではないものの、笑顔は弱く全体として中立に近い表情です。目の開きや表情筋の緊張が強くないため覚醒度は低めと判断しました。
../database/final_database/048/010.jpg,48,010.jpg,1,0.15,-0.25,口角がわずかに上がっており強い不快感は見られないため、valenceはやや快寄りです。一方で目元や表情筋の緊張が少なく全体に落ち着いて見えるため、arousalは低めと判断しました。
../database/final_database/048/010.jpg,48,010.jpg,2,0.12,-0.28,口角がわずかに上がり中立〜軽い快の表情に見えますが、目元や眉の動きが小さく落ち着いているため覚醒度は低めと判断しました。
../database/final_database/048/010.jpg,48,010.jpg,3,0.08,-0.12,口角がわずかに上がり表情は概ね中立〜軽い快ですが、目元や眉に強い動きがなく感情強度は低めに見えます。全体として落ち着いた印象で覚醒度も低めです。
../database/final_database/048/010.jpg,48,010.jpg,4,0.18,-0.12,口元がわずかに上がっており、全体として中立〜やや快の表情に見えます。目元や眉の動きが小さく緊張感が少ないため、覚醒度は低めと判断しました。
../database/final_database/048/010.jpg,48,010.jpg,5,0.15,-0.25,口元がわずかに上がり、表情は中立〜軽い好意的に見えるためvalenceはやや正寄りです。目元や眉の緊張が少なく動きも小さいため、覚醒度は低めと判断しました。
../database/final_database/048/010.jpg,48,010.jpg,6,0.18,-0.22,口角がわずかに上がっており不快というより軽い快の表情に見えますが、目元の緊張は少なく全体として落ち着いた印象で覚醒度は低めです。
../database/final_database/048/010.jpg,48,010.jpg,7,0.18,-0.22,口角がわずかに上がり、全体として穏やかで軽い好意（快）寄りに見えます。一方で目や眉の動きが小さく表情の強度が低いため、覚醒度はやや低めと判断しました。
../database/final_database/048/010.jpg,48,010.jpg,8,0.12,-0.08,口角がわずかに上がり表情は穏やかで、軽い快の印象があります。一方で目元や筋緊張は弱く、興奮度は低めに見えます。
../database/final_database/048/010.jpg,48,010.jpg,9,0.12,-0.22,口角がわずかに上がり、全体として中立〜軽い快の表情に見えます。一方で目元や表情筋の緊張が弱く、興奮度は低めです。
../database/final_database/048/010.jpg,48,010.jpg,10,0.12,-0.28,口角がわずかに上がっており不快感は少ない一方、目や眉の緊張が弱く全体的に落ち着いた表情に見えるためです。強い興奮や緊張は感じられません。
../database/final_database/049/001.jpg,49,001.jpg,1,0.12,-0.18,口元がわずかに上がっており大きな不快感は見られないため、valenceはやや正寄りです。一方で目の開きや表情筋の緊張が弱く、全体的に落ち着いた印象のためarousalは低めにしました。
../database/final_database/049/001.jpg,49,001.jpg,2,0.1,-0.15,口角がわずかに上がっており軽い快の表情に見える一方、目の開きや表情筋の緊張が弱く落ち着いた印象です。強い喜びや驚きは見られないため覚醒度は低めにしました。
../database/final_database/049/001.jpg,49,001.jpg,3,0.05,-0.2,口元がわずかに上がっていて中立〜軽い快の表情ですが、目や眉の動きが小さく全体として落ち着いた印象です。強い緊張や興奮のサインが少ないため覚醒度は低めに推定しました。
../database/final_database/049/001.jpg,49,001.jpg,4,0.1,-0.2,口元がわずかに上がっており全体として中立〜軽い快の印象です。一方で目元や表情筋の動きが少なく、覚醒度は低めに見えます。
../database/final_database/049/001.jpg,49,001.jpg,5,0.18,-0.22,口角がわずかに上がり穏やかな表情で、不快さは強く感じられません。一方で目の開きや表情筋の動きが小さく、覚醒度はやや低めに見えます。
../database/final_database/049/001.jpg,49,001.jpg,6,0.05,-0.35,口角がわずかに上がっているものの表情変化は小さく、全体として中立〜わずかに快の印象です。目元や眉の緊張が少なく、覚醒度は低めに見えます。
../database/final_database/049/001.jpg,49,001.jpg,7,0.1,-0.35,口元がわずかに上がっており弱い快の印象ですが、目元の動きが少なく全体として表情の活性は低めに見えます。落ち着いた（やや非覚醒）状態と判断しました。
../database/final_database/049/001.jpg,49,001.jpg,8,0.12,-0.18,口元がわずかに上がっており、全体として中立〜軽い好意的な表情に見えます。一方で目元や表情の動きが小さく、覚醒度は低めに感じられます。
../database/final_database/049/001.jpg,49,001.jpg,9,0.1,-0.25,口角がわずかに上がり全体として穏やかな表情で、強い不快感は見られません。目元の緊張や開きが小さく、落ち着いた低覚醒寄りと判断しました。
../database/final_database/049/001.jpg,49,001.jpg,10,0.15,-0.25,口元がわずかに上がっており強い不快感は見られないため、valenceはやや快寄りと判断しました。一方で目や表情筋の動きが少なく落ち着いた印象のため、arousalはやや低めです。
../database/final_database/049/002.jpg,49,002.jpg,1,0.24,-0.18,口角がわずかに上がり、全体として穏やかな表情で軽い快の印象があります。一方で目の開きや表情筋の緊張が弱く、覚醒度は低めに見えます。
../database/final_database/049/002.jpg,49,002.jpg,2,0.25,-0.05,口角がわずかに上がっており軽い微笑みで、全体としてやや快の印象です。一方で目元や表情の動きは小さく、覚醒度は中立〜やや低めに見えます。
../database/final_database/049/002.jpg,49,002.jpg,3,0.22,-0.18,口元がわずかに上がり、全体として穏やかで軽い好意・安心感がうかがえます。一方で目の開きや表情筋の動きは控えめで、覚醒度は低めに見えます。
../database/final_database/049/002.jpg,49,002.jpg,4,0.18,-0.12,口角がわずかに上がっており全体として中立〜軽い快の表情に見えます。一方で目の開きや表情筋の緊張が強くなく、覚醒度は低めと判断しました。
../database/final_database/049/002.jpg,49,002.jpg,5,0.12,-0.22,口角がわずかに上がっており軽い微笑のため快寄りですが、表情全体の動きが小さく落ち着いて見えるため覚醒度は低めです。
../database/final_database/049/002.jpg,49,002.jpg,6,0.22,-0.18,口角がわずかに上がっており全体として穏やかな表情で、軽い快の印象です。目元の緊張や大きな動きが少なく落ち着いているため、覚醒度は低めと判断しました。
../database/final_database/049/002.jpg,49,002.jpg,7,0.25,-0.15,口角がわずかに上がり、全体として軽い好意・満足寄りの表情に見えます。一方で目元の緊張や開きが強くなく、活動性は低めで落ち着いた状態と判断しました。
../database/final_database/049/002.jpg,49,002.jpg,8,0.22,-0.18,口元がわずかに上がっており不快感は少ないため、軽い快（ポジティブ）寄りと判断しました。目の開きや表情の強さは控えめで落ち着いた印象のため、覚醒度はやや低めです。
../database/final_database/049/002.jpg,49,002.jpg,9,0.22,-0.18,口角がわずかに上がり、全体として穏やかでやや快の表情に見えます。目元や表情筋の緊張が少なく、興奮度は低めです。
../database/final_database/049/002.jpg,49,002.jpg,10,0.15,-0.25,口角がわずかに上がり穏やかな表情で、弱い快の印象があります。一方で目元や表情全体の動きが小さく、覚醒度は低めに見えます。
../database/final_database/049/003.jpg,49,003.jpg,1,0.22,-0.18,口角がわずかに上がっており全体として穏やかな表情で、軽い快の印象があります。目の見開きや眉の動きが小さく、興奮度は低めに見えます。
../database/final_database/049/003.jpg,49,003.jpg,2,0.18,-0.32,口角がわずかに上がっており不快感は少ない一方、目元や表情筋の緊張が弱く全体に落ち着いた印象です。強い驚きや興奮のサインは見られません。
../database/final_database/049/003.jpg,49,003.jpg,3,0.32,-0.18,口元がわずかに上がり、表情は穏やかで軽いポジティブさが見られます。一方で目元や姿勢から強い興奮や緊張は感じにくく、覚醒度はやや低めです。
../database/final_database/049/003.jpg,49,003.jpg,4,0.18,-0.22,口角がわずかに上がり、眉や目元に強い緊張が見られないため軽い快の印象です。一方で表情の動きが小さく落ち着いているため覚醒度は低めと判断しました。
../database/final_database/049/003.jpg,49,003.jpg,5,0.22,-0.18,口角がわずかに上がり、全体として穏やかで軽い好意的表情に見えます。目や眉の緊張が少なく落ち着いた印象のため覚醒度は低めです。
../database/final_database/049/003.jpg,49,003.jpg,6,0.32,-0.18,口角がわずかに上がり、表情全体は穏やかで軽い好意が感じられます。一方で目の開きや筋緊張が強くなく、興奮度は低めに見えます。
../database/final_database/049/003.jpg,49,003.jpg,7,0.25,-0.15,口角がわずかに上がった穏やかな表情で、強い不快感は見られません。目元や表情筋の緊張が少なく落ち着いているため、覚醒度は低めと判断しました。
../database/final_database/049/003.jpg,49,003.jpg,8,0.22,-0.18,口元がわずかに上がっており全体として中立〜軽い快の表情に見えます。一方で目や眉の動きが小さく、興奮度は低めで落ち着いた印象です。
../database/final_database/049/003.jpg,49,003.jpg,9,0.32,-0.08,口角がわずかに上がっており全体として穏やかな表情なので軽い快寄りです。一方で目の開きや表情筋の緊張が強くなく、興奮度は低めに見えます。
../database/final_database/049/003.jpg,49,003.jpg,10,0.18,-0.22,口角がわずかに上がっており、全体として穏やかで軽いポジティブさが見られます。目元や表情の動きは小さく、興奮度は低めに見えます。
../database/final_database/049/004.jpg,49,004.jpg,1,0.22,-0.18,口角がわずかに上がり、全体として穏やかで軽いポジティブさが見られます。目元の緊張は少なく表情変化も小さいため、覚醒度はやや低めと判断しました。
../database/final_database/049/004.jpg,49,004.jpg,2,0.12,-0.28,口元がわずかに上がり不快感は少ない一方、目元の開きが弱く全体的に落ち着いた表情に見えるためです。強い興奮や緊張のサインは少なく、やや低覚醒と判断しました。
../database/final_database/049/004.jpg,49,004.jpg,3,0.18,-0.32,口元がわずかに上がり、目元も緊張が少ないため軽い快の印象です。一方で表情の動きが小さく全体に落ち着いて見えるため覚醒度は低めです。
../database/final_database/049/004.jpg,49,004.jpg,4,0.12,-0.18,口元がわずかに上がっており、全体として穏やかで軽い好意的感情が見られます。一方で目元や表情筋の動きが小さく、興奮度は低めに見えます。
../database/final_database/049/004.jpg,49,004.jpg,5,0.15,-0.1,口元がわずかに上がっており軽い好意・穏やかさが見られるため、valenceはやや正寄りです。目元や表情筋の動きが小さく落ち着いた状態に見えるため、arousalはやや低めです。
../database/final_database/049/004.jpg,49,004.jpg,6,0.15,-0.1,口角がわずかに上がり表情は穏やかで、強い不快感は見られません。一方で目元や全体の表情変化が小さく、覚醒度は低めに見えます。
../database/final_database/049/004.jpg,49,004.jpg,7,0.18,-0.32,口角がわずかに上がり穏やかな表情で、強い不快感は見られません。一方で目元や表情筋の動きが小さく、興奮・緊張は低めに見えます。
../database/final_database/049/004.jpg,49,004.jpg,8,0.18,-0.12,口角がわずかに上がっており、全体として軽い肯定的（快）な表情に見えます。一方で目元の動きが小さく表情の強度が低いため、覚醒度はやや低めと判断しました。
../database/final_database/049/004.jpg,49,004.jpg,9,0.22,-0.18,口角がわずかに上がっており、穏やかで軽い肯定的感情が見られます。一方で目元や表情筋の動きが小さく、全体として落ち着いた低覚醒に見えます。
../database/final_database/049/004.jpg,49,004.jpg,10,0.18,-0.22,口角がわずかに上がり穏やかな表情で、全体として軽い快の印象です。一方で目の開きや表情筋の緊張が弱く、覚醒度はやや低めに見えます。
../database/final_database/049/005.jpg,49,005.jpg,1,-0.18,0.42,口が半開きで眉がやや寄り、片目が細められており、戸惑い・不快寄りの表情に見えます。一方で表情の動きは比較的大きく、覚醒度はやや高めと判断しました。
../database/final_database/049/005.jpg,49,005.jpg,2,-0.1,0.35,片目を細め口角がやや下がっており、困惑や不快寄りの表情に見えます。一方で口が開き表情筋の緊張があるため、覚醒度はやや高めと判断しました。
../database/final_database/049/005.jpg,49,005.jpg,3,-0.12,0.38,口が半開きで緊張や困惑に近い表情で、快の要素は弱めです。一方で目の開きと口周りの力みから軽い覚醒（注意・緊張）が感じられます。
../database/final_database/049/005.jpg,49,005.jpg,4,-0.05,0.35,口がやや開き、片目を細めた表情で、困惑や不快寄りのニュアンスが少し見られます。一方で表情の動きはあり緊張感もあるため、覚醒度は中程度と判断しました。
../database/final_database/049/005.jpg,49,005.jpg,5,-0.12,0.35,口が開いて歯が見え、片目がやや細められており、軽い緊張や困惑のニュアンスが感じられます。一方で表情の動きはあるため覚醒度は中程度に高いと判断しました。
../database/final_database/049/005.jpg,49,005.jpg,6,-0.15,0.45,口が半開きで眉間にやや緊張があり、快というより少し不快寄りに見えます。一方で目の開きと表情の動きがあり、覚醒度は中程度に高いと判断しました。
../database/final_database/049/005.jpg,49,005.jpg,7,0.05,0.35,口がわずかに開いており、表情は中立〜軽い戸惑い/不安が混ざった印象で快・不快はほぼ中間です。一方で目の開きと口元の緊張から、落ち着きよりはやや覚醒寄りと判断しました。
../database/final_database/049/005.jpg,49,005.jpg,8,-0.15,0.35,口が半開きで眉間に軽い緊張があり、快よりもやや不快寄りに見えます。目の開きがあり表情の動きも感じられるため、覚醒度は中程度に高めです。
../database/final_database/049/005.jpg,49,005.jpg,9,-0.12,0.34,口が半開きで緊張や困惑を示す表情で、快よりやや不快寄りに見えます。眉間の寄りと視線の硬さから覚醒度は中程度に高いと判断しました。
../database/final_database/049/005.jpg,49,005.jpg,10,-0.18,0.32,口が半開きでやや歪み、片目を細めた表情から不快・戸惑い寄りの印象です。一方で視線がしっかりしており表情筋の緊張もあるため、覚醒度はやや高めと判断しました。
../database/final_database/049/006.jpg,49,006.jpg,1,0.32,-0.12,口元がわずかに上がり、落ち着いた柔らかい表情で軽い快の印象です。一方で目の開きや表情筋の緊張が弱く、興奮度は低めに見えます。
../database/final_database/049/006.jpg,49,006.jpg,2,0.35,-0.25,口角がわずかに上がり、表情は穏やかで軽い好意・安心感が見られます。一方で目の開きや表情筋の緊張が強くなく、全体として落ち着いた低覚醒の状態です。
../database/final_database/049/006.jpg,49,006.jpg,3,0.32,-0.18,口角がわずかに上がり穏やかな表情で、快の方向に寄っています。一方で目元や全体の緊張が少なく、覚醒度は低めに見えます。
../database/final_database/049/006.jpg,49,006.jpg,4,0.22,-0.18,口元がわずかに上がり、穏やかな微笑に見えるため快寄りのvalenceです。一方で目や表情筋の緊張が少なく落ち着いた印象なのでarousalは低めです。
../database/final_database/049/006.jpg,49,006.jpg,5,0.32,-0.18,口角がわずかに上がり、落ち着いた穏やかな表情で軽い快が感じられます。一方で目元や筋緊張が強くなく、興奮度は低めに見えます。
../database/final_database/049/006.jpg,49,006.jpg,6,0.32,-0.12,口角がわずかに上がり穏やかな微笑が見られるため、快寄りのvalenceです。一方で目元や表情筋の緊張が強くなく落ち着いた印象なので、arousalはやや低めです。
../database/final_database/049/006.jpg,49,006.jpg,7,0.32,-0.18,口角がわずかに上がり、全体として穏やかでやや肯定的な表情に見えます。一方で目の開きや表情筋の緊張が強くなく、興奮度は低めと判断しました。
../database/final_database/049/006.jpg,49,006.jpg,8,0.32,-0.18,口元がわずかに上がり穏やかな微笑が見られるため快寄りのvalenceです。一方で目元や表情筋の緊張が弱く、落ち着いた状態に見えるためarousalはやや低めです。
../database/final_database/049/006.jpg,49,006.jpg,9,0.32,-0.18,口元がわずかに上がっており、全体として穏やかで軽い好意（快）を示す表情です。目線や表情筋の緊張が強くなく落ち着いて見えるため、覚醒度はやや低めと判断しました。
../database/final_database/049/006.jpg,49,006.jpg,10,0.35,-0.15,口元にわずかな笑みがあり全体として穏やかでやや快の印象です。一方で目線や表情の動きが小さく、興奮度は低めに見えます。
../database/final_database/049/008.jpg,49,008.jpg,1,0.12,0.28,口角がやや上がりウィンクのような表情で、軽いユーモアや好意が感じられるためvalenceはわずかに正。表情の動きはあるが強い興奮ではないのでarousalは中程度に留めた。
../database/final_database/049/008.jpg,49,008.jpg,2,0.1,0.15,片目を細めて口角がわずかに上がっており、軽いユーモアや困惑を含む中立〜やや快の表情に見えます。表情の強度は高くなく、覚醒度も低〜中程度です。
../database/final_database/049/008.jpg,49,008.jpg,3,-0.22,0.18,片目を細め口元が歪んだ表情で、快よりもやや不快・困惑寄りに見えます。表情の動きはあるものの強い興奮は感じられず、覚醒度は軽度です。
../database/final_database/049/008.jpg,49,008.jpg,4,0.22,0.12,口角がやや上がり、表情は軽い微笑み寄りで不快感は強くありません。一方で目や眉の動きは控えめで、興奮・緊張は低めに見えます。
../database/final_database/049/008.jpg,49,008.jpg,5,0.12,0.35,口角がやや上がり、ウィンクのような表情で軽いポジティブさが感じられます。一方で表情の強さは中程度で、覚醒度もやや高めに留まります。
../database/final_database/049/008.jpg,49,008.jpg,6,0.2,0.1,口角がやや上がり軽い笑みの要素があるため快寄りですが、片目を強くつむっており緊張や違和感も混ざって見えます。表情の動きは強くないため覚醒度は低めです。
../database/final_database/049/008.jpg,49,008.jpg,7,0.15,0.35,口元にわずかな笑みがあり不快感は強くないためvalenceはややプラスです。一方で片目をつぶる表情で注意喚起や緊張が少し感じられるためarousalは中程度にしました。
../database/final_database/049/008.jpg,49,008.jpg,8,-0.05,0.35,表情は片目を閉じて口角がわずかに上がっており、軽いウィンクやいたずらっぽさが感じられます。一方で笑顔は強くなく緊張感も少しあるため、快は中立寄りで覚醒はやや高めと判断しました。
../database/final_database/049/008.jpg,49,008.jpg,9,0.12,0.18,口角がやや上がり軽い笑い（ウィンク）に見えるため、快方向だが強い喜びではありません。表情の動きは小さく、落ち着いた覚醒度に見えます。
../database/final_database/049/008.jpg,49,008.jpg,10,0.12,0.28,片目を閉じたウィンクのような表情で、口角もやや上がっており軽い快の印象があります。表情の動きはあるものの強い興奮や緊張は見られないため覚醒度は中程度です。
../database/final_database/049/009.jpg,49,009.jpg,1,0.34,-0.12,口角がやや上がっており不快感は見られないため、軽いポジティブ寄りのvalenceと判断しました。一方で目元や表情の動きが穏やかで緊張感が低く、arousalはやや低めと推定しました。
../database/final_database/049/009.jpg,49,009.jpg,2,0.38,-0.08,口角がわずかに上がっており穏やかな微笑が見られるため、快（ポジティブ）寄りです。一方で目元や表情筋の動きが控えめで、興奮度は低めに見えます。
../database/final_database/049/009.jpg,49,009.jpg,3,0.32,-0.18,口角がわずかに上がり全体に穏やかな表情で、快寄りの印象です。一方で目元や表情筋の緊張が少なく落ち着いているため覚醒度はやや低めと判断しました。
../database/final_database/049/009.jpg,49,009.jpg,4,0.35,-0.2,口角がわずかに上がり、全体として穏やかで軽い好意的表情に見えます。一方で目元や表情筋の緊張は強くなく、興奮度は低めです。
../database/final_database/049/009.jpg,49,009.jpg,5,0.34,-0.18,口角がわずかに上がっていて不快感は少なく、穏やかな快の表情に見えます。一方で目や表情筋の緊張は強くなく、全体として落ち着いた低覚醒寄りです。
../database/final_database/049/009.jpg,49,009.jpg,6,0.25,-0.15,口角がわずかに上がっており、全体として穏やかで軽い肯定的感情が示唆されます。目や表情筋の緊張が強くなく落ち着いて見えるため、覚醒度はやや低めと判断しました。
../database/final_database/049/009.jpg,49,009.jpg,7,0.3,-0.1,口角がわずかに上がり表情は穏やかで、軽い快の印象です。一方で目元や全体の緊張は強くなく、覚醒度は低めに見えます。
../database/final_database/049/009.jpg,49,009.jpg,8,0.42,-0.18,口角がやや上がっており、全体として穏やかな微笑みで快の方向に見えます。一方で目の開きや表情筋の緊張が強くなく、落ち着いた低覚醒寄りです。
../database/final_database/049/009.jpg,49,009.jpg,9,0.42,-0.18,口角がやや上がり穏やかな微笑が見られるため、快（正のvalence）寄りです。一方で目元や表情筋の緊張は強くなく落ち着いた印象のため、覚醒度はやや低めと判断しました。
../database/final_database/049/009.jpg,49,009.jpg,10,0.32,-0.08,口角がやや上がっており穏やかな微笑みで、全体として軽い快の印象です。一方で目元や表情筋の緊張が強くなく落ち着いているため、覚醒度は低めです。
../database/final_database/049/010.jpg,49,010.jpg,1,0.18,-0.22,口元がわずかに上がっており軽い微笑のため快寄りです。一方で表情筋の緊張や目の見開きが少なく、落ち着いた低覚醒に見えます。
../database/final_database/049/010.jpg,49,010.jpg,2,0.28,-0.12,口元にわずかな笑みがあり全体として穏やかでやや快の印象です。一方で表情の動きは小さく、興奮や緊張は低めに見えます。
../database/final_database/049/010.jpg,49,010.jpg,3,0.28,-0.12,口元がわずかに上がり穏やかな表情で、快の方向に寄っています。一方で目や眉の緊張が弱く、興奮度は低めに見えます。
../database/final_database/049/010.jpg,49,010.jpg,4,0.32,-0.18,口角がわずかに上がり、視線も落ち着いていて軽い好意・満足が感じられます。一方で表情の動きは小さく、興奮や緊張は低めに見えます。
../database/final_database/049/010.jpg,49,010.jpg,5,0.25,-0.15,口元がわずかに上がり、穏やかな微笑に近い表情で快寄りです。一方で目や眉の動きが小さく、全体として落ち着いていて覚醒度は低めに見えます。
../database/final_database/049/010.jpg,49,010.jpg,6,0.32,-0.18,口元がわずかに上がり、穏やかな微笑みで快寄りの印象です。一方で目や表情筋の緊張が強くなく、全体として落ち着いているため覚醒度はやや低めと判断しました。
../database/final_database/049/010.jpg,49,010.jpg,7,0.28,-0.12,口角がわずかに上がり全体として穏やかな表情で、軽い快の印象があります。一方で目元や表情筋の動きが控えめで、興奮度は低めに見えます。
../database/final_database/049/010.jpg,49,010.jpg,8,0.28,-0.12,口元にわずかな微笑があり全体としてはやや快の表情ですが、視線が横で表情変化も小さく落ち着いた状態に見えます。緊張や興奮のサインは少ないため覚醒度は低めに評価しました。
../database/final_database/049/010.jpg,49,010.jpg,9,0.35,-0.2,口元がわずかに上がり、穏やかな表情でやや快の印象です。視線や表情の動きが小さく落ち着いており、覚醒度は低めに見えます。
../database/final_database/049/010.jpg,49,010.jpg,10,0.32,-0.18,口角がわずかに上がり、落ち着いた穏やかな表情で軽い好意・満足が示唆されます。一方で目や眉の緊張が弱く、全体として覚醒度は低めです。
../database/final_database/050/001.jpg,50,001.jpg,1,-0.62,0.58,眉が寄り目が強く閉じられ、口元も緊張しており不快・苦痛の表情に見えるためvalenceは低めです。表情筋の収縮が強く緊張感があるのでarousalはやや高めです。
../database/final_database/050/001.jpg,50,001.jpg,2,-0.62,0.55,目を強く閉じて口を開け、眉間に力が入っており、不快感や痛み・嫌悪の表情に見えます。表情の緊張が強く、覚醒度も中〜高程度です。
../database/final_database/050/001.jpg,50,001.jpg,3,-0.62,0.55,目を強く閉じて口元も引きつり、眉間に力が入っているため不快寄りに見えます。表情筋の緊張が強く、痛みや嫌悪のような覚醒度の高い状態が示唆されます。
../database/final_database/050/001.jpg,50,001.jpg,4,-0.62,0.58,目を強く閉じて眉間にしわが寄り、口も緊張しているため不快寄りの感情が強いと判断しました。表情の緊張度が高く、苦痛や嫌悪による覚醒も中程度以上と推定します。
../database/final_database/050/001.jpg,50,001.jpg,5,-0.63,0.54,眉が寄り目が強く閉じられ、口も歪んでいて苦痛や不快感が強い表情に見えます。表情の緊張が強く、感情の高まり（覚醒度）も中程度以上と判断しました。
../database/final_database/050/001.jpg,50,001.jpg,6,-0.62,0.55,眉が寄り目が強く閉じられ、口元も緊張しており不快・苦痛の表情に見えます。筋緊張が強く表情の強度も高いため覚醒度はやや高めと判断しました。
../database/final_database/050/001.jpg,50,001.jpg,7,-0.68,0.55,目を強く閉じて口が歪み、苦痛や不快感を示す表情に見えます。緊張感があり感情の強度も中程度以上と判断しました。
../database/final_database/050/001.jpg,50,001.jpg,8,-0.62,0.48,目を強く閉じて眉間にしわが寄り、口も緊張していて不快・痛み/嫌悪の表情に見えるためvalenceは低めです。一方で表情筋の緊張が強く反応的なのでarousalはやや高めと判断しました。
../database/final_database/050/001.jpg,50,001.jpg,9,-0.58,0.42,目を強く閉じ、眉が寄って口元も緊張しており、不快・苦痛の表情に見えます。筋緊張が強く感情の強度も中程度に感じられるため、覚醒度はやや高めと判断しました。
../database/final_database/050/001.jpg,50,001.jpg,10,-0.68,0.62,眉が寄って目を強く閉じ、口が開いて緊張が見られるため不快寄りの感情です。一方で表情筋の収縮が強く動きも感じられるので覚醒度は高めです。
../database/final_database/050/002.jpg,50,002.jpg,1,-0.18,0.22,目が細く眉がやや寄り、口元が引きつったように見えるため、わずかに不快寄りと判断しました。表情の緊張感はあるものの強い興奮ではないため、覚醒度は軽度にプラスとしました。
../database/final_database/050/002.jpg,50,002.jpg,2,-0.12,0.08,目が細く口元も強くは上がっておらず、やや不快寄りの表情に見えます。一方で表情の緊張は強くなく、覚醒度は低〜中程度です。
../database/final_database/050/002.jpg,50,002.jpg,3,-0.08,0.12,目元が細く口元がやや引きつった表情で、快よりもわずかに不快寄りに見えます。一方で大きな驚きや強い緊張はなく、覚醒度は低〜中程度です。
../database/final_database/050/002.jpg,50,002.jpg,4,-0.12,0.18,口角がやや下がり目も細めで、快より不快寄りの表情に見えます。一方で表情の強さは大きくなく、軽い緊張・覚醒程度と判断しました。
../database/final_database/050/002.jpg,50,002.jpg,5,0.12,0.08,口角がわずかに上がり気味で強い不快感は見られませんが、目の細めと口元の緊張があり快・不快は中立寄りです。表情の動きは小さく、覚醒度も低めに見えます。
../database/final_database/050/002.jpg,50,002.jpg,6,-0.05,0.12,目が細まり口元がやや緊張しており、快よりもわずかに不快寄りに見えます。表情の強度は高くなく、覚醒度も低〜中程度です。
../database/final_database/050/002.jpg,50,002.jpg,7,-0.12,-0.28,目が細く口角がやや下がっており、快よりもわずかに不快寄りに見えます。表情の動きが小さく緊張や興奮も強くないため、覚醒度はやや低めと判断しました。
../database/final_database/050/002.jpg,50,002.jpg,8,-0.18,0.12,目が細く口角もやや下がっており、不快寄りの表情に見えます。一方で表情の強さは中程度で、覚醒度はわずかに高い程度と判断しました。
../database/final_database/050/002.jpg,50,002.jpg,9,0.12,0.08,目が細く口元がわずかに上がっており、軽い快のサインがある一方で表情の強さは弱く落ち着いて見えます。驚きや緊張は少なく、覚醒度は低めです。
../database/final_database/050/002.jpg,50,002.jpg,10,0.03,-0.18,口角はわずかに上がっていますが、目が細く緊張感が少ないため快・不快は中立寄りに見えます。表情全体の動きが小さく落ち着いているので覚醒度はやや低めと判断しました。
../database/final_database/050/003.jpg,50,003.jpg,1,-0.35,0.15,口角が下がり気味で目も細く、やや不快・困惑寄りの表情に見えます。一方で表情の動きは大きくなく、覚醒度は中～やや低めと判断しました。
../database/final_database/050/003.jpg,50,003.jpg,2,-0.15,0.05,口角がやや下がり、目元も緊張が少なく無表情寄りで、快・不快は軽く不快側に見えます。表情の動きが小さく、興奮や緊張は強くないため覚醒度は低めです。
../database/final_database/050/003.jpg,50,003.jpg,3,-0.25,0.15,口角が下がり気味で目も細く、やや不快・不満寄りの表情に見えます。一方で大きな驚きや緊張は感じにくく、覚醒度は低〜中程度です。
../database/final_database/050/003.jpg,50,003.jpg,4,0.04,0.18,口元がやや引きつり気味で笑顔とも不快とも断定しにくく、感情価は中立付近と判断しました。目が細く表情の動きも小さいため覚醒度は低〜やや低めです。
../database/final_database/050/003.jpg,50,003.jpg,5,-0.28,0.15,口角が下がり気味で、目も半開きに見え、快より不快寄りの表情です。一方で大きな驚きや強い緊張は見られず、覚醒度は低め～中程度と判断しました。
../database/final_database/050/003.jpg,50,003.jpg,6,-0.22,0.18,口角が下がり気味で緊張や不快感が少し見られる一方、表情全体の動きは小さく強い興奮は感じにくいです。目も細めで落ち着いた（やや低覚醒寄りの）印象です。
../database/final_database/050/003.jpg,50,003.jpg,7,-0.22,-0.08,目元が細く口元も歪みがあり、快の表情よりは不快・違和感が示唆されます。一方で表情筋の強い緊張や大きな開口はなく、覚醒度は低〜中程度です。
../database/final_database/050/003.jpg,50,003.jpg,8,-0.1,-0.2,口元がやや歪み、目も半閉じで笑顔や強い喜びは見られず、やや不快寄りの表情に見えます。動きの大きい驚きや緊張は弱く、覚醒度は低めと判断しました。
../database/final_database/050/003.jpg,50,003.jpg,9,-0.35,-0.15,口角が下がり気味で目も半開きのため、不快寄りの表情に見えます。表情の動きが小さく緊張感も弱いので、覚醒度はやや低めと判断しました。
../database/final_database/050/003.jpg,50,003.jpg,10,-0.35,0.25,口元が片側に引かれ、目も細めで、やや不快・困惑のニュアンスが見られます。一方で表情の強度は強すぎず、覚醒度は中程度と判断しました。
../database/final_database/050/004.jpg,50,004.jpg,1,-0.62,0.34,眉間にしわが寄り、口角が下がって不快・嫌悪寄りの表情に見えます。一方で目は開いており緊張感があるため、覚醒度はやや高めと判断しました。
../database/final_database/050/004.jpg,50,004.jpg,2,-0.62,0.38,眉が強く寄って目が細まり、口元も緊張しているため不快・困惑寄りの表情に見えます。一方で表情筋の緊張はあるものの、激しい驚きや興奮ほどではないため覚醒は中程度と判断しました。
../database/final_database/050/004.jpg,50,004.jpg,3,-0.62,0.33,眉がひそめられ、口元も緊張して不快・困惑の表情に見えます。強い興奮ではないものの緊張感があり覚醒度はやや高めです。
../database/final_database/050/004.jpg,50,004.jpg,4,-0.62,0.34,眉が強くひそまり口角が下がっており、不快・不安や嫌悪に近い表情に見えます。目の開きは中程度で緊張感があるため覚醒度はやや高めと判断しました。
../database/final_database/050/004.jpg,50,004.jpg,5,-0.62,0.34,眉間にしわが寄り口角が下がっており、不快・困惑の表情に見えます。一方で目は開いており表情筋の緊張もあるため、覚醒度はやや高めと判断しました。
../database/final_database/050/004.jpg,50,004.jpg,6,-0.55,0.45,眉がしかめられ口元が歪んでおり、不快・不安や嫌悪寄りの表情に見えます。緊張感があり表情筋の活動もあるため覚醒度はやや高めと判断しました。
../database/final_database/050/004.jpg,50,004.jpg,7,-0.55,0.35,眉間にしわが寄り、口元も引きつっていて不快・困惑の表情に見えるためvalenceは低めです。一方で目は開いており表情の緊張感があるのでarousalはやや高めと判断しました。
../database/final_database/050/004.jpg,50,004.jpg,8,-0.62,0.48,眉が寄り、口角が下がって緊張した表情で不快・不安が強く見えます。目の開きと表情筋のこわばりから覚醒度もやや高めです。
../database/final_database/050/004.jpg,50,004.jpg,9,-0.62,0.48,眉が寄り、口角が下がって不快・嫌悪や不安を示す表情に見えます。目もやや細まり緊張感があるため、覚醒度は中程度に高いと判断しました。
../database/final_database/050/004.jpg,50,004.jpg,10,-0.55,0.35,眉間にしわが寄り、口元も引きつっていて不快・困惑の表情に見えるためvalenceは低めです。一方で表情筋の緊張があり、落ち着いた無表情よりは覚醒度がやや高いと判断しました。
../database/final_database/050/005.jpg,50,005.jpg,1,-0.55,0.35,眉が寄り片目が強くつぶれて口角が下がっており、不快・痛みや嫌悪に近い表情に見えます。一方で緊張感はあるものの激しい興奮ではないため覚醒度は中程度と判断しました。
../database/final_database/050/005.jpg,50,005.jpg,2,-0.58,0.32,眉間にしわが寄り、片目を強く閉じて口角も下がっており不快・痛み/嫌悪寄りの表情です。一方で表情筋の緊張があり、無表情よりは覚醒度がやや高いと判断しました。
../database/final_database/050/005.jpg,50,005.jpg,3,-0.55,0.45,眉が寄って目が細く、口元も緊張しており不快・苦痛寄りの表情に見えます。一方で表情筋の収縮が強く、ある程度の覚醒（緊張・不快の反応）が感じられます。
../database/final_database/050/005.jpg,50,005.jpg,4,-0.42,0.38,眉が寄って片目を強くつぶり、口元も不快そうに歪んでいるためネガティブ寄りです。一方で表情の緊張があり、覚醒度はやや高めと判断しました。
../database/final_database/050/005.jpg,50,005.jpg,5,-0.55,0.35,眉間にしわが寄り、片目を強くつぶって口元も緊張しており、不快・痛み/嫌悪に近い表情です。一方で筋緊張が見られるため覚醒度は中程度に高いと判断しました。
../database/final_database/050/005.jpg,50,005.jpg,6,-0.35,0.55,眉が寄り目が細く、口元も緊張しており不快・苦痛寄りの表情に見えます。一方で顔全体のこわばりがあり覚醒度はやや高めと判断しました。
../database/final_database/050/005.jpg,50,005.jpg,7,-0.45,0.35,眉が寄り片目を強くつむって口元も緊張しており、不快・痛みや嫌悪に近い表情に見えます。一方で顔の筋緊張が強く反応性があるため、覚醒度はやや高めと判断しました。
../database/final_database/050/005.jpg,50,005.jpg,8,-0.55,0.35,眉が寄り、目を細め口元も緊張しており不快・痛みの表情に見えるためvalenceは低めです。一方で表情の収縮が強く反応性はあるためarousalはやや高めと判断しました。
../database/final_database/050/005.jpg,50,005.jpg,9,-0.35,0.4,眉が寄り目が細く、口元も緊張していて不快・困惑の表情に見えます。一方で表情筋の収縮が強く、ある程度の覚醒（緊張・反応の強さ）が感じられます。
../database/final_database/050/005.jpg,50,005.jpg,10,-0.45,0.55,眉が寄り片目を強く閉じ、口も緊張していて不快・痛みや苛立ちの表情に見えます。緊張が強く覚醒度も高めと判断しました。
../database/final_database/050/006.jpg,50,006.jpg,1,-0.42,0.38,眉が寄り、目が細く口角も下がっており、不快・不満寄りの表情に見えます。一方で表情筋の緊張があり、落ち着いた無表情よりはやや覚醒度が高いと判断しました。
../database/final_database/050/006.jpg,50,006.jpg,2,-0.35,0.25,眉が内側に寄り、目がやや細く、口元も緊張していて不快・困惑の表情に見えます。一方で動きは強くなく、覚醒度は中程度の低さです。
../database/final_database/050/006.jpg,50,006.jpg,3,-0.38,0.32,眉間にしわが寄り、口元も緊張していて不快・困惑寄りの表情に見えます。一方で目は開いており表情筋の緊張もあるため覚醒度はやや高めです。
../database/final_database/050/006.jpg,50,006.jpg,4,-0.35,0.3,眉間にしわが寄り口角もやや下がっており、不快・不満寄りの表情に見えます。一方で目の開きは保たれており、強い落ち込みではなく軽い緊張を伴うため覚醒度はやや高めと判断しました。
../database/final_database/050/006.jpg,50,006.jpg,5,-0.25,0.35,眉が寄って目が細く、口元も緊張していて不快・困惑寄りの表情に見えます。一方で表情の緊張はあるため覚醒度はやや高めと判断しました。
../database/final_database/050/006.jpg,50,006.jpg,6,-0.32,0.27,眉間にしわが寄り、口元が引きつった表情で不快・不安寄りに見えます。一方で目が開いて緊張感があり、覚醒度はやや高めと判断しました。
../database/final_database/050/006.jpg,50,006.jpg,7,-0.35,0.2,眉が寄り、口元も引きつっていて快より不快寄りの表情に見えます。一方で目の見開きや口の開きは小さく、興奮・驚きほどの強い覚醒は感じないため軽度の覚醒と判断しました。
../database/final_database/050/006.jpg,50,006.jpg,8,-0.25,0.35,眉が寄って目が細まり、口元もやや緊張していて不快・困惑寄りに見えます。一方で表情の緊張感があり、覚醒度はやや高めです。
../database/final_database/050/006.jpg,50,006.jpg,9,-0.45,0.3,眉が寄り、口元が引きつったように見え、不快・嫌悪や不安寄りの表情です。目は開いており緊張感があるため覚醒度はやや高めと判断しました。
../database/final_database/050/006.jpg,50,006.jpg,10,-0.38,0.32,眉が寄り、目元と口元がややこわばっていて不快・困惑の表情に見えます。強い興奮ではないものの緊張感があり、覚醒度はやや高めと判断しました。
../database/final_database/050/007.jpg,50,007.jpg,1,-0.42,0.33,眉が寄り、目が細く口元が歪んでおり、不快・困惑や嫌悪寄りの表情に見えます。一方で口が開いて表情筋の緊張もあるため、覚醒度はやや高めと判断しました。
../database/final_database/050/007.jpg,50,007.jpg,2,-0.43,0.38,眉間が寄り、目が細く口元も歪んでおり不快・嫌悪寄りの表情に見えます。一方で口が開き表情筋の緊張があるため覚醒度はやや高めです。
../database/final_database/050/007.jpg,50,007.jpg,3,-0.62,0.34,眉が寄り目が細く、口元も引きつった不快・嫌悪寄りの表情に見えます。一方で口が開き表情筋の緊張があるため、覚醒度はやや高めと判断しました。
../database/final_database/050/007.jpg,50,007.jpg,4,-0.62,0.44,眉が寄り、目を細め口元が歪んでいて不快・嫌悪/困惑寄りの表情に見えます。一方で口が開き表情筋の緊張があり、覚醒度はやや高めです。
../database/final_database/050/007.jpg,50,007.jpg,5,-0.62,0.18,眉が寄り、目が細く口角も下がって見えるため不快寄りの感情が強いです。一方で動きは小さく、興奮というより軽い不快・困惑の覚醒度に留まっています。
../database/final_database/050/007.jpg,50,007.jpg,6,-0.42,0.35,眉が寄り口角が下がり気味で、不快・嫌悪寄りの表情に見えます。一方で口が開き表情筋の緊張もあり、覚醒度はやや高めと判断しました。
../database/final_database/050/007.jpg,50,007.jpg,7,-0.45,0.35,眉が寄って口角が下がり、不快・嫌悪寄りの表情に見えます。一方で口が開いて表情筋の緊張があり、やや覚醒度は高めです。
../database/final_database/050/007.jpg,50,007.jpg,8,-0.42,0.38,眉が寄り目が細く、口元も歪んでおり不快・嫌悪や困惑に近い表情に見えます。一方で表情筋の緊張があり、覚醒度はやや高めです。
../database/final_database/050/007.jpg,50,007.jpg,9,-0.42,0.38,眉が寄り目が細く、口元も歪んでいて不快・嫌悪寄りの表情に見えます。一方で口が開き筋緊張もあるため、覚醒度はやや高めと判断しました。
../database/final_database/050/007.jpg,50,007.jpg,10,-0.52,0.34,眉が寄り口元が歪んでおり、不快・嫌悪や困惑に近い表情に見えます。一方で口が開き表情筋の動きがあるため、覚醒度は中程度と判断しました。
../database/final_database/050/008.jpg,50,008.jpg,1,-0.62,0.55,眉が寄り、目が見開かれて口角が下がっており、不快・不安や嫌悪の表情に見えます。表情の緊張感が強く、覚醒度も高めと判断しました。
../database/final_database/050/008.jpg,50,008.jpg,2,-0.62,0.56,眉が寄り、目が見開かれ口元も緊張しており、不快・嫌悪や困惑が強い表情です。緊張感が高く覚醒度も中〜高程度と判断しました。
../database/final_database/050/008.jpg,50,008.jpg,3,-0.62,0.58,眉間にしわが寄り口が歪んでおり、不快・嫌悪や困惑の表情が強いです。目の見開きもあり緊張感が高く、覚醒度はやや高めと判断します。
../database/final_database/050/008.jpg,50,008.jpg,4,-0.55,0.65,眉が強く寄り、口元が引きつって不快・嫌悪や不安が表れています。目も見開き気味で緊張感があり覚醒度は高めです。
../database/final_database/050/008.jpg,50,008.jpg,5,-0.62,0.71,眉が強く寄り、目が見開かれて口角が下がっているため不快・不安/恐怖寄りの表情に見えます。緊張感が高く、覚醒度も高いと判断しました。
../database/final_database/050/008.jpg,50,008.jpg,6,-0.55,0.6,眉が強く寄り目が見開かれ、口元もこわばっており、不快・嫌悪や困惑が強く出ています。表情の緊張と驚きが見られるため覚醒度は高めです。
../database/final_database/050/008.jpg,50,008.jpg,7,-0.62,0.55,眉が寄り目が見開かれ、口角が下がって不快・嫌悪や困惑の表情に見えます。表情の緊張が強く、覚醒度も中〜高程度です。
../database/final_database/050/008.jpg,50,008.jpg,8,-0.62,0.58,眉がひそまり目が見開かれ、口元も緊張しており不快・嫌悪や不安の表情に見えます。表情の強さがあり覚醒度も高めです。
../database/final_database/050/008.jpg,50,008.jpg,9,-0.62,0.55,眉が大きくひそまり目が見開かれ、口元も緊張していて不快・困惑や恐れの表情に見えます。表情の強さがあり、覚醒度はやや高めと判断します。
../database/final_database/050/008.jpg,50,008.jpg,10,-0.58,0.62,眉が強く寄り目が見開かれ、口が引きつった表情で不快・嫌悪や驚きが混ざったネガティブ感情が強いです。表情筋の緊張が高く、覚醒度も高めに見えます。
../database/final_database/050/009.jpg,50,009.jpg,1,-0.62,0.48,眉が寄り、目が細く、口元が緊張しており不快・苦痛の表情に見えます。一方で顔全体の緊張が強く、感情の強度は中程度に覚醒している印象です。
../database/final_database/050/009.jpg,50,009.jpg,2,-0.62,0.44,眉がひそまり目が細く、口角が下がって苦痛・不快そうな表情に見えます。一方で表情筋の緊張があり、落ち着いた無覚醒というよりはやや覚醒度が高い印象です。
../database/final_database/050/009.jpg,50,009.jpg,3,-0.62,0.28,眉が寄り、目が細く口角も下がっており不快・痛み/悲しみ寄りの表情に見えます。一方で口が開き緊張感があるため覚醒度はやや高めと判断しました。
../database/final_database/050/009.jpg,50,009.jpg,4,-0.55,0.35,眉が寄り、目が細く口角が下がっており、不快・苦痛の表情に見えます。一方で表情筋の緊張があるため覚醒度はやや高めと判断しました。
../database/final_database/050/009.jpg,50,009.jpg,5,-0.62,0.48,眉が内側に寄り目が細く、口角が下がって不快・悲しみ/痛みの表情に見えます。一方で顔の緊張が強く、感情の活性は中程度に高いと判断しました。
../database/final_database/050/009.jpg,50,009.jpg,6,-0.72,0.46,眉が内側に寄り目が細まり、口角が下がって苦痛・不快そうな表情に見えます。表情の強さは中程度で、覚醒度はやや高めと判断しました。
../database/final_database/050/009.jpg,50,009.jpg,7,-0.72,0.42,眉が寄り、目が細まり、口角が下がっていて不快・苦痛の表情に見えます。表情の緊張はあるものの激しい興奮ではないため、覚醒は中程度と判断しました。
../database/final_database/050/009.jpg,50,009.jpg,8,-0.62,0.48,眉が寄り、目が細く口角が下がっており不快・苦痛寄りの表情に見えます。一方で表情筋の緊張が強く、感情の強度は中程度以上で覚醒寄りと判断しました。
../database/final_database/050/009.jpg,50,009.jpg,9,-0.62,0.48,眉が寄り目が細く、口元も緊張しており不快・苦痛の表情に見えます。一方で表情筋の緊張が強く、覚醒度は中程度に高いと判断しました。
../database/final_database/050/009.jpg,50,009.jpg,10,-0.62,0.38,眉が寄り、目が細まり口角も下がっており不快・苦痛の表情に見えます。表情筋の緊張はあるものの興奮や驚きほど強くないため中程度の覚醒と判断しました。
../database/final_database/050/010.jpg,50,010.jpg,1,-0.55,0.25,眉がひそまり目が細く、口元も緊張していて不快・苦痛寄りの表情に見えます。一方で動きは大きくなく、覚醒度は中程度と判断しました。
../database/final_database/050/010.jpg,50,010.jpg,2,-0.52,0.34,眉が寄り目が細く、口元も緊張しており不快・痛みのようなネガティブ感情が強い表情に見えます。一方で顔の筋緊張はあるため覚醒度は中程度に評価しました。
../database/final_database/050/010.jpg,50,010.jpg,3,-0.62,0.38,眉が強くひそまり目が細く、口元も緊張しており不快・困惑寄りの表情に見えます。一方で表情の強さはあるため覚醒度はやや高めと判断しました。
../database/final_database/050/010.jpg,50,010.jpg,4,-0.55,0.35,眉間にしわが寄り、目が細く口元も緊張していて不快・苦痛寄りの表情に見えます。一方で大きく笑う/驚くほどの高覚醒ではないため、覚醒度は中程度にしました。
../database/final_database/050/010.jpg,50,010.jpg,5,-0.55,0.25,眉が寄り、片目を強く細めて口角も下がっており、不快・困惑の表情に見えます。一方で表情の緊張はあるものの強い興奮というほどではないため、覚醒度はやや低め〜中程度と判断しました。
../database/final_database/050/010.jpg,50,010.jpg,6,-0.62,0.32,眉が寄り、片目を細めて口角も下がり気味で不快・苦痛寄りの表情に見えます。一方で緊張感はあるものの激しい興奮ではなく中程度の覚醒と判断しました。
../database/final_database/050/010.jpg,50,010.jpg,7,-0.35,0.25,眉間にしわが寄り、目を細めて口元も緊張しており、不快・困惑の表情に見えます。一方で大きく興奮した様子ではなく、覚醒度は中程度と判断しました。
../database/final_database/050/010.jpg,50,010.jpg,8,-0.55,0.25,眉間にしわが寄り、目が細く口角も下がっており不快・困惑/痛みのような否定的感情が強いです。一方で表情の緊張はあるものの激しい興奮ではないため覚醒度は中程度にしました。
../database/final_database/050/010.jpg,50,010.jpg,9,-0.55,0.25,眉が寄って目が細く、口元も緊張していて不快・痛み/困惑の表情に見えます。一方で動きは強くなく、覚醒度は中程度と判断しました。
../database/final_database/050/010.jpg,50,010.jpg,10,-0.46,0.32,眉間のしわや目の細め方、口角の下がりが見られ、不快・苦痛寄りの表情です。一方で表情の緊張はあるため覚醒度はやや高めと判断しました。
../database/final_database/051/001.jpg,51,001.jpg,1,0.18,-0.12,口角がわずかに上がり、表情は穏やかで軽い好意が感じられます。一方で目元や顔全体の緊張が少なく、覚醒度は低めに見えます。
../database/final_database/051/001.jpg,51,001.jpg,2,0.12,-0.18,口角がわずかに上がり、全体として中立〜軽い快の表情に見えます。一方で目元や表情筋の緊張が弱く、覚醒度は低めです。
../database/final_database/051/001.jpg,51,001.jpg,3,0.22,-0.05,口角がわずかに上がっており全体として穏やかな表情のため、快寄りのvalenceと判断しました。目や眉の動きが小さく緊張感も強くないため、arousalはほぼ中立〜やや低めです。
../database/final_database/051/001.jpg,51,001.jpg,4,0.15,-0.05,口角がわずかに上がっており不快感は少ないため、valenceは軽くポジティブ寄りです。一方で目の開きや表情筋の緊張が強くなく、落ち着いた印象なのでarousalは中立〜やや低めです。
../database/final_database/051/001.jpg,51,001.jpg,5,0.18,-0.12,口角がわずかに上がっており軽い快の表情に見える一方、目元や眉の動きが小さく全体として落ち着いた印象です。強い緊張や興奮は感じにくいため覚醒度はやや低めと判断しました。
../database/final_database/051/001.jpg,51,001.jpg,6,0.18,-0.12,口角がわずかに上がっており穏やかな表情で、強い不快感は見られません。一方で目や眉の緊張が少なく、興奮度は低めに見えます。
../database/final_database/051/001.jpg,51,001.jpg,7,0.28,-0.12,口角がわずかに上がり、全体として穏やかでやや快の表情に見えます。一方で目元や表情筋の緊張が少なく、興奮度は低めに感じられます。
../database/final_database/051/001.jpg,51,001.jpg,8,0.25,-0.05,口角がわずかに上がった穏やかな表情で、不快さは見られません。目元や姿勢の緊張が少なく全体に落ち着いているため、覚醒度は低めです。
../database/final_database/051/001.jpg,51,001.jpg,9,0.18,-0.12,口角がわずかに上がっており全体として穏やかで軽い肯定的感情が見られますが、目元の動きが小さく表情の活発さは低めで落ち着いた状態に見えます。
../database/final_database/051/001.jpg,51,001.jpg,10,0.22,-0.08,口元がわずかに上がり、全体として穏やかで軽い好意・安心感が見られます。一方で目や表情筋の動きは強くなく、興奮度は低めに見えます。
../database/final_database/051/002.jpg,51,002.jpg,1,0.15,-0.2,口角がわずかに上がり、全体として穏やかな表情で不快感は低いです。一方で目元や表情筋の緊張は強くなく、落ち着いた低覚醒寄りに見えます。
../database/final_database/051/002.jpg,51,002.jpg,2,0.15,-0.25,口角がわずかに上がり、全体として穏やかで軽い好意的表情に見えます。一方で目元の緊張が少なく、興奮度は低め（落ち着いた状態）と判断しました。
../database/final_database/051/002.jpg,51,002.jpg,3,0.15,-0.25,口角がわずかに上がっており不快感は強くないため、やや快寄りと判断しました。目元や表情筋の緊張が少なく落ち着いた印象なので、覚醒度はやや低めです。
../database/final_database/051/002.jpg,51,002.jpg,4,0.12,-0.18,口角がわずかに上がり表情は穏やかで、軽いポジティブさが見られます。一方で目元や筋緊張は強くなく、全体として落ち着いた低覚醒の印象です。
../database/final_database/051/002.jpg,51,002.jpg,5,0.1,-0.3,口元がわずかに上がっており不快さは見られない一方、目元や表情筋の動きが少なく落ち着いた印象です。そのため快寄りだが覚醒度は低めと判断しました。
../database/final_database/051/002.jpg,51,002.jpg,6,0.1,-0.25,口角がわずかに上がっており不快感は少ない一方、目元や表情筋の緊張が弱く全体として落ち着いた表情です。興奮・緊張は低めに見えます。
../database/final_database/051/002.jpg,51,002.jpg,7,0.12,-0.22,口元がわずかに上がっており軽い快の表情に見えますが、目元の動きが少なく全体として落ち着いた印象です。強い驚きや緊張は感じられず、覚醒度はやや低めと判断しました。
../database/final_database/051/002.jpg,51,002.jpg,8,0.05,-0.25,口元がわずかに上がっており中立〜軽い快の表情に見えますが、目元の緊張が少なく全体に落ち着いているため覚醒度は低めと判断しました。
../database/final_database/051/002.jpg,51,002.jpg,9,0.25,-0.15,口角がわずかに上がり、全体として穏やかで軽いポジティブさが見られます。一方で目の開きや表情筋の緊張が弱く、覚醒度は低めに感じられます。
../database/final_database/051/002.jpg,51,002.jpg,10,0.12,-0.28,口元がわずかに上がっており、全体として穏やかで軽い肯定感が見られます。一方で目元や表情筋の緊張が少なく、覚醒度は低めに感じられます。
../database/final_database/051/003.jpg,51,003.jpg,1,0.18,-0.22,口角がわずかに上がっており全体として穏やかな表情で、軽い快の印象です。一方で目元や表情筋の動きが強くなく、興奮度は低めに見えます。
../database/final_database/051/003.jpg,51,003.jpg,2,0.18,-0.22,口角がわずかに上がっており、全体として穏やかで軽いポジティブ感が見られます。一方で目元の動きが小さく表情の強度が低いため、覚醒度はやや低めと判断しました。
../database/final_database/051/003.jpg,51,003.jpg,3,0.22,-0.18,口角がわずかに上がり穏やかな表情で、不快さは少ないためvalenceはやや正寄りです。一方で目や口元の動きが控えめで緊張感も低く、arousalはやや低めと判断しました。
../database/final_database/051/003.jpg,51,003.jpg,4,0.35,-0.2,口角がやや上がり、目元も緊張が少ないため軽い快の表情に見えます。一方で驚きや強い笑いはなく全体の動きが小さいので覚醒度は低めです。
../database/final_database/051/003.jpg,51,003.jpg,5,0.28,-0.22,口角がわずかに上がり、目元も穏やかで軽い快の表情に見えます。一方で表情の動きは小さく、興奮や緊張は強くないため覚醒度は低めです。
../database/final_database/051/003.jpg,51,003.jpg,6,0.32,-0.18,口角がわずかに上がり、表情は穏やかで軽い快が見られます。一方で目や眉の動きが少なく、興奮度は低めに見えます。
../database/final_database/051/003.jpg,51,003.jpg,7,0.25,-0.1,口角がわずかに上がっており、全体として穏やかな微笑に見えるため快寄りです。一方で目や顔全体の緊張が強くなく、落ち着いた状態に見えるため覚醒度は低めです。
../database/final_database/051/003.jpg,51,003.jpg,8,0.22,-0.18,口角がわずかに上がっていて穏やかな表情のため、快寄りのvalenceと判断しました。一方で目の開きや表情の強さが控えめで落ち着いているため、arousalはやや低めです。
../database/final_database/051/003.jpg,51,003.jpg,9,0.22,-0.18,口角がわずかに上がっており、全体として穏やかで軽いポジティブさが見られます。一方で目元や表情筋の緊張は強くなく、落ち着いた低覚醒の状態に近いです。
../database/final_database/051/003.jpg,51,003.jpg,10,0.22,-0.18,口角がわずかに上がり、全体として穏やかな表情で軽い快の印象です。一方で目元や表情筋の動きは強くなく、興奮度は低めに見えます。
../database/final_database/051/004.jpg,51,004.jpg,1,0.35,-0.1,口角がわずかに上がっており、全体として穏やかな肯定的感情が示唆されます。目や表情筋の緊張が強くないため覚醒度は低めと判断します。
../database/final_database/051/004.jpg,51,004.jpg,2,0.32,-0.18,口角がわずかに上がり、全体として穏やかで軽い肯定的感情が見られます。一方で目の開きや表情筋の緊張が強くなく、覚醒度は低めと判断しました。
../database/final_database/051/004.jpg,51,004.jpg,3,0.36,-0.18,口角がわずかに上がり、眉や目元の緊張も少ないため、軽い快の表情に見えます。一方で目の開きや表情筋の動きが控えめで、全体として落ち着いた（低覚醒寄り）印象です。
../database/final_database/051/004.jpg,51,004.jpg,4,0.28,-0.22,口角がわずかに上がった穏やかな表情で、不快感は見られません。一方で目や顔全体の緊張が少なく、興奮度は低めに見えます。
../database/final_database/051/004.jpg,51,004.jpg,5,0.32,-0.12,口角がわずかに上がっており全体として穏やかな微笑みに見えるため、快寄りのvalenceです。一方で目の開きや表情筋の緊張は強くなく、落ち着いた状態に見えるためarousalは低めです。
../database/final_database/051/004.jpg,51,004.jpg,6,0.35,-0.2,口角がわずかに上がった穏やかな微笑みで、不快感は見られません。表情の動きは小さく落ち着いているため覚醒度は低めと判断しました。
../database/final_database/051/004.jpg,51,004.jpg,7,0.28,-0.12,口角がわずかに上がり穏やかな微笑みが見られるため快寄りのvalenceです。一方で目の開きや表情筋の緊張が強くなく、落ち着いた状態に見えるためarousalはやや低めです。
../database/final_database/051/004.jpg,51,004.jpg,8,0.22,-0.08,口角がわずかに上がっており、全体として穏やかな（やや快）表情に見えます。一方で目の開きや表情筋の緊張は強くなく、覚醒度は低めと判断しました。
../database/final_database/051/004.jpg,51,004.jpg,9,0.28,-0.12,口角がわずかに上がっており全体として穏やかな表情のため、快の方向に寄せました。一方で目の開きや表情筋の緊張が強くなく、興奮度は低めと判断しました。
../database/final_database/051/004.jpg,51,004.jpg,10,0.35,-0.15,口角がわずかに上がっており、全体として穏やかな微笑みでやや快の印象です。目や眉の動きは小さく緊張感が少ないため、覚醒度は低めと判断しました。
../database/final_database/051/005.jpg,51,005.jpg,1,0.22,-0.18,口角がわずかに上がっており穏やかな肯定的感情が示唆されます。一方で目の開きや表情筋の緊張は強くなく、覚醒度は低めに見えます。
../database/final_database/051/005.jpg,51,005.jpg,2,0.18,-0.22,口角がわずかに上がっており、全体として穏やかな肯定的感情が読み取れます。一方で目の開きや筋緊張が強くなく、覚醒度は低めに見えます。
../database/final_database/051/005.jpg,51,005.jpg,3,0.25,-0.15,口角がわずかに上がっており、穏やかな満足・安心感が感じられるため快寄りです。視線や表情の動きが小さく落ち着いているので覚醒度は低めと判断しました。
../database/final_database/051/005.jpg,51,005.jpg,4,0.25,-0.2,口角がわずかに上がっており不快感は少なく、軽い快の表情に見えます。一方で目や眉の緊張が弱く、全体として落ち着いた（低覚醒）印象です。
../database/final_database/051/005.jpg,51,005.jpg,5,0.32,-0.18,口角がわずかに上がっており、全体として穏やかな肯定的表情に見えます。一方で目元や筋緊張が強くなく、興奮度は低めに推定されます。
../database/final_database/051/005.jpg,51,005.jpg,6,0.35,-0.25,口角がわずかに上がり、全体として穏やかで軽い肯定的感情が読み取れます。一方で表情の動きは小さく、興奮や緊張は低めに見えるため覚醒度はやや低めです。
../database/final_database/051/005.jpg,51,005.jpg,7,0.35,-0.25,口元がわずかに上がっており穏やかな肯定的表情に見えるため、valenceはやや快寄りです。一方で目や口の開きが小さく緊張感が少ないため、arousalはやや低めと判断しました。
../database/final_database/051/005.jpg,51,005.jpg,8,0.32,-0.18,口角がわずかに上がり、穏やかな微笑みが見られるため快寄りです。一方で目や表情筋の緊張が強くなく落ち着いた印象なので覚醒度はやや低めです。
../database/final_database/051/005.jpg,51,005.jpg,9,0.32,-0.18,口角がわずかに上がっており、全体として穏やかでやや肯定的な表情に見えます。一方で目や眉の緊張は強くなく、落ち着いた低めの覚醒度と判断しました。
../database/final_database/051/005.jpg,51,005.jpg,10,0.35,-0.25,口角がわずかに上がり穏やかな表情で、全体として軽い快の印象です。目の見開きや緊張感が少なく落ち着いているため、覚醒度はやや低めと判断しました。
../database/final_database/051/006.jpg,51,006.jpg,1,0.12,-0.18,口角がわずかに上がっており全体として中立〜軽い快の表情ですが、目元や眉の動きが小さく落ち着いた印象です。そのため快は小さめ、覚醒度も低めに見積もりました。
../database/final_database/051/006.jpg,51,006.jpg,2,0.22,-0.12,口角がわずかに上がっており、全体として穏やかでやや肯定的な表情に見えます。一方で目元の緊張は強くなく、興奮度は低めです。
../database/final_database/051/006.jpg,51,006.jpg,3,0.1,-0.25,口元がわずかに上がっており不快ではないためvalenceは軽く正寄りです。一方で表情の動きが小さく落ち着いた印象なのでarousalはやや低めにしました。
../database/final_database/051/006.jpg,51,006.jpg,4,0.18,-0.12,口元がわずかに上がっており軽い好意・落ち着きを感じる一方、目元や表情筋の動きが小さく全体として静かで覚醒度は低めに見えます。
../database/final_database/051/006.jpg,51,006.jpg,5,0.15,-0.05,口元がわずかに上がっており、全体としては軽い快の印象ですが感情の強度は低めです。目元や表情筋の動きが控えめで落ち着いて見えるため、覚醒度はほぼ中立〜やや低めと判断しました。
../database/final_database/051/006.jpg,51,006.jpg,6,0.32,-0.18,口角がわずかに上がり表情は穏やかで、全体として軽い快の印象です。一方で目元の動きが少なくリラックスして見えるため覚醒度は低めと判断しました。
../database/final_database/051/006.jpg,51,006.jpg,7,0.15,-0.05,口角がわずかに上がっており不快感は弱く、全体として穏やかな表情に見えます。目や眉の緊張が少なく動きも小さいため、覚醒度は低めと判断しました。
../database/final_database/051/006.jpg,51,006.jpg,8,0.12,-0.18,口元にわずかな微笑があり不快ではないためvalenceはやや正寄りです。一方で表情の動きが小さく目元も落ち着いているため、arousalは低めと判断しました。
../database/final_database/051/006.jpg,51,006.jpg,9,0.12,-0.18,口元がわずかに上がっており軽い肯定的感情が見られる一方、目元や表情筋の緊張が少なく全体として落ち着いた印象です。強い興奮やストレスのサインは乏しいため覚醒度はやや低めと判断しました。
../database/final_database/051/006.jpg,51,006.jpg,10,0.12,-0.18,口角がわずかに上がっており軽い好意・穏やかさが感じられます。一方で目元や表情筋の動きが小さく、全体として落ち着いた低覚醒寄りです。
../database/final_database/051/007.jpg,51,007.jpg,1,0.1,-0.25,口元がわずかに上がり穏やかな表情で、強い不快感は見られません。一方で目元や眉の緊張が少なく、全体として落ち着いた低覚醒寄りに見えます。
../database/final_database/051/007.jpg,51,007.jpg,2,0.12,-0.18,口角がわずかに上がり穏やかな表情で、強い不快感は見られないためvalenceはやや正寄りです。一方で目の見開きや眉の緊張が弱く、全体に落ち着いているためarousalは低めと判断しました。
../database/final_database/051/007.jpg,51,007.jpg,3,0.12,-0.08,口角がわずかに上がり穏やかな表情で、強い不快感は見られません。目元や眉の緊張が少なく落ち着いた状態のため覚醒度は低めと判断しました。
../database/final_database/051/007.jpg,51,007.jpg,4,0.1,-0.2,口角がわずかに上がり表情は穏やかで、軽い快の印象があります。一方で目元や顔全体の動きが少なく、興奮度は低めに見えます。
../database/final_database/051/007.jpg,51,007.jpg,5,0.12,-0.18,口元がわずかに上がっており全体として中立〜やや快の印象です。一方で目の開きや表情筋の緊張が強くなく、覚醒度は低めに見えます。
../database/final_database/051/007.jpg,51,007.jpg,6,0.18,-0.22,口角がわずかに上がっており不快ではない一方、表情の動きが小さく落ち着いた印象です。目元や眉の緊張も強くないため、覚醒度は低めと判断しました。
../database/final_database/051/007.jpg,51,007.jpg,7,0.12,-0.18,口角がわずかに上がっており全体として中立〜軽い快の表情に見えますが、目元の緊張が少なく落ち着いた印象なので覚醒度は低めと判断しました。
../database/final_database/051/007.jpg,51,007.jpg,8,0.1,-0.2,口角がわずかに上がっており不快さは強くない一方、目元や表情筋の緊張が弱く落ち着いた印象です。全体として軽い快寄りだが覚醒度は低めと判断しました。
../database/final_database/051/007.jpg,51,007.jpg,9,0.1,-0.2,口角がわずかに上がり表情は中立〜軽い快寄りですが、目元の動きが少なく全体に落ち着いた印象です。そのため快は弱く、覚醒度も低めと判断しました。
../database/final_database/051/007.jpg,51,007.jpg,10,0.12,-0.18,口元がわずかに上がっており大きな不快サインは見られないため、valenceは軽い快寄りと判断しました。一方で目や眉の動きが小さく表情の強度が低いため、arousalはやや低めとしました。
../database/final_database/051/008.jpg,51,008.jpg,1,0.05,-0.35,口元がわずかに上がっているものの表情変化は小さく、全体として中立に近い快不快です。目の開きや眉の動きが控えめで、覚醒度は低めに見えます。
../database/final_database/051/008.jpg,51,008.jpg,2,0.12,-0.28,口角がわずかに上がり表情は穏やかで、強い不快感は見られません。一方で目元や筋緊張が弱く、全体として落ち着いた低覚醒の印象です。
../database/final_database/051/008.jpg,51,008.jpg,3,0.12,-0.28,口角がわずかに上がり表情は穏やかで、強い不快感は見られません。一方で目元の動きが少なく全体に落ち着いた印象のため覚醒度は低めと判断しました。
../database/final_database/051/008.jpg,51,008.jpg,4,0.18,-0.22,口角がわずかに上がり、全体として穏やかな表情で軽い快の印象があります。目元や筋緊張が強くなく落ち着いているため、覚醒度はやや低めと判断しました。
../database/final_database/051/008.jpg,51,008.jpg,5,0.1,-0.2,口元がわずかに上がっており不快ではないものの、笑顔は弱く全体的に表情の動きが少ないため快は小さめです。目の開きや表情筋の緊張が低く、落ち着いた低覚醒に見えます。
../database/final_database/051/008.jpg,51,008.jpg,6,0.12,-0.28,口元がわずかに上がり表情は穏やかで、中立〜軽い快の印象です。目元や眉の動きが少なく緊張感も低いため、覚醒度はやや低めと判断しました。
../database/final_database/051/008.jpg,51,008.jpg,7,0.12,-0.22,口角がわずかに上がっており、全体として中立〜軽い快の表情に見えます。一方で目元や表情筋の動きが小さく、覚醒度は低めと判断しました。
../database/final_database/051/008.jpg,51,008.jpg,8,0.12,-0.18,口角がわずかに上がっており強い不快感は見られないため、valenceはやや快寄りです。一方で目や眉の動きが小さく表情の強度が低いので、arousalはやや低めと判断しました。
../database/final_database/051/008.jpg,51,008.jpg,9,0.1,-0.2,口角がわずかに上がり表情は穏やかで、強い不快感は見られません。一方で目や口の動きが少なく全体に落ち着いており、覚醒度は低めと判断しました。
../database/final_database/051/008.jpg,51,008.jpg,10,0.05,-0.25,口元がわずかに上がっており強い不快サインは見られないため、valenceは中立～やや快に寄せました。目や眉の動きが小さく表情の強度が低いので、arousalはやや低めと判断しました。
../database/final_database/051/009.jpg,51,009.jpg,1,0.45,0.25,口角がやや上がり、表情全体が穏やかでポジティブに見えるためvalenceは中程度に高めです。一方で目の開きや筋緊張が強くなく、興奮度は低〜中程度なのでarousalはやや低めにしました。
../database/final_database/051/009.jpg,51,009.jpg,2,0.42,0.15,口角がやや上がり、表情は穏やかで軽いポジティブさが見られます。一方で目の開きや顔の緊張が強くなく、覚醒度は低めです。
../database/final_database/051/009.jpg,51,009.jpg,3,0.35,0.25,口角がやや上がり、表情全体に軽い微笑が見られるため快寄りのvalenceと判断しました。一方で目の開きや表情筋の緊張は強くなく、興奮度は低めなのでarousalはやや低めです。
../database/final_database/051/009.jpg,51,009.jpg,4,0.35,0.15,口角がやや上がり、表情は穏やかで軽い喜び・安心感が見られます。一方で目の開きや表情筋の緊張が強くなく、覚醒度は低めです。
../database/final_database/051/009.jpg,51,009.jpg,5,0.38,0.3,口角がやや上がり、表情全体に軽い微笑みが見られるため快寄りです。目の開きや表情の強さは強烈ではなく、覚醒度は中程度と判断しました。
../database/final_database/051/009.jpg,51,009.jpg,6,0.42,0.18,口角がやや上がり、全体的に穏やかな表情のため快寄りと判断しました。一方で目の見開きや緊張感は強くなく、覚醒度は低めです。
../database/final_database/051/009.jpg,51,009.jpg,7,0.44,0.24,口角がやや上がり、表情全体は穏やかで軽いポジティブさが見られます。一方で目の開きや表情筋の緊張は強くなく、覚醒度は低〜中程度です。
../database/final_database/051/009.jpg,51,009.jpg,8,0.35,0.1,口角がやや上がり、表情全体に軽い快のサインが見られる一方、目元の緊張は強くなく興奮度は低めです。驚きや強い喜びのような大きな覚醒は感じにくいです。
../database/final_database/051/009.jpg,51,009.jpg,9,0.62,0.28,口角が上がり目元もやや緩んでおり、全体として快の表情に見えます。一方で驚きや強い興奮は少なく、覚醒度は中程度よりやや低めです。
../database/final_database/051/009.jpg,51,009.jpg,10,0.42,0.31,口角がやや上がり、表情全体に穏やかな微笑みが見られるため快寄りです。一方で目や顔の緊張は強くなく、興奮度は中程度に留まります。
../database/final_database/051/010.jpg,51,010.jpg,1,0.18,-0.12,口角がわずかに上がっており全体として穏やかな表情で、軽い快の印象です。一方で目の開きや表情筋の緊張が強くなく、覚醒度は低めに見えます。
../database/final_database/051/010.jpg,51,010.jpg,2,0.22,-0.08,口角がわずかに上がり穏やかな微笑が見られるため、快寄りのvalenceです。一方で目や表情筋の緊張が強くなく落ち着いた印象なので、arousalは低めです。
../database/final_database/051/010.jpg,51,010.jpg,3,0.22,-0.18,口角がわずかに上がっており全体として穏やかな表情で、軽い快の印象です。目や眉の動きが小さく緊張感も低いため覚醒度はやや低めと判断しました。
../database/final_database/051/010.jpg,51,010.jpg,4,0.2,-0.1,口元がわずかに上がっており軽い微笑みで、全体として快寄りです。一方で目元や表情の動きが控えめで落ち着いているため覚醒度はやや低めです。
../database/final_database/051/010.jpg,51,010.jpg,5,0.22,-0.18,口角がわずかに上がっており全体に穏やかな表情で、軽い快の方向と判断しました。目元の緊張や驚きが少なく落ち着いて見えるため、覚醒度はやや低めです。
../database/final_database/051/010.jpg,51,010.jpg,6,0.18,-0.12,口元がわずかに上がっており穏やかな快の表情に見える一方、目や眉の緊張が少なく全体として落ち着いていて覚醒度は低めに見えます。
../database/final_database/051/010.jpg,51,010.jpg,7,0.22,-0.08,口角がわずかに上がり、全体として穏やかで軽い好意的表情に見えます。一方で目や眉の動きが控えめで、興奮度は低めです。
../database/final_database/051/010.jpg,51,010.jpg,8,0.22,-0.18,口角がわずかに上がっており穏やかな微笑に見えるため、快方向のvalenceをやや高めにしました。一方で目や眉の緊張が強くなく表情変化も小さいので、arousalは低め（やや非覚醒）と判断しました。
../database/final_database/051/010.jpg,51,010.jpg,9,0.28,-0.12,口角がわずかに上がっており全体に穏やかな表情で、軽い快の印象です。目元の緊張や大きな動きが少なく落ち着いて見えるため、覚醒度はやや低めと判断しました。
../database/final_database/051/010.jpg,51,010.jpg,10,0.3,-0.1,口角がわずかに上がり穏やかな微笑が見られるため快寄りです。一方で目元の緊張や大きな表情変化が少なく、落ち着いた状態なので覚醒度はやや低めと判断しました。
../database/final_database/052/001.jpg,52,001.jpg,1,-0.12,0.18,眉間にしわが寄り口元もやや緊張しており、快より不快寄りに見えます。一方で表情の強さは中程度で、覚醒度はやや高めと判断しました。
../database/final_database/052/001.jpg,52,001.jpg,2,-0.15,0.1,眉間にしわが寄り、口元もやや緊張していて快感情は弱く不快寄りに見えます。一方で目の開きは大きくなく全体の動きも小さいため、覚醒度は低〜中程度です。
../database/final_database/052/001.jpg,52,001.jpg,3,-0.12,0.18,眉間にしわが寄り、口角もあまり上がっていないためやや不快寄りに見えます。一方で表情の強度は強すぎず、覚醒度は低〜中程度と判断しました。
../database/final_database/052/001.jpg,52,001.jpg,4,-0.18,0.22,眉が寄り気味で口角も上がっておらず、やや不快・困惑寄りの表情に見えます。一方で目は開いており表情の緊張もあるため、覚醒度は低すぎず中程度です。
../database/final_database/052/001.jpg,52,001.jpg,5,-0.12,0.18,眉間にしわが寄り、口元も引き締まっていてわずかに不快・困惑寄りに見えます。一方で表情の強度は高くなく、覚醒度は軽度にとどまります。
../database/final_database/052/001.jpg,52,001.jpg,6,-0.18,0.22,眉が寄っていてやや不快・困惑の表情に見える一方、口元は強い怒りや喜びほどではなく緊張は中程度です。全体として軽いネガティブで、覚醒度はやや高めと判断しました。
../database/final_database/052/001.jpg,52,001.jpg,7,-0.18,0.12,眉が寄り気味で口元も緊張しており、やや不快・困惑のニュアンスがあります。一方で表情の強度は高くなく、覚醒度は軽度にとどまります。
../database/final_database/052/001.jpg,52,001.jpg,8,-0.12,0.18,眉が寄っていて口角がわずかに下がり、不快・困惑寄りの表情に見えます。一方で目の開きは強すぎず、興奮度は低〜中程度です。
../database/final_database/052/001.jpg,52,001.jpg,9,-0.12,0.22,眉がやや寄り、口元も緊張していて快の表情は強くないためvalenceは小さく負寄り。目は開いており緊張感があるが強い興奮ではないためarousalは中程度に正寄り。
../database/final_database/052/001.jpg,52,001.jpg,10,-0.12,0.28,眉が中央に寄って軽くしかめられており、口元も引き締まっていて快よりやや不快寄りに見えます。一方で表情の緊張は強すぎず、覚醒度は中程度と判断しました。
../database/final_database/052/002.jpg,52,002.jpg,1,-0.42,0.18,眉が中央に寄り上がり、口角がやや下がって見えるため不快寄りの感情が示唆されます。一方で表情の動きは強くなく、覚醒度は低〜中程度と判断します。
../database/final_database/052/002.jpg,52,002.jpg,2,-0.32,0.1,眉が中央に寄って下がり、口角もやや下がっていて不快・悲しみ寄りの表情に見えます。一方で目の開きや表情筋の緊張は強くなく、覚醒度は低めです。
../database/final_database/052/002.jpg,52,002.jpg,3,-0.28,0.12,眉が内側に寄り、口角がわずかに下がっていて不快・悲しみ寄りの表情に見えます。一方で目の見開きや口の緊張は強くなく、覚醒度は低〜中程度です。
../database/final_database/052/002.jpg,52,002.jpg,4,-0.35,0.1,口角がわずかに下がり、眉間に緊張が見られるため不快寄りの表情です。一方で目の開きや表情筋の動きは強くなく、覚醒度は低めと判断します。
../database/final_database/052/002.jpg,52,002.jpg,5,-0.22,0.18,眉が内側に寄り、口角がわずかに下がっていて不快・悲しさ寄りの表情に見えます。一方で目の開きは大きくなく緊張は強くないため、覚醒度は低〜中程度です。
../database/final_database/052/002.jpg,52,002.jpg,6,-0.42,0.18,口角が下がり気味で眉間にしわが寄っており、不快・悲しみ寄りの表情に見えます。一方で目の開きは強くなく、緊張や興奮は高くないため覚醒度は低めです。
../database/final_database/052/002.jpg,52,002.jpg,7,-0.35,0.05,口角がわずかに下がり、眉が中央に寄っており不快・悲しみ寄りの表情に見えます。一方で目の見開きや筋緊張は強くなく、覚醒度は低めです。
../database/final_database/052/002.jpg,52,002.jpg,8,-0.35,0.25,口角が下がり気味で眉が寄っており、不快・悲しみ寄りの表情に見えるためvalenceはやや低めです。一方で表情の緊張は中程度で、強い興奮や沈静は感じにくいのでarousalはやや低〜中程度にしました。
../database/final_database/052/002.jpg,52,002.jpg,9,-0.42,0.18,口角が下がり、眉間に軽いしわが見られるため不快寄りの感情が示唆されます。一方で表情の強度は中程度で、興奮よりは落ち着いた状態に近いです。
../database/final_database/052/002.jpg,52,002.jpg,10,-0.35,0.2,眉が内側に寄り、目元がやや細く口角が下がり気味で不快・悲しみ寄りの表情に見えます。一方で表情の強度は中程度で、覚醒度はやや低〜中程度と判断しました。
../database/final_database/052/003.jpg,52,003.jpg,1,0.15,0.2,口角がわずかに上がっており軽い快の表情ですが、目の細め方と眉の寄りから戸惑い・緊張も感じられます。全体として強い興奮はなく低〜中程度の覚醒です。
../database/final_database/052/003.jpg,52,003.jpg,2,-0.12,0.18,眉間にしわが寄り目が細く、口元もやや緊張しているため不快寄りに見えます。一方で表情の強さは中程度で、覚醒度はやや高めと判断しました。
../database/final_database/052/003.jpg,52,003.jpg,3,-0.18,0.34,眉が寄り、目を細めて口元も緊張しており、快よりやや不快寄りに見えます。一方で表情の筋緊張はあり、落ち着きよりはやや覚醒した状態です。
../database/final_database/052/003.jpg,52,003.jpg,4,-0.1,0.25,目が細まり口角がわずかに上がっている一方、眉間に軽い緊張があり、快・不快は中立よりやや不快寄りに見えます。表情の筋緊張が少しあり、覚醒度は低〜中程度と判断しました。
../database/final_database/052/003.jpg,52,003.jpg,5,-0.1,0.25,口元はわずかに上がっていますが、眉間にしわが寄り目が細く不快・困惑の要素が見られます。表情の緊張は強くないため覚醒は中程度と判断しました。
../database/final_database/052/003.jpg,52,003.jpg,6,-0.18,0.22,眉間にしわが寄り目が細く、やや不快・戸惑いの表情に見えます。一方で口元は大きく崩れておらず、興奮度は低～中程度と判断しました。
../database/final_database/052/003.jpg,52,003.jpg,7,-0.35,0.2,眉が寄って目が細く、口元も歪んで見えるため不快寄りの表情です。一方で大きな驚きや興奮はなく、覚醒度はやや低めに見えます。
../database/final_database/052/003.jpg,52,003.jpg,8,-0.12,0.18,口元はわずかに上がっていますが、眉間のしわと目の細め方から不快・困惑寄りの表情に見えます。表情の強さは中程度で、覚醒度はやや低〜中くらいです。
../database/final_database/052/003.jpg,52,003.jpg,9,0.11,0.27,口角がわずかに上がり、全体としては軽い快の表情ですが、目の細め方と眉間の寄りが混ざっており純粋な笑顔ではありません。表情の動きは中程度で、強い興奮や沈静は見られないためarousalはやや高めにしました。
../database/final_database/052/003.jpg,52,003.jpg,10,-0.22,0.18,眉が寄り、目を細めた表情で快よりもやや不快寄りに見えます。一方で口元の動きは小さく、興奮・緊張は強くないため覚醒度は低めです。
../database/final_database/052/004.jpg,52,004.jpg,1,-0.42,0.35,眉が寄り、目がやや細く口角が下がって見えるため不快寄りの表情です。一方で口が開き緊張感があり、覚醒度はやや高めと判断しました。
../database/final_database/052/004.jpg,52,004.jpg,2,-0.32,0.18,眉が寄り目が細く、口元もやや緊張していて不快・困惑寄りに見えます。一方で表情の強さは中程度で、覚醒度はやや低〜中程度です。
../database/final_database/052/004.jpg,52,004.jpg,3,-0.35,0.25,眉が寄り目が細く、口角が下がり気味で不快・困惑寄りに見えます。一方で表情の強度は中程度で、覚醒度はやや高めに留まります。
../database/final_database/052/004.jpg,52,004.jpg,4,-0.48,0.32,眉が寄り、目元が細く口角も下がり気味で不快・困惑寄りの表情に見えます。一方で口が開き緊張感があり、覚醒度はやや高めと判断しました。
../database/final_database/052/004.jpg,52,004.jpg,5,-0.42,0.18,眉間にしわが寄り、口角も下がり気味で不快・不満の表情に見えます。一方で表情の強い緊張や興奮は弱く、覚醒度はやや低めです。
../database/final_database/052/004.jpg,52,004.jpg,6,-0.35,0.25,眉が中央に寄り、目が細く口角が下がっていて不快・困惑寄りの表情に見えます。一方で口が少し開いて緊張感があり、覚醒度は低すぎないと判断しました。
../database/final_database/052/004.jpg,52,004.jpg,7,-0.35,0.15,眉が寄り、目が細く口角も下がり気味で不快・困惑寄りの表情に見えます。一方で動きは強くなく、覚醒度はやや低め〜中程度と判断しました。
../database/final_database/052/004.jpg,52,004.jpg,8,-0.45,0.3,眉が寄り、目が細く口角も下がり気味で、不快・困惑の表情に見えるためvalenceは低めです。一方で表情の緊張はあるものの強い興奮ではないためarousalは中程度にしました。
../database/final_database/052/004.jpg,52,004.jpg,9,-0.35,0.25,眉が中央に寄り、目元がやや細く口角も下がり気味で、不快・困惑寄りの印象です。一方で表情の強い緊張はなく、覚醒度は中程度と判断しました。
../database/final_database/052/004.jpg,52,004.jpg,10,-0.42,0.18,眉が寄り、目が細く口元が緊張しており不快・困惑寄りの表情に見えます。一方で大きな驚きや興奮はなく、覚醒度は低〜中程度です。
../database/final_database/052/005.jpg,52,005.jpg,1,0.1,-0.12,口元がわずかに上がっており、強い不快感は見られないためvalenceはややプラスと判断しました。一方で目元の力が弱く表情の動きも小さいため、arousalは低めとしました。
../database/final_database/052/005.jpg,52,005.jpg,2,-0.12,0.18,口角があまり上がらず目元も緊張しており、やや不快寄りの印象です。一方で表情の動きは小さく強い興奮は感じにくいので、覚醒度は軽度にとどめました。
../database/final_database/052/005.jpg,52,005.jpg,3,-0.15,0.05,口角がわずかに下がり、眉間に軽い緊張が見られるため不快寄りです。一方で表情の動きは小さく、覚醒度は低め〜中立と判断しました。
../database/final_database/052/005.jpg,52,005.jpg,4,-0.25,0.15,眉が中央に寄って下がり、口元もやや緊張しているため不快寄りに見えます。一方で表情の強さは中程度で、覚醒度はやや低めと判断しました。
../database/final_database/052/005.jpg,52,005.jpg,5,-0.12,0.18,口角がわずかに下がり、眉間に軽い緊張が見られるため快-不快はやや不快寄りです。一方で表情の動きは強くなく落ち着いているため、覚醒度は低〜中程度と判断しました。
../database/final_database/052/005.jpg,52,005.jpg,6,0.1,-0.05,口元がわずかに上がっており強い不快感は見られませんが、目元がやや細く全体として感情表出は弱めです。動きの大きい表情ではないため覚醒度も低めと判断しました。
../database/final_database/052/005.jpg,52,005.jpg,7,-0.28,0.22,口角がやや下がり、眉間に軽い緊張が見られるため不快寄りの表情に見えます。一方で目の開きは保たれており、強い沈静ではないので覚醒度は低〜中程度です。
../database/final_database/052/005.jpg,52,005.jpg,8,-0.15,0.1,口元はやや下がり気味で、眉も少し寄っており、軽い不快・困惑の印象があります。一方で表情の強さは弱く、興奮や緊張は高くないため覚醒度は低めです。
../database/final_database/052/005.jpg,52,005.jpg,9,-0.25,0.15,口角がやや下がり、眉間に軽い緊張が見られるため不快寄りの表情に見えます。一方で目の開きや表情の強さは大きくなく、覚醒度は低め〜中程度です。
../database/final_database/052/005.jpg,52,005.jpg,10,-0.25,0.15,口角がやや下がり、眉間に軽い緊張が見えるため不快寄りの表情に見えます。一方で表情の強さは弱く、覚醒度は低～中程度です。
../database/final_database/052/006.jpg,52,006.jpg,1,-0.32,0.28,眉が寄り、口角も下がり気味で不快・不満そうな表情に見えます。一方で目は開いており緊張感があるため、覚醒度はやや高めと判断しました。
../database/final_database/052/006.jpg,52,006.jpg,2,-0.32,0.41,眉が寄って口角がやや下がり、嫌悪・不満のような不快寄りの表情に見えます。一方で目が開き表情筋の緊張があり、覚醒度は中程度に感じられます。
../database/final_database/052/006.jpg,52,006.jpg,3,-0.25,0.3,口元が歪み眉間に軽い緊張があり、不快・不満寄りの表情に見えます。一方で目は開いており表情筋の動きもあるため、覚醒度はやや高めと判断しました。
../database/final_database/052/006.jpg,52,006.jpg,4,-0.32,0.18,口角がやや下がり、眉も少し寄っていて不快・困惑寄りの表情に見えます。一方で目の見開きや動きは強くなく、覚醒度は低〜中程度です。
../database/final_database/052/006.jpg,52,006.jpg,5,-0.35,0.25,眉が寄り、口元が歪んでいて不快・困惑の表情に見えるためvalenceはやや低めです。一方で表情筋の緊張はあるものの強い興奮は感じにくく、arousalは軽度の覚醒に留まります。
../database/final_database/052/006.jpg,52,006.jpg,6,-0.25,0.35,眉が寄り、目も細めで口元が歪んでおり、不快・困惑の表情に見えます。一方で緊張感はあるため覚醒度はやや高めと判断しました。
../database/final_database/052/006.jpg,52,006.jpg,7,-0.25,0.35,眉が寄り、口元も緊張していて不快・困惑のニュアンスが強いです。一方で表情の動きははっきりしており、軽い覚醒（緊張・警戒）状態に見えます。
../database/final_database/052/006.jpg,52,006.jpg,8,-0.35,0.25,眉が寄り、口角が下がっていて不快・不満そうな表情に見えるためvalenceはやや低めです。一方で目は開いており表情の緊張もあるのでarousalは軽く高めと判断しました。
../database/final_database/052/006.jpg,52,006.jpg,9,-0.35,0.25,眉が寄り、口元が歪んでいて不快・不満そうな表情に見えます。一方で表情の強度は極端ではなく、覚醒度は中程度と判断しました。
../database/final_database/052/006.jpg,52,006.jpg,10,-0.35,0.25,眉間にしわが寄り、口元も緊張していて不快・困惑寄りの表情に見えます。一方で強い興奮ではなく、軽い警戒や不満程度の覚醒に留まっています。
../database/final_database/052/007.jpg,52,007.jpg,1,-0.48,0.55,眉が寄り口元も緊張しており、不快・不満や警戒の表情に見えます。目線も鋭く筋緊張が感じられるため覚醒度は高めです。
../database/final_database/052/007.jpg,52,007.jpg,2,-0.55,0.6,眉が強く寄り、口元も緊張しており不快・警戒の表情に見えます。視線も鋭く、表情筋の緊張が高いため覚醒度は高めと判断しました。
../database/final_database/052/007.jpg,52,007.jpg,3,-0.52,0.62,眉が強く寄り、口元も緊張しており不快・嫌悪/怒り寄りの表情に見えます。目線や表情筋の緊張が強く、覚醒度は高めと判断しました。
../database/final_database/052/007.jpg,52,007.jpg,4,-0.45,0.55,眉をひそめて目線が鋭く、口元も緊張しているため不快寄りの感情が見られます。表情筋の緊張が強く警戒・苛立ちのような覚醒度が中程度以上と判断しました。
../database/final_database/052/007.jpg,52,007.jpg,5,-0.35,0.55,眉をひそめ目を細めて口元も緊張しており、不快・疑念や警戒の感情が強い表情に見えます。表情筋の緊張が強く覚醒度はやや高めです。
../database/final_database/052/007.jpg,52,007.jpg,6,-0.55,0.6,眉をひそめて口元が緊張しており、不快・不満の表情に見えます。視線と表情の強さから覚醒度はやや高めです。
../database/final_database/052/007.jpg,52,007.jpg,7,-0.55,0.62,眉が強く寄り目元が緊張しており、不快・警戒や怒り寄りの表情に見えます。口元も固く、情動の強さ（覚醒度）はやや高いと判断しました。
../database/final_database/052/007.jpg,52,007.jpg,8,-0.62,0.48,眉が強く寄り、口元も緊張していて不快・警戒（怒り/嫌悪）寄りの表情です。一方で視線が鋭く表情筋の緊張が強いため、覚醒度は中程度に高いと判断しました。
../database/final_database/052/007.jpg,52,007.jpg,9,-0.45,0.55,眉が強くしかめられ、口元も緊張しており不快・苛立ち系の表情に見えます。視線も鋭く表情筋の緊張が強いため覚醒度は高めです。
../database/final_database/052/007.jpg,52,007.jpg,10,-0.62,0.55,眉が強く寄り、口元も緊張していて不快・不満や警戒の表情に見えます。目線の強さと表情筋の緊張から覚醒度もやや高めです。
../database/final_database/052/008.jpg,52,008.jpg,1,-0.18,0.22,眉間にしわが寄り目が細く、わずかに不快・困惑の表情に見えるためvalenceはやや低めです。一方で表情の緊張はあるものの強い興奮ではないためarousalは軽く正寄りにしました。
../database/final_database/052/008.jpg,52,008.jpg,2,-0.22,0.18,眉間にしわが寄り、目を細め口元も引き締まっており、やや不快・不満寄りの表情に見えます。一方で大きく目を見開くなどの強い興奮はなく、覚醒度は低〜中程度です。
../database/final_database/052/008.jpg,52,008.jpg,3,-0.25,0.3,眉間にしわが寄り、目を細めて口元も引き締まっており、不快・困惑寄りの表情に見えます。一方で表情の緊張は中程度で、覚醒度はやや高めと判断しました。
../database/final_database/052/008.jpg,52,008.jpg,4,-0.34,0.21,眉が寄り、目を細めて口元もやや緊張しており、不快・困惑寄りの表情に見えます。一方で大きな驚きや興奮はなく、覚醒度は中程度と判断しました。
../database/final_database/052/008.jpg,52,008.jpg,5,-0.12,0.34,眉間にしわが寄り、目が細く口元も引き締まっていて不快寄りの表情に見えます。一方で表情の緊張感があり、覚醒度はやや高めと判断しました。
../database/final_database/052/008.jpg,52,008.jpg,6,-0.12,0.34,眉が寄り、目が細く口元もやや緊張しているため、快よりも軽い不快寄りに見えます。一方で表情の緊張感があり、覚醒度は中程度に感じられます。
../database/final_database/052/008.jpg,52,008.jpg,7,-0.12,0.18,眉間にしわが寄り目が細く、やや不快・困惑の表情に見えます。一方で口元の緊張は強すぎず、覚醒度は低〜中程度と判断しました。
../database/final_database/052/008.jpg,52,008.jpg,8,-0.1,0.15,口元が軽く引き締まり、眉間にわずかな緊張が見えるため快よりやや不快寄りです。一方で目は大きく見開かれておらず、強い興奮はないため覚醒度は低〜中程度です。
../database/final_database/052/008.jpg,52,008.jpg,9,-0.18,0.32,眉間にしわが寄り目が細く、やや不快・困惑気味の表情に見えます。一方で表情の緊張は中程度で、覚醒度はやや高めと判断しました。
../database/final_database/052/008.jpg,52,008.jpg,10,-0.12,0.22,眉間にしわが寄り、目も細めで口元がやや緊張しており、わずかに不快寄りに見えます。一方で表情の強度は中程度で、覚醒度は軽く高めと判断しました。
../database/final_database/052/009.jpg,52,009.jpg,1,-0.12,0.34,目が細まり口元が引きつったように見え、快よりもやや不快・戸惑い寄りの表情です。一方で表情筋の緊張があり、無気力というより軽い覚醒状態に見えます。
../database/final_database/052/009.jpg,52,009.jpg,2,-0.12,0.28,口角がやや下がり目元も緊張しており、快よりもわずかに不快寄りに見えます。一方で表情筋の動きがありぼんやりではないため、覚醒度は中程度に推定します。
../database/final_database/052/009.jpg,52,009.jpg,3,-0.12,0.18,口角がわずかに下がり、目も細めで不快寄りの表情に見えますが、強い嫌悪や怒りではなく軽度です。表情の強度は高くなく、覚醒度もやや低〜中程度に見えます。
../database/final_database/052/009.jpg,52,009.jpg,4,-0.18,0.32,口元の歪みと眉・目の緊張が見られ、快よりもやや不快寄りに感じられます。一方で表情の動きがあり、覚醒度は中程度に見えます。
../database/final_database/052/009.jpg,52,009.jpg,5,0.12,0.28,口角がやや上がり半笑い気味で、全体として軽い快の印象です。一方で目元が細く緊張も感じられるため、覚醒度は中程度にしました。
../database/final_database/052/009.jpg,52,009.jpg,6,-0.15,0.25,口元が引きつり眉がやや緊張しており、快よりもわずかに不快寄りに見えます。一方で表情の動きはあり無表情ではないため、覚醒度は軽度に高めと判断しました。
../database/final_database/052/009.jpg,52,009.jpg,7,-0.22,0.28,口角がやや下がり、片目を細めた不快・困惑寄りの表情に見えます。一方で目や口周りに緊張があり、覚醒度は中程度です。
../database/final_database/052/009.jpg,52,009.jpg,8,0.05,0.1,口角はわずかに上がっていますが、目元が細く緊張感もあり、快・不快が拮抗した表情に見えます。表情の動きは小さく落ち着いているため覚醒度は低めです。
../database/final_database/052/009.jpg,52,009.jpg,9,-0.25,0.35,口元が引きつり、片目が細くなるなど不快・戸惑い寄りの表情に見えます。一方で表情筋の動きは比較的あり、覚醒度はやや高めと判断しました。
../database/final_database/052/009.jpg,52,009.jpg,10,-0.3,0.1,口元が歪み、眉もやや寄っていて不快・困惑寄りの表情に見えます。一方で大きな驚きや興奮はなく、覚醒度は低め〜中程度です。
../database/final_database/052/010.jpg,52,010.jpg,1,-0.62,0.48,眉が中央に寄り上がり、口角が下がってわずかに開いているため、不快・悲しみや不安寄りの表情に見えます。目の緊張と表情筋の動きがあるので覚醒度は中程度と判断しました。
../database/final_database/052/010.jpg,52,010.jpg,2,-0.62,0.48,眉が寄り、口角が下がっており泣き出しそうな不快感・悲しみが強い表情です。一方で目や口周りに緊張があり、感情の動きは中程度に高いと判断しました。
../database/final_database/052/010.jpg,52,010.jpg,3,-0.68,0.54,眉が内側に寄って上がり、口角が下がって緊張した口元で苦痛・不快感が強く示されています。目も細まり表情筋の緊張が見られるため覚醒度はやや高めです。
../database/final_database/052/010.jpg,52,010.jpg,4,-0.72,0.48,眉が中央に寄って上がり、口角が下がってわずかに開いており、苦痛・不快感が強く見えます。表情の緊張と泣き出しそうな様子から覚醒度は中程度に高いと判断しました。
../database/final_database/052/010.jpg,52,010.jpg,5,-0.68,0.52,眉が強く寄り、口角が下がって涙ぐむような表情で不快・悲しみが強いと判断しました。一方で顔全体に緊張があり、感情の強度は中程度以上のため覚醒度はやや高めです。
../database/final_database/052/010.jpg,52,010.jpg,6,-0.58,0.34,眉が中央に寄り、口角が下がってやや開いており、不快・悲しみ（苦痛）寄りの表情に見えます。緊張感は中程度で、強い興奮ではないため覚醒度はやや高めに留めました。
../database/final_database/052/010.jpg,52,010.jpg,7,-0.62,0.28,眉が寄り目元が細く、口角が下がり気味で不快・悲しみ寄りの表情に見えます。一方で口が半開きで緊張感はあるものの強い興奮ではなく、中程度の覚醒と判断しました。
../database/final_database/052/010.jpg,52,010.jpg,8,-0.64,0.58,眉が寄り、口角が下がっており、泣きそうな不快・悲しみの表情に見えます。目の開きと口の緊張があり、情動の強さ（覚醒度）も中程度以上と判断しました。
../database/final_database/052/010.jpg,52,010.jpg,9,-0.65,0.45,眉が中央に寄って上がり、口角が下がって開いた表情で不快・悲しみ/苦痛が強く示唆されます。一方で表情筋の緊張があり、覚醒度は中程度に高いと判断しました。
../database/final_database/052/010.jpg,52,010.jpg,10,-0.72,0.38,眉が寄り目が細まり、口角が下がっていて不快・悲しみ/苦痛の表情に見えます。一方で激しい驚きや興奮ほどではなく、覚醒度は中程度です。
../database/final_database/053/001.jpg,53,001.jpg,1,-0.55,0.62,眉が強くひそまり目が見開かれ、口が開いて緊張感があり、不快・不安寄りの表情に見えます。驚きや警戒が強く覚醒度は高めです。
../database/final_database/053/001.jpg,53,001.jpg,2,-0.62,0.72,眉間にしわが寄り、目が見開かれ口が半開きで、恐怖や強い不安を示す表情に見えます。ネガティブで緊張度が高いと判断しました。
../database/final_database/053/001.jpg,53,001.jpg,3,-0.62,0.58,眉が強く寄り、口が開いて緊張した表情で不快・不安が強く見えます。目も見開き気味で覚醒度が高い状態と判断しました。
../database/final_database/053/001.jpg,53,001.jpg,4,-0.55,0.6,眉が強くひそまり、口が開いて不安・恐怖や困惑を示す表情に見えます。ネガティブ寄りで緊張感が高く、覚醒度も高めと判断しました。
../database/final_database/053/001.jpg,53,001.jpg,5,-0.62,0.74,眉が強く寄り、目を見開き口が開いているため、不安・恐怖や困惑が強い表情に見えます。否定的で覚醒度の高い感情状態と判断しました。
../database/final_database/053/001.jpg,53,001.jpg,6,-0.55,0.6,眉が強く寄り、口が半開きで緊張や不安・嫌悪を示す表情に見えます。目も見開き気味で覚醒度が高く、ネガティブ寄りの感情が強いと判断しました。
../database/final_database/053/001.jpg,53,001.jpg,7,-0.55,0.6,眉が強くひそまり目が見開かれ、口が開いて緊張した表情で、不快・不安寄りに見えます。驚きや恐れの要素があり覚醒度は高めです。
../database/final_database/053/001.jpg,53,001.jpg,8,-0.55,0.7,眉が強く寄り、目が見開かれて口が開いているため、不快寄りの驚き・恐怖の表情に見えます。緊張感が高く、覚醒度も高いと判断しました。
../database/final_database/053/001.jpg,53,001.jpg,9,-0.62,0.55,眉が強く寄り、目が見開かれて口も開いているため、不快（恐怖・不安）寄りの表情に見えます。緊張感が高く、覚醒度も高めです。
../database/final_database/053/001.jpg,53,001.jpg,10,-0.62,0.58,眉が大きくひそまり目が見開かれて口が半開きで、恐怖・不安や不快感が強い表情に見えます。緊張感があり覚醒度も高めです。
../database/final_database/053/002.jpg,53,002.jpg,1,-0.45,0.55,眉が寄り、口元が緊張して開いており、不快・不安寄りの表情に見えます。目も見開き気味で緊張感があるため覚醒度はやや高めと判断しました。
../database/final_database/053/002.jpg,53,002.jpg,2,-0.55,0.65,眉が寄り、口元が緊張して開いており、不快・不安や恐れの表情に見えます。目も上を向いて緊張感があり、覚醒度は高めです。
../database/final_database/053/002.jpg,53,002.jpg,3,-0.55,0.45,眉が寄り、口元も緊張していて不快・不安寄りの表情に見えます。一方で目の開きがあり表情筋の動きも強めで、覚醒度はやや高いと判断しました。
../database/final_database/053/002.jpg,53,002.jpg,4,-0.55,0.65,眉が寄って目がうるんだように見え、口元も不安そうで不快・悲しみ寄りの表情です。一方で顔全体の緊張感が強く、覚醒度はやや高いと判断しました。
../database/final_database/053/002.jpg,53,002.jpg,5,-0.45,0.55,眉が寄り、口角も下がり気味で不快・困惑の表情に見えるためvalenceは低めです。目が見開き気味で顔全体に緊張があり、覚醒度はやや高めと判断しました。
../database/final_database/053/002.jpg,53,002.jpg,6,-0.62,0.68,眉間にしわが寄り、口が開いて不快・不安そうな表情で、快の要素が少ないためvalenceは低めです。目の見開きと緊張感があり覚醒度は高めと判断しました。
../database/final_database/053/002.jpg,53,002.jpg,7,-0.55,0.65,眉が寄り、口角が下がり気味で不快・苦痛の表情に見えるためvalenceは負寄りです。目が見開かれ緊張感があり、覚醒度は高めと判断しました。
../database/final_database/053/002.jpg,53,002.jpg,8,-0.62,0.58,眉が中央に寄り、目元が緊張して口が開いており、不快・不安（悲しみ/苦痛）寄りの表情に見えます。緊張感が強く、覚醒度も中程度以上と判断しました。
../database/final_database/053/002.jpg,53,002.jpg,9,-0.62,0.54,眉が寄り、口角が下がって少し開いた状態で、不快や不安・泣き出しそうな表情に見えます。目も潤んだように見え、緊張や興奮が感じられるため覚醒度はやや高めです。
../database/final_database/053/002.jpg,53,002.jpg,10,-0.58,0.62,眉間にしわが寄り口角が下がり気味で、不快・苦痛の表情に見えます。目が大きく開き顔全体に緊張があるため覚醒度は高めです。
../database/final_database/053/003.jpg,53,003.jpg,1,-0.25,0.1,眉が中央に寄り、口角もやや下がっていて不快寄りの表情に見えます。一方で目の見開きや緊張は強くなく、覚醒度は低〜中程度です。
../database/final_database/053/003.jpg,53,003.jpg,2,-0.24,0.18,眉がやや寄り、口元も緊張していて快より不快寄りに見えます。一方で表情の強さは中程度で、覚醒度はやや低め～軽い覚醒と判断しました。
../database/final_database/053/003.jpg,53,003.jpg,3,-0.28,0.18,眉がやや寄り、口元も緊張して見えるため不快寄りの表情です。一方で目の開きは保たれており強い高覚醒ではないため、覚醒度は軽度と判断しました。
../database/final_database/053/003.jpg,53,003.jpg,4,-0.2,0.05,眉がやや寄り、口元も強い笑顔ではなく緊張や不快寄りの表情に見えます。一方で表情の強い高揚はなく落ち着いた状態のため、覚醒度は中立付近です。
../database/final_database/053/003.jpg,53,003.jpg,5,-0.15,0.2,眉間にやや緊張があり口元も引き気味で、快より不快寄りの印象です。一方で表情の強い興奮はなく、覚醒度は軽度にとどまります。
../database/final_database/053/003.jpg,53,003.jpg,6,-0.18,0.12,口角がやや下がり眉間に軽い緊張が見られ、わずかに不快寄りの表情です。一方で目の開きは極端ではなく、覚醒度は低〜中程度に留まります。
../database/final_database/053/003.jpg,53,003.jpg,7,-0.18,0.22,口角がわずかに下がり、眉間に軽い緊張が見られるためやや不快寄りです。一方で目の開きや表情筋の緊張があり、覚醒度は低〜中程度と判断しました。
../database/final_database/053/003.jpg,53,003.jpg,8,-0.25,0.15,眉が内側に寄り、口角がわずかに下がっていて不快・困惑寄りの表情に見えます。一方で目の開きは極端ではなく、緊張や興奮は強くないため覚醒度は低めです。
../database/final_database/053/003.jpg,53,003.jpg,9,-0.25,0.15,眉がわずかに寄り、口角も下がり気味で不快寄りの表情に見えます。一方で表情の強度は弱く、落ち着いた状態に近いため覚醒度は低めです。
../database/final_database/053/003.jpg,53,003.jpg,10,-0.32,0.18,口角がやや下がり、眉間に軽い緊張が見られるため不快寄りの印象です。一方で表情の動きは強くなく、覚醒度は低〜中程度にとどまります。
../database/final_database/053/004.jpg,53,004.jpg,1,-0.35,0.4,眉が寄って目が細まり、口元も緊張しており不快・困惑寄りの表情に見えます。一方で表情筋の緊張があり落ち着いた無表情よりは覚醒度がやや高いと判断しました。
../database/final_database/053/004.jpg,53,004.jpg,2,-0.55,0.35,眉間にしわが寄り、口元も不安そうに開いており不快・困惑寄りの表情に見えます。一方で強い興奮というほどではなく、中程度の緊張・覚醒感が感じられます。
../database/final_database/053/004.jpg,53,004.jpg,3,-0.52,0.34,眉間にしわが寄り、口元も引きつって見えるため不快寄りの感情が示唆されます。一方で目が開き気味で表情の緊張があり、覚醒度はやや高めです。
../database/final_database/053/004.jpg,53,004.jpg,4,-0.45,0.35,眉間にしわが寄り、口元も緊張していて不快・困惑の表情に見えます。目は開いており表情の動きもあるため、覚醒度はやや高めと判断しました。
../database/final_database/053/004.jpg,53,004.jpg,5,-0.42,0.35,眉が寄っていて口元も緊張しており、不快・困惑寄りの表情に見えます。一方で目の開きと表情筋の緊張から覚醒度はやや高めと判断しました。
../database/final_database/053/004.jpg,53,004.jpg,6,-0.42,0.35,眉間にしわが寄り、口元が緊張していて不快・困惑の表情に見えます。一方で目が開き気味で表情の動きもあり、覚醒度はやや高めと判断しました。
../database/final_database/053/004.jpg,53,004.jpg,7,-0.52,0.35,眉が寄り目が細まり、口角も下がって不快・苦痛の表情に見えます。一方で口が開き緊張が感じられ、覚醒度はやや高めです。
../database/final_database/053/004.jpg,53,004.jpg,8,-0.42,0.38,眉間にしわが寄り、口元も緊張しており不快・困惑の表情に見えるためvalenceは低めです。一方で目や口がしっかり開いて緊張感があるのでarousalはやや高めと判断しました。
../database/final_database/053/004.jpg,53,004.jpg,9,-0.35,0.45,眉間にしわが寄り口角も下がっており、不快・困惑や痛みの表情に見えるためvalenceは低めです。口が開き緊張感があるのでarousalはやや高めと判断しました。
../database/final_database/053/004.jpg,53,004.jpg,10,-0.52,0.34,眉が寄り、口元が緊張していて不快・不安寄りの表情に見えます。一方で目は開いており緊張感があるため、覚醒度はやや高めと判断しました。
../database/final_database/053/005.jpg,53,005.jpg,1,-0.75,0.65,眉が寄り目が細く、口が開いて泣きそうな苦痛表情で不快感が強いです。顔全体に緊張があり、感情の強度も高めに見えるため覚醒度はやや高いと判断しました。
../database/final_database/053/005.jpg,53,005.jpg,2,-0.78,0.62,眉が中央に寄って目が細く、口が開いて下唇が下がっており、苦痛や泣きそうな不快感が強い表情に見えます。表情の緊張感があり発声・啼泣の兆候もあるため覚醒度は高めです。
../database/final_database/053/005.jpg,53,005.jpg,3,-0.72,0.48,眉が寄り目が細まり、口角が下がって口が開いているため、不快・苦痛寄りの表情に見えます。一方で表情の緊張や訴えるような開口があり、覚醒度はやや高めです。
../database/final_database/053/005.jpg,53,005.jpg,4,-0.72,0.48,眉が中央に寄り目が細く、口が開いて下がっており、苦痛や泣きそうな不快感が強く見えます。一方で表情の緊張と開口から情動の強さは中程度に高いと判断しました。
../database/final_database/053/005.jpg,53,005.jpg,5,-0.72,0.48,眉が寄り目が細く、口が開いて下がっており不快・苦痛の表情に見えるためvalenceは低めです。一方で表情筋の緊張と泣き出しそうな反応があり、覚醒度は中程度に高いと判断しました。
../database/final_database/053/005.jpg,53,005.jpg,6,-0.68,0.52,眉が寄り目が細まり口が半開きで下がっており、苦痛・不快の表情に見えるためvalenceは低めです。表情の緊張感と泣きそうな様子から覚醒度は中程度に高いと判断しました。
../database/final_database/053/005.jpg,53,005.jpg,7,-0.72,0.48,眉が強く寄り目が細く、口が開いて苦痛や泣きそうな表情に見えるため不快寄りのvalenceです。表情筋の緊張と発声しそうな開口から覚醒度は中程度に高いと判断しました。
../database/final_database/053/005.jpg,53,005.jpg,8,-0.62,0.48,眉が寄り目が細く、口が開いて泣きそうな苦痛・不快の表情に見えます。一方で表情筋の緊張が強く、感情の強度（覚醒度）は中程度に高いと判断しました。
../database/final_database/053/005.jpg,53,005.jpg,9,-0.72,0.58,眉が寄って目が細く、口が開いて下がっているため苦痛・不快の表情に見えます。顔の緊張と発声しているような口形から覚醒度はやや高めと判断しました。
../database/final_database/053/005.jpg,53,005.jpg,10,-0.78,0.62,目が閉じ気味で眉が寄り、口元が下がっているため不快・苦痛寄りの表情に見えます。口が開いて呼吸が荒いようにも見え、情動の強さ（覚醒度）はやや高めです。
../database/final_database/053/006.jpg,53,006.jpg,1,-0.25,0.35,眉が寄って口角が下がり気味で、やや不快・不安そうな表情に見えます。一方で目は開いており緊張感があるため、覚醒度はやや高めと判断しました。
../database/final_database/053/006.jpg,53,006.jpg,2,-0.35,0.25,眉が寄り、口角もやや下がっていて不快・困惑寄りの表情に見えます。一方で目の開きは中程度で強い興奮や無気力ではなく、軽い覚醒レベルと判断しました。
../database/final_database/053/006.jpg,53,006.jpg,3,-0.43,0.31,眉が中央に寄り、口角が下がり気味で不快・困惑の要素が見られます。一方で表情の緊張は強すぎず、覚醒度は中程度と判断しました。
../database/final_database/053/006.jpg,53,006.jpg,4,-0.35,0.3,眉が内側に寄り、口元も引きつっていて不快・困惑の表情に見えます。一方で目は開いており緊張感があるため、覚醒度はやや高めと判断しました。
../database/final_database/053/006.jpg,53,006.jpg,5,-0.35,0.25,眉が寄って口角も下がり気味で、快より不快寄りの表情に見えます。一方で目は開いており緊張感があるため、覚醒度はやや高めと判断しました。
../database/final_database/053/006.jpg,53,006.jpg,6,-0.35,0.3,眉が寄り、口角が下がり気味で不快・不安の要素が見られるためvalenceは低めです。一方で表情の緊張感はあるものの強い興奮ではないためarousalは中程度にしました。
../database/final_database/053/006.jpg,53,006.jpg,7,-0.35,0.25,眉がやや寄り、口角が下がって緊張・不快寄りの表情に見えます。一方で目の開きは大きすぎず、興奮は強くないため覚醒度は中程度と判断しました。
../database/final_database/053/006.jpg,53,006.jpg,8,-0.35,0.25,眉が寄って口元も緊張しており、不快・困惑寄りの表情に見えます。一方で目は開いていて表情の動きもあるため、覚醒度はやや高めと判断しました。
../database/final_database/053/006.jpg,53,006.jpg,9,-0.42,0.28,眉が寄り、口元が緊張して見えるため不快寄りの感情が示唆されます。一方で表情の強度は中程度で、覚醒度はやや高めと判断しました。
../database/final_database/053/006.jpg,53,006.jpg,10,-0.32,0.38,眉が寄り、口角が下がり気味で不快・困惑の要素が強い一方、目は開いて表情筋の緊張もあり覚醒度はやや高めです。
../database/final_database/053/007.jpg,53,007.jpg,1,-0.35,0.4,眉が寄り、口元も緊張しており不快・不安寄りの表情に見えます。一方で目の開きや表情筋の緊張から覚醒度はやや高めです。
../database/final_database/053/007.jpg,53,007.jpg,2,-0.45,0.35,眉が強く寄り、口元も緊張していて不快・困惑寄りの表情に見えます。一方で目や眉の緊張があり、覚醒度はやや高めと判断しました。
../database/final_database/053/007.jpg,53,007.jpg,3,-0.38,0.42,眉間にしわが寄り、口元も緊張していて不快寄りの表情に見えます。一方で視線が強く表情筋の緊張があるため、覚醒度はやや高めです。
../database/final_database/053/007.jpg,53,007.jpg,4,-0.45,0.35,眉間にしわが寄り、口元も緊張していて不快寄りの表情に見えます。一方で目の開きや表情筋の緊張があり、覚醒度はやや高めです。
../database/final_database/053/007.jpg,53,007.jpg,5,-0.42,0.35,眉が寄って口角が下がり気味で、不快・困惑のニュアンスが強い表情です。一方で目は開いており緊張感があるため、覚醒度は中程度と判断しました。
../database/final_database/053/007.jpg,53,007.jpg,6,-0.52,0.35,眉間にしわが寄り、口元も緊張していて不快・不安寄りの表情に見えます。一方で目が開き気味で表情筋の緊張もあるため、覚醒度はやや高めと判断しました。
../database/final_database/053/007.jpg,53,007.jpg,7,-0.35,0.3,眉が寄って口角が下がり気味で、不快・困惑寄りの表情に見えます。一方で目は開いており緊張感があるため、覚醒度はやや高めと判断しました。
../database/final_database/053/007.jpg,53,007.jpg,8,-0.38,0.32,眉間にしわが寄り、口元も緊張していて不快・困惑寄りの表情に見えます。一方で表情筋の緊張はあるため覚醒度はやや高めと判断しました。
../database/final_database/053/007.jpg,53,007.jpg,9,-0.35,0.25,眉間にしわが寄り、口元も緊張していて不快・困惑の印象が強いです。一方で大きな笑顔や激しい驚きはなく、覚醒度は中程度と判断しました。
../database/final_database/053/007.jpg,53,007.jpg,10,-0.35,0.4,眉が中央に寄り口元も緊張しており、不快・困惑寄りの表情に見えます。目の開きと表情筋の緊張から覚醒度はやや高めと判断しました。
../database/final_database/053/008.jpg,53,008.jpg,1,-0.35,0.55,眉が寄り、口が緊張してやや不安・不快寄りの表情に見えます。一方で目が見開き気味で緊張感があり、覚醒度は高めと判断しました。
../database/final_database/053/008.jpg,53,008.jpg,2,-0.35,0.55,眉が中央に寄り、目が見開き気味で口元も緊張しており、不安や困惑が感じられます。覚醒度はやや高く、落ち着きよりも緊張・警戒寄りの表情です。
../database/final_database/053/008.jpg,53,008.jpg,3,-0.35,0.55,眉が寄り、口元が緊張して不安・不快寄りの表情に見えます。目が開き気味で緊張感があり、覚醒度はやや高めです。
../database/final_database/053/008.jpg,53,008.jpg,4,-0.35,0.45,眉が寄って目が見開かれ、口も緊張していて不安・困惑の表情に見えるため快は低めです。一方で表情の緊張度が高く、覚醒水準はやや高めと判断しました。
../database/final_database/053/008.jpg,53,008.jpg,5,-0.35,0.55,眉が寄り口がわずかに開いており、不安や困惑の表情で快より不快寄りに見えます。一方で目が大きく開き緊張感があるため覚醒度はやや高めです。
../database/final_database/053/008.jpg,53,008.jpg,6,-0.35,0.45,眉が寄っていて不安・困惑の表情に見え、口元も緊張しているため快より不快寄りです。一方で目が見開かれ気味で表情の緊張もあるため、覚醒度はやや高めと判断しました。
../database/final_database/053/008.jpg,53,008.jpg,7,-0.32,0.46,眉が内側に寄って上がり、口元も緊張していて不安・困惑の表情に見えます。強い快の要素は少ない一方で、警戒や緊張による覚醒度はやや高めです。
../database/final_database/053/008.jpg,53,008.jpg,8,-0.35,0.55,眉が寄り、目が見開かれ気味で口も緊張しており、不安・警戒のような不快寄りの表情に見えます。表情の緊張感が強く、覚醒度はやや高めと判断しました。
../database/final_database/053/008.jpg,53,008.jpg,9,-0.45,0.55,眉が内側に寄り、口角が下がってやや緊張した表情で不快寄りに見えます。一方で目が開いて口も開き気味で、驚きや不安による覚醒度は中程度以上です。
../database/final_database/053/008.jpg,53,008.jpg,10,-0.35,0.55,眉が寄り、口元が緊張してやや不快・不安の表情に見えます。一方で目が開き気味で緊張感があり、覚醒度はやや高めです。
../database/final_database/053/009.jpg,53,009.jpg,1,-0.58,0.42,眉が寄り、目が細く口が半開きで下がっており、不快・困惑や苦痛の表情に見えます。一方で表情筋の緊張があり反応性も感じるため、覚醒度はやや高めと判断しました。
../database/final_database/053/009.jpg,53,009.jpg,2,-0.62,0.38,眉が寄り、目が細く口が半開きで下がっており、不快や苦痛の表情に見えます。一方で表情の緊張は強すぎず、覚醒度は中程度と判断しました。
../database/final_database/053/009.jpg,53,009.jpg,3,-0.55,0.35,眉が寄り片目を細め口が開いており、不快感や困惑・痛みのようなネガティブ感情が示唆されます。一方で表情の緊張はあるため覚醒度はやや高めと判断しました。
../database/final_database/053/009.jpg,53,009.jpg,4,-0.62,0.58,眉間にしわが寄り目が細く、口も歪んで開いており、不快・苦痛や嫌悪に近い表情に見えます。表情の緊張が強く、覚醒度（興奮・ストレス反応）も高めと判断しました。
../database/final_database/053/009.jpg,53,009.jpg,5,-0.62,0.48,眉間にしわが寄り、目が細く口が開いて下がっており、不快・苦痛の表情に見えます。一方で表情筋の緊張と口の開きから覚醒度は中程度に高いと判断しました。
../database/final_database/053/009.jpg,53,009.jpg,6,-0.72,0.48,眉間にしわが寄り、片目を強くつぶって口が開いた苦痛・不快そうな表情に見えます。緊張感はあるものの激しい興奮ではないため中程度の覚醒と判断しました。
../database/final_database/053/009.jpg,53,009.jpg,7,-0.62,0.52,眉が寄って目が細まり、口が開いて下がっているため不快・苦痛寄りの表情に見えます。表情の緊張感はあるため覚醒度は中程度に高いと判断しました。
../database/final_database/053/009.jpg,53,009.jpg,8,-0.68,0.52,眉間にしわが寄り、片目を強く閉じて口が開いているため不快・痛み/嫌悪の表情に見えます。一方で表情の緊張が強く、覚醒度は中程度以上と判断しました。
../database/final_database/053/009.jpg,53,009.jpg,9,-0.62,0.48,眉が寄って目が細く、口が開いて不快・痛みや不満の表情に見えるためvalenceは低めです。一方で表情筋の緊張が強く反応的なのでarousalはやや高めです。
../database/final_database/053/009.jpg,53,009.jpg,10,-0.62,0.54,眉が寄り、目が細まり、口が開いて歪んでいるため不快・苦痛寄りの表情に見えます。緊張感があり反応も強そうなので覚醒度はやや高めと判断しました。
../database/final_database/053/010.jpg,53,010.jpg,1,-0.35,0.1,口角がやや下がり眉間に軽い緊張が見られ、不快寄りの表情です。一方で目の開きや表情筋の動きは強くなく、覚醒度は低めです。
../database/final_database/053/010.jpg,53,010.jpg,2,-0.35,0.15,口角がわずかに下がり、眉間に軽い緊張が見られるため不快寄りと判断しました。一方で表情の強度は高くなく、覚醒度はやや低め～中程度です。
../database/final_database/053/010.jpg,53,010.jpg,3,-0.42,0.12,口角が下がり気味で眉間に軽い寄りがあり、不快・不安寄りの表情に見えます。一方で目の見開きや表情筋の緊張は強くなく、覚醒度は低〜中程度です。
../database/final_database/053/010.jpg,53,010.jpg,4,-0.35,0.15,眉が内側に寄り、口角が下がり気味で不快・不安寄りの表情に見えます。一方で目の見開きや口の強い緊張は弱く、覚醒度は低め〜中程度です。
../database/final_database/053/010.jpg,53,010.jpg,5,-0.35,0.15,口角が下がり気味で眉間に軽い緊張があり、不快・不安寄りの表情に見えます。一方で目の開きや表情筋の動きは強くなく、覚醒度は低〜中程度です。
../database/final_database/053/010.jpg,53,010.jpg,6,-0.35,0.2,眉が寄り気味で口角もやや下がっており、不快・不安寄りの表情に見えます。一方で目の開きや表情の強さは中程度で、覚醒度はやや低〜中程度です。
../database/final_database/053/010.jpg,53,010.jpg,7,-0.43,0.12,口角が下がり眉間に軽いしわが見られ、不快・不安寄りの表情に見えます。一方で目の見開きや動きは強くなく、覚醒度は低〜中程度です。
../database/final_database/053/010.jpg,53,010.jpg,8,-0.28,0.12,眉が中央に寄り、口角がわずかに下がっていて不快・不安寄りの表情に見えます。一方で目の見開きや口の開きは小さく、覚醒度は低〜中程度です。
../database/final_database/053/010.jpg,53,010.jpg,9,-0.35,0.2,口角が下がり気味で眉間に軽い緊張があり、やや不快・不安寄りの表情に見えます。一方で目の見開きや動きは強くなく、覚醒度は低〜中程度です。
../database/final_database/053/010.jpg,53,010.jpg,10,-0.38,0.12,口角が下がり気味で眉間にわずかな緊張があり、不快・不安寄りの表情に見えます。一方で目の見開きや動きは強くなく、覚醒度は低～中程度です。
../database/final_database/054/001.jpg,54,001.jpg,1,-0.12,0.56,口が開き目が見開かれており、驚きや緊張を示す覚醒度が高めに見えます。一方で笑顔要素が少なく、やや不快寄りの中立に近い印象です。
../database/final_database/054/001.jpg,54,001.jpg,2,-0.28,0.52,目が見開かれ口が半開きで、驚きや不安のような緊張感が見られます。快より不快寄りで、覚醒度は中程度以上と判断しました。
../database/final_database/054/001.jpg,54,001.jpg,3,-0.22,0.48,口が半開きで眉がやや寄っており、驚きや不安が混じった表情に見えます。ポジティブさは低めで、覚醒度は中程度に高いと判断しました。
../database/final_database/054/001.jpg,54,001.jpg,4,-0.05,0.42,口が開いて目が見開かれており、驚きや警戒に近い表情で覚醒度はやや高めです。笑顔要素は少なく、快・不快は中立〜わずかに不快寄りに見えます。
../database/final_database/054/001.jpg,54,001.jpg,5,-0.05,0.55,口が開いて目が見開かれており、驚き・緊張の要素が強く覚醒度は高めです。快・不快はどちらにも強く傾かず、やや不快寄りに見えます。
../database/final_database/054/001.jpg,54,001.jpg,6,-0.25,0.55,口が開き目が見開かれており、驚きや不安寄りの表情に見えます。快よりもやや不快寄りで、覚醒度は中程度以上と判断しました。
../database/final_database/054/001.jpg,54,001.jpg,7,-0.35,0.55,口が開いて目が見開かれており、驚きや不安・警戒のようなやや不快寄りの表情に見えます。表情の動きが大きく緊張感があるため覚醒度は高めです。
../database/final_database/054/001.jpg,54,001.jpg,8,-0.25,0.55,口が開いて目が見開かれており、驚きや不安のような緊張感が強い表情に見えます。快よりはやや不快寄りで、覚醒度は中〜高程度と判断しました。
../database/final_database/054/001.jpg,54,001.jpg,9,-0.18,0.52,口が開き目が見開かれており、驚きや緊張が強い表情に見えます。快の要素は弱く、やや不快寄りで覚醒度は高めと判断しました。
../database/final_database/054/001.jpg,54,001.jpg,10,-0.35,0.45,口が開き眉がやや寄って目も見開き気味で、驚きや不安が混じった表情に見えます。快より不快寄りで、覚醒度は中程度に高いと判断しました。
../database/final_database/054/002.jpg,54,002.jpg,1,0.25,-0.05,口角がわずかに上がり、全体として穏やかで軽い肯定的感情が見られます。目元や表情筋の緊張は強くなく、覚醒度は中立〜やや低めに見えます。
../database/final_database/054/002.jpg,54,002.jpg,2,0.32,-0.08,口角がわずかに上がり目元も緊張が少ないため、軽い快の表情に見えます。一方で表情の強い動きは少なく、覚醒度は低めと判断しました。
../database/final_database/054/002.jpg,54,002.jpg,3,0.22,-0.08,口角がわずかに上がり、全体として穏やかで軽い好意的表情に見えます。一方で目元の緊張や動きは強くなく、覚醒度は低めと判断しました。
../database/final_database/054/002.jpg,54,002.jpg,4,0.32,-0.08,口角がわずかに上がり、眉や目元の緊張が少ないため、穏やかなポジティブ感情が示唆されます。表情の動きが控えめで興奮や緊張の兆候が弱いため、覚醒度はやや低めです。
../database/final_database/054/002.jpg,54,002.jpg,5,0.32,0.08,口角がわずかに上がり穏やかな微笑みが見られるため、快寄りのvalenceと判断しました。目や口の開きが小さく緊張感も低いため、arousalは低めです。
../database/final_database/054/002.jpg,54,002.jpg,6,0.45,0.1,口角がやや上がっており、全体として穏やかな微笑みに見えるため快寄りです。一方で目や眉の動きが控えめで緊張感も低く、覚醒度は低めと判断しました。
../database/final_database/054/002.jpg,54,002.jpg,7,0.32,0.12,口角がわずかに上がり、全体として穏やかな微笑みに見えるため快寄りです。一方で目の開きや表情筋の緊張が強くなく、覚醒度は低めと判断しました。
../database/final_database/054/002.jpg,54,002.jpg,8,0.32,0.08,口角がわずかに上がり、全体として穏やかな表情でやや快の印象です。一方で目元や口の開きが小さく、興奮度は低めに見えます。
../database/final_database/054/002.jpg,54,002.jpg,9,0.38,0.1,口角がやや上がり、表情全体として穏やかな微笑みに見えるため快寄りのvalenceです。一方で目の見開きや筋緊張が強くなく、落ち着いた状態に見えるためarousalは低めです。
../database/final_database/054/002.jpg,54,002.jpg,10,0.35,0.1,口角がわずかに上がり、全体として穏やかな表情で軽い快の印象があります。一方で目元や表情筋の緊張が強くなく、覚醒度は低めに見えます。
../database/final_database/054/003.jpg,54,003.jpg,1,0.28,0.22,口が少し開き目線が上向きで、驚きや興味を示すような表情に見えます。苦痛のサインは強くなく、軽い覚醒とやや快寄りと判断しました。
../database/final_database/054/003.jpg,54,003.jpg,2,0.15,0.35,口が少し開き目線が上向きで、驚きや関心を示す表情に見えます。強い笑顔や怒りはなく、やや快寄りで中程度の覚醒と判断しました。
../database/final_database/054/003.jpg,54,003.jpg,3,0.18,0.34,口が少し開き目線が上を向いており、驚きや関心のような軽いポジティブさが感じられます。一方で強い笑顔や怒りの緊張は見られず、覚醒度は中程度です。
../database/final_database/054/003.jpg,54,003.jpg,4,0.18,0.32,口が少し開き、目線が上向きで驚き・関心のような表情に見え、快・不快は強くありません。表情の動きはあるため覚醒度はやや高めと判断しました。
../database/final_database/054/003.jpg,54,003.jpg,5,0.12,0.38,口が少し開き目線が上向きで、驚きや興味に近い表情に見えるためわずかに快寄りです。表情の動きがあり緊張感も少し感じるので覚醒度は中程度と判断しました。
../database/final_database/054/003.jpg,54,003.jpg,6,0.15,0.35,口が少し開き目線が上向きで驚き・好奇心のような表情に見え、強い不快感は感じにくいです。一方で表情の緊張感があり落ち着きより覚醒度がやや高めと判断しました。
../database/final_database/054/003.jpg,54,003.jpg,7,0.12,0.34,口が開き目線が上を向いており、驚きや関心のような軽い覚醒状態が示唆されます。一方で口角の上がりは強くなく、快の度合いは中立寄りと判断しました。
../database/final_database/054/003.jpg,54,003.jpg,8,0.1,0.35,口が少し開き目線が上を向いており、驚きや関心が混ざったニュートラル寄りの表情に見えます。強い不快は感じず、覚醒度はやや高めと判断しました。
../database/final_database/054/003.jpg,54,003.jpg,9,0.12,0.38,口が少し開き目線が上向きで、驚きや関心が混じった表情に見えます。強い快・不快はなく、やや覚醒度は高めと判断しました。
../database/final_database/054/003.jpg,54,003.jpg,10,0.12,0.28,口が半開きで目線が上方に向き、驚きや関心が混じった表情に見えます。不快さは強くなく、適度な覚醒度が感じられます。
../database/final_database/054/004.jpg,54,004.jpg,1,0.25,0.3,口がやや開き、目元も柔らかく見えるため軽いポジティブ寄りの表情に見えます。一方で強い笑顔や緊張感はなく、覚醒度は中程度と判断しました。
../database/final_database/054/004.jpg,54,004.jpg,2,0.2,0.25,口が少し開いて眉がわずかに上がっており、驚きや関心が混ざった中立〜ややポジティブな表情に見えます。緊張や強い興奮は大きくなく、覚醒度はやや低〜中程度です。
../database/final_database/054/004.jpg,54,004.jpg,3,0.18,0.32,口が少し開き、眉も強く下がっていないため、強い不快というより軽い驚き・戸惑いに近い表情です。表情の強度は中程度で、覚醒度もやや高めと判断しました。
../database/final_database/054/004.jpg,54,004.jpg,4,0.12,0.35,口が少し開いて目元も柔らかく、軽い興味・驚きに近い表情で不快さは強くありません。一方で表情の動きは中程度で、強い興奮や緊張は感じにくいです。
../database/final_database/054/004.jpg,54,004.jpg,5,0.12,0.34,口が少し開いて目元も力が抜けており、軽い驚き・関心のような表情で強い不快は見られません。表情変化は中程度で、覚醒度はやや高めと判断しました。
../database/final_database/054/004.jpg,54,004.jpg,6,0.12,0.18,口がわずかに開き目元も緊張が少ないため、強い不快ではなく中立〜やや快寄りに見えます。一方で驚きや強い興奮は見られず、覚醒度は低め〜中程度です。
../database/final_database/054/004.jpg,54,004.jpg,7,0.35,0.3,口が少し開き、眉や目元が緩んでいて不快さよりもやや肯定的な表情に見えます。驚きや緊張は強くなく、覚醒度も中程度に留まっています。
../database/final_database/054/004.jpg,54,004.jpg,8,0.25,0.35,口が少し開いて柔らかい表情で、わずかに快方向の感情が見られます。一方で眉や目元の緊張は強くなく、覚醒度は中程度にとどまります。
../database/final_database/054/004.jpg,54,004.jpg,9,0.22,0.34,口が少し開いて眉がわずかに上がっており、驚きや関心のような軽いポジティブ寄りの表情に見えます。緊張は強くなく落ち着き気味ですが、無表情よりは反応があるため覚醒度はやや高めです。
../database/final_database/054/004.jpg,54,004.jpg,10,0.1,0.35,口が少し開き目線が上向きで、驚きや関心を示すような表情に見えます。強い笑顔ではないため快は弱めですが、反応はやや活発なので覚醒度は中程度と判断しました。
../database/final_database/054/005.jpg,54,005.jpg,1,0.12,-0.08,口角がわずかに上がり気味で全体として中立〜やや快の表情に見えます。一方で目や眉の緊張が強くなく、活性度は低め（落ち着いた状態）と判断しました。
../database/final_database/054/005.jpg,54,005.jpg,2,0.18,0.12,口角がわずかに上がり、眉や目元の緊張が強くないため軽い快寄りに見えます。驚きや強い興奮を示す目の見開きや表情の強度が低いので覚醒度は低めです。
../database/final_database/054/005.jpg,54,005.jpg,3,0.12,0.05,口角がわずかに上がり、表情は中立〜軽い快の方向です。一方で目の開きや眉の動きが小さく、覚醒度は低めに見えます。
../database/final_database/054/005.jpg,54,005.jpg,4,0.1,0.05,口角がわずかに上がり、目も開いていて中立〜わずかに快の印象です。驚きや強い緊張は見られず、覚醒度は低めに見えます。
../database/final_database/054/005.jpg,54,005.jpg,5,0.1,0.05,口角がわずかに上がっているものの表情は全体的に中立に近く、快・不快は弱めに見えます。目や口の開きが小さく、緊張や興奮は低めで落ち着いた印象です。
../database/final_database/054/005.jpg,54,005.jpg,6,0.15,0.05,口角がわずかに上がり、目元も強い緊張がなく軽い好意的（快）に見えます。一方で表情の動きは小さく、興奮や緊迫は低めで覚醒度は中立に近いです。
../database/final_database/054/005.jpg,54,005.jpg,7,0.05,0.1,口元がわずかに上がっているように見える一方、目元の緊張は少なく全体として中性的です。表情の変化が小さく落ち着いているため、快・覚醒ともに低めに推定しました。
../database/final_database/054/005.jpg,54,005.jpg,8,0.12,0.08,口元がわずかに上がり、全体として中立〜軽い好意の表情に見えます。一方で目や眉の動きが小さく、緊張や興奮は強くないため覚醒度は低めです。
../database/final_database/054/005.jpg,54,005.jpg,9,0.1,-0.05,口角がわずかに上がり、全体として中立〜軽い快の表情に見えます。目や眉の緊張が少なく動きも小さいため、覚醒度はやや低めと判断しました。
../database/final_database/054/005.jpg,54,005.jpg,10,0.05,-0.15,口元がわずかに上がっている一方で目元の緊張が少なく、全体として中立〜わずかに快の印象です。表情変化が小さく落ち着いて見えるため覚醒度は低めにしました。
../database/final_database/054/006.jpg,54,006.jpg,1,0.22,0.18,口が少し開き、眉や目元に強い緊張は見られず、全体としてやや快寄りの中立的な表情に見えます。驚きや怒りのような高い覚醒サインは弱く、覚醒度は低めと判断しました。
../database/final_database/054/006.jpg,54,006.jpg,2,0.15,0.25,口が少し開いていて困惑や戸惑いの表情に見え、強い喜びや不快ではないため快は弱めです。視線が定まらず軽い緊張が感じられる一方、激しい興奮ではないので覚醒度も中程度にしました。
../database/final_database/054/006.jpg,54,006.jpg,3,0.1,0.35,口が少し開いており眉や目元に緊張が見られるため、驚きや戸惑いに近い表情です。強い喜び・不快は感じにくいのでvalenceはやや正寄り、覚醒度は中程度と判断しました。
../database/final_database/054/006.jpg,54,006.jpg,4,0.08,0.22,口が少し開き、眉も強く下がっていないため強い不快や喜びは感じにくい中立寄りの表情です。視線の動きと口元の緊張から、やや覚醒度は高めと判断しました。
../database/final_database/054/006.jpg,54,006.jpg,5,-0.12,0.18,口が少し開いて眉がやや上がっており、驚きや戸惑いに近い表情で快・不快は中立からやや不快寄りです。表情の緊張は軽度なので覚醒度は低〜中程度と判断しました。
../database/final_database/054/006.jpg,54,006.jpg,6,-0.12,0.38,口が開いて眉がわずかに寄っており、困惑や不安が混じった表情に見えます。強い喜びは感じられず、適度な緊張・覚醒がある印象です。
../database/final_database/054/006.jpg,54,006.jpg,7,0.05,0.25,口が少し開いていて驚きや戸惑いに近い表情で、快・不快はどちらとも言い切れない中立寄りです。視線が上向きで表情に緊張感があり、覚醒度はやや高めと判断しました。
../database/final_database/054/006.jpg,54,006.jpg,8,0.18,0.32,口が少し開き、眉や口角が強く下がっていないため大きな不快感はなく、ややポジティブ寄りに見えます。一方で目の開きと口の形から軽い驚き・戸惑いのような覚醒があり、 arousal は中程度にしました。
../database/final_database/054/006.jpg,54,006.jpg,9,0.1,0.25,口が少し開き、表情はやや困惑・戸惑いが混じる中立寄りに見えます。驚きや緊張は強くなく、覚醒度は軽度です。
../database/final_database/054/006.jpg,54,006.jpg,10,0.08,0.22,口が少し開いていて困惑や不安が混じるような表情だが、強い怒りや悲しみは見られません。視線も定まらず軽い緊張が感じられるため、快は弱く覚醒はやや低〜中程度と判断しました。
../database/final_database/054/007.jpg,54,007.jpg,1,0.12,0.18,口角がわずかに上がり驚きや困惑が混じるものの、強い不快感は見られないためやや快寄りです。目の開きは中程度で表情の動きも大きくないため、覚醒度は低〜中程度と判断しました。
../database/final_database/054/007.jpg,54,007.jpg,2,0.15,0.35,口角がやや上がり驚き混じりの軽い微笑が見られるため、快は弱めにプラスです。目が見開き気味で注意が向いた表情なので、覚醒度はやや高めと判断しました。
../database/final_database/054/007.jpg,54,007.jpg,3,0.12,0.34,口角がわずかに上がり表情はやや肯定的ですが、目元の緊張と口の開きから戸惑い・不安も混ざって見えます。覚醒度は落ち着きよりも少し高く、注意・警戒がある印象です。
../database/final_database/054/007.jpg,54,007.jpg,4,0.12,0.28,口が少し開いて穏やかな表情で、強い不快感や喜びは見られないためvalenceはやや快寄りにしました。目の開きは中程度で驚きや緊張は強くないため、arousalは軽い覚醒レベルと判断しました。
../database/final_database/054/007.jpg,54,007.jpg,5,0.12,0.22,口角がわずかに上がり、不快感より中立～やや快の印象です。目が開いており注意・反応はあるものの、強い興奮や緊張は見られないため覚醒度は低めにしました。
../database/final_database/054/007.jpg,54,007.jpg,6,0.12,0.18,口角がわずかに上がり、表情はやや肯定的だが強い笑顔ではないため快は小さめです。目の開きは中程度で緊張や興奮は弱く、覚醒度も低〜中程度に見えます。
../database/final_database/054/007.jpg,54,007.jpg,7,0.18,0.22,口角がやや上がり、表情は軽い好意・安心寄りに見えるためvalenceはわずかに正。目は大きく開いているが緊張は強くなく、覚醒度は中立より少し上と判断した。
../database/final_database/054/007.jpg,54,007.jpg,8,0.18,0.22,口角がわずかに上がり、不快感は強くない一方で、目と口の動きが小さく感情の高まりは中程度に見えます。驚きや緊張も少し混ざった軽いポジティブ寄りの表情です。
../database/final_database/054/007.jpg,54,007.jpg,9,0.18,0.22,口角がわずかに上がり、目元も比較的穏やかで軽い好意・安心が見られます。一方で驚きや強い緊張は少なく、覚醒度は低〜中程度です。
../database/final_database/054/007.jpg,54,007.jpg,10,0.12,0.28,口角がわずかに上がり、表情は中立〜やや好意的に見えるためvalenceは小さく正寄りです。目が開いて注意が向いている一方、強い興奮や緊張は少ないためarousalはやや正程度です。
../database/final_database/054/009.jpg,54,009.jpg,1,-0.28,0.55,口が半開きで眉や目元に緊張があり、戸惑い・不安のような不快寄りの表情に見えます。視線の動きと表情の硬さから覚醒度はやや高めです。
../database/final_database/054/009.jpg,54,009.jpg,2,-0.12,0.44,口が半開きで眉や目元に緊張があり、驚きや戸惑いが感じられるため快は低めです。一方で視線が鋭く表情の動きが大きいので覚醒度はやや高めと判断しました。
../database/final_database/054/009.jpg,54,009.jpg,3,-0.22,0.48,口が半開きで視線が横に逸れており、やや不安や戸惑いを感じる表情です。一方で目は開いていて緊張感があるため覚醒度はやや高めと判断しました。
../database/final_database/054/009.jpg,54,009.jpg,4,-0.12,0.48,口が開いて目線が横に逸れており、驚きや戸惑いを感じる表情です。快でも不快でも強くはない一方で、反応はやや活性化しています。
../database/final_database/054/009.jpg,54,009.jpg,5,-0.2,0.45,口が半開きで眉や目元に緊張があり、快よりもやや不快・戸惑い寄りに見えます。視線の偏りと表情の強張りから覚醒度は中程度に高いと判断しました。
../database/final_database/054/009.jpg,54,009.jpg,6,-0.25,0.45,口が半開きで緊張や戸惑いが見られ、視線も落ち着かず不快寄りに感じられます。一方で表情の筋緊張があり、驚き・警戒のような覚醒度はやや高めです。
../database/final_database/054/009.jpg,54,009.jpg,7,-0.18,0.42,口が半開きで眉がやや上がり、視線も横に逸れていて驚き・困惑のような不快寄りの表情に見えます。表情の緊張感はあるため覚醒度はやや高めと判断しました。
../database/final_database/054/009.jpg,54,009.jpg,8,-0.15,0.45,口が半開きで眉もやや緊張しており、驚きや戸惑いが感じられます。強い快ではなくやや不快寄りで、覚醒度は中程度に高いと判断しました。
../database/final_database/054/009.jpg,54,009.jpg,9,-0.25,0.45,口が半開きで目線が泳いでおり、不安や戸惑いのようなやや不快寄りの表情に見えます。驚き・緊張感があるため覚醒度は中程度に高めと判断しました。
../database/final_database/054/009.jpg,54,009.jpg,10,-0.12,0.48,口が半開きで視線が横に逸れており、驚きや困惑のような不安定さが見られます。強い快感情ではなくやや不快寄りですが、反応は比較的覚醒的です。
../database/final_database/055/001.jpg,55,001.jpg,1,-0.25,0.35,眉が寄って目が見開かれ、口元も緊張しており不快・不安寄りの表情に見えます。一方で表情の緊張感があり覚醒度はやや高めです。
../database/final_database/055/001.jpg,55,001.jpg,2,-0.35,0.45,眉が寄り目が大きく見開かれており、口元も緊張しているため不快寄りの印象です。一方で表情の筋緊張と視線の鋭さから覚醒度はやや高めと判断しました。
../database/final_database/055/001.jpg,55,001.jpg,3,-0.18,0.52,眉が寄り目が見開かれており、口元も引きつった緊張・困惑の表情に見えます。快より不快寄りで、覚醒度はやや高めと判断しました。
../database/final_database/055/001.jpg,55,001.jpg,4,-0.22,0.41,眉が寄り目が見開かれており、口元も緊張しているためやや不快寄りに見えます。驚き・警戒の要素があり覚醒度は中程度に高いと判断します。
../database/final_database/055/001.jpg,55,001.jpg,5,-0.3,0.55,眉が寄り目が見開かれており、口元も緊張していて不安・警戒の表情に見えるため快度は低めです。一方で表情の筋緊張が強く覚醒度はやや高いと判断しました。
../database/final_database/055/001.jpg,55,001.jpg,6,-0.32,0.38,眉が寄り目が大きく開いており、口元も緊張しているため不快・困惑寄りの表情に見えます。一方で注意や驚きが感じられ、覚醒度はやや高めです。
../database/final_database/055/001.jpg,55,001.jpg,7,-0.32,0.41,眉が寄り目が見開かれ気味で、口元も緊張しており不快・警戒のニュアンスが強いです。一方で表情の動きが大きく緊張感があるため覚醒度はやや高めと判断しました。
../database/final_database/055/001.jpg,55,001.jpg,8,-0.35,0.4,眉が寄り目が見開かれており、口元も引きつっていて不安・困惑の表情に見えるため不快寄りです。一方で表情の緊張感があり覚醒度はやや高めと判断しました。
../database/final_database/055/001.jpg,55,001.jpg,9,-0.18,0.42,眉が寄って目が大きく開き、口元も緊張しているため不快寄りの感情が示唆されます。一方で表情の緊張と視線の鋭さから覚醒度はやや高めです。
../database/final_database/055/001.jpg,55,001.jpg,10,-0.35,0.55,眉が寄り目が見開かれており、口元も緊張しているため不快寄りの感情が示唆されます。一方で表情の強さ（驚き・警戒）があり覚醒度はやや高めです。
../database/final_database/055/002.jpg,55,002.jpg,1,-0.4,0.45,眉が寄り気味で口角も下がり、やや不快・困惑の表情に見えます。一方で目が開き口も開いており、緊張や警戒による覚醒度は中程度に感じられます。
../database/final_database/055/002.jpg,55,002.jpg,2,-0.45,0.35,眉が中央に寄り、口角が下がってやや開いており、不快・不安寄りの表情に見えます。一方で目は開いていて表情筋の緊張があり、覚醒度は中程度と判断しました。
../database/final_database/055/002.jpg,55,002.jpg,3,-0.35,0.45,眉が中央に寄って上がり、口元が緊張してやや開いているため不快寄りの感情が示唆されます。視線の強さと表情筋のこわばりから、覚醒度は中程度に高いと判断しました。
../database/final_database/055/002.jpg,55,002.jpg,4,-0.45,0.35,眉が寄り気味で口角が下がり、やや不快・困惑の表情に見えます。一方で目の開きや口の動きから緊張感があり、覚醒度は中程度です。
../database/final_database/055/002.jpg,55,002.jpg,5,-0.62,0.48,眉が寄り、口角が下がってやや開いた表情で不快・不安のサインが強いです。一方で目の開きや口の緊張があり、落ち着いた無表情よりは覚醒度がやや高いと判断しました。
../database/final_database/055/002.jpg,55,002.jpg,6,-0.38,0.52,眉が寄り気味で口が開き、困惑や不快感が見られるためvalenceはやや低めです。一方で表情筋の緊張があり注意・警戒の覚醒度が中程度に高いと判断しました。
../database/final_database/055/002.jpg,55,002.jpg,7,-0.55,0.35,眉が寄り、口元が引きつって見え、不快・困惑に近い表情です。一方で目が開き気味で緊張感があり、覚醒度はやや高めと判断しました。
../database/final_database/055/002.jpg,55,002.jpg,8,-0.52,0.47,眉が寄り、口が半開きで緊張や不快感が見られるためvalenceは低めです。一方で表情の強さと視線の固定から一定の覚醒度がありarousalはやや高めと判断しました。
../database/final_database/055/002.jpg,55,002.jpg,9,-0.45,0.35,眉がやや寄って目が細く、口が半開きで不快・困惑の表情に見えます。一方で表情の緊張は強すぎず、覚醒度は中程度と判断しました。
../database/final_database/055/002.jpg,55,002.jpg,10,-0.35,0.45,眉が寄り気味で口が半開きになっており、不快・困惑寄りの表情に見えるためvalenceは低めです。一方で表情筋の緊張と目の開きから、覚醒度はやや高めと判断しました。
../database/final_database/055/003.jpg,55,003.jpg,1,-0.58,0.62,眉間にしわが寄り口が半開きで、苦痛や不快感を示す表情に見えます。緊張感があり反応も強めなので覚醒度は高めと判断しました。
../database/final_database/055/003.jpg,55,003.jpg,2,-0.55,0.45,眉間にしわが寄り、口が開いて苦痛・不快そうな表情に見えるためvalenceは低めです。表情筋の緊張や訴えるような口元から覚醒度はやや高めと判断しました。
../database/final_database/055/003.jpg,55,003.jpg,3,-0.55,0.35,眉が寄り、目が細く、口が半開きで緊張・不快そうな表情に見えます。一方で驚きや怒りほど強い興奮ではなく中程度の覚醒度と判断しました。
../database/final_database/055/003.jpg,55,003.jpg,4,-0.62,0.54,眉が寄り、口が半開きで緊張や不快感が強く見えるためvalenceは低めです。一方で表情のこわばりがあり反応性が高いのでarousalはやや高めと判断しました。
../database/final_database/055/003.jpg,55,003.jpg,5,-0.45,0.4,眉が寄り口が開いて歯が見えており、苦痛や不快感の表情に見えるためvalenceは負寄りです。一方で表情筋の緊張が強く、反応性が高いのでarousalはやや高めと判断しました。
../database/final_database/055/003.jpg,55,003.jpg,6,-0.62,0.48,眉が寄り、口が開いて歯が見えており、不快・困惑や苦痛の表情に見えます。表情の緊張感はあるものの極端ではないため、覚醒度は中程度と判断しました。
../database/final_database/055/003.jpg,55,003.jpg,7,-0.48,0.55,眉が寄り、口が開いて歯が見えるなど不快・苦痛寄りの表情に見えます。表情の緊張と口周りの動きが大きく、覚醒度もやや高めです。
../database/final_database/055/003.jpg,55,003.jpg,8,-0.45,0.55,眉間にしわが寄り口元も緊張しており、不快・困惑や痛みのようなネガティブ感情が示唆されます。目の開きと表情筋の強い緊張から覚醒度はやや高めと判断しました。
../database/final_database/055/003.jpg,55,003.jpg,9,-0.62,0.55,眉が強く寄り、目が細くなって口が開いているため、不快・苦痛や不満の表情に見えます。緊張感があり反応も強めなので覚醒度はやや高いと判断しました。
../database/final_database/055/003.jpg,55,003.jpg,10,-0.62,0.48,眉が寄り目が細く、口が開いて歯が見えるなど不快・嫌悪/困惑に近い表情です。表情の緊張があり反応も強めなので覚醒度はやや高めと判断しました。
../database/final_database/055/005.jpg,55,005.jpg,1,-0.55,0.35,口角が下がり、眉が中央に寄って不安や不快感が表れているためvalenceは負寄りです。一方で目が開き口も半開きで緊張が見られるためarousalはやや高めです。
../database/final_database/055/005.jpg,55,005.jpg,2,-0.58,0.52,眉が中央に寄り口角が下がっており、不快・不安そうな表情に見えます。一方で目が開き口も開いていて緊張感があるため覚醒度はやや高めです。
../database/final_database/055/005.jpg,55,005.jpg,3,-0.52,0.41,眉が寄り、口が半開きで緊張や不快感が見られるためvalenceは低めです。一方で表情筋の緊張があり落ち着きよりも覚醒寄りなのでarousalはやや高めです。
../database/final_database/055/005.jpg,55,005.jpg,4,-0.55,0.5,眉が寄って口角が下がり、困惑や不快感が強い表情に見えます。目もやや見開かれており緊張感があるため覚醒度は中程度と判断しました。
../database/final_database/055/005.jpg,55,005.jpg,5,-0.55,0.45,眉が寄り、目がやや見開かれて口角が下がっており、不快・不安寄りの表情に見えます。緊張感があり覚醒度は中程度以上と判断しました。
../database/final_database/055/005.jpg,55,005.jpg,6,-0.62,0.48,眉が中央に寄って上がり、口が開いて下唇が緊張しており、不安・恐怖や嫌悪に近い不快感が示唆されます。目も見開き気味で緊張が見られるため、覚醒度はやや高めです。
../database/final_database/055/005.jpg,55,005.jpg,7,-0.55,0.65,眉が中央に寄って上がり、口が半開きで緊張感があり、不安・恐怖のような不快寄りの表情に見えます。目もやや見開かれており、覚醒度は高めです。
../database/final_database/055/005.jpg,55,005.jpg,8,-0.45,0.55,眉が寄り、口角が下がって口が半開きで不快・不安の表情に見えます。一方で目が見開き気味で緊張感があり、覚醒度はやや高いと判断しました。
../database/final_database/055/005.jpg,55,005.jpg,9,-0.55,0.35,眉が寄り、口が開いて不安や戸惑いが強く見えるため不快寄りのvalenceです。表情の緊張はあるものの過度ではないのでarousalは中程度の覚醒と判断しました。
../database/final_database/055/005.jpg,55,005.jpg,10,-0.45,0.52,眉が中央に寄り口が開いて緊張感があり、不安や困惑といった不快寄りの感情に見えます。目の見開きと表情の強さから覚醒度はやや高めです。
../database/final_database/055/006.jpg,55,006.jpg,1,-0.58,0.62,眉が強く寄り、口が開いて歯が見えるなど怒り・不快の表情が強いです。表情筋の緊張と目の開きから覚醒度も高めと判断しました。
../database/final_database/055/006.jpg,55,006.jpg,2,-0.62,0.71,眉が寄って目が鋭く、口が開いて歯が見えるなど怒り・不満の表情に見えるため不快寄りです。表情の緊張感が強く、興奮・覚醒度も高いと判断しました。
../database/final_database/055/006.jpg,55,006.jpg,3,-0.55,0.62,眉間にしわが寄り口が開いており、不快感や怒り・困惑が強く見えるためvalenceは低めです。表情の緊張感が高く、反応が強いのでarousalは高めです。
../database/final_database/055/006.jpg,55,006.jpg,4,-0.62,0.58,眉が強く寄り、口が開いて緊張・不満を訴えるような表情に見えるため不快寄りです。目線も鋭く、表情筋の緊張が強いので覚醒度は高めと判断しました。
../database/final_database/055/006.jpg,55,006.jpg,5,-0.52,0.63,眉間にしわが寄り、口が開いて不満や怒りの表情に見えるため不快寄りです。表情の緊張感が強く、覚醒度も高めと判断しました。
../database/final_database/055/006.jpg,55,006.jpg,6,-0.62,0.58,眉間に強いしわが寄り、口が開いて緊張した表情のため不快寄りと判断しました。表情筋の緊張と攻撃的/驚きに近い開口から覚醒度は高めです。
../database/final_database/055/006.jpg,55,006.jpg,7,-0.55,0.6,眉が寄っていて口が開き、怒りや不満・困惑のような不快感が強く見えます。表情の緊張と口の開きから覚醒度も高めです。
../database/final_database/055/006.jpg,55,006.jpg,8,-0.55,0.62,眉が強く寄り、口が開いて緊張感があり、不快・怒り/不満寄りの表情に見えます。目の見開きと口の動きから覚醒度も高めです。
../database/final_database/055/006.jpg,55,006.jpg,9,-0.55,0.55,眉が寄り、口が開いて歯が見えており、怒りや不快・困惑の表情に見えます。表情の緊張感があり覚醒度も中程度以上と判断しました。
../database/final_database/055/006.jpg,55,006.jpg,10,-0.42,0.63,眉が強く寄っており口も開いて緊張感があるため、不快寄りの感情が示唆されます。表情の強度が高く、興奮・覚醒度も高めに見えます。
../database/final_database/055/007.jpg,55,007.jpg,1,-0.42,0.55,眉が強く寄っており目も大きく見開かれていて、不快・困惑や不安の表情に近いです。口元も緊張しているため覚醒度はやや高めと判断しました。
../database/final_database/055/007.jpg,55,007.jpg,2,-0.45,0.55,眉が強く寄り、目が見開き気味で口元も緊張しており、不快・不安寄りの表情に見えます。緊張感が強く覚醒度はやや高めです。
../database/final_database/055/007.jpg,55,007.jpg,3,-0.56,0.48,眉間にしわが寄り、口元も緊張していて不快・不安寄りの表情に見えます。目が大きく開き気味で緊張感があるため覚醒度はやや高めと判断しました。
../database/final_database/055/007.jpg,55,007.jpg,4,-0.55,0.62,眉が強く寄って目が見開かれ、口元も緊張しており不快・不安寄りの表情に見えます。表情筋の緊張と警戒感が強く、覚醒度は高めです。
../database/final_database/055/007.jpg,55,007.jpg,5,-0.55,0.62,眉が強く寄り、口元も緊張していて不快・警戒や不安が示唆されます。目が見開き気味で表情の筋緊張も強く、覚醒度は高めです。
../database/final_database/055/007.jpg,55,007.jpg,6,-0.62,0.55,眉が強くひそまり、目が見開かれて口元も緊張しており、不快・不安（ネガティブ）寄りの表情に見えます。驚きや警戒の要素があり覚醒度はやや高めです。
../database/final_database/055/007.jpg,55,007.jpg,7,-0.62,0.58,眉が強く寄り、目が見開かれて口元も緊張しているため、不快寄りの感情が強いと判断しました。表情の緊張感と驚き・警戒の要素から覚醒度は高めです。
../database/final_database/055/007.jpg,55,007.jpg,8,-0.52,0.63,眉が強く寄り、目が見開かれて口元も緊張しており、不快・不安寄りの表情に見えます。緊張感が強く覚醒度は高めと判断しました。
../database/final_database/055/007.jpg,55,007.jpg,9,-0.62,0.58,眉が強く寄り、目が見開かれて口元も緊張しているため不快・警戒（恐れ/困惑）寄りに見えます。表情の緊張と覚醒度が高いサインがあるのでarousalは高めです。
../database/final_database/055/007.jpg,55,007.jpg,10,-0.52,0.58,眉が強く寄り、目が見開かれて口元も緊張しているため不快・警戒の表情に見えます。表情の筋緊張が強く、覚醒度は高めと判断しました。
../database/final_database/055/008.jpg,55,008.jpg,1,-0.62,0.74,眉が強く寄り、口が開いて歯が見える緊張した表情で、不快・怒り/恐れ寄りに見えます。目の見開きと口周りの力みから覚醒度も高めと判断しました。
../database/final_database/055/008.jpg,55,008.jpg,2,-0.62,0.68,眉が寄り、口が開いて歯が見えるなど怒り・不快の表情が強く見られます。目の見開きと顔全体の緊張から覚醒度も高いと判断しました。
../database/final_database/055/008.jpg,55,008.jpg,3,-0.62,0.58,眉が寄って目が鋭く、口が開いて歯が見えるなど怒り・不快の表情が強いです。表情の緊張感が高く、覚醒度も高めに見えます。
../database/final_database/055/008.jpg,55,008.jpg,4,-0.62,0.58,眉が寄り、口が開いて歯が見えるなど怒り・不快の表情で、快感情は低いと判断しました。表情の緊張と目の見開きから覚醒度は中程度に高いです。
../database/final_database/055/008.jpg,55,008.jpg,5,-0.62,0.74,眉が強くひそみ、口が半開きで緊張した表情から不快（怒り・嫌悪寄り）が強いと判断しました。目の開きと表情筋の収縮が大きく、覚醒度も高めです。
../database/final_database/055/008.jpg,55,008.jpg,6,-0.64,0.71,眉が強く寄り、口が開いて歯が見える緊張した表情で、不快・怒り/嫌悪寄りに見えます。目の見開きと口周りの力みから覚醒度も高めです。
../database/final_database/055/008.jpg,55,008.jpg,7,-0.68,0.62,眉が寄り、口が半開きで歯が見えるなど不快・怒り/嫌悪の表情が強いです。目の見開きと顔の緊張から覚醒度も高めと判断します。
../database/final_database/055/008.jpg,55,008.jpg,8,-0.65,0.7,眉が強く寄り、口が開いて歯が見えており、不快や怒り・嫌悪に近い表情です。目も見開き気味で緊張感があり覚醒度は高めと判断しました。
../database/final_database/055/008.jpg,55,008.jpg,9,-0.62,0.58,眉が強く寄り、口が開いて歯が見えるなど緊張・不快感の強い表情で、怒りや恐怖に近い印象です。表情の筋緊張が強くエネルギーも高いので覚醒度は高めと判断しました。
../database/final_database/055/008.jpg,55,008.jpg,10,-0.62,0.74,眉間にしわが寄り口が開いて歯が見えるなど、怒り・不快感の強い表情に見えます。目も見開き気味で緊張感が高く、覚醒度が高いと判断しました。
../database/final_database/055/010.jpg,55,010.jpg,1,-0.35,0.4,眉が寄り口角が下がり気味で不安・困惑の表情に見えるため快は低めです。目が見開き気味で緊張感があり、覚醒度はやや高めと判断しました。
../database/final_database/055/010.jpg,55,010.jpg,2,-0.45,0.4,眉が寄って目が潤んでおり、口元も引きつった不安・困惑の表情に見えるため不快寄りです。表情の緊張があり覚醒度はやや高めです。
../database/final_database/055/010.jpg,55,010.jpg,3,-0.42,0.38,眉が寄って口角が下がり気味で、不安や不快寄りの表情に見えます。一方で目が見開かれ緊張感があるため、覚醒度はやや高めと判断しました。
../database/final_database/055/010.jpg,55,010.jpg,4,-0.45,0.3,眉が寄り、口元が引きつっていて不快・不安寄りの表情に見えます。一方で目は開いており緊張感があるため、覚醒度はやや高めと判断しました。
../database/final_database/055/010.jpg,55,010.jpg,5,-0.46,0.52,眉が中央に寄って上がり、口元も緊張していて不安・困惑の表情に見えます。目もやや見開き気味で緊張感があり、覚醒度は中程度以上です。
../database/final_database/055/010.jpg,55,010.jpg,6,-0.62,0.55,眉がひそまり口角が下がっており、不安・不快寄りの表情に見えます。目も見開き気味で緊張感があり覚醒度はやや高めです。
../database/final_database/055/010.jpg,55,010.jpg,7,-0.52,0.47,眉が寄り、口角が下がっていて不快・不安寄りの表情に見えます。目もやや見開き気味で緊張感があり、覚醒度は中程度に高いと判断しました。
../database/final_database/055/010.jpg,55,010.jpg,8,-0.48,0.52,眉が寄り、口角が下がって不快・不安の表情に見えるためvalenceは低めです。目が見開き気味で緊張感があり、覚醒度はやや高めと判断しました。
../database/final_database/055/010.jpg,55,010.jpg,9,-0.55,0.45,眉が上がって中央に寄り、口元が引きつっており不安・恐れの表情に見えます。緊張感があり覚醒度はやや高めと判断しました。
../database/final_database/055/010.jpg,55,010.jpg,10,-0.55,0.35,眉が寄り、口角が下がっていて不安・不快寄りの表情に見えます。一方で目が開き緊張感があるため、覚醒度はやや高めと判断しました。
../database/final_database/056/001.jpg,56,001.jpg,1,-0.22,0.18,眉がわずかに寄り、口角も上がっていないため軽い不快・不満寄りに見えます。一方で表情の強い緊張や驚きは少なく、覚醒度は低〜中程度です。
../database/final_database/056/001.jpg,56,001.jpg,2,-0.18,0.22,眉がやや寄って口元が緊張しており、快よりもやや不快寄りに見えます。一方で表情の動きは強くなく、軽い覚醒レベルと判断しました。
../database/final_database/056/001.jpg,56,001.jpg,3,-0.25,0.1,口角が下がり気味で眉間に軽い緊張があり、やや不快寄りに見えます。一方で表情の強い動きは少なく、覚醒度は低〜中程度です。
../database/final_database/056/001.jpg,56,001.jpg,4,-0.25,0.15,口角がわずかに下がり、眉間に軽い緊張が見られるためやや不快寄りの印象です。一方で目の開きや表情の強さは控えめで、覚醒度は低〜中程度と判断しました。
../database/final_database/056/001.jpg,56,001.jpg,5,-0.32,0.18,眉がややひそみ口角が下がり気味で、不快・不安寄りの表情に見えます。一方で目の見開きや表情筋の緊張は強くなく、覚醒度は低〜中程度と判断しました。
../database/final_database/056/001.jpg,56,001.jpg,6,-0.24,0.12,口角がやや下がり、眉間に軽い緊張が見られるため不快寄りの表情です。一方で目の開きは極端ではなく全体の動きも小さいため覚醒度は低～中程度です。
../database/final_database/056/001.jpg,56,001.jpg,7,-0.22,0.18,眉がやや寄り、口角が少し下がって見えるため不快寄りの印象です。一方で目の開きは極端ではなく、覚醒度はやや低〜中程度と判断しました。
../database/final_database/056/001.jpg,56,001.jpg,8,-0.22,0.08,眉が寄り気味で口角も上がらず、やや不快・不満寄りの表情に見えます。一方で目の開きや表情筋の緊張は強すぎず、覚醒度は低め〜中立に近いと判断しました。
../database/final_database/056/001.jpg,56,001.jpg,9,-0.35,0.15,眉がやや寄り、口元も緊張していて不快寄りの表情に見えます。一方で大きな驚きや興奮はなく、覚醒度は低〜中程度です。
../database/final_database/056/001.jpg,56,001.jpg,10,-0.25,0.2,口角がやや下がり眉間に軽い緊張が見られ、不快寄りの表情です。一方で目の開きは保たれており強い落ち込みはなく、覚醒度は軽度に高めです。
../database/final_database/056/002.jpg,56,002.jpg,1,-0.34,0.22,眉が寄って目が細く、口元もやや緊張しており不快寄りの表情に見えます。一方で驚きや強い興奮は少なく、覚醒度は中程度と判断しました。
../database/final_database/056/002.jpg,56,002.jpg,2,-0.35,0.25,眉間にしわが寄り目が細く、口元も緊張していて不快・困惑寄りの表情に見えます。強い怒りほどではなく、覚醒度は中低程度と判断しました。
../database/final_database/056/002.jpg,56,002.jpg,3,-0.35,0.25,眉が寄り、目が細く口角も下がり気味で不快・困惑の表情に見えます。一方で表情の強度は極端ではなく、覚醒度はやや低〜中程度と判断しました。
../database/final_database/056/002.jpg,56,002.jpg,4,-0.35,0.15,眉間にしわが寄り、口角も下がり気味で不快・不満そうな表情に見えます。一方で目の見開きや口の大きな動きは強くなく、覚醒度は低～中程度です。
../database/final_database/056/002.jpg,56,002.jpg,5,-0.42,0.18,眉が寄り、目が細く口元も引き気味で、不快・不満の表情に見えます。動きは大きくなく緊張は中程度のため、覚醒はやや低め〜中程度と判断しました。
../database/final_database/056/002.jpg,56,002.jpg,6,-0.42,0.35,眉が寄り、目が細まり、口元が緊張しており不快・不満寄りの表情に見えます。一方で表情筋の緊張があり、覚醒度はやや高めと判断しました。
../database/final_database/056/002.jpg,56,002.jpg,7,-0.32,0.28,眉が寄り、目が細く口元も緊張しており、不快・不満寄りの表情に見えます。一方で表情の強さは中程度で、覚醒度はやや高めと判断しました。
../database/final_database/056/002.jpg,56,002.jpg,8,-0.35,0.25,眉間にしわが寄り、口元もややこわばっていて不快寄りの表情に見えます。一方で目は開いており表情の緊張もあるため、覚醒度はやや高めと判断しました。
../database/final_database/056/002.jpg,56,002.jpg,9,-0.32,0.18,眉間にしわが寄り、目が細く口元も緊張しており不快・困惑寄りの表情に見えます。一方で動きの強い驚きや笑顔はなく、覚醒度は中程度に留まります。
../database/final_database/056/002.jpg,56,002.jpg,10,-0.35,0.2,眉が寄り、目が細く口元も強張っており、不快・不満寄りの表情に見えます。一方で驚きや強い興奮はなく、覚醒度は中程度と判断しました。
../database/final_database/056/003.jpg,56,003.jpg,1,-0.32,0.18,口角がやや下がり眉間にしわが寄っていて不快寄りの表情に見えます。一方で目の開きは大きくなく、強い興奮や緊張は感じにくいため覚醒度は低〜中程度です。
../database/final_database/056/003.jpg,56,003.jpg,2,-0.35,0.15,眉が寄り、口元が引き締まっていて不快・不満寄りの表情に見えます。一方で表情の強度は中程度で、覚醒度は低〜やや低めと判断しました。
../database/final_database/056/003.jpg,56,003.jpg,3,-0.32,0.12,眉が寄り気味で口元も緊張しており、やや不快・困惑寄りの表情に見えます。一方で目の開きや表情の強さは強烈ではなく、覚醒度は低〜中程度です。
../database/final_database/056/003.jpg,56,003.jpg,4,-0.25,0.15,口角がやや下がり、眉間に軽いしわが見えるため不快寄りの表情です。一方で目の開きや表情の強さは弱く、覚醒度は低〜中程度と判断しました。
../database/final_database/056/003.jpg,56,003.jpg,5,-0.28,0.22,眉が寄り、口角がやや下がっていて不快寄りの表情に見えます。一方で目の開きは極端ではなく、覚醒度は低～中程度と判断しました。
../database/final_database/056/003.jpg,56,003.jpg,6,-0.35,0.2,眉が寄り、口角が下がり気味で不快・不満の表情に見えます。一方で目は大きく見開かれておらず緊張は強くないため、覚醒度はやや低め〜中程度と判断しました。
../database/final_database/056/003.jpg,56,003.jpg,7,-0.22,0.18,眉が寄り、口元がやや引きつっていて快より不快寄りに見えます。一方で表情の強い驚きや興奮はなく、覚醒度はやや低〜中程度です。
../database/final_database/056/003.jpg,56,003.jpg,8,-0.28,0.22,眉間にしわが寄り口元が引きつっており、不快・困惑の要素が見られます。一方で表情の強度は高くなく、覚醒度は中程度に留まります。
../database/final_database/056/003.jpg,56,003.jpg,9,-0.32,0.18,眉が寄り、口角がやや下がっていて不快・困惑寄りの表情に見えます。一方で目の開きや表情の強さは中程度で、覚醒度はやや低めです。
../database/final_database/056/003.jpg,56,003.jpg,10,-0.32,0.18,眉が寄り、口元がやや引きつって見えるため不快寄りの感情が示唆されます。一方で表情の強さは中程度で、覚醒度はやや低め〜中程度と判断しました。
../database/final_database/056/004.jpg,56,004.jpg,1,-0.12,-0.28,口角がほぼ水平で笑顔が弱く、眉間に軽いしわがあり少し不快寄りに見えます。表情の動きが小さく全体に落ち着いているため覚醒度は低めです。
../database/final_database/056/004.jpg,56,004.jpg,2,-0.15,-0.1,眉間に軽いしわがあり口角も上がっていないため、やや不快寄りに見えます。一方で表情の動きは小さく緊張感も強くないので、覚醒度は低めです。
../database/final_database/056/004.jpg,56,004.jpg,3,-0.12,-0.28,口角がやや下がり眉間に軽いしわがあり、わずかに不快・困惑寄りの表情に見えます。目の開きや表情筋の動きは大きくなく、覚醒度は低めと判断しました。
../database/final_database/056/004.jpg,56,004.jpg,4,-0.12,-0.18,口角がやや下がり、眉間に軽い緊張が見られるためわずかに不快寄りです。表情の強さは弱く、目の開きも大きくないので覚醒度は低めと判断しました。
../database/final_database/056/004.jpg,56,004.jpg,5,-0.18,-0.12,口元がやや下がり気味で笑顔ではなく、眉間に軽い緊張が見られるためやや不快寄りと判断しました。一方で表情の動きは小さく落ち着いているため覚醒度は低めです。
../database/final_database/056/004.jpg,56,004.jpg,6,-0.12,-0.25,口角がわずかに下がり、眉間に軽いしわが見られるためやや不快寄りです。一方で表情の強さは弱く、全体として落ち着いた（低覚醒）印象です。
../database/final_database/056/004.jpg,56,004.jpg,7,0.05,-0.2,口角はわずかに上がっていますが、目元の緊張が少なく全体的に中立に近い表情です。動きや表情の強さが小さいため覚醒度は低めと判断しました。
../database/final_database/056/004.jpg,56,004.jpg,8,0.02,-0.25,口角の上がりが弱く全体に表情変化が少ないため快・不快は中立寄りです。目元や口元の緊張が少なく落ち着いた印象なので覚醒度はやや低めと判断しました。
../database/final_database/056/004.jpg,56,004.jpg,9,-0.1,-0.25,口角がわずかに下がり、眉間に軽い緊張が見られるため快ではなくやや不快寄りです。表情の変化は大きくなく落ち着いて見えるため、覚醒度は低めと判断しました。
../database/final_database/056/004.jpg,56,004.jpg,10,-0.12,-0.28,口角がわずかに下がり、眉間に軽いしわが見られて不快寄りの中立に近い表情です。目の開きや表情筋の緊張が強くなく、覚醒度は低めと判断しました。
../database/final_database/056/005.jpg,56,005.jpg,1,-0.28,0.12,口元がやや下がり、眉間に軽い緊張が見られるため不快寄りと判断しました。一方で表情の強さは弱く、覚醒度は低〜中程度です。
../database/final_database/056/005.jpg,56,005.jpg,2,-0.12,0.05,口元がやや引き締まり、眉間も少し寄っていて快の表情よりは中立〜軽い不快寄りに見えます。一方で目の見開きや口の大きな開きがなく、興奮度は低めです。
../database/final_database/056/005.jpg,56,005.jpg,3,-0.28,0.12,口角がやや下がり、眉間に軽い緊張が見られるため不快寄りの表情です。一方で目の開きや表情の強さは弱く、覚醒度は低め〜中程度と判断しました。
../database/final_database/056/005.jpg,56,005.jpg,4,-0.12,0.08,口角がわずかに下がり、眉も少し寄って見えるため軽い不快・困惑寄りの表情に見えます。一方で目や口の開きは大きくなく、全体として興奮度は低めです。
../database/final_database/056/005.jpg,56,005.jpg,5,-0.22,0.18,口角がわずかに下がり、眉も少し寄っていて快より不快寄りに見えます。一方で表情の強い緊張や驚きはなく、覚醒度は低〜中程度です。
../database/final_database/056/005.jpg,56,005.jpg,6,-0.18,-0.12,口角がやや下がり眉間も軽く寄っており、快より不快寄りに見えます。一方で表情の強い緊張や驚きは少なく、覚醒度はやや低めです。
../database/final_database/056/005.jpg,56,005.jpg,7,-0.25,0.1,口角が下がり気味で眉間にわずかな緊張があり、不快寄りに見えます。一方で表情の動きは小さく、覚醒度は低〜中程度です。
../database/final_database/056/005.jpg,56,005.jpg,8,-0.18,0.12,口角がわずかに下がり、目元も緊張していて快より不快寄りに見えます。一方で表情の動きは大きくなく、覚醒度は低〜中程度です。
../database/final_database/056/005.jpg,56,005.jpg,9,-0.15,0.05,口角がわずかに下がり、目元も緊張していて快の表情は強く見られません。大きな驚きや興奮はなく、覚醒度は中立に近いと判断しました。
../database/final_database/056/005.jpg,56,005.jpg,10,-0.18,0.12,口角がほぼ水平で笑顔が弱く、眉間にわずかな緊張が見られるためやや不快寄りと判断しました。一方で目の開きは中程度で表情の動きも強くないため、覚醒度は低〜中程度です。
../database/final_database/056/006.jpg,56,006.jpg,1,-0.12,-0.28,口角がほぼ水平で笑顔が弱く、眉もわずかに寄っていて中立〜やや不快寄りに見えます。目の開きも強くなく表情の動きが小さいため、覚醒度は低めと判断しました。
../database/final_database/056/006.jpg,56,006.jpg,2,-0.18,0.22,眉がやや寄って目が細まり、口元も緊張しているため少し不快寄りに見えます。一方で表情の強度は中程度で、覚醒度はやや高めと判断しました。
../database/final_database/056/006.jpg,56,006.jpg,3,-0.2,-0.05,口角がやや下がり、眉間に軽い緊張が見られるため快より不快寄りです。一方で表情の動きは小さく、強い興奮や活動性は感じにくいので覚醒度は中立付近です。
../database/final_database/056/006.jpg,56,006.jpg,4,-0.12,-0.08,口角がやや下がり、眉間に軽い緊張が見られるためわずかに不快寄りです。一方で表情の動きは小さく、全体として落ち着いた（低覚醒）状態に見えます。
../database/final_database/056/006.jpg,56,006.jpg,5,-0.25,-0.1,口角がやや下がり、眉間に軽い緊張が見られるため不快寄りの表情です。一方で目の開きや表情筋の動きが小さく、覚醒度は低めに見えます。
../database/final_database/056/006.jpg,56,006.jpg,6,-0.22,0.08,口角がやや下がり、眉間に軽い緊張が見られるため不快寄りと判断しました。一方で表情の強い動きは少なく、覚醒度は低〜中程度です。
../database/final_database/056/006.jpg,56,006.jpg,7,-0.18,-0.12,口角がやや下がり、目元も細く緊張や不快寄りの表情に見えます。一方で動きは大きくなく、覚醒度は低めに感じられます。
../database/final_database/056/006.jpg,56,006.jpg,8,0.12,-0.08,口角がわずかに上がっており強い不快感は見られない一方、目元がやや緊張していて中立寄りです。表情変化が小さく動的な興奮は低めに見えるため覚醒度はやや低めにしました。
../database/final_database/056/006.jpg,56,006.jpg,9,-0.12,0.18,口角がやや下がり、目元も少し細く緊張感があるため軽い不快寄りに見えます。一方で強い興奮や沈静はなく、覚醒度は低〜中程度と判断しました。
../database/final_database/056/006.jpg,56,006.jpg,10,-0.18,0.12,口角がやや下がり、眉間に軽い緊張が見られるため快感情は弱めに不快寄りです。一方で目の開きや表情の強さは強くなく、覚醒度はやや低め〜中程度です。
../database/final_database/056/007.jpg,56,007.jpg,1,-0.62,0.28,眉が中央に寄って上がり、目が細く口角が下がっているため不快・悲しみ寄りの表情に見えます。一方で口の緊張はあるものの動きは大きくなく、覚醒度は中程度と判断しました。
../database/final_database/056/007.jpg,56,007.jpg,2,-0.55,0.4,眉が寄り目が細く、口角も下がっていて不快・悲しみ/不満寄りの表情に見えます。涙目のような緊張感はあるため覚醒度はやや高めと判断します。
../database/final_database/056/007.jpg,56,007.jpg,3,-0.62,0.28,眉が寄り、目が細く口角も下がり気味で不快・悲しみ寄りの表情に見えます。一方で口周りに力が入り緊張感があるため、覚醒度はやや高めと判断しました。
../database/final_database/056/007.jpg,56,007.jpg,4,-0.62,0.34,眉が寄り、目が細く、口角が下がっており不快・悲しみ寄りの表情に見えます。一方で表情の緊張感はあるため覚醒度はやや高めと判断しました。
../database/final_database/056/007.jpg,56,007.jpg,5,-0.64,0.33,眉が内側に寄り、目が細まり口角が下がっていて不快・悲しみ寄りの表情に見えます。一方で強い驚きや興奮はなく、緊張はあるが中程度の覚醒と判断しました。
../database/final_database/056/007.jpg,56,007.jpg,6,-0.45,0.2,眉がひそみ目が細く、口角も下がっており不快・不満寄りの表情に見えます。一方で表情の強度は中程度で、興奮や高い緊張はあまり感じられません。
../database/final_database/056/007.jpg,56,007.jpg,7,-0.62,0.48,眉が寄り目が細く、口角も下がり気味で不快・悲しみ寄りの表情に見えます。一方で表情の緊張があり、落ち着いた状態よりは覚醒度がやや高いと判断しました。
../database/final_database/056/007.jpg,56,007.jpg,8,-0.55,0.35,眉が寄り、目が細く口角が下がっており不快・悲しみ寄りの表情に見えます。一方で表情の緊張は中程度で、強い興奮というより軽い覚醒と判断しました。
../database/final_database/056/007.jpg,56,007.jpg,9,-0.62,0.38,眉が寄り、目が細まり口角が下がっており不快・悲しみ/不満の表情に見えます。一方で強い興奮というより中程度の緊張が感じられるため覚醒度はやや高めです。
../database/final_database/056/007.jpg,56,007.jpg,10,-0.62,0.34,眉が寄り、目が細く口角も下がっており不快・苦痛寄りの表情に見えます。一方で表情筋の緊張はあるため覚醒度はやや高めと判断しました。
../database/final_database/056/008.jpg,56,008.jpg,1,-0.28,0.32,眉が寄り気味で片目を細め、口元も緊張しており不快・困惑寄りの表情に見えます。一方で表情筋の動きはあり、完全に沈静というよりは軽い覚醒状態です。
../database/final_database/056/008.jpg,56,008.jpg,2,-0.25,0.35,口元が引きつり眉もやや寄っており、快より不快寄りの表情に見えます。一方で目が開き顔の緊張があるため、覚醒度はやや高めと判断しました。
../database/final_database/056/008.jpg,56,008.jpg,3,-0.28,0.32,口元が引きつり、眉間もわずかに寄っていて不快・困惑寄りの表情に見えます。一方で目は開いており緊張感があるため、覚醒度はやや高めと判断しました。
../database/final_database/056/008.jpg,56,008.jpg,4,-0.38,0.32,眉が寄り気味で口元もやや緊張しており、不快・困惑寄りの表情に見えます。一方で目は開いていて表情筋の動きもあるため、覚醒度は中程度と判断しました。
../database/final_database/056/008.jpg,56,008.jpg,5,-0.18,0.32,口角がやや下がり、眉間にも緊張が見られて不快寄りの表情です。一方で目の開きや口の動きから、落ち着きすぎてはいない中程度の覚醒が感じられます。
../database/final_database/056/008.jpg,56,008.jpg,6,-0.35,0.25,眉間にしわが寄り、口元が歪んで不快そうな表情に見えるためvalenceは低めです。一方で目の開きや表情筋の緊張は中程度で、arousalはやや高めと判断しました。
../database/final_database/056/008.jpg,56,008.jpg,7,-0.32,0.18,口角が下がり気味で眉間に緊張があり、不快・困惑寄りの表情に見えます。一方で表情の動きは強くなく、覚醒度は低〜中程度と判断しました。
../database/final_database/056/008.jpg,56,008.jpg,8,-0.32,0.28,眉が寄り片目が細く、口元も緊張していて不快・困惑寄りの表情に見えます。一方で表情の動きはあり、極端に沈静ではないため中程度の覚醒と判断しました。
../database/final_database/056/008.jpg,56,008.jpg,9,-0.38,0.32,眉間のしわや片目を細めた表情、口元の緊張が見られ、不快・困惑寄りの感情が示唆されます。一方で表情の動きはあるため覚醒度は中程度と判断しました。
../database/final_database/056/008.jpg,56,008.jpg,10,-0.38,0.22,眉が寄り目が細く、口元も緊張していて不快・困惑寄りの表情に見えます。一方で表情の強さは中程度で、強い興奮や沈静は感じにくいため覚醒度はやや低〜中程度と判断しました。
../database/final_database/056/009.jpg,56,009.jpg,1,0.12,0.05,口元はわずかに上がっているものの、眉間に軽い緊張があり快・不快が混ざった中立寄りに見えます。表情の強さは弱く、覚醒度は低めです。
../database/final_database/056/009.jpg,56,009.jpg,2,0.08,0.18,口角がわずかに上がり軽い微笑みが見られる一方、眉間に緊張があり快・不快が混在しています。表情の強さは弱めで、覚醒度も低〜中程度です。
../database/final_database/056/009.jpg,56,009.jpg,3,0.12,0.18,口角がわずかに上がっており軽い快の表情ですが、眉間に少し力が入っていて戸惑い・緊張も感じます。表情の動きは強くないため覚醒度は低〜中程度です。
../database/final_database/056/009.jpg,56,009.jpg,4,0.18,0.06,口元がわずかに上がり軽い微笑の要素があり、全体としてやや快寄りに見えます。一方で表情の強さは弱く、覚醒度は低めです。
../database/final_database/056/009.jpg,56,009.jpg,5,-0.08,0.12,口元はわずかに上がっていますが、眉間にしわが寄っていて困惑・不快寄りの表情に見えます。強い興奮はなく落ち着いた状態なので覚醒度は低めです。
../database/final_database/056/009.jpg,56,009.jpg,6,0.05,0.12,口角がわずかに上がり全体として中立〜軽い快の表情ですが、眉間に少し力が入っており喜びは強くありません。表情の動きは小さく落ち着いているため覚醒度は低〜中程度です。
../database/final_database/056/009.jpg,56,009.jpg,7,-0.05,0.15,口元にわずかな笑みがある一方、眉間にしわが寄っていて不快・困惑が混じった表情に見えます。表情の動きは強くなく、覚醒度はやや低〜中程度と判断しました。
../database/final_database/056/009.jpg,56,009.jpg,8,-0.12,0.18,口元はわずかに上がっていますが、眉間にしわが寄り、全体としてはやや不快・困惑寄りに見えます。表情の強さは中程度で、覚醒度は軽く高めと判断しました。
../database/final_database/056/009.jpg,56,009.jpg,9,0.05,-0.1,口元はわずかに上がっていますが、眉が寄っていて困惑・不安寄りに見えるため快は弱めです。表情の動きは小さく、覚醒度も低めと判断しました。
../database/final_database/056/009.jpg,56,009.jpg,10,0.1,0.05,口角がわずかに上がり軽い微笑の要素がある一方、眉間に少し緊張があり快・不快は中立寄りです。表情の動きが小さく、覚醒度も低めに見えます。
../database/final_database/056/010.jpg,56,010.jpg,1,-0.42,0.38,眉が寄り、目が細く口がやや開いていて不快・困惑の表情に見えます。一方で表情筋の緊張があり、覚醒度は中程度と判断しました。
../database/final_database/056/010.jpg,56,010.jpg,2,-0.35,0.25,眉が寄り目が細く、口元も緊張していて不快・困惑寄りの表情に見えます。一方で表情の強さは中程度で、覚醒度はやや高めと判断しました。
../database/final_database/056/010.jpg,56,010.jpg,3,-0.38,0.22,眉間にしわが寄り、目が細く口元も緊張しており不快寄りの表情に見えます。一方で大きな驚きや興奮はなく、覚醒度はやや低〜中程度です。
../database/final_database/056/010.jpg,56,010.jpg,4,-0.35,0.25,眉が寄り目が細く、口元も緊張しており不快寄りの表情に見えます。一方で大きな驚きや興奮はなく、覚醒度は中程度です。
../database/final_database/056/010.jpg,56,010.jpg,5,-0.48,0.34,眉がひそまり目が細く、口元も緊張していて不快・困惑寄りの表情に見えます。一方で顔の筋緊張があり、完全に落ち着いた状態よりはやや覚醒度が高いと判断しました。
../database/final_database/056/010.jpg,56,010.jpg,6,-0.35,0.25,眉が寄り目が細く、口元もやや緊張しており不快寄りに見えます。一方で表情の動きはあるため覚醒度はやや高めです。
../database/final_database/056/010.jpg,56,010.jpg,7,-0.55,0.35,眉が寄り目が細く、口元も緊張しており不快・困惑の表情に見えます。一方で大きく見開くほどではなく中程度の覚醒度と判断しました。
../database/final_database/056/010.jpg,56,010.jpg,8,-0.52,0.42,眉間にしわが寄り、目が細く口が開いて不快・痛みや嫌悪に近い表情に見えます。一方で表情筋の緊張があり反応も強めなので覚醒度はやや高めです。
../database/final_database/056/010.jpg,56,010.jpg,9,-0.33,0.22,眉が寄り目が細く、口元も緊張しており不快・困惑の表情に見えます。一方で大きな驚きや強い興奮はなく、覚醒度は中程度です。
../database/final_database/056/010.jpg,56,010.jpg,10,-0.35,0.3,眉間にしわが寄り、目が細く口が開いて苦痛や不快感が示唆されるためvalenceは低めです。一方で表情の緊張があり反応性は中程度なのでarousalはやや高めにしました。
../database/final_database/057/001.jpg,57,001.jpg,1,0.25,-0.15,口元がわずかに上がっており全体的に穏やかな表情で、軽い快の印象があります。目や眉の緊張が少なく興奮度は低めに見えます。
../database/final_database/057/001.jpg,57,001.jpg,2,0.25,-0.15,口角がわずかに上がっていて穏やかな微笑みに見えるため、快方向のvalenceです。一方で目元や表情筋の緊張が少なく落ち着いた印象なので、arousalはやや低めです。
../database/final_database/057/001.jpg,57,001.jpg,3,0.34,-0.22,口角がわずかに上がっており、全体として穏やかな微笑みが見られるため快寄りです。目元や表情筋の緊張が少なく落ち着いた印象なので覚醒度はやや低めです。
../database/final_database/057/001.jpg,57,001.jpg,4,0.32,-0.18,口元がわずかに上がり、全体として穏やかで軽い好意的表情に見えます。一方で目や眉の動きが小さく、興奮・緊張は低めで落ち着いた印象です。
../database/final_database/057/001.jpg,57,001.jpg,5,0.22,-0.18,口角がわずかに上がり、全体として穏やかで軽い肯定的感情が見られます。一方で目の開きや表情筋の緊張が弱く、覚醒度は低めに見えます。
../database/final_database/057/001.jpg,57,001.jpg,6,0.2,-0.15,口元がわずかに上がっており、全体として穏やかで軽い快の印象です。一方で目元や表情筋の動きが小さく、興奮度は低めに見えます。
../database/final_database/057/001.jpg,57,001.jpg,7,0.32,-0.18,口元がわずかに上がっており全体として穏やかな表情で、軽い快の感情が読み取れます。一方で目元や表情筋の緊張が強くなく、覚醒度は低めです。
../database/final_database/057/001.jpg,57,001.jpg,8,0.32,-0.18,口角がわずかに上がっており全体として穏やかな微笑みに見えるため、快寄りのvalenceとしました。目の開きや表情の動きが強くなく落ち着いた印象なので、arousalはやや低めに見積もりました。
../database/final_database/057/001.jpg,57,001.jpg,9,0.35,-0.15,口角がわずかに上がり、全体として穏やかで軽い微笑みに見えるため快寄りです。目元や表情筋の緊張が少なく落ち着いているため、覚醒度はやや低めと判断しました。
../database/final_database/057/001.jpg,57,001.jpg,10,0.22,-0.18,口角がわずかに上がっており、全体として穏やかで軽い肯定的感情が見られます。目元や表情筋の動きが小さく落ち着いているため、覚醒度は低めと判断しました。
../database/final_database/057/002.jpg,57,002.jpg,1,0.23,-0.12,口角がわずかに上がっており、全体として穏やかで軽い好意的（快）な表情に見えます。目や眉の緊張が少なく、興奮度は低めで落ち着いた状態と判断しました。
../database/final_database/057/002.jpg,57,002.jpg,2,0.2,-0.25,口角がわずかに上がり全体として中立〜軽い快の表情に見えますが、目元の動きが少なく落ち着いた印象のため覚醒度は低めです。
../database/final_database/057/002.jpg,57,002.jpg,3,0.28,-0.12,口角がわずかに上がっており全体として穏やかで軽いポジティブさが見られます。一方で目や顔の筋緊張が強くなく、興奮度は低めに見えます。
../database/final_database/057/002.jpg,57,002.jpg,4,0.18,-0.22,口角がわずかに上がり全体として穏やかな表情のため、やや快寄りです。目元や眉の動きが小さく緊張感が低いため、覚醒度はやや低めと判断しました。
../database/final_database/057/002.jpg,57,002.jpg,5,0.18,-0.22,口角がわずかに上がり全体に穏やかな表情で、軽い快の印象があります。一方で目元や表情筋の動きが小さく、興奮度は低めに見えます。
../database/final_database/057/002.jpg,57,002.jpg,6,0.18,-0.12,口元がわずかに上がっており、強い不快感は見られないため軽い快の方向です。一方で目や眉の動きが少なく落ち着いた表情なので覚醒度はやや低めと判断しました。
../database/final_database/057/002.jpg,57,002.jpg,7,0.28,-0.18,口角がわずかに上がり全体として穏やかな表情で、軽い快の印象です。目元や表情筋の緊張が強くなく落ち着いているため覚醒度はやや低めと判断しました。
../database/final_database/057/002.jpg,57,002.jpg,8,0.32,-0.18,口角がわずかに上がっており、全体として穏やかで軽い肯定的感情が見られます。一方で目元や表情筋の緊張は強くなく、落ち着いた低覚醒の状態に見えます。
../database/final_database/057/002.jpg,57,002.jpg,9,0.12,-0.18,口元がわずかに上がっており不快ではない一方、表情の動きが小さく落ち着いて見えるため快は弱め・覚醒も低めと判断しました。
../database/final_database/057/002.jpg,57,002.jpg,10,0.18,-0.12,口角がわずかに上がっており穏やかな表情で、強い不快感や緊張は見られません。目元や表情筋の動きが小さく、落ち着いた低覚醒寄りと判断しました。
../database/final_database/057/004.jpg,57,004.jpg,1,0.35,0.15,口角がやや上がり苦痛の表情ではないため快寄りですが、目が細く笑顔が強くないため中程度に留まります。表情の動きが小さく落ち着いて見えるので覚醒度は低めです。
../database/final_database/057/004.jpg,57,004.jpg,2,0.35,0.2,口が少し開き、表情全体は穏やかでわずかに快の印象です。目元の力は強くなく興奮度は低めに見えます。
../database/final_database/057/004.jpg,57,004.jpg,3,0.37,0.22,口角がやや上がり、表情全体として軽いポジティブさが見られます。一方で目元の動きは控えめで、強い興奮や緊張は感じにくいため覚醒度は低めです。
../database/final_database/057/004.jpg,57,004.jpg,4,0.35,0.25,口角がやや上がり軽い笑みが見られるため快寄りです。一方で目元の緊張は強くなく、表情全体の動きも控えめなので覚醒度は中程度より低めです。
../database/final_database/057/004.jpg,57,004.jpg,5,0.35,0.25,口角がやや上がり、表情全体に軽い肯定的な雰囲気が見られるため快寄りと判断しました。一方で目の開きが小さく動きも強くないため、覚醒度は低〜中程度としました。
../database/final_database/057/004.jpg,57,004.jpg,6,0.22,0.18,口角がやや上がり、表情は軽い微笑に見えるため快寄りです。一方で目元の緊張や驚きは強くなく、覚醒度は低めと判断しました。
../database/final_database/057/004.jpg,57,004.jpg,7,0.35,0.1,口角がやや上がり表情は比較的ポジティブですが、目元が細く全体の活発さは強くありません。落ち着いた軽い喜び（または安堵）に近い印象です。
../database/final_database/057/004.jpg,57,004.jpg,8,0.44,0.22,口角がやや上がり、苦痛や怒りよりも穏やかなポジティブさが感じられます。一方で目の開きが小さく表情の動きも強くないため、覚醒度は低めです。
../database/final_database/057/004.jpg,57,004.jpg,9,0.18,0.22,口角がやや上がり口が開いていて、軽い喜びや安心感が見られます。一方で目元の緊張が少なく全体として穏やかなため、覚醒度は中程度です。
../database/final_database/057/004.jpg,57,004.jpg,10,0.26,0.22,口が少し開いていて軽い微笑のように見え、全体としてやや快の方向です。表情の動きは大きくなく落ち着いているため、覚醒度は低め～中程度と判断しました。
../database/final_database/057/005.jpg,57,005.jpg,1,0.22,-0.18,口角がわずかに上がり、全体として落ち着いた穏やかな表情に見えるため快寄りです。一方で目や口の緊張が強くなく、活動性は低めに感じられるため覚醒度はやや低めです。
../database/final_database/057/005.jpg,57,005.jpg,2,0.18,-0.22,口角がわずかに上がり表情は穏やかで、軽い快の印象があります。一方で目や眉の緊張が少なく、全体として落ち着いた低覚醒に見えます。
../database/final_database/057/005.jpg,57,005.jpg,3,0.35,-0.2,口角がわずかに上がっており全体として穏やかな表情なので快寄りです。一方で目や眉の緊張が少なく、落ち着いた状態に見えるため覚醒度は低めと判断しました。
../database/final_database/057/005.jpg,57,005.jpg,4,0.28,-0.12,口元がわずかに上がった穏やかな表情で、全体として軽い快の印象です。目の開きや表情筋の緊張が強くなく、覚醒度はやや低めと判断しました。
../database/final_database/057/005.jpg,57,005.jpg,5,0.3,-0.2,口角がわずかに上がっており、全体として穏やかで軽い好意的表情に見えます。一方で目元の緊張や動きは少なく、興奮度は低めです。
../database/final_database/057/005.jpg,57,005.jpg,6,0.32,-0.18,口元がわずかに上がった穏やかな微笑で、全体として快寄りの印象です。一方で目や表情筋の動きが小さく、興奮度は低めに見えます。
../database/final_database/057/005.jpg,57,005.jpg,7,0.32,-0.18,口元がわずかに上がった穏やかな表情で、全体として軽い快の感情が見られます。目元や姿勢に強い緊張や興奮がなく落ち着いているため、覚醒度はやや低めと判断しました。
../database/final_database/057/005.jpg,57,005.jpg,8,0.32,-0.18,口元がわずかに上がり、全体として穏やかな表情で不快感は見られません。目や眉の緊張が少なく落ち着いているため覚醒度はやや低めと判断しました。
../database/final_database/057/005.jpg,57,005.jpg,9,0.22,-0.18,口角がわずかに上がり穏やかな表情で、否定的な緊張や怒りのサインは見られません。目元も落ち着いており興奮度は低めに感じられます。
../database/final_database/057/005.jpg,57,005.jpg,10,0.18,-0.32,口角がわずかに上がっており全体として穏やかな表情で、強い不快感は見られません。一方で目元や表情筋の緊張が少なく、覚醒度は低めに感じられます。
../database/final_database/057/006.jpg,57,006.jpg,1,0.32,-0.28,口元がわずかに上がっており、落ち着いた穏やかな表情に見えます。目を閉じてリラックスしている印象で覚醒度は低めです。
../database/final_database/057/006.jpg,57,006.jpg,2,0.32,-0.28,口角がわずかに上がっており全体として穏やかな微笑に見えるため、valenceはやや快寄りです。目が閉じ気味で表情の動きが少なく落ち着いているため、arousalはやや低めです。
../database/final_database/057/006.jpg,57,006.jpg,3,0.18,-0.28,口元がわずかに上がっており、全体として穏やかな微笑に見えるためvalenceはやや正。目が閉じ気味で表情の動きが小さく、落ち着いた状態に見えるためarousalはやや低め。
../database/final_database/057/006.jpg,57,006.jpg,4,0.35,-0.25,口元がわずかに上がり、全体として穏やかで軽い微笑みに見えるため快寄りです。目を閉じ気味で表情の動きが小さく、落ち着いた状態に見えるため覚醒度は低めです。
../database/final_database/057/006.jpg,57,006.jpg,5,0.32,-0.28,口元がわずかに上がっており穏やかな微笑みに見えるため、快寄りのvalenceです。一方で目が閉じ気味で表情の動きが小さく、落ち着いた状態に見えるためarousalはやや低めです。
../database/final_database/057/006.jpg,57,006.jpg,6,0.35,-0.25,口角がわずかに上がっており穏やかな微笑みが見られるため、快寄りのvalenceです。目が閉じ気味で表情の動きも小さく、落ち着いた状態に見えるためarousalはやや低めです。
../database/final_database/057/006.jpg,57,006.jpg,7,0.34,-0.28,口元がわずかに上がっており穏やかな微笑に見えるため快寄りです。目が閉じ気味で表情の動きが小さく、落ち着いた状態に見えるため覚醒度は低めです。
../database/final_database/057/006.jpg,57,006.jpg,8,0.32,-0.28,口角がわずかに上がり、全体として穏やかな表情で快寄りに見えます。目を閉じてリラックスしているため覚醒度は低めです。
../database/final_database/057/006.jpg,57,006.jpg,9,0.35,-0.25,口角がわずかに上がっており、穏やかな微笑みに見えるため快寄りのvalenceです。目を閉じていて表情変化が小さく、落ち着いた状態に見えるためarousalは低めです。
../database/final_database/057/006.jpg,57,006.jpg,10,0.26,-0.42,口元がわずかに上がっており穏やかな表情で、快の傾向が見られます。一方で目を閉じてリラックスしているように見え、覚醒度は低めです。
../database/final_database/057/007.jpg,57,007.jpg,1,0.32,-0.18,口元がわずかに上がっており全体として穏やかな微笑みに見えるため、快（正のvalence）寄りです。一方で目の開きや表情筋の緊張が強くなく落ち着いた印象なので、arousalはやや低めにしました。
../database/final_database/057/007.jpg,57,007.jpg,2,0.32,-0.18,口角がわずかに上がっており穏やかな微笑みが見られるため、快寄りのvalenceと判断しました。一方で目元や表情筋の緊張は強くなく、落ち着いた状態に見えるためarousalはやや低めです。
../database/final_database/057/007.jpg,57,007.jpg,3,0.32,-0.18,口元がわずかに上がっており、全体として穏やかな微笑に見えるため快寄りです。目や眉の緊張が少なく表情変化も小さいので覚醒度は低めと判断しました。
../database/final_database/057/007.jpg,57,007.jpg,4,0.42,-0.08,口角がわずかに上がり穏やかな微笑に見えるため、快（正のvalence）寄りです。一方で目や表情の動きが強くなく落ち着いた印象なので、覚醒度は低めにしました。
../database/final_database/057/007.jpg,57,007.jpg,5,0.36,-0.12,口角がわずかに上がり、全体として穏やかな微笑みに見えるため快寄りです。一方で目元の緊張や動きが少なく、落ち着いた状態に見えるため覚醒度はやや低めです。
../database/final_database/057/007.jpg,57,007.jpg,6,0.35,-0.1,口角がわずかに上がっており全体として穏やかな表情で、軽い快の印象です。一方で目の開きや表情筋の緊張は強くなく、覚醒度は低めに見えます。
../database/final_database/057/007.jpg,57,007.jpg,7,0.38,-0.12,口角がわずかに上がっており、全体として穏やかで軽い肯定的感情が見られます。一方で目元や表情筋の動きが小さく、興奮度は低めに見えます。
../database/final_database/057/007.jpg,57,007.jpg,8,0.32,-0.18,口角がわずかに上がっており、全体として穏やかな微笑みに見えるため快寄りです。一方で目元や表情筋の動きが強くなく落ち着いた印象なので覚醒度は低めです。
../database/final_database/057/007.jpg,57,007.jpg,9,0.42,-0.18,口角がわずかに上がっており穏やかな微笑みに見えるため、快寄りのvalenceと判断しました。目元や表情の緊張が少なく落ち着いた印象なので、arousalはやや低めです。
../database/final_database/057/007.jpg,57,007.jpg,10,0.35,-0.2,口角がわずかに上がっており全体として穏やかな微笑みに見えるため、快寄りのvalenceと判断しました。目元や表情筋の緊張が強くなく落ち着いた印象なので、arousalはやや低めにしました。
../database/final_database/057/008.jpg,57,008.jpg,1,0.22,-0.18,口角がわずかに上がっており、全体として穏やかで軽いポジティブさが感じられます。一方で目元や表情筋の緊張が強くなく、興奮度は低めに見えます。
../database/final_database/057/008.jpg,57,008.jpg,2,0.22,-0.12,口角がわずかに上がり、全体として穏やかな表情で快寄りに見えます。一方で目元の緊張や大きな表情変化は少なく、覚醒度は低めです。
../database/final_database/057/008.jpg,57,008.jpg,3,0.22,-0.08,口角がわずかに上がり、全体として穏やかで軽いポジティブ感情が見られます。一方で目元や表情筋の緊張が少なく、興奮度は低めに見えます。
../database/final_database/057/008.jpg,57,008.jpg,4,0.22,-0.18,口元がわずかに上がっており、全体として軽い肯定的（穏やかな）表情に見えます。目や眉の緊張が強くなく、落ち着いた低～中程度の覚醒状態と判断しました。
../database/final_database/057/008.jpg,57,008.jpg,5,0.22,-0.18,口角がわずかに上がっており不快というより軽い快の表情に見えますが、目元や表情筋の動きが小さく落ち着いた印象のため覚醒度は低めと判断しました。
../database/final_database/057/008.jpg,57,008.jpg,6,0.2,-0.1,口元がわずかに上がっており全体として穏やかな表情で、軽い快の感情が見られます。一方で目や眉の動きが小さく緊張感が少ないため、覚醒度はやや低めと判断しました。
../database/final_database/057/008.jpg,57,008.jpg,7,0.32,-0.12,口角がわずかに上がり、全体として穏やかな微笑みに見えるため快寄りのvalenceです。一方で目元や表情筋の緊張は強くなく落ち着いた印象なのでarousalはやや低めです。
../database/final_database/057/008.jpg,57,008.jpg,8,0.25,-0.15,口角がわずかに上がり、全体として穏やかな微笑みに見えるため快寄りです。一方で目元や表情筋の動きが控えめで、興奮度は低めに見えます。
../database/final_database/057/008.jpg,57,008.jpg,9,0.25,-0.05,口元がわずかに上がっており、全体として穏やかなポジティブさが感じられます。一方で目の開きや表情の緊張が強くなく、覚醒度は中立〜やや低めに見えます。
../database/final_database/057/008.jpg,57,008.jpg,10,0.25,-0.05,口角がわずかに上がり、全体として穏やかでやや肯定的な表情に見えます。一方で目の開きや表情の強さは控えめで、覚醒度は中立〜やや低めと判断しました。
../database/final_database/057/009.jpg,57,009.jpg,1,0.32,-0.28,口角がわずかに上がっており全体として穏やかな好意的表情に見えますが、目元の動きが少なく落ち着いた状態で覚醒度は低めに感じられます。
../database/final_database/057/009.jpg,57,009.jpg,2,0.18,-0.12,口角がわずかに上がっており全体として中立〜軽いポジティブに見えますが、目元の緊張が少なく落ち着いた表情のため覚醒度はやや低めと判断しました。
../database/final_database/057/009.jpg,57,009.jpg,3,0.25,-0.15,口角がわずかに上がっており穏やかな表情で、全体として軽い快の感情が見られます。一方で目元や表情筋の緊張が少なく、興奮度は低めに見えます。
../database/final_database/057/009.jpg,57,009.jpg,4,0.15,-0.25,口角がわずかに上がっており軽いポジティブさが見られますが、目元や表情筋の動きが小さく落ち着いた（低覚醒）印象です。
../database/final_database/057/009.jpg,57,009.jpg,5,0.24,-0.18,口角がわずかに上がり穏やかな微笑に見えるため快（正のvalence）寄りです。一方で目や眉の緊張が少なく表情の動きも小さいため、覚醒度はやや低めと判断しました。
../database/final_database/057/009.jpg,57,009.jpg,6,0.18,-0.12,口元がわずかに上がっており不快さは見られない一方、目元や眉の緊張が弱く全体として穏やかです。そのため、快は軽度で覚醒度も低めと判断しました。
../database/final_database/057/009.jpg,57,009.jpg,7,0.25,-0.15,口元がわずかに上がっており不快感は少ない一方、目元や表情筋の動きは控えめで落ち着いた印象です。全体として穏やかな軽いポジティブで、覚醒度はやや低めと判断しました。
../database/final_database/057/009.jpg,57,009.jpg,8,0.32,-0.18,口元がわずかに上がっており全体として穏やかな微笑に見えるため快寄りです。一方で目の開きや表情の動きが小さく、落ち着いた印象なので覚醒度は低めです。
../database/final_database/057/009.jpg,57,009.jpg,9,0.28,-0.12,口元がわずかに上がっており、穏やかな微笑みに見えるためvalenceはやや肯定的です。一方で目や眉の動きが少なく落ち着いた表情なのでarousalは低めと判断しました。
../database/final_database/057/009.jpg,57,009.jpg,10,0.25,-0.1,口角がわずかに上がり、表情は穏やかで軽いポジティブさが見られます。一方で目元や顔全体の緊張が少なく、覚醒度は低めに見えます。
../database/final_database/058/001.jpg,58,001.jpg,1,-0.12,-0.18,口角がやや下がり気味で笑顔ではなく、全体として中立〜わずかに不快寄りに見えます。目や眉の動きも小さく、強い緊張や興奮は感じられないため覚醒度は低めです。
../database/final_database/058/001.jpg,58,001.jpg,2,0.1,-0.2,口角がわずかに上がっており強い不快感は見られない一方、目元や表情の動きが小さく落ち着いた印象です。そのため快寄りだが低覚醒と判断しました。
../database/final_database/058/001.jpg,58,001.jpg,3,0.05,-0.15,口角がわずかに上がっているものの、全体として表情筋の動きが少なく中立寄りに見えます。目元も落ち着いており、覚醒度はやや低めと判断しました。
../database/final_database/058/001.jpg,58,001.jpg,4,-0.1,-0.2,口元がわずかに下がり気味で笑顔ではなく、全体として中立〜やや不快寄りに見えます。目の開きや表情筋の動きが小さく、興奮度は低め（やや非覚醒）と判断しました。
../database/final_database/058/001.jpg,58,001.jpg,5,-0.15,-0.25,口角がほぼ水平でわずかに下がり、目元も力が抜けていて快の表情が強くありません。表情の動きが小さく落ち着いているため覚醒度も低めと判断しました。
../database/final_database/058/001.jpg,58,001.jpg,6,-0.1,-0.15,口角がほぼ水平でわずかに下がり、眉もやや寄っており快の表情は弱いです。目の開きや表情筋の動きが小さく、覚醒度も低めに見えます。
../database/final_database/058/001.jpg,58,001.jpg,7,-0.05,-0.25,口元がわずかに引きつり、眉も少し寄っていて快感情は強く見られません。一方で表情の動きは小さく、全体として落ち着いた（低覚醒）印象です。
../database/final_database/058/001.jpg,58,001.jpg,8,0.1,-0.15,口元がわずかに上がっており大きな不快表情は見られないため、valenceは軽く正寄りです。目元や眉の動きが弱く全体に落ち着いた表情なので、arousalはやや低めと判断しました。
../database/final_database/058/001.jpg,58,001.jpg,9,0.15,-0.05,口角がわずかに上がっており軽い快の印象ですが、目元や眉の動きが小さく強い感情は見られません。全体として落ち着いた表情で覚醒度は低めです。
../database/final_database/058/001.jpg,58,001.jpg,10,0.08,-0.22,口角がわずかに上がっているものの、目元や眉の動きが少なく全体として落ち着いた表情です。強い快・不快は見られず、覚醒度も低めに見えます。
../database/final_database/058/002.jpg,58,002.jpg,1,0.12,0.18,片方の眉が上がり口角はわずかに上がっており、好奇心や戸惑いを含む軽い肯定的感情に見えます。表情の動きは大きくなく緊張も強くないため、覚醒度は低めと判断しました。
../database/final_database/058/002.jpg,58,002.jpg,2,0.12,0.18,口元はわずかに上がっていますが、眉が寄り片目を細めた困惑・疑念の表情で快不快は中立寄りです。表情の緊張は軽度で、覚醒度も低〜中程度と判断しました。
../database/final_database/058/002.jpg,58,002.jpg,3,0.05,0.1,口角はわずかに上がりつつも、眉が片方上がっていて困惑・懐疑的な表情に見えます。強い興奮はなく、覚醒度は低〜中程度です。
../database/final_database/058/002.jpg,58,002.jpg,4,0.15,0.1,口元はわずかに上がっており全体として軽い好意・余裕が感じられる一方、片眉を上げた疑い・戸惑いの表情で快不快は中立寄りです。表情の強さは弱く、覚醒度も低〜中程度に留まっています。
../database/final_database/058/002.jpg,58,002.jpg,5,0.1,0.2,口元がわずかに上がっている一方で、眉が寄り目線も疑い気味で、やや戸惑い・警戒を含む表情に見えます。強い興奮はなく、軽い緊張がある程度の覚醒度です。
../database/final_database/058/002.jpg,58,002.jpg,6,0.18,0.22,片眉が上がり口角がわずかに上がっており、困惑や疑いを含む軽いポジティブ寄りの表情に見えます。強い緊張や興奮は感じられず、覚醒度は中程度にとどまります。
../database/final_database/058/002.jpg,58,002.jpg,7,0.15,0.2,口元はわずかに上がっており軽い好意・興味が見られる一方、眉間のしわと片目を細めた表情から戸惑い・疑いも感じられます。強い情動ではなく、軽度の覚醒にとどまっています。
../database/final_database/058/002.jpg,58,002.jpg,8,0.12,0.18,口元はわずかに上がっており大きな不快感は見られませんが、眉間に軽いしわと片目を細めた表情から疑念や戸惑いが感じられます。表情の強度は高くないため覚醒度は低めです。
../database/final_database/058/002.jpg,58,002.jpg,9,0.12,0.08,片眉を上げたような表情で、軽い困惑や疑念が感じられます。口元はわずかに上がっていますが強い感情ではなく、覚醒度は低めです。
../database/final_database/058/002.jpg,58,002.jpg,10,0.12,0.08,口元がわずかに上がり不快さは強くない一方、片眉を上げた疑い・戸惑いの表情で快でも不快でもない中庸に近い印象です。目の開きや表情筋の緊張は強くなく、覚醒度も低めです。
../database/final_database/058/003.jpg,58,003.jpg,1,-0.06,0.18,口元はわずかに上がっていますが、眉間に軽い緊張が見られ、快・不快はほぼ中立寄りに感じます。表情の動きは小さく落ち着いているため覚醒度は低〜やや低めです。
../database/final_database/058/003.jpg,58,003.jpg,2,0.05,-0.15,口元はわずかに上がっており中立〜軽い快の印象ですが、眉間に少し緊張があり喜びは強くありません。表情の動きが小さく全体として落ち着いているため覚醒度はやや低めと判断しました。
../database/final_database/058/003.jpg,58,003.jpg,3,0.05,0.15,口元はわずかに上がっており軽い快の要素がありますが、眉が寄っていて不確かさや緊張も感じられます。表情の強度は高くなく、覚醒度はやや低〜中程度です。
../database/final_database/058/003.jpg,58,003.jpg,4,0.05,-0.2,眉がやや寄り、目も細めで大きな笑顔ではないため快・不快は中立に近い印象です。口元の動きも小さく全体に落ち着いて見えるので覚醒度は低めと判断しました。
../database/final_database/058/003.jpg,58,003.jpg,5,0.1,-0.05,口元はわずかに上がっていますが、眉間に軽いしわがあり快・不快が混在した中立寄りの表情です。動きが少なく落ち着いて見えるため覚醒度は低めです。
../database/final_database/058/003.jpg,58,003.jpg,6,-0.05,0.1,口元はわずかに上がっていますが、眉が寄って目元が緊張しており、快・不快が混ざったやや不快寄りの表情に見えます。表情の強さは弱めで、覚醒度は低〜中程度と判断しました。
../database/final_database/058/003.jpg,58,003.jpg,7,-0.12,0.18,口角がわずかに下がり、眉間に軽い緊張が見えるため快よりやや不快寄りです。一方で目は開いており表情の張りもあるので、覚醒度は低すぎず中程度と判断しました。
../database/final_database/058/003.jpg,58,003.jpg,8,0.1,0.05,口元がわずかに上がり表情は中立〜軽い好意に見えますが、目元はやや緊張しており強い感情は感じにくいです。全体として落ち着いた低覚醒の状態です。
../database/final_database/058/003.jpg,58,003.jpg,9,-0.12,0.18,眉が内側に寄り気味で目が細く、口元もわずかに緊張しているため、快よりやや不快寄りに見えます。一方で表情の強さは中程度で、覚醒度は低～中程度と判断しました。
../database/final_database/058/003.jpg,58,003.jpg,10,0.05,0.2,口元はわずかに上がっており中立〜軽い快の印象ですが、眉間に軽い緊張があり純粋な喜びではありません。表情の動きは小さく、覚醒度は低〜中程度に見えます。
../database/final_database/058/004.jpg,58,004.jpg,1,0.12,-0.18,口角がわずかに上がり穏やかで、強い不快や喜びは見られません。目元や眉の動きが小さく全体として落ち着いた（低覚醒）印象です。
../database/final_database/058/004.jpg,58,004.jpg,2,0.12,-0.18,口元がわずかに上がっており大きな不快感は見られないため、valenceは弱い快に寄せました。一方で目や眉の動きが小さく表情の強度が低いので、arousalはやや低めと判断しました。
../database/final_database/058/004.jpg,58,004.jpg,3,0.18,-0.22,口角がわずかに上がっている一方で、目元や眉に強い緊張が見られず全体として穏やかな表情です。強い興奮や警戒のサインが少ないため覚醒度は低めに見積もりました。
../database/final_database/058/004.jpg,58,004.jpg,4,0.12,-0.18,口角がわずかに上がっている一方で、目元や眉の緊張は弱く全体的に落ち着いた表情に見えます。強い快・不快や興奮は感じられないため、やや快寄り・低覚醒と判断しました。
../database/final_database/058/004.jpg,58,004.jpg,5,0.12,-0.18,口元はわずかに上がっており軽い快の印象ですが、目元や眉の動きが小さく全体として感情表出は弱めです。そのため覚醒度はやや低めと判断しました。
../database/final_database/058/004.jpg,58,004.jpg,6,0.22,-0.12,口角がわずかに上がり、全体として穏やかな表情で不快感は弱いです。一方で目元や表情筋の緊張が少なく、興奮・覚醒度は低めに見えます。
../database/final_database/058/004.jpg,58,004.jpg,7,0.12,-0.18,口角がわずかに上がり全体として中立〜軽い快の印象ですが、目元や眉の動きが小さく興奮度は低めに見えます。
../database/final_database/058/004.jpg,58,004.jpg,8,0.12,-0.22,口元がわずかに上がっており軽い快の印象ですが、目元の動きが小さく全体として感情の強度は低めに見えます。落ち着いた表情で覚醒度はやや低いと判断しました。
../database/final_database/058/004.jpg,58,004.jpg,9,0.18,-0.12,口角がわずかに上がり、全体としては穏やかで軽いポジティブさが見られます。一方で表情の動きが小さく、覚醒度はやや低めに見えます。
../database/final_database/058/004.jpg,58,004.jpg,10,0.12,-0.28,口角がわずかに上がり、全体として中立〜軽い快の表情に見えます。一方で目元や眉の動きが小さく、緊張感が低いので覚醒度はやや低めです。
../database/final_database/058/005.jpg,58,005.jpg,1,0.05,0.12,口角がわずかに上がっている一方、眉間に軽いしわがあり困惑や警戒が混じった中立寄りの表情に見えます。表情の強度は低めで、覚醒度も大きくは高くないと判断しました。
../database/final_database/058/005.jpg,58,005.jpg,2,0.12,0.18,口元はわずかに上がっており弱い快の要素がありますが、眉間のしわと片眉の上がりが疑問・警戒の混合感情を示しています。表情の強度は強くないため覚醒度は低〜中程度です。
../database/final_database/058/005.jpg,58,005.jpg,3,-0.12,0.18,眉間にしわが寄り、口元もやや緊張していて軽い不快・困惑の表情に見えます。一方で目は開いており表情筋の動きもあるため、覚醒度は低すぎず中程度の低めと判断しました。
../database/final_database/058/005.jpg,58,005.jpg,4,-0.15,0.25,眉間にしわが寄り、口元もやや緊張していて不快寄りに見えます。一方で目の開きや表情の張りから、覚醒度はやや高めです。
../database/final_database/058/005.jpg,58,005.jpg,5,-0.12,0.28,眉が寄り目元もやや緊張しており、快より少し不快寄りに見えます。一方で表情の動きは強すぎず、覚醒度は軽く高め程度です。
../database/final_database/058/005.jpg,58,005.jpg,6,-0.12,0.22,眉間にしわが寄り、口元も引き締まっていて快よりやや不快寄りに見えます。一方で表情の強度は高くなく、軽い警戒・困惑程度の覚醒と判断しました。
../database/final_database/058/005.jpg,58,005.jpg,7,-0.12,0.18,眉が寄って額にしわがあり、口元も引き締まっていてやや不快・困惑寄りに見えます。一方で表情の強さは大きくなく、覚醒度は低〜中程度です。
../database/final_database/058/005.jpg,58,005.jpg,8,-0.12,0.28,眉間にしわが寄り口角もあまり上がっておらず、やや不快・困惑寄りに見えます。一方で表情の緊張感があり、覚醒度はやや高めです。
../database/final_database/058/005.jpg,58,005.jpg,9,0.1,0.2,口元はわずかに上がっており軽い快の要素がある一方、眉間にしわが寄っていて困惑・警戒の印象もあります。表情の強度は中程度で、覚醒度はやや高めと判断しました。
../database/final_database/058/005.jpg,58,005.jpg,10,-0.12,0.18,眉が寄り気味で口角もあまり上がっておらず、やや困惑・不快寄りの表情に見えます。一方で目は開いており表情の緊張は中程度なので、覚醒度はやや高めと判断しました。
../database/final_database/058/006.jpg,58,006.jpg,1,0.35,-0.25,目が閉じ気味で口元がわずかに上がっており、穏やかでやや快の表情に見えます。一方で表情全体の動きが小さく、覚醒度は低めに感じられます。
../database/final_database/058/006.jpg,58,006.jpg,2,0.22,-0.35,目が閉じ気味で表情筋の緊張が少なく、全体に落ち着いた（低覚醒）印象です。口元がわずかに上がっており、軽い快の感情が読み取れます。
../database/final_database/058/006.jpg,58,006.jpg,3,-0.22,-0.46,目が閉じ気味で口元も力が抜けた表情で、全体として落ち着いていて覚醒度は低めに見えます。口角の下がりと眉間のわずかな緊張から、快よりはやや不快寄りと判断しました。
../database/final_database/058/006.jpg,58,006.jpg,4,0.35,-0.25,目が閉じ気味で口元がわずかに上がっており、穏やかでやや快の表情に見えます。一方で動きは少なくリラックスした印象のため覚醒度は低めと判断しました。
../database/final_database/058/006.jpg,58,006.jpg,5,0.25,-0.35,口角がわずかに上がり穏やかな表情で、全体として軽い快が示唆されます。一方で目が閉じ気味で筋緊張も低く、覚醒度はやや低めに見えます。
../database/final_database/058/006.jpg,58,006.jpg,6,0.35,-0.25,目が閉じ気味で口元がわずかに上がっており、穏やかでやや快の表情に見えます。表情の動きが小さくリラックスしているため、覚醒度は低めと判断しました。
../database/final_database/058/006.jpg,58,006.jpg,7,0.32,-0.34,目が閉じ気味で表情筋の緊張が弱く、全体に落ち着いた（低覚醒）印象です。口元がわずかに上がっており、軽い快（ややポジティブ）に見えます。
../database/final_database/058/006.jpg,58,006.jpg,8,0.18,-0.32,目が閉じ気味で表情筋の動きが小さく、全体として落ち着いた（低覚醒）状態に見えます。口元がわずかに上がっており、強い不快ではなく軽い快のニュアンスがあります。
../database/final_database/058/006.jpg,58,006.jpg,9,0.22,-0.18,口角がわずかに上がり表情は穏やかで、軽い快の方向に見えます。一方で目が閉じ気味で緊張が少なく、覚醒度はやや低めと判断しました。
../database/final_database/058/006.jpg,58,006.jpg,10,0.34,-0.22,口角がわずかに上がり、表情全体は穏やかで軽い快の印象です。一方で目が閉じ気味で動きが少なく、覚醒度はやや低めに見えます。
../database/final_database/058/007.jpg,58,007.jpg,1,-0.4,0.45,眉間にしわが寄り、口が半開きで不安や困惑が見られるため不快寄りのvalenceです。一方で表情の緊張感があり、覚醒度は中程度に高いと判断しました。
../database/final_database/058/007.jpg,58,007.jpg,2,-0.35,0.45,眉が寄って額にしわがあり、口が半開きで不安・困惑の表情に見えるため不快寄りです。目の開きと口の動きから覚醒度はやや高めと判断しました。
../database/final_database/058/007.jpg,58,007.jpg,3,-0.35,0.45,眉間にしわが寄り、口が開いて不安・困惑の表情に見えるため快度は低めです。一方で目が開き気味で緊張感があり、覚醒度はやや高いと判断しました。
../database/final_database/058/007.jpg,58,007.jpg,4,-0.35,0.45,眉が中央に寄り、口が半開きで緊張や不安が見られるため快ではなく不快寄りです。表情の強さは中程度で、落ち着きよりもやや覚醒した状態に見えます。
../database/final_database/058/007.jpg,58,007.jpg,5,-0.42,0.36,眉が寄っていて口が半開きで、困惑や不安・不快寄りの表情に見えます。一方で目は開いており表情筋の緊張もあるため、覚醒度はやや高めです。
../database/final_database/058/007.jpg,58,007.jpg,6,-0.35,0.45,眉がひそまり口が半開きで、困惑や不安・不快寄りの感情が読み取れます。一方で表情の緊張感があり、覚醒度はやや高めです。
../database/final_database/058/007.jpg,58,007.jpg,7,-0.35,0.42,眉が中央に寄って上がり、口が半開きで不安や戸惑いの表情に見えるため不快寄りです。緊張感があり落ち着きよりも覚醒がやや高いと判断しました。
../database/final_database/058/007.jpg,58,007.jpg,8,-0.35,0.55,眉が寄って口が開き、困惑・不安や軽い嫌悪など不快寄りの表情に見えます。目や口周りに緊張があり、情動の活性は中程度に高いと判断しました。
../database/final_database/058/007.jpg,58,007.jpg,9,-0.35,0.55,眉が寄り、口が開いて緊張や不安が見られるため不快寄りの感情です。表情の強さと目の開きから覚醒度はやや高めと判断しました。
../database/final_database/058/007.jpg,58,007.jpg,10,-0.35,0.45,眉が内側に寄り額にしわがあり、口が半開きで緊張や不快感がうかがえます。驚き・不安の要素があり覚醒度はやや高めです。
../database/final_database/058/008.jpg,58,008.jpg,1,-0.38,0.52,眉が寄り目が細く口元も緊張しており、不快・警戒や困惑の表情に見えます。一方で表情筋の緊張が強く、覚醒度はやや高めです。
../database/final_database/058/008.jpg,58,008.jpg,2,-0.35,0.55,眉が強く寄り、目が見開かれて口元も緊張しており、不快寄りの表情に見えます。表情の緊張と警戒感が強いため覚醒度は高めです。
../database/final_database/058/008.jpg,58,008.jpg,3,-0.42,0.38,眉が強く寄り、口元も引き締まっていて不快・警戒（怒り/困惑）寄りの表情に見えます。一方で目の見開きと表情筋の緊張があり、覚醒度はやや高めです。
../database/final_database/058/008.jpg,58,008.jpg,4,-0.35,0.3,眉間にしわが寄り、目つきが鋭く口角も下がっていて不快寄りの表情に見えます。一方で驚きや緊張のような軽い覚醒が感じられます。
../database/final_database/058/008.jpg,58,008.jpg,5,-0.52,0.61,眉が寄り目が見開かれており、口元も緊張しているため不快寄りの感情が強いです。表情の緊張感と注意の向きから覚醒度は高めと判断しました。
../database/final_database/058/008.jpg,58,008.jpg,6,-0.42,0.38,眉が寄って目つきが鋭く、口元も緊張しており不快寄りの表情に見えます。一方で表情の緊張感があり覚醒度はやや高めです。
../database/final_database/058/008.jpg,58,008.jpg,7,-0.34,0.32,眉が強く寄り、目元も緊張していて不快・警戒寄りの表情に見えます。一方で口元は大きく開いておらず、興奮は中程度なので覚醒はやや高めに留まります。
../database/final_database/058/008.jpg,58,008.jpg,8,-0.32,0.41,眉が強く寄り、口元も緊張しており不快・警戒の表情に見えます。一方で目が見開かれ筋緊張があるため覚醒度はやや高めです。
../database/final_database/058/008.jpg,58,008.jpg,9,-0.35,0.45,眉間にしわが寄り目が細く、口元も引き締まっていて不快・困惑寄りの表情に見えます。一方で表情筋の緊張があり、覚醒度はやや高めです。
../database/final_database/058/008.jpg,58,008.jpg,10,-0.35,0.45,眉が強く寄り、目元も緊張していて不快・不満寄りの表情に見えます。一方で表情筋の緊張が強く、覚醒度はやや高めです。
../database/final_database/058/009.jpg,58,009.jpg,1,0.12,-0.22,口角がわずかに上がり中立〜軽い好意寄りに見える一方、目元の緊張が少なく落ち着いた表情のため覚醒度は低めと判断しました。
../database/final_database/058/009.jpg,58,009.jpg,2,0.12,-0.18,口角がわずかに上がり、全体として中立〜軽い快の表情に見えます。一方で目の開きや顔の緊張が弱く、覚醒度はやや低めと判断しました。
../database/final_database/058/009.jpg,58,009.jpg,3,0.12,-0.18,口元がわずかに上がっていますが表情全体は穏やかで、強い喜怒哀楽は見られません。目元も落ち着いており緊張感が低いので、やや快・やや低覚醒と判断しました。
../database/final_database/058/009.jpg,58,009.jpg,4,0.05,-0.35,口角がわずかに上がっているものの全体として表情変化が小さく、感情価はほぼ中立に近い快寄りと判断しました。目元や口元の緊張が弱く落ち着いた状態に見えるため、覚醒度は低めです。
../database/final_database/058/009.jpg,58,009.jpg,5,0.18,-0.22,口角がわずかに上がり、全体として中立〜軽い快の表情に見えます。一方で目元や表情筋の緊張が少なく、興奮度は低め（やや非覚醒）と判断しました。
../database/final_database/058/009.jpg,58,009.jpg,6,0.12,-0.18,口角がわずかに上がり、全体として中立〜軽い快の表情に見えます。一方で目元や眉の動きが少なく、興奮度は低めで落ち着いた印象です。
../database/final_database/058/009.jpg,58,009.jpg,7,0.12,-0.18,口角がわずかに上がっており、全体として穏やかな（やや快）表情に見えます。一方で目元や表情筋の緊張が強くなく、覚醒度は低めと判断しました。
../database/final_database/058/009.jpg,58,009.jpg,8,0.12,-0.28,口角がわずかに上がっており全体として中立～軽い快の表情に見えます。一方で目元や眉の動きが小さく、覚醒度は低めに見えます。
../database/final_database/058/009.jpg,58,009.jpg,9,0.12,-0.18,口角がわずかに上がっており全体として中立〜軽い快の表情ですが、目元の緊張が少なく落ち着いた印象です。そのため快度は小さめ、覚醒度はやや低めと判断しました。
../database/final_database/058/009.jpg,58,009.jpg,10,0.22,-0.28,口角がわずかに上がり、全体として穏やかで軽い肯定的感情が見られます。一方で目元の開きや表情筋の緊張が弱く、落ち着いた低覚醒の状態に見えます。
../database/final_database/058/010.jpg,58,010.jpg,1,-0.18,0.22,眉が内側に寄って額にしわがあり、口元もわずかに緊張していて不快寄りに見えます。一方で表情の強さは中程度で、覚醒度はやや高めと判断しました。
../database/final_database/058/010.jpg,58,010.jpg,2,-0.25,0.35,眉が寄り気味で口元も緊張しており、やや不快・困惑の表情に見えます。一方で目の開きや表情筋の緊張から覚醒度は中程度と判断しました。
../database/final_database/058/010.jpg,58,010.jpg,3,-0.25,0.35,眉が寄り気味で口元もやや緊張しており、不安・困惑のような不快寄りの表情に見えます。一方で目が開き表情筋の緊張があるため、覚醒度は中程度に高いと判断しました。
../database/final_database/058/010.jpg,58,010.jpg,4,-0.35,0.2,眉間にしわが寄り、口元が緊張していて不快寄りの表情に見えます。一方で驚きや強い興奮は弱く、覚醒度はやや低めです。
../database/final_database/058/010.jpg,58,010.jpg,5,-0.28,0.32,眉が中央に寄り、わずかにしかめた表情で快より不快寄りに見えます。一方で目は開いて口元も緊張しており、落ち着きよりはやや覚醒度が高い印象です。
../database/final_database/058/010.jpg,58,010.jpg,6,-0.32,0.28,眉が寄って額にしわがあり、口元も緊張していて不快・困惑寄りの表情に見えます。一方で目は開いており表情筋の動きもあるため覚醒度はやや高めです。
../database/final_database/058/010.jpg,58,010.jpg,7,-0.22,0.38,眉が寄り、口元も緊張しており、やや不快・困惑寄りの表情に見えます。一方で目が開いて表情筋の緊張があるため、覚醒度は中程度に高いと判断しました。
../database/final_database/058/010.jpg,58,010.jpg,8,-0.12,0.26,眉が寄り気味で口元もやや緊張しており、少し不快・不安寄りの表情に見えます。一方で目は開いていて表情の動きもあるため、覚醒度はやや高めと判断しました。
../database/final_database/058/010.jpg,58,010.jpg,9,-0.22,0.28,眉が寄り気味で口元も緊張しており、やや不快・困惑の表情に見えます。一方で目は開いていて表情の緊張もあるため、覚醒度はやや高めと判断しました。
../database/final_database/058/010.jpg,58,010.jpg,10,-0.28,0.32,眉間にしわが寄り口元も緊張しており、不快・困惑寄りの表情に見えます。一方で目の開きや顔のこわばりから軽い覚醒（緊張）が感じられます。
../database/final_database/059/001.jpg,59,001.jpg,1,-0.35,0.25,眉が寄って目が細く、口元も緊張しており不快・不満寄りの表情に見えます。一方で動きは強くなく、覚醒度は中程度と判断しました。
../database/final_database/059/001.jpg,59,001.jpg,2,-0.25,0.35,眉が寄り、目が細く口元がやや緊張しているため不快寄りの表情に見えます。表情の緊張感はあるものの強い興奮ではないため、覚醒度は中程度と判断しました。
../database/final_database/059/001.jpg,59,001.jpg,3,-0.18,0.32,眉間にしわが寄り、目が細く口元もやや緊張しており、わずかな不快・困惑の表情に見えます。一方で表情の緊張は中程度で、覚醒度は軽く高めです。
../database/final_database/059/001.jpg,59,001.jpg,4,-0.25,0.35,眉間にしわが寄り、目が細く口元も緊張していて不快寄りに見えます。一方で表情の力が入っており、落ち着いた無表情よりは覚醒度がやや高いと判断しました。
../database/final_database/059/001.jpg,59,001.jpg,5,-0.34,0.22,眉間にしわが寄り、口元も引き結ばれていて不快・不満寄りの表情に見えます。一方で目の見開きや動きは強くなく、覚醒度は中程度です。
../database/final_database/059/001.jpg,59,001.jpg,6,-0.35,0.25,眉が寄り、目が細く口元も緊張しているため不快寄りの表情に見えます。一方で大きな驚きや強い興奮はなく、覚醒度は中程度です。
../database/final_database/059/001.jpg,59,001.jpg,7,-0.24,0.32,眉が寄って目が細く、口元も引き締まっており不快・不満寄りの表情です。一方で表情筋の緊張が見られるため覚醒度はやや高めと判断しました。
../database/final_database/059/001.jpg,59,001.jpg,8,-0.35,0.25,眉が寄り目が細く、口元も緊張しており不快・困惑寄りの表情に見えます。一方で強い驚きや興奮はなく、覚醒度は中程度です。
../database/final_database/059/001.jpg,59,001.jpg,9,-0.25,0.35,眉が寄り、目が細く口元も緊張しており、不快・困惑寄りの表情に見えます。一方で表情の強さは中程度で、覚醒度はやや高めと判断しました。
../database/final_database/059/001.jpg,59,001.jpg,10,-0.25,0.35,眉間にしわが寄り、目が細く口角もやや下がっていて不快寄りに見えます。一方で表情の緊張感があり、落ち着いた無表情よりは覚醒度が少し高い印象です。
../database/final_database/059/002.jpg,59,002.jpg,1,-0.42,0.35,眉が寄り、目が細まり、口角も下がり気味で不快・困惑の表情に見えます。一方で顔の緊張はあるものの激しい興奮ではなく中程度の覚醒と判断しました。
../database/final_database/059/002.jpg,59,002.jpg,2,-0.55,0.35,眉が寄り目が細く、口元も緊張しており不快・困惑寄りの表情に見えます。一方で表情筋の収縮があり、覚醒度は中程度と判断しました。
../database/final_database/059/002.jpg,59,002.jpg,3,-0.35,0.25,眉が寄り目が細く、口元もやや歪んでいて不快・困惑寄りの表情に見えます。一方で表情筋の緊張はあるため覚醒度はやや高めと判断しました。
../database/final_database/059/002.jpg,59,002.jpg,4,-0.35,0.25,眉間にしわが寄り目が細く、口元も緊張していて不快・困惑寄りの表情に見えます。一方で驚きや興奮ほどの強い覚醒はなく、軽い緊張程度です。
../database/final_database/059/002.jpg,59,002.jpg,5,-0.38,0.42,眉が寄り目が細く、口元も緊張していて不快・困惑の表情に見えます。一方で顔全体に力が入っており覚醒度はやや高めです。
../database/final_database/059/002.jpg,59,002.jpg,6,-0.25,0.35,眉間にしわが寄り目が細く、口元も引きつって見えるため、やや不快寄りの表情です。一方で表情の緊張感があり、覚醒度は中程度に高いと判断しました。
../database/final_database/059/002.jpg,59,002.jpg,7,-0.42,0.34,眉が中央に寄り、目が細く口角も下がり気味で不快・苦痛寄りの表情に見えます。一方で表情筋の緊張はあるため、覚醒度はやや高めと判断しました。
../database/final_database/059/002.jpg,59,002.jpg,8,-0.55,0.4,眉が寄り目も細く、口元がやや歪んでおり不快・苦痛寄りの表情に見えます。一方で顔全体に緊張があり、やや覚醒度は高めです。
../database/final_database/059/002.jpg,59,002.jpg,9,-0.62,0.34,眉間にしわが寄り目が細く、口元も緊張していて不快・嫌悪/痛みの表情に見えます。一方で大きく口を開けて叫ぶほどではなく、覚醒度は中程度です。
../database/final_database/059/002.jpg,59,002.jpg,10,-0.45,0.35,眉が寄り目が細く、口角も下がり気味で不快・嫌悪寄りの表情に見えます。表情の緊張はあるものの激しい興奮ではなく中程度の覚醒と判断しました。
../database/final_database/059/003.jpg,59,003.jpg,1,-0.55,0.35,眉が強く寄り、目を閉じて口角が下がっているため不快・苦痛寄りの表情に見えます。一方で顔全体の緊張はあるものの極端ではないため、覚醒度は中程度と判断しました。
../database/final_database/059/003.jpg,59,003.jpg,2,-0.45,0.35,眉が寄り目が強く閉じられ、口元も緊張しており不快・苦痛寄りの表情に見えます。一方で表情筋の収縮が強く、感情の強度は中程度に高いと判断しました。
../database/final_database/059/003.jpg,59,003.jpg,3,-0.62,0.35,眉が強く寄り目が閉じ気味で、口元も緊張しており不快・苦痛寄りの表情に見えます。一方で筋緊張はあるため覚醒度はやや高めと判断しました。
../database/final_database/059/003.jpg,59,003.jpg,4,-0.55,0.25,眉が寄り、目が閉じ、口角が下がって苦痛や不快感を示す表情に見えます。一方で動きは大きいものの極端な興奮状態ではなく、中程度の覚醒と判断しました。
../database/final_database/059/003.jpg,59,003.jpg,5,-0.48,0.32,眉が寄り目が強く閉じられ、口元も引きつっており不快寄りの表情に見えます。一方で表情筋の緊張はあるため覚醒度はやや高めです。
../database/final_database/059/003.jpg,59,003.jpg,6,-0.35,0.4,眉が寄り目を強く閉じ、口元も引きつっており不快・苦痛寄りの表情に見えます。一方で顔全体に緊張があり、覚醒度はやや高めと判断しました。
../database/final_database/059/003.jpg,59,003.jpg,7,-0.55,0.35,眉が寄り目を強く閉じ、口角も下がっているため不快寄りの表情に見えます。一方で表情筋の緊張があり、感情の強度は中程度で覚醒はやや高めです。
../database/final_database/059/003.jpg,59,003.jpg,8,-0.35,0.45,口角が下がり眉が寄っており、やや不快・苦痛の表情に見えます。一方で目を強く閉じるなど表情筋の緊張があり、覚醒度は中程度に高いと判断しました。
../database/final_database/059/003.jpg,59,003.jpg,9,-0.55,0.35,眉が寄り目が強く閉じ、口角も下がり気味で不快・苦痛の表情に見えます。一方で表情筋の緊張が強く、感情の強度はやや高めなので覚醒は中程度と判断しました。
../database/final_database/059/003.jpg,59,003.jpg,10,-0.55,0.35,眉が寄り目が強く閉じられ、口角も下がり気味で不快・苦痛の表情に見えます。一方で表情筋の緊張があり、覚醒度はやや高めと判断しました。
../database/final_database/059/004.jpg,59,004.jpg,1,-0.35,0.25,眉がひそまり口角が下がっており、不快・困惑寄りの表情に見えます。一方で強い興奮や緊張は弱く、覚醒度はやや低〜中程度です。
../database/final_database/059/004.jpg,59,004.jpg,2,-0.32,0.18,口角が下がり、眉もやや寄っていて不快・不満寄りの表情に見えます。一方で目の開きは大きくなく緊張は強くないため、覚醒度は低〜中程度と判断しました。
../database/final_database/059/004.jpg,59,004.jpg,3,-0.42,0.28,眉が寄り気味で口角が下がり、やや不快・困惑の表情に見えます。一方で目は開いており緊張感も少しあるため、覚醒度は中程度と判断しました。
../database/final_database/059/004.jpg,59,004.jpg,4,-0.32,0.22,眉がやや寄り、口角が下がっていて不快寄りの表情に見えます。一方で目の開きや顔の緊張は強すぎず、覚醒度は軽度と判断しました。
../database/final_database/059/004.jpg,59,004.jpg,5,-0.28,0.22,眉が少し寄り、口角が下がり気味で不快・不満寄りの表情に見えます。一方で表情の強度は高すぎず、覚醒度はやや低〜中程度と判断しました。
../database/final_database/059/004.jpg,59,004.jpg,6,-0.45,0.25,眉が寄り、口元が引きつった表情で不快・不満寄りに見えるためvalenceは低めです。一方で表情の緊張はあるものの強い興奮は感じにくく、arousalはやや高めに留まります。
../database/final_database/059/004.jpg,59,004.jpg,7,-0.34,0.22,眉がややひそまり、口角が下がり気味で不快・困惑の印象があるためvalenceはやや低めです。一方で表情の緊張は強すぎず、覚醒度は軽度に高い程度と判断しました。
../database/final_database/059/004.jpg,59,004.jpg,8,-0.32,0.28,眉がややひそみ、口元が緊張して不快・不安寄りの表情に見えます。一方で目は開いており注意が向いた状態で、覚醒度はやや高めです。
../database/final_database/059/004.jpg,59,004.jpg,9,-0.38,0.22,眉が寄り、口角がやや下がって不快・困惑寄りの表情に見えます。一方で目は開いており緊張感はあるものの強い興奮ではないため覚醒は中程度と判断しました。
../database/final_database/059/004.jpg,59,004.jpg,10,-0.38,0.32,口角が下がり眉間に緊張があり、不快・不満寄りの表情に見えます。一方で目が開いて顔全体に力が入っており、覚醒度はやや高めです。
../database/final_database/059/005.jpg,59,005.jpg,1,-0.55,0.35,眉が強くひそまり、目が細く口角も下がって見えるため不快寄りの表情です。一方で表情筋の緊張があり、静かな落ち着きよりはやや覚醒度が高いと判断しました。
../database/final_database/059/005.jpg,59,005.jpg,2,-0.55,0.62,眉間にしわが寄り、口元も緊張していて不快・困惑の表情に見えるためvalenceは低めです。目の開きと表情筋の緊張が強く、覚醒度はやや高いと判断しました。
../database/final_database/059/005.jpg,59,005.jpg,3,-0.55,0.45,眉が寄り目が細く、口元も緊張しており不快・困惑の表情に見えます。一方で顔全体の筋緊張があり、一定の覚醒度が感じられます。
../database/final_database/059/005.jpg,59,005.jpg,4,-0.62,0.48,眉が強く寄り、目も細めで口角が下がっており、不快・困惑（不満）寄りの表情に見えます。表情の緊張があり反応は比較的強めなので覚醒度はやや高めと判断しました。
../database/final_database/059/005.jpg,59,005.jpg,5,-0.62,0.48,眉が強く寄り、目元も緊張して口角が下がっており不快・不安寄りの表情に見えます。一方で顔全体の緊張感があり覚醒度は中程度に高いと判断しました。
../database/final_database/059/005.jpg,59,005.jpg,6,-0.55,0.35,眉がひそまり口角が下がり気味で、不快・不満そうな表情に見えます。目は開いており緊張感もあるため、覚醒度はやや高めと判断しました。
../database/final_database/059/005.jpg,59,005.jpg,7,-0.62,0.48,眉間にしわが寄り目が細く、口元も引きつっていて不快・嫌悪寄りの表情に見えます。緊張感はあるものの激しい興奮ではないため覚醒は中程度です。
../database/final_database/059/005.jpg,59,005.jpg,8,-0.62,0.44,眉が中央に寄って目が細まり、口元も引きつっていて不快・困惑の表情に見えます。表情の緊張はあるものの強い興奮ではないため中程度の覚醒と判断しました。
../database/final_database/059/005.jpg,59,005.jpg,9,-0.62,0.48,眉が寄り、目が細く口角も下がり気味で不快・困惑の表情に見えます。口が少し開き緊張感があるため覚醒度は中程度と判断しました。
../database/final_database/059/005.jpg,59,005.jpg,10,-0.55,0.35,眉が強くしかめられ、口元も緊張しており不快・不満の表情に見えます。一方で目の開きや表情筋の緊張があり、覚醒度はやや高めです。
../database/final_database/059/006.jpg,59,006.jpg,1,-0.62,0.48,眉が寄り目が強く閉じられ、口元も緊張しており不快・苦痛寄りの表情に見えます。一方で表情筋の収縮が強く、覚醒度は中程度に高いと判断しました。
../database/final_database/059/006.jpg,59,006.jpg,2,-0.54,0.47,目を強く閉じて口元が緊張しており、不快感や痛み・嫌悪を示す表情に見えます。一方で表情筋の収縮が強く、覚醒度は中程度に高いと判断しました。
../database/final_database/059/006.jpg,59,006.jpg,3,-0.58,0.22,眉間にしわが寄り目が強く閉じられており、口も緊張していて不快・苦痛の表情に見えます。一方で動きは大きいものの激しい興奮というよりは軽～中程度の覚醒に留まっています。
../database/final_database/059/006.jpg,59,006.jpg,4,-0.62,0.18,眉が寄り目が閉じ気味で、口元も緊張しており不快・痛みのような表情に見えます。一方で動きは強くなく、興奮度は低～中程度と判断しました。
../database/final_database/059/006.jpg,59,006.jpg,5,-0.52,0.34,眉が寄り、目を強く閉じて口角も下がっており、不快・痛みや嫌悪の表情に見えるためvalenceは低めです。一方で表情筋の緊張が強く、反応もはっきりしているのでarousalはやや高めと判断します。
../database/final_database/059/006.jpg,59,006.jpg,6,-0.62,0.28,眉が寄り目が強く閉じられ、口元も緊張していて不快・苦痛寄りの表情に見えます。一方で動きは大きいものの激しい興奮というほどではなく、中程度の覚醒と判断しました。
../database/final_database/059/006.jpg,59,006.jpg,7,-0.62,0.28,眉が寄り目を閉じ気味で、口元も緊張しており不快・痛み/嫌悪に近い表情に見えるためvalenceは低めです。一方で大きな驚きや興奮ほどではなく、緊張はあるのでarousalはやや高めにしました。
../database/final_database/059/006.jpg,59,006.jpg,8,-0.62,0.25,目を強く閉じて眉間にしわが寄り、口元も緊張しており不快・苦痛の表情に見えます。一方で動きは大きいものの興奮というより緊張寄りで、覚醒度は中程度と判断しました。
../database/final_database/059/006.jpg,59,006.jpg,9,-0.62,0.28,眉が寄り目を強く閉じ、口元も緊張しており不快・苦痛寄りの表情に見えます。一方で動きは強くなく、覚醒度は中程度と判断しました。
../database/final_database/059/006.jpg,59,006.jpg,10,-0.62,0.34,眉が寄り目が閉じ気味で、口元も緊張しており不快・苦痛寄りの表情に見えます。一方で強い興奮ではなく、やや緊張した中程度の覚醒度と判断しました。
../database/final_database/059/007.jpg,59,007.jpg,1,-0.28,0.22,眉が寄り、目線が横にそれて口元も引きつった表情で、不快感や警戒がうかがえます。一方で動きは大きくなく、覚醒度はやや低め～中程度と判断しました。
../database/final_database/059/007.jpg,59,007.jpg,2,-0.35,0.3,眉が寄って目線が横に逸れており、口元も緊張していて不快・不満寄りに見えます。一方で表情の強さは中程度で、覚醒度はやや高めと判断しました。
../database/final_database/059/007.jpg,59,007.jpg,3,-0.38,0.22,眉が寄って目線が横に逸れており、口元も引きつった不快・不信感の表情に見えます。一方で叫びや大きな驚きはなく、覚醒度は中程度と判断しました。
../database/final_database/059/007.jpg,59,007.jpg,4,-0.35,0.2,眉が寄って口元も歪み、嫌悪や不満を示す表情に見えます。一方で目の開きは強すぎず、興奮度は中程度と判断しました。
../database/final_database/059/007.jpg,59,007.jpg,5,-0.32,0.18,眉間にしわが寄り、口元も引きつった不快・困惑寄りの表情に見えます。一方で強い驚きや興奮はなく、覚醒度は低〜中程度と判断しました。
../database/final_database/059/007.jpg,59,007.jpg,6,-0.42,0.28,眉間にしわが寄り、口角も下がり気味で不快・不満そうな表情に見えます。一方で目は開いており緊張感があるため、覚醒度はやや高めと判断しました。
../database/final_database/059/007.jpg,59,007.jpg,7,-0.32,0.24,眉がひそめられ口角も下がり気味で、不快・困惑寄りの表情に見えます。一方で目の開きや表情の緊張は強すぎず、覚醒度は中程度と判断しました。
../database/final_database/059/007.jpg,59,007.jpg,8,-0.42,0.35,眉間にしわが寄り、口角が下がっていて不快・不満の表情に見えます。一方で目の開きや表情筋の緊張はあり、覚醒度はやや高めです。
../database/final_database/059/007.jpg,59,007.jpg,9,-0.34,0.29,眉が寄って目線が上に逸れ、口元も引きつり気味で不快・困惑の表情に見えます。一方で表情の緊張はあるものの強い興奮ではなく中程度の覚醒です。
../database/final_database/059/007.jpg,59,007.jpg,10,-0.35,0.25,眉間にしわが寄り、口元も引きつった不快・不満寄りの表情に見えます。一方で目は開いており表情筋の緊張もあるため、覚醒度はやや高めと判断しました。
../database/final_database/059/008.jpg,59,008.jpg,1,-0.35,0.55,眉間にしわが寄り口角も下がっており、不快・嫌悪寄りの表情に見えます。一方で目や口周りに緊張があり、感情の強さ（覚醒度）はやや高めです。
../database/final_database/059/008.jpg,59,008.jpg,2,-0.28,0.42,眉が強く寄り、口元も緊張していて不快・不満の表情に見えます。一方で目つきや顔全体の緊張があり、覚醒度はやや高めと判断しました。
../database/final_database/059/008.jpg,59,008.jpg,3,-0.35,0.25,眉が寄って口角が下がり気味で、不快・不満そうな表情に見えます。一方で目の開きや顔の緊張は強すぎず、覚醒度は中程度と判断しました。
../database/final_database/059/008.jpg,59,008.jpg,4,-0.38,0.34,眉間にしわが寄り、口角が下がって不快・不満そうな表情に見えます。一方で目や顔の緊張があり、落ち着ききった状態よりはやや覚醒度が高い印象です。
../database/final_database/059/008.jpg,59,008.jpg,5,-0.42,0.18,眉間にしわが寄り口角が下がっており、不快・不満寄りの表情に見えます。一方で目の開きや顔の緊張は強すぎず、覚醒度は低〜中程度と判断しました。
../database/final_database/059/008.jpg,59,008.jpg,6,-0.28,0.32,眉間にしわが寄り、口角も下がっていて不快・不満そうな表情に見えます。一方で表情筋の緊張があり、覚醒度はやや高めと判断しました。
../database/final_database/059/008.jpg,59,008.jpg,7,-0.42,0.35,眉間にしわが寄り口角が下がっており、不快・不満そうな表情が見られます。一方で目は開いていて緊張感があり、覚醒度はやや高めです。
../database/final_database/059/008.jpg,59,008.jpg,8,-0.42,0.36,眉間にしわが寄り、口元が引きつった不快・不満そうな表情に見えます。一方で顔の緊張があり、落ち着いた無表情よりは覚醒度がやや高いと判断しました。
../database/final_database/059/008.jpg,59,008.jpg,9,-0.32,0.28,眉をひそめ口角が下がっており、不快・不満寄りの表情に見えます。一方で強い驚きや興奮はなく、覚醒度は中程度と判断しました。
../database/final_database/059/008.jpg,59,008.jpg,10,-0.45,0.3,眉が寄って口角が下がり、嫌悪や不快感を示す表情に見えます。一方で激しい驚きや興奮はなく、覚醒度は中程度です。
../database/final_database/059/009.jpg,59,009.jpg,1,-0.45,0.15,眉が寄り、口角が下がっていて不快・不安や悲しみ寄りの表情に見えます。一方で目の見開きや緊張が強すぎないため、覚醒度は低〜中程度と判断しました。
../database/final_database/059/009.jpg,59,009.jpg,2,-0.48,0.22,眉が寄り、口角が下がり気味で不快・悲しみ寄りの表情に見えます。一方で表情の強度は極端ではなく、覚醒度はやや低～中程度と判断しました。
../database/final_database/059/009.jpg,59,009.jpg,3,-0.52,0.18,口角が下がり気味で眉もやや寄っており、不快・悲しみ寄りの表情に見えます。一方で目の見開きや表情の強さは控えめで、覚醒度は低〜中程度です。
../database/final_database/059/009.jpg,59,009.jpg,4,-0.42,0.18,眉が中央に寄り口角も下がり気味で、不快・悲しみ寄りの表情に見えます。一方で大きく見開いた目や強い緊張は少なく、覚醒度はやや低めです。
../database/final_database/059/009.jpg,59,009.jpg,5,-0.42,0.12,口角が下がり気味で眉間にしわが寄っており、不快・悲しみ寄りの表情に見えます。一方で目の見開きや強い緊張は少なく、覚醒度は低〜中程度です。
../database/final_database/059/009.jpg,59,009.jpg,6,-0.45,0.1,口角が下がり、眉間が寄って不快・悲しみ寄りの表情に見えます。一方で目や口の開きが小さく動きが少ないため、覚醒度は低めと判断しました。
../database/final_database/059/009.jpg,59,009.jpg,7,-0.42,0.18,眉が中央に寄って上がり、口角が下がって緊張した表情のため不快寄りと判断しました。強い興奮は見られず、落ち着いた低〜中程度の覚醒と見えます。
../database/final_database/059/009.jpg,59,009.jpg,8,-0.42,0.18,眉が寄り、口角が下がり気味で不快・悲しみ寄りの表情に見えます。一方で目の開きや表情筋の緊張は強すぎず、覚醒度は低〜中程度です。
../database/final_database/059/009.jpg,59,009.jpg,9,-0.42,0.18,口角が下がり、眉間に軽いしわが寄っていて不快・悲しみ寄りの表情に見えます。一方で表情の強度は高くなく、覚醒度は低～中程度です。
../database/final_database/059/009.jpg,59,009.jpg,10,-0.42,0.12,口角が下がり眉間にしわが寄っており、不快・悲しみ寄りの表情に見えます。一方で目の見開きや筋緊張は強くなく、覚醒度は低〜中程度です。
../database/final_database/059/010.jpg,59,010.jpg,1,-0.45,0.35,眉が寄り、目が細く口角が下がっており、不快・不満寄りの表情に見えます。一方で表情の強さは極端ではなく、適度な緊張感があるため覚醒度はやや高めと判断しました。
../database/final_database/059/010.jpg,59,010.jpg,2,-0.45,0.35,眉間にしわが寄り、口角も下がり気味で不快・不満の表情に見えるためvalenceは低めです。強い驚きではないものの緊張や不快感が感じられるのでarousalはやや高めです。
../database/final_database/059/010.jpg,59,010.jpg,3,-0.35,0.25,眉が寄って額にしわがあり、口元も引きつっていて不快寄りに見えるためvalenceは低めです。一方で表情の緊張はあるが強い興奮ではなく、中程度の覚醒と判断しました。
../database/final_database/059/010.jpg,59,010.jpg,4,-0.38,0.42,眉間にしわが寄り、口元も緊張していて不快寄りの表情に見えます。一方で目や額の緊張があり、ある程度の覚醒（緊張・警戒）が感じられます。
../database/final_database/059/010.jpg,59,010.jpg,5,-0.42,0.25,眉間にしわが寄り、口角もやや下がって見えるため不快寄りの表情です。一方で強い興奮というよりは軽い緊張・不安程度に見えるため覚醒は中程度にしました。
../database/final_database/059/010.jpg,59,010.jpg,6,-0.35,0.3,眉が中央に寄り額にしわがあり、口元も引きつって見えるため不快寄りの表情です。一方で目は開いており緊張感があるため、覚醒度はやや高めと判断しました。
../database/final_database/059/010.jpg,59,010.jpg,7,-0.35,0.25,眉間にしわが寄り、口元も緊張していて不快寄りの表情に見えます。一方で強い興奮や活力は感じにくく、覚醒度はやや低～中程度です。
../database/final_database/059/010.jpg,59,010.jpg,8,-0.35,0.25,眉が寄って額にしわがあり、口角もやや下がっていて不快寄りの表情に見えます。一方で目の開きは極端ではなく、強い興奮というより軽い緊張・不安程度の覚醒に留まっています。
../database/final_database/059/010.jpg,59,010.jpg,9,-0.42,0.35,眉間にしわが寄り、口角もやや下がっていて不快・困惑寄りの表情に見えます。一方で目は開いており緊張感があるため覚醒度は中程度と判断しました。
../database/final_database/059/010.jpg,59,010.jpg,10,-0.35,0.3,眉間にしわが寄り、口角もやや下がっていて不快・不満寄りの表情に見えます。一方で表情の緊張は強すぎず、覚醒度は中程度と判断しました。
../database/final_database/060/001.jpg,60,001.jpg,1,0.05,0.12,口が少し開いていて驚きや戸惑いに近い表情ですが、笑顔や強い不快感は見られません。全体として中立寄りで、覚醒度もわずかに高い程度と判断しました。
../database/final_database/060/001.jpg,60,001.jpg,2,0.05,0.15,口が少し開いていて表情は概ね中立に近いですが、わずかに緊張や戸惑いが感じられます。強い喜び・怒りなどの高覚醒感は見られないため、覚醒度は低めにしました。
../database/final_database/060/001.jpg,60,001.jpg,3,-0.08,0.22,口が少し開き、目元は大きな笑顔ではなく中立～わずかに不快寄りに見えます。表情の動きは小さめですが発話中のようで軽い覚醒が感じられます。
../database/final_database/060/001.jpg,60,001.jpg,4,0.05,0.25,口が少し開き眉や口角の大きな上がり下がりがなく、強い喜び・怒り・悲しみは見られません。軽い発話中／驚きに近い状態で、快不快はほぼ中立、覚醒はやや高めと判断しました。
../database/final_database/060/001.jpg,60,001.jpg,5,-0.18,0.22,口が少し開いて眉や目元にわずかな緊張があり、快よりもやや不快寄りに見えます。一方で強い興奮や沈静は感じにくく、覚醒度は軽度です。
../database/final_database/060/001.jpg,60,001.jpg,6,-0.06,0.12,口が少し開き、目が半開きで表情の快・不快がはっきりしないためvalenceはわずかに不快寄りにしました。緊張感や活発さは強くなく、軽い反応が見られる程度なのでarousalは低めの覚醒にしました。
../database/final_database/060/001.jpg,60,001.jpg,7,0.05,0.1,口が少し開いており驚きや発話中のようにも見えますが、口角の上がり下がりや眉の動きが弱く強い快・不快は読み取りにくいです。全体として中性に近く、わずかに覚醒度が高い表情と判断しました。
../database/final_database/060/001.jpg,60,001.jpg,8,0.12,0.18,口が少し開いていて表情は中立〜わずかに快寄りに見えますが、目元の緊張が少なく感情強度は高くありません。驚きや怒りのような強い覚醒サインも乏しいため、arousalは軽度にとどめます。
../database/final_database/060/001.jpg,60,001.jpg,9,-0.08,0.24,口が少し開き目も半開きで、驚きや戸惑いのようなわずかな不快感が見られます。一方で強い緊張や興奮はなく、覚醒度は中程度に留まります。
../database/final_database/060/001.jpg,60,001.jpg,10,0.08,0.22,口が少し開いており、表情は強い笑顔でも険しさでもなく中立に近い印象です。わずかに興味・反応が出ている程度で覚醒は低〜中程度と判断しました。
../database/final_database/060/002.jpg,60,002.jpg,1,0.25,-0.05,口角がわずかに上がり、全体として穏やかでやや肯定的な表情に見えます。一方で目元の動きが小さく緊張感も低いため、覚醒度は中立〜やや低めと判断しました。
../database/final_database/060/002.jpg,60,002.jpg,2,0.18,-0.22,口角がわずかに上がり、全体として穏やかで軽いポジティブさが見られます。一方で目元や表情の動きが小さく、興奮度は低めに見えます。
../database/final_database/060/002.jpg,60,002.jpg,3,0.18,-0.12,口角がわずかに上がり、表情は穏やかで軽いポジティブさが見られます。一方で目元や眉の動きは小さく、全体として落ち着いた低覚醒の状態に見えます。
../database/final_database/060/002.jpg,60,002.jpg,4,0.2,-0.1,口角がわずかに上がり、全体に穏やかな表情で軽い快の印象です。一方で目の開きや表情筋の緊張が強くなく、覚醒度はやや低めに見えます。
../database/final_database/060/002.jpg,60,002.jpg,5,0.26,-0.12,口角がわずかに上がり全体に穏やかな表情で、弱い快が示唆されます。一方で目元や表情筋の緊張が強くなく、覚醒度はやや低めに見えます。
../database/final_database/060/002.jpg,60,002.jpg,6,0.18,-0.12,口角がわずかに上がり、全体として中立〜軽い快の表情に見えます。一方で目元の緊張や大きな動きが少なく、覚醒度はやや低めと判断しました。
../database/final_database/060/002.jpg,60,002.jpg,7,0.12,-0.18,口角がわずかに上がり、表情は中立〜軽い快の印象です。一方で目元や眉の緊張が少なく、全体として覚醒度は低めに見えます。
../database/final_database/060/002.jpg,60,002.jpg,8,0.12,-0.08,口角がわずかに上がり、表情は中立〜軽い快の印象です。一方で目元の緊張や開きが強くなく、全体として落ち着いた低覚醒に見えます。
../database/final_database/060/002.jpg,60,002.jpg,9,0.22,-0.18,口角がわずかに上がり、表情は穏やかで不快感は少ないため軽い快のvalenceです。一方で目や口の開きが控えめで緊張感が弱く、覚醒度はやや低めと判断しました。
../database/final_database/060/002.jpg,60,002.jpg,10,0.2,-0.1,口角がわずかに上がり、全体として穏やかな表情で軽い快が見られます。一方で目の開きや表情筋の緊張は強くなく、覚醒度はやや低めです。
../database/final_database/060/003.jpg,60,003.jpg,1,0.08,0.12,口がわずかに開いていて表情は中立寄りで、強い快・不快のサインは見られません。視線や口元に軽い緊張があり、覚醒度はわずかに高めと判断しました。
../database/final_database/060/003.jpg,60,003.jpg,2,0.1,0.15,口がわずかに開いていて緊張感は弱いものの、目元や口角に強い笑顔・怒りの特徴がなく全体的に中立寄りに見えます。驚きや興奮も強くないため、覚醒度はやや低〜中程度と判断しました。
../database/final_database/060/003.jpg,60,003.jpg,3,0.15,0.05,口がわずかに開いていて表情は中立〜軽い微笑に見え、強い不快感は感じません。目元や眉の動きが小さく、興奮や緊張も低めに見えるため覚醒度は低めです。
../database/final_database/060/003.jpg,60,003.jpg,4,0.12,0.18,口がわずかに開いていて緊張感の少ない中立寄りの表情ですが、目元がやや硬く微かな不安も感じられます。全体として快・不快はほぼ中間で、覚醒度も低〜中程度です。
../database/final_database/060/003.jpg,60,003.jpg,5,0.12,0.1,口がわずかに開き、表情は穏やかで中立に近い印象です。強い喜びや怒りなどの緊張感は少なく、覚醒度も低めに見えます。
../database/final_database/060/003.jpg,60,003.jpg,6,0.05,0.12,口元がわずかに上がり、全体として中立〜軽い快の表情に見えます。目や眉の緊張が強くなく、覚醒度も低め〜やや低めと判断しました。
../database/final_database/060/003.jpg,60,003.jpg,7,0.1,0.05,口がわずかに開いていて表情は中立〜軽い好意寄りに見える一方、眉や目元の緊張は強くなく落ち着いた印象です。強い喜怒哀楽は見られないため覚醒度も低めに推定します。
../database/final_database/060/003.jpg,60,003.jpg,8,0.15,0.05,口が少し開いていてわずかに微笑んでいるように見える一方、目元は大きな変化がなく落ち着いた印象です。強い喜怒哀楽は感じにくく、やや快寄り・低覚醒と判断しました。
../database/final_database/060/003.jpg,60,003.jpg,9,0.12,0.18,口がわずかに開き、表情は中立に近いものの少し柔らかい印象で不快感は強くありません。目や眉の動きは小さく、覚醒度も低〜中程度に見えます。
../database/final_database/060/003.jpg,60,003.jpg,10,0.1,0.05,口がわずかに開いていて驚きや困惑が少し混じるものの、眉や目元の緊張が強くなく全体として中立寄りに見えます。強い活性（興奮）も沈静（眠気）も感じにくいため覚醒度は低めです。
../database/final_database/060/004.jpg,60,004.jpg,1,0.22,-0.08,口角がわずかに上がり、表情は穏やかで中程度に快の方向です。一方で目の開きや表情筋の緊張が強くなく、覚醒度は低めに見えます。
../database/final_database/060/004.jpg,60,004.jpg,2,0.32,0.05,口角がわずかに上がり、表情全体は穏やかで軽い快の印象があります。一方で目の開きや表情筋の緊張が強くなく、覚醒度は低めに見えます。
../database/final_database/060/004.jpg,60,004.jpg,3,0.22,-0.12,口角がわずかに上がり表情は穏やかで、軽い快の印象があります。一方で目元や表情の動きが小さく、覚醒度は低めに見えます。
../database/final_database/060/004.jpg,60,004.jpg,4,0.25,-0.15,口角がわずかに上がり表情は穏やかで、不快感は少ないためvalenceはやや正寄りです。目や眉の動きが小さく全体として落ち着いて見えるためarousalは低めと判断しました。
../database/final_database/060/004.jpg,60,004.jpg,5,0.2,-0.1,口角がわずかに上がり穏やかな表情で、強い不快感は見られません。一方で目の開きや表情筋の緊張が弱く、覚醒度は低めに見えます。
../database/final_database/060/004.jpg,60,004.jpg,6,0.35,-0.05,口角がわずかに上がり、表情は穏やかで軽いポジティブさが見られます。一方で目の開きや顔全体の緊張が少なく、覚醒度は低めに見えます。
../database/final_database/060/004.jpg,60,004.jpg,7,0.12,-0.18,口角がわずかに上がり、表情は穏やかで軽い快の印象があります。一方で目元の動きが少なく全体に落ち着いているため、覚醒度はやや低めと判断しました。
../database/final_database/060/004.jpg,60,004.jpg,8,0.15,-0.1,口角がわずかに上がり、表情は軽い肯定的（やや快）に見えます。一方で目や眉の動きが少なく全体に落ち着いた印象のため、覚醒度はやや低めと判断しました。
../database/final_database/060/004.jpg,60,004.jpg,9,0.22,-0.18,口元がわずかに上がり、全体に穏やかな表情で軽い快の印象があります。一方で目の開きや筋緊張が強くなく、興奮度は低めに見えます。
../database/final_database/060/004.jpg,60,004.jpg,10,0.22,-0.18,口角がわずかに上がり、表情は穏やかで軽い快の印象があります。一方で目や眉の動きは小さく、全体として落ち着いていて覚醒度は低めに見えます。
../database/final_database/060/005.jpg,60,005.jpg,1,-0.35,0.4,口が半開きで緊張や不安を感じる表情で、快より不快寄りに見えます。目つきもやや硬く、落ち着きよりもやや覚醒度が高い印象です。
../database/final_database/060/005.jpg,60,005.jpg,2,-0.1,0.35,口が少し開いて眉間に軽い緊張があり、戸惑い・不安寄りの表情に見えるため快は低めです。一方で注意が向いている感じがあり、覚醒度はやや高めと判断しました。
../database/final_database/060/005.jpg,60,005.jpg,3,-0.05,0.35,口が少し開いていて緊張や驚きに近い表情で、快・不快は中立〜わずかに不快寄りに見えます。目元の力と表情の硬さから覚醒度はやや高めと判断しました。
../database/final_database/060/005.jpg,60,005.jpg,4,-0.15,0.35,口が少し開き眉がやや下がっており、不快・困惑寄りの表情に見えます。一方で目が開いて注視しているため覚醒度はやや高めと判断しました。
../database/final_database/060/005.jpg,60,005.jpg,5,-0.15,0.25,口が少し開き眉もやや寄っており、軽い戸惑い・不快寄りの表情に見えます。一方で目は開いていて緊張感があり、覚醒度はやや高めと判断しました。
../database/final_database/060/005.jpg,60,005.jpg,6,-0.15,0.25,口が半開きで眉や目元に緊張があり、快よりもやや不快寄りに見えます。驚き・困惑のような軽い覚醒状態が感じられます。
../database/final_database/060/005.jpg,60,005.jpg,7,-0.18,0.42,口が少し開き眉間もわずかに寄っており、快というより困惑・不安寄りの表情に見えます。視線が定まり緊張感があるため、覚醒度はやや高めと判断しました。
../database/final_database/060/005.jpg,60,005.jpg,8,-0.25,0.35,口が半開きで眉間がやや寄っており、快というより困惑・不快寄りの表情に見えます。一方で目や口周りに緊張があり、覚醒度はやや高めです。
../database/final_database/060/005.jpg,60,005.jpg,9,-0.1,0.3,口がやや開き目が細めで、驚きや困惑のような不快寄りの表情に見えます。表情の緊張感はあるものの極端ではないため、覚醒度は中程度と判断しました。
../database/final_database/060/005.jpg,60,005.jpg,10,-0.22,0.41,口が開いて眉がやや下がり、驚きや戸惑い・不快寄りの表情に見えるためvalenceは低めです。一方で目が開き気味で表情筋の動きもあるため覚醒度はやや高めと判断しました。
../database/final_database/060/006.jpg,60,006.jpg,1,0.12,-0.18,口元がわずかに上がっており強い不快感は見られないため、valenceはやや快寄りです。一方で目や眉の動きが小さく表情の活性が低いため、arousalはやや低めと判断しました。
../database/final_database/060/006.jpg,60,006.jpg,2,0.12,-0.22,口角がわずかに上がり全体として中立〜軽い快の表情ですが、目元の動きが小さく落ち着いて見えるため覚醒度は低めです。
../database/final_database/060/006.jpg,60,006.jpg,3,0.1,0.05,口元がわずかに上がり、全体として中立〜やや快の表情に見えます。目の開きや表情筋の動きが小さく、覚醒度は低めです。
../database/final_database/060/006.jpg,60,006.jpg,4,0.12,-0.05,口角がわずかに上がり穏やかな表情で、強い不快感は見られません。一方で目元の動きが少なく全体に落ち着いているため覚醒度は低めです。
../database/final_database/060/006.jpg,60,006.jpg,5,0.12,-0.18,口元がわずかに上がっており軽い快の印象ですが、目元の動きが少なく全体として落ち着いた表情です。そのためvalenceは小さく正、arousalはやや低めと判断しました。
../database/final_database/060/006.jpg,60,006.jpg,6,0.18,-0.12,口元がわずかに上がり、全体として穏やかで軽い快の印象です。一方で目の開きや表情筋の緊張が強くなく、覚醒度は低めに見えます。
../database/final_database/060/006.jpg,60,006.jpg,7,0.12,-0.28,口角がわずかに上がっているように見え、軽いポジティブさはあるものの表情全体は落ち着いています。目の開きや表情筋の緊張が弱く、覚醒度は低めと判断しました。
../database/final_database/060/006.jpg,60,006.jpg,8,0.12,-0.18,口角がわずかに上がり不快感は弱い一方、目元や表情筋の緊張が少なく全体に落ち着いた印象です。強い興奮や警戒は見られません。
../database/final_database/060/006.jpg,60,006.jpg,9,0.18,-0.12,口元がわずかに上がっており大きな不快感は見られないため、valenceはやや快寄りです。一方で目の開きが小さく表情の動きも弱いので、arousalはやや低めと判断しました。
../database/final_database/060/006.jpg,60,006.jpg,10,0.06,-0.18,口角がわずかに上がっているように見える一方、目元はリラックスしており強い興奮や緊張は感じられません。全体として中立寄りで低覚醒の表情です。
../database/final_database/060/007.jpg,60,007.jpg,1,0.15,0.05,口が少し開き目元も柔らかく、軽い興味・安心に近い表情に見えます。一方で笑顔の強さや緊張感は弱く、覚醒度は低めと判断しました。
../database/final_database/060/007.jpg,60,007.jpg,2,0.12,0.18,口が少し開いており驚き・発話中のような表情で、強い不快や快は見られません。目元の緊張も弱く、覚醒度はやや低〜中程度に留まります。
../database/final_database/060/007.jpg,60,007.jpg,3,0.05,0.1,口が少し開いていて驚き・困惑のような中立寄りの表情に見えるため、快不快はほぼ中間に近いと判断しました。目元の緊張は強くなく、覚醒度も低〜中程度に留まると見積もりました。
../database/final_database/060/007.jpg,60,007.jpg,4,0.05,0.1,口が少し開き目元も緩んでおり、軽い関心や呼びかけのような中性的表情に見えます。強い快・不快は感じにくく、覚醒度も低〜中程度です。
../database/final_database/060/007.jpg,60,007.jpg,5,0.12,0.08,口が少し開いていて表情は比較的ニュートラルですが、わずかに穏やか・好意的に見えます。目元や口元の緊張が強くなく、覚醒度も低めと判断しました。
../database/final_database/060/007.jpg,60,007.jpg,6,0.12,0.18,口が少し開いて目元も緊張が弱く、驚きや不安ほど強い覚醒は見られません。全体として中立寄りで、わずかに快方向の表情に見えます。
../database/final_database/060/007.jpg,60,007.jpg,7,0.05,-0.1,口が少し開いていて表情の緊張は弱く、強い喜び・不快のどちらにも偏らない中立寄りに見えます。目元の動きも小さく全体として落ち着いた印象のため、覚醒度はやや低めと判断しました。
../database/final_database/060/007.jpg,60,007.jpg,8,0.12,0.18,口が少し開き、目元も大きく変化しておらず、驚きや軽い興味のような中立寄りの表情に見えます。強い緊張や強い喜びは感じにくいため、快・覚醒ともに小さめに見積もりました。
../database/final_database/060/007.jpg,60,007.jpg,9,0.2,0.1,口が少し開いていて驚き・発声中のように見える一方、笑顔や強い不快のサインは弱く全体に中立寄りです。目元や眉の緊張も強くないため覚醒度も低〜中程度と判断しました。
../database/final_database/060/007.jpg,60,007.jpg,10,0.1,0.2,口が少し開いていて表情はおだやかで、強い不快感や喜びは見られません。視線や口元の動きから軽い興味・反応があり、覚醒度はやや高めと判断しました。
../database/final_database/060/009.jpg,60,009.jpg,1,-0.28,0.32,眉が寄り気味で口角も上がっておらず、やや不快・困惑の表情に見えます。一方で目は開いており表情筋の緊張もあるため、覚醒度はやや高めと判断しました。
../database/final_database/060/009.jpg,60,009.jpg,2,-0.15,0.35,口元がやや引きつり、眉間に軽い緊張が見られるため快ではなく少し不快寄りに判断しました。目は開いており表情筋の動きもあるので、覚醒度はやや高めです。
../database/final_database/060/009.jpg,60,009.jpg,3,-0.24,0.18,口元が引きつり、眉間にわずかな寄りがあり、快よりもやや不快・困惑寄りの表情に見えます。一方で目の開きは強くなく、緊張はあるものの覚醒度は軽度です。
../database/final_database/060/009.jpg,60,009.jpg,4,-0.25,0.2,眉がややひそまり口元も緊張しており、軽い不快・困惑の表情に見えます。一方で目の開きや表情の強さは中程度で、覚醒度はやや低め～中程度と判断しました。
../database/final_database/060/009.jpg,60,009.jpg,5,-0.22,0.18,口元がやや引きつり、眉間に軽いしわが見られるため不快寄りの感情と判断しました。一方で表情の強さは弱く、緊張や驚きは限定的なので覚醒度は低めです。
../database/final_database/060/009.jpg,60,009.jpg,6,-0.22,0.18,口角がやや下がり、眉間に軽い緊張が見られるため、やや不快寄りの表情です。一方で目の開きは極端ではなく、緊張も強くないため覚醒度は低～中程度です。
../database/final_database/060/009.jpg,60,009.jpg,7,-0.32,0.18,眉がやや寄り、口角が下がり気味で不快・困惑寄りの表情に見えます。一方で表情の強さは強烈ではなく、覚醒度は低〜中程度と判断しました。
../database/final_database/060/009.jpg,60,009.jpg,8,-0.22,0.18,眉間にしわが寄り口角がやや下がっており、困惑・不快寄りの表情に見えます。一方で表情の強度は高くなく、覚醒度は低〜中程度と判断しました。
../database/final_database/060/009.jpg,60,009.jpg,9,-0.22,0.18,眉が寄って口角がやや下がり、困惑・不快寄りの表情に見えます。強い興奮はなく、覚醒度は低〜中程度です。
../database/final_database/060/009.jpg,60,009.jpg,10,-0.18,0.12,眉が寄り、口元がやや引きつっていて不快・困惑寄りの表情に見えます。一方で大きな驚きや興奮はなく、覚醒度は低〜中程度です。
../database/final_database/060/010.jpg,60,010.jpg,1,0.12,0.08,口がわずかに開いており表情は中立〜わずかにポジティブに見える一方、眉や目元の緊張は強くありません。全体として落ち着いており覚醒度も低めです。
../database/final_database/060/010.jpg,60,010.jpg,2,0.05,0.15,口がわずかに開いており、表情はおおむね中立で軽い関心・注意が示唆されます。強い喜びや不快のサインは少なく、覚醒度も低〜中程度に見えます。
../database/final_database/060/010.jpg,60,010.jpg,3,0.1,0.25,口元がわずかに緩み、表情全体は中立〜やや好意的に見えます。目や口の開きが小さく、興奮度は低〜中程度と判断しました。
../database/final_database/060/010.jpg,60,010.jpg,4,0.15,0.05,口元がわずかに上がり、表情は中立〜軽い好意に見えるためvalenceはやや正寄りです。目や眉の動きが少なく、緊張や興奮は強くないためarousalはほぼ中立です。
../database/final_database/060/010.jpg,60,010.jpg,5,0.05,0.1,口がわずかに開き、表情はほぼ中立で強い喜怒哀楽は見られません。目元・眉の緊張も小さく、覚醒度も低〜中程度と判断しました。
../database/final_database/060/010.jpg,60,010.jpg,6,0.12,0.06,口元がわずかに開いており、強い笑顔や怒りなどの明確な感情シグナルは少ないため、快・不快はほぼ中立寄りと判断しました。目元や眉の緊張も弱く、覚醒度も低めの中立に近い状態です。
../database/final_database/060/010.jpg,60,010.jpg,7,0.1,0.05,口元がわずかに開き表情は比較的中立で、強い喜びや不快のサインは少ないためvalenceは軽度の快寄りにしました。目元や眉の緊張も弱く全体の動きが小さいため、arousalは低めの中立付近と判断しました。
../database/final_database/060/010.jpg,60,010.jpg,8,0.1,0.25,口元がわずかに開き、表情は中立〜軽い好意に見える一方、笑顔の強さは弱く落ち着いた印象です。目元の緊張も少なく、覚醒度は低〜中程度と判断しました。
../database/final_database/060/010.jpg,60,010.jpg,9,0.05,0.12,口がわずかに開いており緊張や戸惑いが少し見える一方、眉や口角に強い不快サインは少ないため中立寄りの快と判断しました。表情の変化は小さく、覚醒度も低〜中程度です。
../database/final_database/060/010.jpg,60,010.jpg,10,-0.12,0.18,口が少し開き、眉や目元にわずかな緊張が見られ、快でも不快でもないがやや不快寄りに見えます。表情の動きは大きくなく、覚醒度は低〜中程度です。
../database/final_database/061/001.jpg,61,001.jpg,1,-0.35,0.3,眉間にしわが寄り、目が細く口角も下がり気味で不快寄りの表情に見えます。一方で表情の緊張は中程度で、強い興奮というより軽い覚醒状態です。
../database/final_database/061/001.jpg,61,001.jpg,2,-0.25,0.35,眉が寄り、目も細めで口角がやや下がっており、不快寄りの表情に見えます。一方で表情筋の緊張があり、落ち着いた無表情よりは覚醒度が少し高いと判断しました。
../database/final_database/061/001.jpg,61,001.jpg,3,-0.25,0.15,口角がわずかに下がり、眉間にしわが寄っていて不快・困惑寄りの表情に見えます。一方で表情の強さは中程度で、覚醒度はやや低めと判断しました。
../database/final_database/061/001.jpg,61,001.jpg,4,-0.22,0.18,眉が寄り気味で目が細く、口元も緊張しているためやや不快寄りに見えます。一方で表情の強さは中程度で、覚醒度はわずかに高い程度です。
../database/final_database/061/001.jpg,61,001.jpg,5,-0.32,0.28,眉間にしわが寄り、目が細く口元も引き締まっていて不快・困惑寄りに見えます。一方で強い興奮というよりは軽い緊張程度の覚醒感です。
../database/final_database/061/001.jpg,61,001.jpg,6,-0.25,0.15,眉が寄って目が細く、口元も強い笑顔ではなく緊張や不快寄りの表情に見えます。一方で表情の強度は高すぎず、覚醒度はやや低〜中程度と判断しました。
../database/final_database/061/001.jpg,61,001.jpg,7,-0.25,0.3,眉が寄り目が細く、口元もわずかに緊張して見えるため不快寄りです。一方で表情の緊張感があり覚醒度はやや高めと判断しました。
../database/final_database/061/001.jpg,61,001.jpg,8,-0.35,0.25,眉が寄って目が細く、口元も緊張しており不快寄りの表情に見えます。一方で驚きや強い興奮はなく、覚醒度は中程度です。
../database/final_database/061/001.jpg,61,001.jpg,9,-0.28,0.32,眉間にしわが寄り、目が細く口元も引きつった表情で、不快寄りに見えます。一方で目や眉の緊張があり、覚醒度はやや高めと判断しました。
../database/final_database/061/001.jpg,61,001.jpg,10,-0.35,0.3,眉が寄り目が細く、口角も下がり気味で不快・不満そうな表情に見えます。一方で表情の緊張はあるものの激しい興奮ではなく中程度の覚醒と判断しました。
../database/final_database/061/002.jpg,61,002.jpg,1,-0.35,0.25,眉間にしわが寄り、口元も緊張していて不快・不満の表情に見えます。一方で強い驚きや興奮はなく、覚醒度は中程度です。
../database/final_database/061/002.jpg,61,002.jpg,2,-0.35,0.45,眉間にしわが寄り口角もやや下がっており、不快・不満寄りの表情に見えます。一方で目は開いていて表情筋の緊張もあるため、覚醒度は中程度に高いと判断しました。
../database/final_database/061/002.jpg,61,002.jpg,3,-0.35,0.3,眉をひそめて口角が下がり、やや不快・不満そうな表情に見えます。一方で驚きや強い興奮はなく、覚醒度は中程度です。
../database/final_database/061/002.jpg,61,002.jpg,4,-0.45,0.25,眉をひそめて目線が横に逸れており、口元も緊張していて不快寄りの表情に見えます。一方で驚きや強い興奮は少なく、軽い警戒・困惑程度の覚醒度です。
../database/final_database/061/002.jpg,61,002.jpg,5,-0.42,0.31,眉間にしわが寄り口角も下がり気味で、不快・不満そうな表情に見えます。一方で目は開いており緊張感があるため、覚醒度はやや高めと判断しました。
../database/final_database/061/002.jpg,61,002.jpg,6,-0.35,0.25,眉間にしわが寄り口角も下がっており、不快・不満寄りの表情に見えます。一方で動きは強くなく、覚醒度は中程度にとどまる印象です。
../database/final_database/061/002.jpg,61,002.jpg,7,-0.35,0.3,眉が寄っており口元もわずかに緊張していて、不快・不満寄りの表情に見えます。一方で目は開いており表情の動きもあるため、覚醒度は中程度と判断しました。
../database/final_database/061/002.jpg,61,002.jpg,8,-0.42,0.35,眉間にしわが寄り、口元も引きつっていて不快・不満寄りの表情に見えます。一方で目は開いており緊張感があるため、覚醒度はやや高めと判断しました。
../database/final_database/061/002.jpg,61,002.jpg,9,-0.35,0.4,眉が強く寄っており口元も引き気味で、不快・警戒のニュアンスが見られます。一方で目の開きはあり緊張感もあるため、覚醒度はやや高めと判断しました。
../database/final_database/061/002.jpg,61,002.jpg,10,-0.35,0.2,眉がひそめられ口元も緊張しており、不快・不満そうな表情に見えます。一方で目の開きや顔全体の緊張は強すぎず、覚醒度は中程度と判断しました。
../database/final_database/061/003.jpg,61,003.jpg,1,-0.24,0.28,眉が強く寄っており口元も引き締まっていて、困惑や不快感が示唆されます。一方で表情の緊張はあるため覚醒度はやや高めと判断しました。
../database/final_database/061/003.jpg,61,003.jpg,2,-0.32,0.28,眉が内側に寄り、口角がわずかに下がって見えるため不快寄りの感情が示唆されます。一方で目は開いていて緊張感があり、覚醒度はやや高めと判断しました。
../database/final_database/061/003.jpg,61,003.jpg,3,-0.32,0.28,眉が中央に寄って上がり、口角が下がり気味で不快・困惑寄りの表情に見えます。一方で目は開いており表情筋の緊張もあるため、覚醒度はやや高めです。
../database/final_database/061/003.jpg,61,003.jpg,4,-0.32,0.22,眉が寄り、口角がやや下がって見えるため不快寄りの印象です。一方で表情の強度は強すぎず、覚醒度はやや低〜中程度と判断しました。
../database/final_database/061/003.jpg,61,003.jpg,5,-0.35,0.25,眉が寄っていて口元も緊張しており、不快・不安寄りの表情に見えます。一方で目は開いていて注意・警戒の要素があり、覚醒度はやや高めです。
../database/final_database/061/003.jpg,61,003.jpg,6,-0.18,0.22,眉が寄って額にしわがあり、口元も緊張していてやや不快寄りに見えます。一方で目は開いており表情の緊張があるため、覚醒度は低すぎず中程度です。
../database/final_database/061/003.jpg,61,003.jpg,7,-0.25,0.32,口角がやや下がり、眉間にしわが寄っていて不快・困惑寄りの表情に見えます。一方で目は開いており緊張感があるため、覚醒度はやや高めと判断しました。
../database/final_database/061/003.jpg,61,003.jpg,8,-0.35,0.25,眉が寄り、口角がやや下がって見えるため不快寄りの感情が示唆されます。一方で表情の強度は高すぎず、緊張・警戒程度の中程度の覚醒と判断しました。
../database/final_database/061/003.jpg,61,003.jpg,9,-0.42,0.31,眉が寄って不安・困惑の表情が見られ、口元も緊張しているため不快寄りです。目は開いており表情筋の緊張もあるので覚醒度はやや高めと判断しました。
../database/final_database/061/003.jpg,61,003.jpg,10,-0.28,0.34,眉が寄っていて不安・困惑の表情に見え、口元も引き気味で快より不快寄りです。目は開いており緊張感があるため、覚醒度はやや高めと判断しました。
../database/final_database/061/004.jpg,61,004.jpg,1,-0.22,0.38,眉を寄せて片目をつむり、口元も緊張していて不快・困惑寄りの表情に見えます。一方で表情筋の緊張があり、覚醒度はやや高めです。
../database/final_database/061/004.jpg,61,004.jpg,2,-0.22,0.38,片目を細め眉をひそめた表情で、やや不快・困惑のニュアンスが強いです。一方で口元に力が入っており注意や警戒が感じられるため、覚醒度はやや高めと判断しました。
../database/final_database/061/004.jpg,61,004.jpg,3,-0.22,0.18,片目を強くつむり、口元もやや緊張していて不快・困惑寄りの表情に見えます。一方で動きは大きくなく、興奮度は中程度に留まります。
../database/final_database/061/004.jpg,61,004.jpg,4,-0.32,0.18,片目を細め口元が引きつったように見え、やや不快・困惑の表情が示唆されます。一方で表情の強さは中程度で、覚醒度は低〜中程度と判断しました。
../database/final_database/061/004.jpg,61,004.jpg,5,-0.32,0.28,眉が寄り、片目をつぶって口角もやや下がっており、不快・困惑寄りの表情に見えます。一方で表情の強度は中程度で、覚醒度はやや高い程度と判断しました。
../database/final_database/061/004.jpg,61,004.jpg,6,-0.25,0.45,眉をひそめて片目を強くつぶり、口元も緊張しているため不快寄りの表情に見えます。一方で顔の筋緊張が強く、注意・反応が高い状態なので覚醒度はやや高めと判断しました。
../database/final_database/061/004.jpg,61,004.jpg,7,-0.18,0.22,片目を強くつぶり眉間にしわが寄っており、口元も引きつっているため快よりやや不快寄りに見えます。表情の緊張はあるものの極端ではないため、覚醒度は軽く高めと判断しました。
../database/final_database/061/004.jpg,61,004.jpg,8,-0.28,0.42,片目を強くつぶり眉が寄っており、口元も緊張しているため不快寄りの表情に見えます。一方で表情筋の収縮が強く、驚きや戸惑いに近い覚醒度はやや高めです。
../database/final_database/061/004.jpg,61,004.jpg,9,-0.28,0.32,眉をひそめ片目を強く閉じ、口元も緊張しているため不快寄りに見えます。一方で顔の筋緊張があり反応も強めなので、覚醒度はやや高めと判断しました。
../database/final_database/061/004.jpg,61,004.jpg,10,-0.18,0.34,口角が下がり気味で眉間に力が入り、やや不快・困惑の表情に見えます。一方で片目をつぶり表情筋の緊張があるため覚醒度はやや高めです。
../database/final_database/061/006.jpg,61,006.jpg,1,-0.35,0.25,眉間にしわが寄り、片目を細めて口元もこわばっており不快寄りの表情に見えます。一方で大きな驚きや興奮はなく、軽い緊張・警戒程度の覚醒度です。
../database/final_database/061/006.jpg,61,006.jpg,2,-0.42,0.24,眉間にしわが寄り、口角が下がっていて不快・嫌悪寄りの表情に見えます。一方で目の開きは極端ではなく、強い驚きや興奮は感じにくいため覚醒度は中程度です。
../database/final_database/061/006.jpg,61,006.jpg,3,-0.32,0.28,眉間にしわが寄り、口元も引き締まっていて不快・困惑寄りの表情に見えます。一方で目は開いており緊張感があるため、覚醒度はやや高めと判断しました。
../database/final_database/061/006.jpg,61,006.jpg,4,-0.35,0.3,眉が寄り、口角もやや下がっていて不快・困惑寄りの表情に見えます。一方で目は開いており表情の緊張があるため、覚醒度は中程度と判断しました。
../database/final_database/061/006.jpg,61,006.jpg,5,-0.32,0.28,眉が寄り、口角がやや下がっていて不快・不満寄りの表情に見えます。一方で目の開きは強すぎず緊張は中程度のため、覚醒度はやや高い程度と判断しました。
../database/final_database/061/006.jpg,61,006.jpg,6,-0.32,0.26,眉が寄り、口元が引きつっていて不快・困惑寄りの表情に見えます。一方で目は開いており緊張感があるため、覚醒度はやや高めと判断しました。
../database/final_database/061/006.jpg,61,006.jpg,7,-0.38,0.22,眉間にしわが寄り、口角がやや下がっていて不快・困惑寄りの表情に見えます。一方で目の開きは極端ではなく、興奮度は中程度と判断しました。
../database/final_database/061/006.jpg,61,006.jpg,8,-0.41,0.27,眉が寄り、口角が下がり気味で不快・困惑寄りの表情に見えるためvalenceは低めです。一方で目は開いており表情筋の緊張もあるので、覚醒度はやや高めと判断しました。
../database/final_database/061/006.jpg,61,006.jpg,9,-0.35,0.25,口角が下がり気味で眉間にしわが寄っており、不快・不満寄りの表情に見えます。一方で目の開きは極端ではなく、強い興奮というよりは中程度の覚醒に留まっています。
../database/final_database/061/006.jpg,61,006.jpg,10,-0.35,0.25,眉間にしわが寄り口角が下がっており、不快・困惑寄りの表情に見えます。一方で目は大きく見開いておらず緊張は強くないため、覚醒度は中程度と判断しました。
../database/final_database/061/007.jpg,61,007.jpg,1,-0.28,0.22,眉が寄り、口角がやや下がっていて不満・困惑のニュアンスが見られるためvalenceはやや低めです。一方で表情の緊張は強すぎず、覚醒度は軽度に高い程度と判断しました。
../database/final_database/061/007.jpg,61,007.jpg,2,-0.35,0.2,眉間にしわが寄り口元も引き気味で、不快・困惑寄りの表情に見えます。一方で目の開きは極端ではなく、強い興奮や緊張は少ないため覚醒度はやや低めです。
../database/final_database/061/007.jpg,61,007.jpg,3,-0.25,0.35,眉が寄り口角が下がり気味で、不快・不満寄りの表情に見えます。一方で目は開いており表情の緊張感もあるため、覚醒度はやや高めと判断しました。
../database/final_database/061/007.jpg,61,007.jpg,4,-0.28,0.22,眉間にしわが寄り、口元も引き締まっていて不満・困惑寄りの不快感が見られます。一方で表情の強さは中程度で、覚醒度はやや低〜中程度にとどまります。
../database/final_database/061/007.jpg,61,007.jpg,5,-0.22,0.18,眉が中央に寄り、口角も下がり気味で不快・不満寄りの表情に見えます。一方で目の見開きや口の開きは小さく、強い興奮は感じにくいため覚醒度は低〜中程度です。
../database/final_database/061/007.jpg,61,007.jpg,6,-0.28,0.22,眉間にしわが寄り、口元も引き締まっていて不快寄りの表情に見えます。一方で驚きや強い興奮は弱く、軽い緊張程度の覚醒と判断しました。
../database/final_database/061/007.jpg,61,007.jpg,7,-0.18,0.22,眉間にしわが寄り、口元も緊張していて不快・困惑寄りの表情に見えます。一方で目の開きは普通で強い興奮はなく、覚醒度はやや低〜中程度です。
../database/final_database/061/007.jpg,61,007.jpg,8,-0.35,0.2,眉間にしわが寄り口角も下がり気味で、不快・不満寄りの表情に見えます。一方で目の開きや表情の強さは中程度で、覚醒度はやや低〜中程度です。
../database/final_database/061/007.jpg,61,007.jpg,9,-0.35,0.15,眉が中央に寄って軽くしかめ面で、口角も上がらず不快寄りの印象です。一方で目の見開きや動きは強くなく、覚醒度は低〜中程度に見えます。
../database/final_database/061/007.jpg,61,007.jpg,10,-0.32,0.22,眉が寄っていて口元も引き締まり、やや不快・困惑寄りの表情に見えます。一方で目の開きは中程度で強い興奮はなく、覚醒度はやや低め〜中程度です。
../database/final_database/061/008.jpg,61,008.jpg,1,-0.62,0.31,口角が下がり、眉が寄って目が細くなるなど不快・苦痛寄りの表情に見えます。一方で大きく口を開けて叫ぶほどではなく、緊張・嫌悪の中程度の覚醒度と判断しました。
../database/final_database/061/008.jpg,61,008.jpg,2,-0.38,0.32,眉が寄って目が細く、口角も下がり気味で不快・不満そうな表情に見えます。一方で表情筋の緊張はあるため覚醒度はやや高めと判断しました。
../database/final_database/061/008.jpg,61,008.jpg,3,-0.62,0.48,眉が寄り、目が細く口角も下がっており不快・苦痛寄りの表情に見えます。一方で表情筋の緊張があり、泣きそうな感じで覚醒度は中程度に高いと判断しました。
../database/final_database/061/008.jpg,61,008.jpg,4,-0.62,0.48,眉間にしわが寄り、目を細め口角が下がっており、不快・苦痛寄りの表情に見えます。一方で表情筋の緊張があり、落ち着いた無表情よりは覚醒度がやや高いと判断しました。
../database/final_database/061/008.jpg,61,008.jpg,5,-0.35,0.1,眉が寄り目が細く、口角が下がり気味で不快・嫌悪寄りの表情に見えるためvalenceは負。強い驚きや興奮は見られず緊張も弱めなのでarousalはわずかに低～中程度と判断した。
../database/final_database/061/008.jpg,61,008.jpg,6,-0.55,0.3,眉が寄り、目が細く口角も下がっており不快・苦痛寄りの表情に見えるためvalenceは低めです。一方で表情の緊張はあるものの激しい驚きや興奮ではないためarousalは中程度にしました。
../database/final_database/061/008.jpg,61,008.jpg,7,-0.62,0.28,眉が寄り目が細く、口角も下がっていて不快・嫌悪寄りの表情に見えます。一方で大きな驚きや興奮はなく、覚醒度は中程度です。
../database/final_database/061/008.jpg,61,008.jpg,8,-0.42,0.36,眉が寄り目が細く、口元も下がり気味で不快・苦痛寄りの表情に見えます。一方で表情筋の緊張があり、やや覚醒度は高めです。
../database/final_database/061/008.jpg,61,008.jpg,9,-0.55,0.2,眉が寄り、目が細く口角が下がっており、不快・不満そうな表情に見えるためvalenceは低めです。一方で表情の緊張はあるものの激しい驚きや興奮はなく、覚醒度はやや低〜中程度と判断しました。
../database/final_database/061/008.jpg,61,008.jpg,10,-0.62,0.32,眉が中央に寄り、目が細く口角が下がっていて不快・悲しみ/苦痛寄りの表情に見えます。緊張感はあるものの激しい興奮ではないため覚醒は中程度と判断しました。
../database/final_database/061/009.jpg,61,009.jpg,1,-0.34,0.22,眉が寄り、口元も緊張していて不快・困惑寄りの表情に見えます。一方で目の開きは極端ではなく、覚醒度は中程度と判断しました。
../database/final_database/061/009.jpg,61,009.jpg,2,-0.22,0.18,眉が寄り、口元もやや緊張しており不快寄りの表情に見えます。一方で目の開きは強すぎず、覚醒度は低～中程度と判断しました。
../database/final_database/061/009.jpg,61,009.jpg,3,-0.35,0.25,眉が寄り、目元と口元に緊張があり、不快・困惑のニュアンスが見られます。一方で表情の強度は中程度で、覚醒度はやや高めに留まります。
../database/final_database/061/009.jpg,61,009.jpg,4,-0.32,0.18,眉が寄り、口元も緊張していて不快・不満寄りの表情に見えます。一方で大きな驚きや興奮はなく、覚醒度はやや低め～中程度です。
../database/final_database/061/009.jpg,61,009.jpg,5,-0.28,0.18,眉が寄り目が細く、口元も硬めで不快寄りの表情に見えます。一方で表情の強さは中程度で、覚醒度はやや低〜中程度と判断しました。
../database/final_database/061/009.jpg,61,009.jpg,6,-0.22,0.38,口角がやや下がり、眉間に軽い緊張が見られるため不快寄りの印象です。一方で目の開きと表情のこわばりから、覚醒度はやや高めと判断しました。
../database/final_database/061/009.jpg,61,009.jpg,7,-0.38,0.22,眉が寄り気味で口元も緊張しており、やや不快・不満そうな表情に見えます。一方で目の開きは保たれており、強い沈静ではないため覚醒度は軽度に高めと判断しました。
../database/final_database/061/009.jpg,61,009.jpg,8,-0.32,0.28,眉間にしわが寄り、口元も緊張しており不快寄りの表情に見えます。一方で目の開きや表情筋の緊張から、覚醒度はやや高めと判断しました。
../database/final_database/061/009.jpg,61,009.jpg,9,-0.28,0.32,眉が寄り気味で口元も緊張しており、不快・困惑寄りの表情に見えます。一方で目は開いており表情筋の緊張もあるため、覚醒度はやや高めと判断しました。
../database/final_database/061/009.jpg,61,009.jpg,10,-0.35,0.2,眉が寄って目元がやや細く、口元も引き気味で不快・不満の表情に見えます。一方で表情の強さは中程度で、覚醒度はやや低〜中程度と判断しました。
../database/final_database/061/010.jpg,61,010.jpg,1,-0.62,0.58,眉が寄り、口が開いて歯が見えるなど不快・困惑や恐怖に近い表情に見えるためvalenceは低めです。目が見開き気味で緊張感があり、覚醒度はやや高めと判断しました。
../database/final_database/061/010.jpg,61,010.jpg,2,-0.35,0.55,眉が寄り、口元が緊張していて不快・困惑の表情に見えます。一方で目が見開かれ表情筋の緊張も強く、覚醒度はやや高めです。
../database/final_database/061/010.jpg,61,010.jpg,3,-0.41,0.52,眉が寄り、口角が下がって歯が見える緊張した表情で、不快・困惑寄りに見えます。目も見開き気味で表情の強さがあり、覚醒度はやや高めです。
../database/final_database/061/010.jpg,61,010.jpg,4,-0.55,0.35,眉が寄って目が細まり、口元も緊張していて不快・不安寄りの表情に見えます。一方で驚きや警戒の要素があり、完全に低覚醒ではなく中程度の覚醒が感じられます。
../database/final_database/061/010.jpg,61,010.jpg,5,-0.52,0.45,眉が寄り口が半開きで、困惑や不快感を示す表情に見えます。一方で目が開き緊張感があり、覚醒度はやや高めと判断しました。
../database/final_database/061/010.jpg,61,010.jpg,6,-0.52,0.46,眉が寄って目が見開かれ、口元が緊張しており、不快・不安や戸惑いの表情に見えます。緊張感があり覚醒度はやや高めと判断しました。
../database/final_database/061/010.jpg,61,010.jpg,7,-0.58,0.52,眉が寄って目が見開かれ、口元も緊張しており不快・嫌悪/不安寄りの表情に見えます。驚きや警戒を示す要素があり覚醒度は中程度に高いと判断しました。
../database/final_database/061/010.jpg,61,010.jpg,8,-0.45,0.55,眉が寄り、口元が引きつっていて不快・不安寄りの表情に見えます。目が見開き気味で緊張感があり、覚醒度はやや高めです。
../database/final_database/061/010.jpg,61,010.jpg,9,-0.45,0.55,眉が寄り、口が半開きで緊張や不安を示す表情に見えるため不快寄りです。目の開きもあり反応性が高く、覚醒度はやや高めと判断しました。
../database/final_database/061/010.jpg,61,010.jpg,10,-0.45,0.55,眉が寄り、口元が引きつっていて不快・困惑の表情に見えるためvalenceは低めです。目の見開きと表情の緊張があり、覚醒度はやや高めと判断しました。
../database/final_database/062/001.jpg,62,001.jpg,1,-0.48,0.36,眉が寄り目が細く、口元も引き締まっていて不快・不満寄りの表情に見えます。一方で表情の緊張があり、覚醒度はやや高めと判断しました。
../database/final_database/062/001.jpg,62,001.jpg,2,-0.38,0.32,眉が寄り、目が細く口角が下がり気味で不快・不満の表情に見えます。一方で表情の緊張は中程度で、強い驚きや高揚ではないため覚醒はやや低～中程度と判断しました。
../database/final_database/062/001.jpg,62,001.jpg,3,-0.35,0.25,眉が寄り目が細く、口元も緊張しており不快・不満寄りの表情に見えます。一方で動きは強くなく、覚醒度は中程度と判断しました。
../database/final_database/062/001.jpg,62,001.jpg,4,-0.32,0.12,眉が寄り目が細く、口元も引き締まっており不快・不満寄りの表情に見えます。一方で動きは強くなく、覚醒度は低〜中程度と判断しました。
../database/final_database/062/001.jpg,62,001.jpg,5,-0.42,0.18,眉間にしわが寄り、口元も引き締まっており不快・不満寄りの表情に見えます。一方で動きの大きい驚きや強い興奮は少なく、覚醒度はやや低めと判断しました。
../database/final_database/062/001.jpg,62,001.jpg,6,-0.38,0.32,眉が寄り目が細く、口元も引き締まっており不快・不満寄りの表情に見えます。一方で表情の緊張はあるため覚醒度はやや高めと判断しました。
../database/final_database/062/001.jpg,62,001.jpg,7,-0.35,0.25,眉が寄って目が細く、口元も引き締まっており不快・不満寄りの表情に見えます。一方で強い驚きや興奮はなく、覚醒度はやや高め程度です。
../database/final_database/062/001.jpg,62,001.jpg,8,-0.32,0.27,眉が寄り、目が細く口元も引き締まっており、不快・不満そうな表情に見えます。一方で動きは大きくなく、覚醒度は中程度と判断しました。
../database/final_database/062/001.jpg,62,001.jpg,9,-0.35,0.25,眉が寄り目が細く、口元も引き締まっており不快・不満寄りの表情に見えます。一方で動きは強くなく、覚醒度は中程度にとどまる印象です。
../database/final_database/062/001.jpg,62,001.jpg,10,-0.32,0.18,眉間にしわが寄り、口角も下がり気味で不快・不満の表情に見えるためvalenceは低めです。一方で表情の緊張はあるものの強い興奮や驚きはなく、arousalはやや低〜中程度と判断しました。
../database/final_database/062/002.jpg,62,002.jpg,1,0.05,-0.15,口元はわずかに上がっていますが、目元や眉に強い快・不快の手がかりが少なく、全体として中性に近い表情です。動きや緊張感も弱く、落ち着いた（低覚醒）印象です。
../database/final_database/062/002.jpg,62,002.jpg,2,0.12,-0.22,口角がわずかに上がり不快感は強くない一方、目元が半開きで表情の緊張が少なく落ち着いた印象です。全体として軽いポジティブ寄りだが覚醒度は低めと判断しました。
../database/final_database/062/002.jpg,62,002.jpg,3,0.12,-0.18,口角がわずかに上がっており全体として軽い快の印象ですが、目元の動きが小さく表情のエネルギーは低めに見えます。緊張や興奮はあまり感じられず、落ち着いた状態に近いです。
../database/final_database/062/002.jpg,62,002.jpg,4,0.12,-0.18,口角がわずかに上がっており全体として中立〜軽い快の表情に見えます。一方で目元や眉の動きが小さく、興奮や緊張は低めで落ち着いた状態と判断しました。
../database/final_database/062/002.jpg,62,002.jpg,5,0.05,-0.15,口角がわずかに上がっている一方、目元の緊張が少なく全体的に落ち着いた表情です。強い喜怒哀楽は見られないため、快はごく軽度で覚醒も低めと判断しました。
../database/final_database/062/002.jpg,62,002.jpg,6,0.15,-0.25,口元がわずかに上がり全体として中立〜軽い快の印象ですが、目や眉の動きが小さく活性度は低めに見えます。緊張や強い興奮は感じられません。
../database/final_database/062/002.jpg,62,002.jpg,7,-0.08,-0.22,口角がほぼ水平で笑顔が弱く、眉間にもわずかな緊張が見られるため快・不快はやや不快寄りです。目の開きや表情筋の動きが小さく、全体として落ち着いた低覚醒に見えます。
../database/final_database/062/002.jpg,62,002.jpg,8,0.05,-0.25,口角がわずかに上がっており強い不快感は見られませんが、全体として表情の変化が小さく中立寄りです。目の開きや眉の動きが控えめで覚醒度はやや低めと判断しました。
../database/final_database/062/002.jpg,62,002.jpg,9,0.12,-0.18,口元にわずかな笑みがあり不快ではない一方、目元や表情筋の動きが小さく落ち着いた印象です。強い驚きや緊張は見られず、全体として低覚醒寄りに見えます。
../database/final_database/062/002.jpg,62,002.jpg,10,0.12,-0.18,口角がわずかに上がり、全体として中立〜軽い好意の表情に見えます。一方で目の開きや表情筋の緊張が弱く、覚醒度は低めです。
../database/final_database/062/003.jpg,62,003.jpg,1,-0.2,0.25,目を強くつむり口元も緊張しており、不快寄りの表情に見えます。一方で力みがあり表情筋の活動が強いため、覚醒度はやや高めと判断しました。
../database/final_database/062/003.jpg,62,003.jpg,2,-0.35,0.15,目を強く閉じて眉間にしわが寄っており、口元も緊張しているため不快寄りと判断しました。一方で表情全体の動きは強い怒りや驚きほどではなく、覚醒度はやや低めです。
../database/final_database/062/003.jpg,62,003.jpg,3,-0.28,0.32,眉が寄り目が強く閉じられており、口元も緊張しているため不快寄りの表情に見えます。一方で顔全体に力が入っているので覚醒度はやや高めと判断しました。
../database/final_database/062/003.jpg,62,003.jpg,4,0.1,0.2,口元がわずかに上がっており全体として中立〜やや快の印象ですが、目を強く閉じて眉間に軽い緊張があり落ち着きよりも少し覚醒寄りです。
../database/final_database/062/003.jpg,62,003.jpg,5,-0.18,0.22,目を強く閉じて眉間に軽いしわがあり、口元も緊張しているためやや不快寄りに見えます。一方で表情の強さは中程度で、覚醒度はやや高めと判断しました。
../database/final_database/062/003.jpg,62,003.jpg,6,-0.28,0.12,目を強く閉じて口元がやや歪んでおり、軽い不快感や戸惑いが見られます。一方で表情の強度は極端ではなく、覚醒度は低〜中程度に留まります。
../database/final_database/062/003.jpg,62,003.jpg,7,-0.12,0.32,目を強く閉じて眉間にしわが寄り、口元も緊張しているため不快寄りの感情が示唆されます。一方で表情筋の収縮が強く、軽い覚醒（緊張・驚き）も感じられます。
../database/final_database/062/003.jpg,62,003.jpg,8,-0.32,0.18,目が強く閉じられ眉が寄り、口元もやや緊張しているため不快寄りに見えます。一方で表情の強度は極端ではないので覚醒度は軽度にとどまります。
../database/final_database/062/003.jpg,62,003.jpg,9,-0.42,0.18,目を強く閉じ、口元がやや歪んで緊張して見えるため不快寄りの表情です。一方で激しい興奮というほどではなく、軽い緊張・不快感程度の覚醒と判断しました。
../database/final_database/062/003.jpg,62,003.jpg,10,-0.23,0.18,眉が寄り、目を強く閉じて口元もやや緊張しており、不快・痛み/嫌悪寄りの表情に見えます。一方で動きは強すぎず、覚醒度は中程度と判断しました。
../database/final_database/062/004.jpg,62,004.jpg,1,-0.35,0.25,眉が寄り、口が半開きで不快・困惑の表情に見えるためvalenceはやや低めです。一方で緊張感はあるものの極端ではないためarousalは軽度に高めと判断しました。
../database/final_database/062/004.jpg,62,004.jpg,2,-0.4,0.35,眉が寄り、口が半開きで不安・困惑の表情に見えるため不快寄りです。一方で目が開き気味で緊張感があり、覚醒度はやや高めと判断しました。
../database/final_database/062/004.jpg,62,004.jpg,3,-0.35,0.45,眉が寄って口角が下がり気味で、不安・戸惑いなどの不快寄りの表情に見えます。一方で目が開き口も少し開いており、緊張感があるため覚醒度はやや高めと判断しました。
../database/final_database/062/004.jpg,62,004.jpg,4,-0.42,0.28,眉が寄り、口が半開きで不安・不快感が見られる一方、表情の緊張は中程度で覚醒度はやや高めです。
../database/final_database/062/004.jpg,62,004.jpg,5,-0.35,0.4,口が半開きで眉が寄り、困惑や不安・嫌悪寄りの表情に見えます。一方で目は大きく開いており緊張感があるため覚醒度はやや高めです。
../database/final_database/062/004.jpg,62,004.jpg,6,-0.35,0.45,眉がひそまり口角が下がり気味で、不快・不安寄りの表情に見えます。一方で目が開き気味で口も開いており、驚きや緊張による覚醒度はやや高めです。
../database/final_database/062/004.jpg,62,004.jpg,7,-0.35,0.45,眉間にしわが寄り口が半開きで、困惑や不安を示す表情に見えます。強い快ではなくやや不快寄りで、緊張感があるため覚醒度は中程度と判断しました。
../database/final_database/062/004.jpg,62,004.jpg,8,-0.35,0.4,眉が中央に寄り、口が半開きで下がっており、不安・困惑のような不快寄りの表情に見えます。目の開きが比較的大きく緊張感があるため覚醒度はやや高めと判断しました。
../database/final_database/062/004.jpg,62,004.jpg,9,-0.35,0.2,眉間にしわが寄り口元が不安定で、やや不快・困惑寄りの表情に見えます。一方で目の開きは大きすぎず、強い興奮というより軽い覚醒レベルです。
../database/final_database/062/004.jpg,62,004.jpg,10,-0.35,0.45,眉が寄り、口が半開きで不安や困惑の表情に見えるため不快寄りのvalenceです。一方で目が開いて緊張感があり、覚醒度は中程度に高いと判断しました。
../database/final_database/062/005.jpg,62,005.jpg,1,-0.28,0.18,眉が寄り気味で目が細く、口元もやや緊張しており不快寄りに見えます。一方で表情の強さは中程度で、覚醒度はやや低〜中程度です。
../database/final_database/062/005.jpg,62,005.jpg,2,-0.45,0.25,眉が寄って目が細く、口元も引きつったように見えるため不快寄りの表情です。一方で強い驚きや興奮はなく、覚醒度は中程度に留まります。
../database/final_database/062/005.jpg,62,005.jpg,3,-0.38,0.25,眉が寄り、目が細く口角も下がっており、不快・困惑寄りの表情に見えます。一方で口が開いて緊張感があるため覚醒度はやや高めです。
../database/final_database/062/005.jpg,62,005.jpg,4,-0.32,0.34,眉間にしわが寄り、片目を細めて口元も緊張しており、不快・困惑寄りの表情に見えます。一方で表情筋の緊張があり反応性は中程度なので、覚醒度はやや高めと判断しました。
../database/final_database/062/005.jpg,62,005.jpg,5,-0.42,0.18,眉が寄って目が細く、口元もやや緊張しており不快・困惑寄りの表情に見えます。一方で大きく驚いたり興奮しているほどの覚醒はなく、軽度の覚醒に留まります。
../database/final_database/062/005.jpg,62,005.jpg,6,-0.42,0.31,眉が寄り目が細く、口元も緊張しており不快・困惑寄りの表情に見えます。一方で表情の緊張はあるため覚醒度はやや高めです。
../database/final_database/062/005.jpg,62,005.jpg,7,-0.25,0.35,眉が寄り目が細く、口元も引きつったように見えるため不快寄りの表情です。一方で表情筋の緊張があり、やや覚醒度は高めと判断しました。
../database/final_database/062/005.jpg,62,005.jpg,8,-0.35,0.25,眉が寄り、目が細く口元も緊張しており不快寄りの表情に見えます。一方で強い驚きや興奮はなく、覚醒度はやや高い程度です。
../database/final_database/062/005.jpg,62,005.jpg,9,-0.35,0.2,眉間にしわが寄り目も細めで、やや不快・困惑の表情に見えます。一方で口元の緊張は強すぎず、覚醒度は中程度と判断しました。
../database/final_database/062/005.jpg,62,005.jpg,10,-0.45,0.35,眉が寄って目が細く、口元も緊張していて不快・困惑寄りの表情に見えます。一方で大きく驚くほどではなく、覚醒度は中程度と判断しました。
../database/final_database/062/006.jpg,62,006.jpg,1,-0.22,0.18,眉が寄り気味で口角もわずかに下がっており、不快寄りの表情に見えます。一方で目の開きは極端ではなく、興奮度は低〜中程度です。
../database/final_database/062/006.jpg,62,006.jpg,2,-0.22,0.18,眉が中央に寄り、口元がやや締まっていて不満・困惑寄りの表情に見えます。一方で表情の強さは中程度で、覚醒度はやや低～中程度です。
../database/final_database/062/006.jpg,62,006.jpg,3,-0.28,0.22,眉間にしわが寄り、口角もやや下がっていて不快・困惑寄りの表情に見えます。一方で表情の強度は中程度で、興奮というより軽い緊張・注意状態のため覚醒度はやや高めです。
../database/final_database/062/006.jpg,62,006.jpg,4,-0.18,0.12,眉間にしわが寄り、口角がやや下がっていて軽い不快・困惑の表情に見えます。一方で目の開きや表情の強さは強烈ではなく、覚醒度はやや低め〜中程度です。
../database/final_database/062/006.jpg,62,006.jpg,5,-0.25,0.15,眉間にしわが寄り、口元もやや下がっており不快寄りの表情に見えます。一方で強い興奮や活発さはなく、覚醒度は低め〜中程度です。
../database/final_database/062/006.jpg,62,006.jpg,6,-0.22,0.18,口角がわずかに下がり、眉間にしわが寄っていて不快寄りの表情に見えます。一方で目は開いており緊張感はあるものの強い興奮ではなく、覚醒度は軽度です。
../database/final_database/062/006.jpg,62,006.jpg,7,-0.18,0.12,眉が寄り気味で口元も引き締まっており、やや不快・不満のニュアンスが見られます。一方で表情の強度は高くなく、覚醒度は低〜中程度です。
../database/final_database/062/006.jpg,62,006.jpg,8,-0.22,0.18,眉が寄っており口元も締まっていて、不快・困惑寄りの表情に見えます。一方で動きは強くなく、覚醒度は低〜中程度です。
../database/final_database/062/006.jpg,62,006.jpg,9,-0.18,0.12,眉が少し寄っていて口角も下がり気味で、不快・不満寄りの表情に見えます。一方で目の開きや表情筋の緊張は強すぎず、覚醒度は低〜中程度です。
../database/final_database/062/006.jpg,62,006.jpg,10,-0.18,0.12,口角がやや下がり、眉間にしわが寄っていて不快寄りの表情に見えます。一方で目の開きや表情の強さは中程度で、覚醒度はやや低め〜中程度です。
../database/final_database/062/007.jpg,62,007.jpg,1,-0.63,0.28,眉が中央に寄って上がり、口角が下がり気味で不快・悲しみ/困惑寄りの表情に見えます。一方で目の開きや表情筋の緊張は強すぎず、覚醒度は中程度と判断しました。
../database/final_database/062/007.jpg,62,007.jpg,2,-0.46,0.32,眉が寄り口角が下がっており、不快・悲しみ寄りの表情に見えます。一方で目が開いて緊張感があり、覚醒度はやや高めと判断しました。
../database/final_database/062/007.jpg,62,007.jpg,3,-0.58,0.34,眉が寄り、口角が下がっていて不快・不満や困惑の表情に見えます。一方で目は大きく見開かれておらず、強い緊張よりは中程度の覚醒度です。
../database/final_database/062/007.jpg,62,007.jpg,4,-0.55,0.25,口角が下がり眉間にしわが寄っており、不快・悲しみ寄りの表情に見えます。一方で目の開きは強くなく、興奮というよりは中程度の覚醒にとどまっています。
../database/final_database/062/007.jpg,62,007.jpg,5,-0.62,0.28,眉が寄り、口角が下がって見えるため不快・困惑寄りの感情が強いと判断しました。一方で表情の強さは中程度で、過度な興奮や沈静は感じにくいため覚醒度はやや高めにしました。
../database/final_database/062/007.jpg,62,007.jpg,6,-0.42,0.18,眉が寄り、口角がやや下がって不快・困惑寄りの表情に見えます。一方で表情の強さは強烈ではなく、覚醒度は低〜中程度です。
../database/final_database/062/007.jpg,62,007.jpg,7,-0.46,0.28,口角が下がり眉間にしわが寄っており、不快・不安寄りの表情に見えます。一方で目の開きは中程度で過度な興奮は感じられないため、覚醒度はやや高めに留まります。
../database/final_database/062/007.jpg,62,007.jpg,8,-0.55,0.25,眉が寄り、口角が下がって不快・不満そうな表情に見えます。一方で表情の強さは中程度で、覚醒度はやや高め程度です。
../database/final_database/062/007.jpg,62,007.jpg,9,-0.58,0.12,眉が寄り、口角が下がって不快・不満そうな表情に見えます。一方で目の見開きや強い緊張は少なく、覚醒度は低〜中程度です。
../database/final_database/062/007.jpg,62,007.jpg,10,-0.62,0.28,口角が下がり眉が寄っており、不快・悲しみ/嫌悪寄りの表情に見えます。一方で目の開きは強くなく、興奮よりは中程度の覚醒にとどまっています。
../database/final_database/062/008.jpg,62,008.jpg,1,0.12,-0.18,口角がわずかに上がり全体として中立〜軽い快の表情ですが、目元の動きが少なく落ち着いた印象で覚醒度は低めです。
../database/final_database/062/008.jpg,62,008.jpg,2,0.08,-0.22,口元がわずかに上がっており不快さは強くない一方、目元や眉の動きが小さく全体に落ち着いた表情です。そのため快・覚醒ともに弱めと判断しました。
../database/final_database/062/008.jpg,62,008.jpg,3,0.12,-0.08,口角がわずかに上がり軽い微笑に見える一方、目元や眉の緊張が少なく全体として落ち着いた表情です。強い興奮や緊張は感じられないため覚醒度はやや低めと判断しました。
../database/final_database/062/008.jpg,62,008.jpg,4,0.1,-0.15,口元にわずかな上がりがあり中立〜やや快の印象ですが、目元の緊張は強くなく落ち着いた表情です。驚きや怒りなどの高い覚醒は見られないため、arousalはやや低めと判断しました。
../database/final_database/062/008.jpg,62,008.jpg,5,-0.05,-0.15,口角がわずかに下がり気味で、笑顔でも強い不快でもない中立〜やや不快寄りに見えます。目元や眉の動きが小さく、表情の活性は低めで落ち着いた状態に感じられます。
../database/final_database/062/008.jpg,62,008.jpg,6,-0.06,-0.18,口元はわずかに緊張しており笑顔は弱く、全体として中立〜やや不快寄りに見えます。目や眉の動きが小さく、表情のエネルギーも低めで落ち着いた（非覚醒寄り）印象です。
../database/final_database/062/008.jpg,62,008.jpg,7,0.06,-0.12,口角がわずかに上がっているものの表情の変化が小さく、全体としてほぼ中立に見えます。目元の緊張も強くないため覚醒度はやや低めと判断しました。
../database/final_database/062/008.jpg,62,008.jpg,8,0.12,-0.18,口角がわずかに上がっており全体として中立〜軽い快の表情ですが、目元の緊張が少なく覚醒度は低めに見えます。
../database/final_database/062/008.jpg,62,008.jpg,9,0.1,-0.2,口角がわずかに上がっており強い不快感は見られない一方、目元や表情筋の動きが少なく落ち着いた印象です。全体として軽い快・低覚醒寄りと判断しました。
../database/final_database/062/008.jpg,62,008.jpg,10,0.12,-0.18,口元はわずかに上がっており中立〜軽い快の印象ですが、目元や眉に強い緊張がなく全体として落ち着いた表情です。強い興奮や警戒のサインが少ないため覚醒度はやや低めと判断しました。
../database/final_database/062/009.jpg,62,009.jpg,1,-0.35,0.25,眉間にしわが寄り口角も下がり気味で、不快・不満寄りの表情に見えます。一方で目は開いており緊張感はあるものの強い興奮ではないため、軽度の覚醒と判断しました。
../database/final_database/062/009.jpg,62,009.jpg,2,-0.28,0.32,眉が寄っており口角も下がり気味で、不快・不安寄りの表情に見えます。一方で目は開いており表情筋の緊張もあるため、覚醒度はやや高めと判断しました。
../database/final_database/062/009.jpg,62,009.jpg,3,-0.35,0.25,眉がひそまり口角が下がり気味で、不快・戸惑いの表情に見えるためvalenceはやや低めです。一方で目は開いており緊張感はあるものの強い興奮ではないためarousalはやや低～中程度にしました。
../database/final_database/062/009.jpg,62,009.jpg,4,-0.35,0.25,眉が寄り、口角が下がり気味で不快・困惑寄りの表情に見えます。一方で表情の強さは中程度で、覚醒度はやや高めに留まります。
../database/final_database/062/009.jpg,62,009.jpg,5,-0.35,0.3,眉間にしわが寄り、口角も下がり気味で不快・不満そうな表情に見えます。一方で目は開いており緊張感があるため、覚醒度はやや高めと判断しました。
../database/final_database/062/009.jpg,62,009.jpg,6,-0.35,0.25,眉が寄り、口角が下がり気味で不快・不安の要素が見られます。一方で表情の強さは中程度で、覚醒度はやや低〜中くらいと判断しました。
../database/final_database/062/009.jpg,62,009.jpg,7,-0.35,0.25,眉が寄り、口角が下がり気味で不快・困惑寄りの表情に見えます。一方で目は開いており緊張感が少しあるため、覚醒度はやや高めと判断しました。
../database/final_database/062/009.jpg,62,009.jpg,8,-0.35,0.25,眉が寄り、口角が下がり気味で不快・不満そうな表情に見えるためvalenceはやや低めです。一方で目は開いており表情筋の緊張もあるため、覚醒度は軽く高めと判断しました。
../database/final_database/062/009.jpg,62,009.jpg,9,-0.27,0.18,眉が寄って口角がやや下がっており、不快・不満寄りの表情に見えます。一方で目の開きは極端ではなく、興奮よりは軽い緊張程度の覚醒に留まっています。
../database/final_database/062/009.jpg,62,009.jpg,10,-0.22,0.18,口角が下がり気味で眉間にしわが寄っており、やや不快・不満そうな表情に見えます。一方で目の開きは大きすぎず、緊張や興奮は強くないため覚醒度は低〜中程度と判断しました。
../database/final_database/062/010.jpg,62,010.jpg,1,-0.55,0.1,眉間にしわが寄り目を強く閉じた苦痛・不快そうな表情で、口元も下がっています。動きは小さく落ち着いて見えるため覚醒度は低めです。
../database/final_database/062/010.jpg,62,010.jpg,2,-0.55,0.35,眉をひそめ目を強く閉じ、口元も緊張しており不快・嫌悪や痛みの表情に見えます。一方で顔全体の筋緊張はあるため覚醒度はやや高めと判断しました。
../database/final_database/062/010.jpg,62,010.jpg,3,-0.52,0.18,眉がひそまり目を閉じ気味で、口元も歪んでおり不快・嫌悪や痛みを示す表情に見えます。一方で動きは強くなく、覚醒度は中程度よりやや低めと判断しました。
../database/final_database/062/010.jpg,62,010.jpg,4,-0.55,0.2,眉が強く寄り、目を閉じ気味で口元も下がっており、不快・嫌悪に近い表情に見えます。一方で動きは大きくなく、覚醒度は中程度よりやや低めと判断しました。
../database/final_database/062/010.jpg,62,010.jpg,5,-0.55,0.35,眉が寄り目が細く、口元も引き締まっており不快・嫌悪寄りの表情に見えます。一方で緊張感はあるものの激しい興奮ではなく中程度の覚醒と判断しました。
../database/final_database/062/010.jpg,62,010.jpg,6,-0.55,0.35,眉が寄り、目を閉じ気味で口角も下がっており、不快・嫌悪寄りの表情に見えます。一方で表情筋の緊張はあるため覚醒度はやや高めと判断しました。
../database/final_database/062/010.jpg,62,010.jpg,7,-0.48,0.22,眉が強く寄り、目を閉じ気味で口元も歪んでおり、不快・嫌悪や痛みを示す表情に見えます。一方で動きは大きいものの激昂ほどではないため、覚醒度は中程度と判断しました。
../database/final_database/062/010.jpg,62,010.jpg,8,-0.62,0.28,眉が寄り目が細く、口元も下がっており不快・困惑の表情に見えます。一方で動きは大きくなく、覚醒度は中程度に留まっています。
../database/final_database/062/010.jpg,62,010.jpg,9,-0.45,0.35,眉が寄り目を強く閉じ、口元も歪んでおり不快・苦痛寄りの表情に見えます。一方で緊張感はあるものの激しい興奮というほどではないため中程度の覚醒と判断しました。
../database/final_database/062/010.jpg,62,010.jpg,10,-0.55,0.35,眉が強く寄り目を閉じ気味で、口角も下がっており不快・苦痛寄りの表情に見えます。一方で表情の緊張はあるため覚醒度はやや高めと判断しました。
../database/final_database/063/001.jpg,63,001.jpg,1,0.12,0.38,口が少し開き、眉や目元に緊張があり驚き・困惑のような表情で快不快は中立寄りに見えます。覚醒度は低くはなく、注意や反応が出ているためやや高めと判断しました。
../database/final_database/063/001.jpg,63,001.jpg,2,0.1,0.45,口が少し開いて眉が上がり気味で、驚き・困惑のような表情に見えます。強い快・不快は感じにくい一方、反応はやや活発で覚醒度は中程度です。
../database/final_database/063/001.jpg,63,001.jpg,3,0.05,0.35,口が少し開いて上を見上げるような表情で、驚きや関心が示唆されます。強い快・不快は読み取りにくい一方で、やや覚醒度は高めに見えます。
../database/final_database/063/001.jpg,63,001.jpg,4,0.1,0.4,口が少し開き眉がやや上がっており、驚きや困惑に近い表情で強い快・不快は感じにくいです。視線も上向きで反応性があり、覚醒度はやや高めと判断しました。
../database/final_database/063/001.jpg,63,001.jpg,5,0.05,0.35,口が少し開き視線が上向きで、驚きや軽い困惑のような中立寄りの表情に見えます。強い喜び・怒りは感じにくい一方、注意が向いた覚醒はやや高めです。
../database/final_database/063/001.jpg,63,001.jpg,6,0.1,0.35,口が少し開き眉がやや上がっており、驚きや困惑に近い表情で強い快・不快は見えません。視線も上向きで反応が出ているため覚醒度はやや高めと判断します。
../database/final_database/063/001.jpg,63,001.jpg,7,0.05,0.28,口が少し開き視線が上向きで、驚きや戸惑いのような軽い緊張が感じられます。一方で眉や口角の強い下がりは見られず、不快感は強くないため中立寄りの快・低〜中程度の覚醒と判断しました。
../database/final_database/063/001.jpg,63,001.jpg,8,0.05,0.32,口が少し開き目線が上向きで、驚きや関心を示す表情に見えます。強い喜び・不快は弱く、覚醒度はやや高めと判断しました。
../database/final_database/063/001.jpg,63,001.jpg,9,0.05,0.42,口が少し開き視線が上向きで、驚きや注意喚起のような軽い緊張が見られます。笑顔や強い不快のサインは弱く、快不快は中立寄りです。
../database/final_database/063/001.jpg,63,001.jpg,10,0.15,0.35,口が少し開き眉間にわずかな緊張があり、強い喜びよりも戸惑い・注意喚起の表情に見えます。覚醒度は低～中程度で、驚きはあるが興奮は強くありません。
../database/final_database/063/002.jpg,63,002.jpg,1,-0.35,0.55,眉が寄り目が大きく見開かれており、口も半開きで緊張や警戒の表情に見えます。快より不快寄りで、覚醒度はやや高めと判断しました。
../database/final_database/063/002.jpg,63,002.jpg,2,-0.2,0.55,口が半開きで眉間に緊張があり、落ち着いた喜びというより不安・警戒の印象が強いです。一方で目が大きく開いており覚醒度は高めに見えます。
../database/final_database/063/002.jpg,63,002.jpg,3,-0.35,0.55,目が大きく見開かれ口が半開きで、驚きや警戒のような緊張感があり覚醒度は高めです。笑顔要素が少なく不安寄りに見えるため快-不快はやや不快側と判断しました。
../database/final_database/063/002.jpg,63,002.jpg,4,-0.35,0.55,口が半開きで緊張感のある表情で、眉や目元もやや強張っており不快寄りに見えます。視線が強く覚醒度も中程度以上と判断しました。
../database/final_database/063/002.jpg,63,002.jpg,5,-0.35,0.55,口が開いて目が見開かれており、驚きや緊張・不安のような覚醒度の高い表情に見えます。口角が上がらず硬い印象のため、快よりやや不快寄りと判断しました。
../database/final_database/063/002.jpg,63,002.jpg,6,-0.35,0.55,目が見開かれ口が開いており、驚きや不安を示す表情に見えます。快より不快寄りで、覚醒度は高めと判断しました。
../database/final_database/063/002.jpg,63,002.jpg,7,-0.18,0.56,口が開いて目が見開かれた表情で、驚きや緊張が強く覚醒度が高いと判断しました。笑顔ではなく不安・不快寄りの印象があるためvalenceはややマイナスです。
../database/final_database/063/002.jpg,63,002.jpg,8,-0.25,0.55,眉が寄り目が見開かれ、口が開いていて緊張・驚きの表情に見えます。快よりは不快寄りで、覚醒度は中～やや高めと判断しました。
../database/final_database/063/002.jpg,63,002.jpg,9,-0.25,0.55,口が開いて目が見開かれ、緊張や驚きのような覚醒度の高い表情に見えます。笑顔要素が少なく、やや不快寄りのニュートラルに近い印象です。
../database/final_database/063/002.jpg,63,002.jpg,10,-0.35,0.55,口が開き眉間がやや寄っており、驚きや警戒のような緊張感が見られます。笑顔要素が少ないため快より不快寄りで、覚醒度は中程度以上です。
../database/final_database/063/003.jpg,63,003.jpg,1,0.1,0.25,口が少し開き、表情は全体的に中立〜わずかに好意的に見えます。強い緊張や興奮は感じにくい一方で、注意・関心による軽い覚醒がある印象です。
../database/final_database/063/003.jpg,63,003.jpg,2,0.22,0.12,口角がわずかに上がり、表情は中立〜軽い好意に見えるためvalenceはやや正寄りです。目の開きや表情筋の緊張が強くなく、興奮度は低めなのでarousalはわずかに正にしました。
../database/final_database/063/003.jpg,63,003.jpg,3,0.12,0.18,口がわずかに開いており、軽い微笑にも見える一方で表情全体は中立寄りです。驚きや強い緊張は見られず、覚醒度も低〜中程度と判断しました。
../database/final_database/063/003.jpg,63,003.jpg,4,0.12,0.18,口角がわずかに上がり、表情は中立〜軽い好意に見えるためvalenceはやや正寄りです。一方で目や口の開きが控えめで強い興奮は感じにくいためarousalは低めの正寄りにしました。
../database/final_database/063/003.jpg,63,003.jpg,5,0.22,0.12,口角がわずかに上がり驚きや緊張が強くない中立〜軽い好意的表情に見えます。目の開きも極端ではなく全体に落ち着いているため覚醒度は低めです。
../database/final_database/063/003.jpg,63,003.jpg,6,0.15,0.2,口角がわずかに上がり、全体として中立〜軽い快の表情に見えます。目や眉の動きが小さく緊張感も強くないため、覚醒度は低め〜中程度と判断しました。
../database/final_database/063/003.jpg,63,003.jpg,7,0.18,0.22,口角がわずかに上がり、表情は中立よりやや快寄りに見えます。一方で目元や眉の動きが少なく、興奮度は低〜中程度と判断しました。
../database/final_database/063/003.jpg,63,003.jpg,8,0.18,0.12,口角がわずかに上がり、表情は穏やかで大きな不快サインは見られないため軽い快寄りです。一方で目や口の開きは小さく、緊張や興奮は強くないので覚醒度は低めです。
../database/final_database/063/003.jpg,63,003.jpg,9,0.15,0.05,口角がわずかに上がっており不快ではないものの、笑顔は弱く快は軽度です。目元や眉の動きが少なく、緊張や興奮も強くないため覚醒度は低めです。
../database/final_database/063/003.jpg,63,003.jpg,10,0.32,0.22,口角がわずかに上がり、表情は穏やかで軽い肯定感が見られます。一方で目の開きや表情筋の緊張は強くなく、覚醒度は低めです。
../database/final_database/063/004.jpg,63,004.jpg,1,0.1,0.35,口が少し開き、目もやや見開かれていて驚きや注意喚起のような覚醒度が感じられます。口角の上がりは弱く明確な笑顔ではないため快は小さめに見積もります。
../database/final_database/063/004.jpg,63,004.jpg,2,0.1,0.35,口が少し開いて目もやや見開かれており、軽い驚き・関心のような表情に見えます。強い喜びや不快感は小さく、覚醒度は中程度です。
../database/final_database/063/004.jpg,63,004.jpg,3,0.12,0.28,口が少し開き、目元も緊張が弱く、驚きや関心に近い表情で強い不快は感じにくいです。覚醒度は低～中程度で、落ち着いた状態の中に軽い反応が見られます。
../database/final_database/063/004.jpg,63,004.jpg,4,0.12,0.18,口が少し開き目が見開かれており、驚きや注意が向いたような表情で覚醒度はやや高めです。一方で口角の上がりは弱く、快・不快はいずれにも強く傾かないため中立寄りのわずかに快と判断しました。
../database/final_database/063/004.jpg,63,004.jpg,5,0.15,0.35,口が少し開いて目も見開き気味で、驚きや注意が向いたような表情に見えます。一方で口角は大きく上がっておらず強い喜びではないため、快は弱めにしました。
../database/final_database/063/004.jpg,63,004.jpg,6,0.1,0.35,口が少し開き、眉や目元に強い緊張が少ないため、やや中立〜わずかに快寄りに見えます。驚き・注意のような軽い覚醒が感じられるのでarousalはやや高めです。
../database/final_database/063/004.jpg,63,004.jpg,7,0.1,0.25,口が少し開いていて驚き・困惑のような表情で、強い喜びや不快は見られません。目元も大きく緊張しておらず、覚醒度は軽度に高い程度です。
../database/final_database/063/004.jpg,63,004.jpg,8,0.1,0.35,口が少し開き、眉がやや上がっていて驚き・関心に近い表情に見えるため、快・不快は中立寄りで軽く快側と判断しました。目の開きと口の開きから覚醒度は低〜中程度でやや高めと推定しました。
../database/final_database/063/004.jpg,63,004.jpg,9,0.1,0.35,口が少し開き、目元も緊張が弱く、驚き・戸惑い寄りの中立に近い表情に見えます。強い笑顔や怒りはなく、やや覚醒度はあるものの高すぎません。
../database/final_database/063/004.jpg,63,004.jpg,10,0.05,0.32,口が少し開き、眉がやや持ち上がっていて驚き・困惑に近い表情に見えます。強い喜びや怒りではないため快・不快は中立寄り、覚醒度はやや高めと判断しました。
../database/final_database/063/005.jpg,63,005.jpg,1,0.12,0.22,口がわずかに開き、表情は中立〜わずかにポジティブに見えます。目元の緊張は強くなく、覚醒度も低〜中程度と判断しました。
../database/final_database/063/005.jpg,63,005.jpg,2,0.12,0.28,口が少し開き、表情は穏やかで不快さは強く見られないため、valenceはわずかに正寄りと判断しました。一方で驚きや緊張を示す強い目の見開きや眉の上がりは弱く、arousalは軽度の覚醒に留まると考えました。
../database/final_database/063/005.jpg,63,005.jpg,3,0.2,0.1,口が少し開いていて表情は穏やかで、わずかに肯定的な印象です。一方で目元や口角の強い動きが少なく、覚醒度は低めに見えます。
../database/final_database/063/005.jpg,63,005.jpg,4,0.18,0.1,口角がわずかに上がり、表情は穏やかで軽い好意（快）が感じられます。一方で目元や口の開きが大きくなく、興奮度は低めで落ち着いた状態です。
../database/final_database/063/005.jpg,63,005.jpg,5,0.18,0.1,口角がわずかに上がり、表情全体は穏やかで軽い好意・安心感が見られます。一方で目元や口の開きは控えめで、興奮度は高くありません。
../database/final_database/063/005.jpg,63,005.jpg,6,0.25,0.1,口角がやや上がり、全体として穏やかでわずかに肯定的な表情に見えます。目や眉の緊張が少なく、興奮度は低めです。
../database/final_database/063/005.jpg,63,005.jpg,7,0.22,0.28,口がわずかに開き、表情は柔らかく中立〜軽い好意的に見えます。一方で眉や目の緊張は強くなく、興奮度は低〜中程度と判断しました。
../database/final_database/063/005.jpg,63,005.jpg,8,0.18,0.12,口角がわずかに上がり、表情は穏やかで軽い快の方向に見えます。目や口の開きは大きくなく、興奮度は低めで落ち着いた状態です。
../database/final_database/063/005.jpg,63,005.jpg,9,0.12,0.08,口角がわずかに上がり、表情は軽い好意・安心寄りに見えるためvalenceはやや正寄りです。一方で目の見開きや眉の緊張が弱く、覚醒度は低め〜中立と判断しました。
../database/final_database/063/005.jpg,63,005.jpg,10,0.22,0.12,口がわずかに開き、表情は穏やかで軽い好奇心や安心感が見られる一方、強い興奮や緊張は感じられません。目元や眉の動きも小さく、全体として低めの覚醒度です。
../database/final_database/063/006.jpg,63,006.jpg,1,-0.18,0.42,眉や口元が緊張しており、驚きや困惑のような不快寄りの表情に見えます。一方で口が開き視線も上を向いていて反応が強く、覚醒度はやや高めです。
../database/final_database/063/006.jpg,63,006.jpg,2,-0.12,0.35,口が半開きで眉や目元にやや緊張があり、快よりも少し不快寄りの戸惑い・困惑の表情に見えます。表情の動きは中程度で、覚醒度はやや高めと判断しました。
../database/final_database/063/006.jpg,63,006.jpg,3,-0.25,0.45,口が半開きで眉が上がり、困惑・不安のような不快寄りの表情に見えます。一方で目の動きと口元の緊張から覚醒度はやや高めと判断しました。
../database/final_database/063/006.jpg,63,006.jpg,4,-0.2,0.35,口が半開きで眉間に力が入り、やや不快・困惑の表情に見えます。一方で目線や口元の緊張があり、覚醒度は中程度と判断しました。
../database/final_database/063/006.jpg,63,006.jpg,5,-0.15,0.35,口が半開きで目線が定まらず、困惑や不安寄りの表情に見えるため快度はやや低めです。一方で緊張感があり無表情よりは覚醒している印象です。
../database/final_database/063/006.jpg,63,006.jpg,6,0.05,0.35,口が少し開き、眉や目元に強い怒りや喜びは見られず、やや戸惑い・驚き寄りの中立的表情に見えます。覚醒度は低～中程度で、緊張や注意が少し上がっている印象です。
../database/final_database/063/006.jpg,63,006.jpg,7,-0.15,0.35,口が半開きで眉や目元に緊張があり、やや不快寄りの困惑・不安の表情に見えます。視線の動きと表情のこわばりから覚醒度は中程度と判断しました。
../database/final_database/063/006.jpg,63,006.jpg,8,-0.15,0.35,口が半開きで眉や目の緊張が見られ、やや不快・困惑寄りの印象です。一方で表情の動きはあり、落ち着きよりは少し覚醒度が高いと判断しました。
../database/final_database/063/006.jpg,63,006.jpg,9,-0.18,0.42,口が半開きで緊張や戸惑いを示す表情に見え、快よりやや不快寄りと判断しました。目線が不安定で表情の硬さがあり、覚醒度はやや高めです。
../database/final_database/063/006.jpg,63,006.jpg,10,-0.32,0.28,口が半開きで眉や目元に緊張があり、快よりも不快・困惑寄りの表情に見えます。一方で驚きや注意喚起のような軽い覚醒が感じられます。
../database/final_database/063/007.jpg,63,007.jpg,1,0.26,0.18,口が少し開き、表情が比較的中立〜ややポジティブに見えるため快方向に寄せました。目元や口元の緊張が強くなく、興奮度も低めに見えるため覚醒は軽度と判断しました。
../database/final_database/063/007.jpg,63,007.jpg,2,0.18,0.32,口が少し開いて目元も緊張が強くなく、驚きや軽い興味のような中立～やや快の表情に見えます。表情の動きはあるため覚醒度は低すぎず中程度と判断しました。
../database/final_database/063/007.jpg,63,007.jpg,3,0.1,0.15,口が少し開き目線も上向きで、驚きや戸惑いを含む中立寄りの表情に見えます。強い喜び・怒りではなく、覚醒度も低～中程度と判断しました。
../database/final_database/063/007.jpg,63,007.jpg,4,0.1,0.35,口が少し開いており驚きや興味に近い表情で、強い不快感は見られません。目の開きも含め軽い覚醒はあるものの、興奮は中程度です。
../database/final_database/063/007.jpg,63,007.jpg,5,-0.1,0.35,口が開いており目も見開き気味で、驚きや不安を示す覚醒度の高い表情に見えます。笑顔というより困惑・不快寄りのニュートラルに近い印象のためvalenceはややマイナスです。
../database/final_database/063/007.jpg,63,007.jpg,6,0.05,0.3,口が少し開いており驚き・興味のような表情で、強い快・不快は読み取りにくいです。目元の緊張は軽度で、覚醒度はやや高めと判断しました。
../database/final_database/063/007.jpg,63,007.jpg,7,0.15,0.1,口が少し開いており、表情はやや穏やかで中立寄りに見えます。強い興奮や緊張のサインは少なく、覚醒度も低めと判断しました。
../database/final_database/063/007.jpg,63,007.jpg,8,0.1,0.25,口が少し開き、表情はやや驚き・戸惑いに近い中立寄りに見えます。強い緊張や怒りは感じられず、覚醒度も中程度より低めです。
../database/final_database/063/007.jpg,63,007.jpg,9,0.05,0.35,口が少し開いており驚き・興味のような表情で、強い不快や快は見られません。目元は緊張が少なく、適度な覚醒（注意喚起）レベルに見えます。
../database/final_database/063/007.jpg,63,007.jpg,10,0.12,0.48,口が開いて軽い笑み・驚きのような表情で、強い不快感は見られません。目の開きと口の開口からやや覚醒度が高い状態と判断しました。
../database/final_database/063/008.jpg,63,008.jpg,1,-0.25,0.35,口が半開きで眉間に緊張があり、やや不快・困惑寄りの表情に見えます。一方で目線が上向きで表情筋の動きがあり、覚醒度は中程度と判断しました。
../database/final_database/063/008.jpg,63,008.jpg,2,0.05,0.42,口がやや開き、視線が上向きで驚き・困惑のような表情に見えます。快不快は中立寄りですが、反応はやや強めで覚醒度は中程度と判断しました。
../database/final_database/063/008.jpg,63,008.jpg,3,-0.25,0.35,口が半開きで眉や眼の緊張があり、快よりもやや不快・困惑寄りの表情に見えます。視線が上に逸れており落ち着きよりも軽い覚醒（緊張・戸惑い）が感じられます。
../database/final_database/063/008.jpg,63,008.jpg,4,-0.15,0.35,口が半開きで眉や目元がやや緊張しており、驚きや困惑に近い不快寄りの表情に見えます。一方で表情の動きは中程度で、覚醒度はやや高めと判断しました。
../database/final_database/063/008.jpg,63,008.jpg,5,-0.25,0.35,口が半開きで眉や目の動きから困惑・不安寄りの表情に見え、快よりやや不快に寄っています。視線が上向きで緊張感があり、覚醒度は中程度に感じられます。
../database/final_database/063/008.jpg,63,008.jpg,6,-0.25,0.35,口が半開きで眉や目線が不安定に見え、困惑や不快寄りの表情に感じられます。一方で緊張感や注意が向いている様子があり、覚醒度はやや高めと判断しました。
../database/final_database/063/008.jpg,63,008.jpg,7,-0.18,0.42,口が開き目線が上を向いており、驚きや困惑のようなやや不快寄りの表情に見えるためvalenceは低めです。一方で表情の緊張感があり覚醒度は中程度に高いと判断しました。
../database/final_database/063/008.jpg,63,008.jpg,8,-0.35,0.25,口が半開きで眉や目元に緊張があり、快よりも不快・戸惑い寄りに見えます。表情の動きはあるものの強い興奮ではなく、中程度の覚醒と判断しました。
../database/final_database/063/008.jpg,63,008.jpg,9,-0.25,0.55,口が開いて不快そうな緊張が見られ、眉や目線も落ち着かず戸惑い・嫌悪寄りに感じられます。一方で表情筋の動きが大きく、覚醒度はやや高めです。
../database/final_database/063/008.jpg,63,008.jpg,10,-0.1,0.35,目が上を向き口が半開きで、驚きや困惑のような不快寄りの表情に見えます。表情の動きが比較的大きく、覚醒度はやや高めと判断しました。
../database/final_database/063/010.jpg,63,010.jpg,1,0.1,0.25,口が少し開いて上を見上げる表情で、驚きや関心が感じられます。強い喜怒哀楽は見えないため快は弱めで、覚醒度はやや高めにしました。
../database/final_database/063/010.jpg,63,010.jpg,2,0.1,0.35,口がやや開き上方を見上げており、驚きや関心を示すような表情で強い不快感は見られません。覚醒度は中程度で、落ち着きよりは反応が出ています。
../database/final_database/063/010.jpg,63,010.jpg,3,0.18,0.22,口が少し開き視線が上向きで、驚きや関心を示す表情に見えます。強い緊張や不快の兆候は少なく、やや覚醒・やや快寄りと判断しました。
../database/final_database/063/010.jpg,63,010.jpg,4,0.1,0.45,口が少し開いて上を見上げており、驚き・興味のような中立〜やや快の表情に見えます。目の開きと姿勢から覚醒度はやや高めと判断しました。
../database/final_database/063/010.jpg,63,010.jpg,5,0.1,0.45,口が少し開き目線が上向きで、驚きや関心のような軽いポジティブ感情が示唆されます。緊張感は強くないものの注意喚起された状態に見えるため覚醒度はやや高めです。
../database/final_database/063/010.jpg,63,010.jpg,6,0.1,0.35,口が少し開き上を見上げており、驚きや興味のようなややポジティブ寄りの表情に見えます。強い喜怒哀楽ではないため快は弱めで、覚醒は軽度～中程度と判断しました。
../database/final_database/063/010.jpg,63,010.jpg,7,0.15,0.35,口が少し開き上を見上げており、驚きや関心がうかがえるためarousalはやや高めです。眉や口角に強い否定的サインは少なく、快・不快は中立からわずかに快寄りと判断しました。
../database/final_database/063/010.jpg,63,010.jpg,8,0.1,0.35,口が開き上方を見上げており、驚き・興味のようなやや覚醒度の高い表情に見えます。苦痛や怒りは弱く、全体としては中立〜わずかに快寄りです。
../database/final_database/063/010.jpg,63,010.jpg,9,0.1,0.35,口が少し開き目線が上向きで、驚きや関心を示す表情に見えます。ネガティブではないものの強い喜びではなく、覚醒度はやや高めと判断しました。
../database/final_database/063/010.jpg,63,010.jpg,10,0.1,0.35,口が少し開き上方を見ているため驚き・関心のような中立寄りの快感情が示唆されます。表情の緊張は強くない一方で注意が向いている印象があり、覚醒度はやや高めです。
../database/final_database/064/001.jpg,64,001.jpg,1,0.12,-0.18,口元がわずかに上がっており不快ではない一方、目元の緊張が少なく表情の強さは弱めです。全体として落ち着いた軽いポジティブさが見られます。
../database/final_database/064/001.jpg,64,001.jpg,2,-0.1,0.05,口角がわずかに下がり、目も細く緊張感が少しあるため、快でも不快でもないがやや不快寄りに見えます。表情の動きは小さく、興奮度は低めで中立に近いです。
../database/final_database/064/001.jpg,64,001.jpg,3,0.12,-0.18,口元がわずかに上がっており不快感は弱い一方、目元は細く表情の動きが少ないため落ち着いた状態に見えます。全体として軽い快寄り・低覚醒と判断しました。
../database/final_database/064/001.jpg,64,001.jpg,4,0.1,-0.05,口元にわずかな微笑が見られる一方、目元は力が抜けていて表情の強度は低めです。全体としてやや快寄りだが落ち着いた（低覚醒）印象です。
../database/final_database/064/001.jpg,64,001.jpg,5,-0.05,0.1,口元はわずかに上がっていますが、目が細く緊張感があり快・不快が中立寄りに見えます。表情の動きは小さく、覚醒度も低〜中程度です。
../database/final_database/064/001.jpg,64,001.jpg,6,0.15,-0.05,口角がわずかに上がっている一方、目元はやや細く力が抜けており強い喜びや緊張は見られません。全体として軽い快方向だが覚醒度は低めの落ち着いた表情です。
../database/final_database/064/001.jpg,64,001.jpg,7,-0.12,0.08,口角がわずかに下がり、眉間に軽い緊張が見られるためやや不快寄りです。一方で表情の強さは弱く、覚醒度は低〜中程度に留まります。
../database/final_database/064/001.jpg,64,001.jpg,8,0.18,0.12,口元がわずかに上がり、表情全体に軽い快の要素がありますが、目元の緊張があり強い喜びではありません。覚醒度も落ち着いた状態で、大きな興奮や緊張は見られません。
../database/final_database/064/001.jpg,64,001.jpg,9,-0.12,0.08,口角がわずかに下がり、目元もやや緊張していて快より不快寄りに見えます。一方で表情の強い動きは少なく、覚醒度は中立に近い低めです。
../database/final_database/064/001.jpg,64,001.jpg,10,0.12,-0.18,口角がわずかに上がっており大きな不快感は見られないため、軽い快寄りのvalenceと判断しました。一方で目や眉の動きが小さく表情の強度が低いので、arousalはやや低めにしました。
../database/final_database/064/002.jpg,64,002.jpg,1,-0.12,-0.18,口角がほぼ水平で笑顔が弱く、眉間に軽い緊張が見られるためやや不快寄りです。表情の動きが小さく落ち着いているので覚醒度は低めです。
../database/final_database/064/002.jpg,64,002.jpg,2,-0.05,-0.1,口角はわずかに上がっていますが、眉間に軽いしわがあり不安・戸惑いが混ざった表情に見えます。表情の強さは弱めで落ち着いているため、覚醒度は低めと判断しました。
../database/final_database/064/002.jpg,64,002.jpg,3,-0.12,0.18,口角がわずかに下がり、眉間に軽い緊張が見られるため快は低めです。一方で目は開いており表情の緊張も少しあるので、覚醒度はやや高めと判断しました。
../database/final_database/064/002.jpg,64,002.jpg,4,-0.12,0.18,口元は大きく笑っておらず、眉間に軽い緊張が見られるため快は弱めです。一方で表情はやや引き締まっており、覚醒度は少し高めと判断しました。
../database/final_database/064/002.jpg,64,002.jpg,5,-0.12,0.18,口元はわずかに上がっていますが、眉間が寄って不安・困惑気味に見えるため快-不快はやや不快寄りです。表情の動きは小さく落ち着いている一方で緊張感が少しあるため覚醒度は低〜中程度です。
../database/final_database/064/002.jpg,64,002.jpg,6,-0.12,0.18,口元はほぼ水平で笑顔は弱く、眉がやや寄っており軽い不快・困惑が示唆されます。一方で目は開いており表情の緊張も少しあるため、覚醒度は低〜中程度と判断しました。
../database/final_database/064/002.jpg,64,002.jpg,7,-0.12,0.08,口角がわずかに下がり、眉間に軽い緊張が見られるためやや不快寄りです。一方で表情の強さは弱く、覚醒度は低〜中程度にとどまります。
../database/final_database/064/002.jpg,64,002.jpg,8,0.05,-0.2,口元はわずかに上がっていますが、眉が内側に寄っており不安・困惑が混じる表情に見えます。表情の強さは弱めで、覚醒度は低〜中程度と判断しました。
../database/final_database/064/002.jpg,64,002.jpg,9,0.12,-0.18,口角がわずかに上がり大きな不快サインは少ないため、軽い快寄りの表情です。一方で目や眉の緊張が弱く全体に落ち着いて見えるため、覚醒度はやや低めと判断しました。
../database/final_database/064/002.jpg,64,002.jpg,10,-0.1,0.2,口元はわずかに上がっていますが、眉が寄っていて不安・困惑の要素が見られるため快は弱めです。表情の緊張は軽度で、覚醒度も中程度よりやや低めと判断しました。
../database/final_database/064/003.jpg,64,003.jpg,1,0.22,-0.18,口元がわずかに上がり、全体として穏やかな表情で軽い快の印象です。一方で目元や眉の動きが小さく、覚醒度は低めに見えます。
../database/final_database/064/003.jpg,64,003.jpg,2,0.22,-0.18,口元がわずかに上がり、全体として穏やかで軽いポジティブさが見られます。一方で目元や表情筋の緊張が少なく、覚醒度は低めに見えます。
../database/final_database/064/003.jpg,64,003.jpg,3,0.28,-0.12,口角がわずかに上がり、全体に穏やかな表情で軽い快の印象があります。目や眉の緊張が少なく動きも小さいため、覚醒度はやや低めと判断しました。
../database/final_database/064/003.jpg,64,003.jpg,4,0.18,-0.12,口元がわずかに上がり、表情は穏やかで軽い好意（快）を示しています。一方で目元や眉の動きが小さく、全体として落ち着いた低覚醒の印象です。
../database/final_database/064/003.jpg,64,003.jpg,5,0.12,-0.22,口角がわずかに上がっており軽い好意・落ち着きを感じる一方、目元の緊張が少なく全体として静かな表情です。強い興奮や不快感は読み取りにくいです。
../database/final_database/064/003.jpg,64,003.jpg,6,0.22,-0.18,口角がわずかに上がっており全体として穏やかな表情なので、快寄りのvalenceと判断しました。目元や表情筋の緊張が弱く落ち着いて見えるため、arousalは低めです。
../database/final_database/064/003.jpg,64,003.jpg,7,0.12,-0.22,口角がわずかに上がり全体として穏やかな表情で、不快感は強くありません。一方で目元や表情筋の緊張が少なく、落ち着いた低覚醒寄りに見えます。
../database/final_database/064/003.jpg,64,003.jpg,8,0.18,-0.12,口元がわずかに上がっており、軽い微笑みに見えるため快寄りです。一方で目元や表情筋の動きが小さく、全体に落ち着いた印象なので覚醒度は低めです。
../database/final_database/064/003.jpg,64,003.jpg,9,0.12,-0.28,口元がわずかに上がっており軽い肯定的感情が見られますが、表情の動きは小さく全体に落ち着いているため覚醒度は低めと判断しました。
../database/final_database/064/003.jpg,64,003.jpg,10,0.12,-0.18,口元がわずかに上がっており軽い好意・落ち着きを示す一方、目元や眉の動きが小さく全体に穏やかで覚醒度は低めに見えます。
../database/final_database/064/004.jpg,64,004.jpg,1,-0.18,0.22,眉がやや寄り、目元も少し緊張していて不快寄りに見えます。一方で口元は大きく崩れておらず、覚醒度は中程度と判断しました。
../database/final_database/064/004.jpg,64,004.jpg,2,-0.18,0.12,眉がやや寄り、口元も緊張していて快より不快寄りの表情に見えます。一方で大きな驚きや興奮はなく、覚醒度は低〜中程度です。
../database/final_database/064/004.jpg,64,004.jpg,3,-0.12,0.22,眉間に軽いしわが寄り、口元もやや緊張して見えるため快ではなくわずかに不快寄りと判断しました。一方で表情の強度は高くなく、適度な覚醒レベルに留まっています。
../database/final_database/064/004.jpg,64,004.jpg,4,-0.12,0.18,眉が寄っていて口元もやや緊張しており、快よりもわずかに不快寄りに見えます。一方で表情の強さは中程度で、覚醒度はやや高めと判断しました。
../database/final_database/064/004.jpg,64,004.jpg,5,-0.25,0.15,眉が中央に寄ってややしかめ面で、口元も緊張しており不快寄りに見えます。一方で表情の動きは強くなく、覚醒度は低〜中程度です。
../database/final_database/064/004.jpg,64,004.jpg,6,0.05,0.15,口元はわずかに上がっている一方で、眉間に軽いしわがあり不安・困惑が混ざった中立寄りの表情に見えます。強い興奮はなく、覚醒度も低～中程度です。
../database/final_database/064/004.jpg,64,004.jpg,7,-0.18,0.12,眉がやや寄り、口元も引き気味で快よりはわずかに不快寄りに見えます。一方で表情の強い緊張や興奮は少なく、覚醒度は中立付近です。
../database/final_database/064/004.jpg,64,004.jpg,8,-0.12,0.28,眉が寄っていて目元もやや緊張しており、不快寄りの表情に見えます。一方で口元は大きく崩れておらず、覚醒度は中程度と判断しました。
../database/final_database/064/004.jpg,64,004.jpg,9,-0.18,0.22,眉がやや寄り、口角も上がりきっていないため快よりも軽い不快寄りに見えます。一方で表情の緊張感が少しあり、覚醒度は低すぎず中程度に近いと判断しました。
../database/final_database/064/004.jpg,64,004.jpg,10,-0.1,0.15,眉が寄り気味で口元も硬く、快よりやや不快寄りに見えます。一方で表情の強度は中程度で、覚醒度はやや低〜中程度です。
../database/final_database/064/005.jpg,64,005.jpg,1,0.1,-0.25,口元がわずかに上がりリラックスした中立〜軽い快の表情に見えます。目や眉の緊張が少なく、興奮度は低めです。
../database/final_database/064/005.jpg,64,005.jpg,2,0.1,-0.15,口角がわずかに上がっており全体として穏やかな表情で、強い不快感は見られません。目元や表情筋の緊張が少なく落ち着いているため、覚醒度はやや低めと判断しました。
../database/final_database/064/005.jpg,64,005.jpg,3,0.12,-0.08,口角がわずかに上がり不快ではない一方、目元や眉に強い緊張がなく感情の強度は低めに見えるためです。全体として穏やかで軽いポジティブ寄りの表情です。
../database/final_database/064/005.jpg,64,005.jpg,4,0.12,-0.28,口元がわずかに上がっており不快さは強くない一方、目元や眉の動きが小さく表情の活性は低めに見えるためです。全体として穏やかで落ち着いた中立寄りの印象です。
../database/final_database/064/005.jpg,64,005.jpg,5,0.15,-0.05,口元がわずかに上がり、眉や目元の緊張も強くないため軽い快の印象です。一方で表情の動きが小さく、興奮・緊張は低めに見えるため覚醒度はほぼ中立〜やや低めと判断しました。
../database/final_database/064/005.jpg,64,005.jpg,6,0.15,-0.1,口角がわずかに上がっており、全体として中立〜やや快の表情に見えます。目や眉の緊張が少なく、興奮度は低めで落ち着いた印象です。
../database/final_database/064/005.jpg,64,005.jpg,7,0.12,-0.08,口元がわずかに上がっており全体として中立〜やや快の表情に見えます。目元や眉の動きが小さく、強い興奮や緊張は感じにくいため覚醒度は低めです。
../database/final_database/064/005.jpg,64,005.jpg,8,0.12,-0.18,口元はわずかに上がっており強い不快感は見られない一方、目元や眉に大きな緊張がなく表情の変化も小さいため、穏やかで低覚醒寄りと判断しました。
../database/final_database/064/005.jpg,64,005.jpg,9,0.12,-0.18,口角がわずかに上がり表情は概ね中立〜軽い快ですが、目元や眉の動きが少なく落ち着いた印象です。強い驚きや緊張は見られないため覚醒度はやや低めと判断しました。
../database/final_database/064/005.jpg,64,005.jpg,10,0.12,-0.18,口元がわずかに上がっており大きな苦痛や怒りは見られないため、快寄りの中立と判断しました。一方で目元や表情筋の動きが小さく、興奮・緊張は低めに見えるため覚醒度はやや低めです。
../database/final_database/064/006.jpg,64,006.jpg,1,0.22,-0.08,目元は細めで口角がわずかに上がっており、軽い快のサインが見られます。一方で表情全体は強い緊張や驚きがなく落ち着いているため、覚醒度はやや低めと判断しました。
../database/final_database/064/006.jpg,64,006.jpg,2,0.18,0.12,口角がわずかに上がり全体として中立〜軽い好意の表情に見えますが、目が細く緊張感も少しあるため快・覚醒ともに強くはありません。
../database/final_database/064/006.jpg,64,006.jpg,3,0.18,0.12,口角がわずかに上がり全体として軽いポジティブさがある一方、目が細く表情の強さは弱めで落ち着いた状態に見えます。強い緊張や興奮のサインは少ないため覚醒度は低めです。
../database/final_database/064/006.jpg,64,006.jpg,4,0.2,-0.1,目を細めて口角がわずかに上がっており、軽い微笑みでやや快寄りに見えます。一方で表情の動きは強くなく落ち着いているため、覚醒度は低めと判断しました。
../database/final_database/064/006.jpg,64,006.jpg,5,0.12,-0.18,目が細く、口元にわずかな笑みが見られるため快寄りですが、表情全体は落ち着いていて強い興奮は感じられません。緊張や不快のサインは弱く、低覚醒寄りと判断しました。
../database/final_database/064/006.jpg,64,006.jpg,6,0.12,0.18,目は細めで口角がわずかに上がっており、弱い快の表情に見えます。表情の変化は小さく緊張感も強くないため、覚醒度はやや低めと判断しました。
../database/final_database/064/006.jpg,64,006.jpg,7,0.32,-0.08,口角がわずかに上がっており全体として穏やかな表情で、快の方向に寄っています。一方で目が細くリラックスして見えるため覚醒度は低めと判断しました。
../database/final_database/064/006.jpg,64,006.jpg,8,0.12,0.05,目が細く口角がわずかに上がっており、軽い快の表情に見えます。一方で表情の動きは強くなく、覚醒度は低めと判断しました。
../database/final_database/064/006.jpg,64,006.jpg,9,0.28,0.12,口角がわずかに上がっており全体として穏やかな表情で、軽い快の印象です。一方で目が細く表情の動きが小さいため、覚醒度は低めと判断しました。
../database/final_database/064/006.jpg,64,006.jpg,10,0.2,0.05,口元がわずかに上がり穏やかな表情に見えるため快寄りです。一方で目は細めで表情の動きが強くなく、覚醒度は低めと判断しました。
../database/final_database/064/007.jpg,64,007.jpg,1,-0.3,0.4,眉間にしわが寄り口元も緊張しており、不快・困惑寄りの表情に見えます。目の開きや表情筋の緊張があるため覚醒度はやや高めです。
../database/final_database/064/007.jpg,64,007.jpg,2,-0.18,0.32,眉が寄って目が細く、口元も引きつっており快より不快寄りに見えます。一方で表情の緊張感があり、覚醒度はやや高めです。
../database/final_database/064/007.jpg,64,007.jpg,3,-0.32,0.18,眉間にしわが寄り、目が細く口元も緊張していて不快寄りの表情に見えます。一方で動きは大きくなく、覚醒度はやや低〜中程度です。
../database/final_database/064/007.jpg,64,007.jpg,4,-0.25,0.32,眉間にしわが寄り、目が細く口元も緊張していて不快寄りの表情に見えます。一方で表情筋の緊張が強く、覚醒度はやや高めです。
../database/final_database/064/007.jpg,64,007.jpg,5,-0.38,0.34,眉が寄っており口元も引きつった表情で、不快・困惑寄りの感情が示唆されます。一方で目は開いており表情筋の緊張が見られるため覚醒度はやや高めです。
../database/final_database/064/007.jpg,64,007.jpg,6,-0.32,0.22,眉が寄り目元が細く、口元も引きつったように見えるため不快寄りの表情です。一方で表情筋の緊張はあるものの強い興奮や驚きはなく、覚醒度はやや低〜中程度と判断しました。
../database/final_database/064/007.jpg,64,007.jpg,7,-0.18,0.22,眉が寄り、口元もやや緊張しており不快寄りの表情に見えます。一方で目は開いていて緊張感があり、覚醒度はやや高めと判断しました。
../database/final_database/064/007.jpg,64,007.jpg,8,-0.38,0.22,眉間にしわが寄り口元も緊張しており、不快・困惑寄りの表情に見えます。一方で目の開きは強すぎず動きも小さいため、覚醒度は中程度と判断しました。
../database/final_database/064/007.jpg,64,007.jpg,9,-0.25,0.32,眉が強く寄り、目が細く口元も緊張していて不快・不満寄りの表情に見えます。一方で表情筋の緊張はあるため覚醒度はやや高めと判断しました。
../database/final_database/064/007.jpg,64,007.jpg,10,-0.25,0.35,眉間にしわが寄り、口元も緊張していて不快寄りの表情に見えます。一方で目の開きや表情の硬さから、やや覚醒度は高めと判断しました。
../database/final_database/064/008.jpg,64,008.jpg,1,0.22,0.05,片目をつぶって軽く口角が上がっており、やや肯定的（快）の表情に見えます。一方で表情の強さは弱く、覚醒度はほぼ中程度（わずかに低め）と判断しました。
../database/final_database/064/008.jpg,64,008.jpg,2,0.24,0.12,片目を閉じたウィンクのような表情で、口元もわずかに上がっており軽いポジティブさが見られます。驚きや強い緊張はなく、覚醒度は低〜中程度です。
../database/final_database/064/008.jpg,64,008.jpg,3,0.12,-0.08,片目を閉じて軽く口角が上がっており、やや好意的・遊び心のある表情に見えます。一方で表情の動きは大きくなく、全体として落ち着いた覚醒度です。
../database/final_database/064/008.jpg,64,008.jpg,4,0.22,0.12,片目をつむり口角がわずかに上がっており、軽い愉快さや余裕が感じられます。一方で表情の強さは弱く、覚醒度は低めと判断しました。
../database/final_database/064/008.jpg,64,008.jpg,5,0.18,0.12,片目を閉じたウィンクのような表情で、口元もわずかに上がっており軽い快の印象です。強い笑顔や緊張は見られず、覚醒度は中立に近い低めと判断しました。
../database/final_database/064/008.jpg,64,008.jpg,6,0.22,0.18,片目をつぶって口元がわずかに上がっており、やや肯定的（軽いユーモア・ウィンク）の表情に見えます。強い緊張や興奮は感じにくく、覚醒度は低～中程度です。
../database/final_database/064/008.jpg,64,008.jpg,7,0.12,0.18,片目を閉じたウィンクと口角がわずかに上がった表情で、軽い好意・遊び心が感じられます。一方で強い笑顔ではなく落ち着いた表情のため覚醒度は低めです。
../database/final_database/064/008.jpg,64,008.jpg,8,0.22,0.18,片目をつぶったウィンクのような表情で、口元もわずかに上がっており軽い好意・遊び心が感じられます。驚きや強い緊張はなく、覚醒度は低〜中程度です。
../database/final_database/064/008.jpg,64,008.jpg,9,0.12,0.18,片目をつぶったウィンクのような表情で、口元もわずかに上がっており軽いポジティブ感があります。強い驚きや緊張は見られず、覚醒度は低〜中程度にとどまります。
../database/final_database/064/008.jpg,64,008.jpg,10,0.25,0.05,片目を閉じて口元にわずかな笑みがあり、軽い快の感情が感じられます。一方で表情の動きは小さく、覚醒度は中立に近いと判断しました。
../database/final_database/064/009.jpg,64,009.jpg,1,-0.25,0.35,眉が寄って目が細く、口角も上がりきらないため不快寄りの表情に見えます。一方で顔の緊張感があり、覚醒度はやや高めと判断しました。
../database/final_database/064/009.jpg,64,009.jpg,2,-0.35,0.25,眉が寄って目が細く、口元も緊張しているため不快寄りに見えます。一方で表情の動きは強すぎず、覚醒度はやや高い程度です。
../database/final_database/064/009.jpg,64,009.jpg,3,-0.25,0.2,眉が寄って目が細く、口元も緊張しており、不快・困惑寄りの印象です。一方で表情の強度は中程度で、覚醒度はやや高めに見えます。
../database/final_database/064/009.jpg,64,009.jpg,4,-0.35,0.25,眉が中央に寄り、目がやや細く口元も緊張しており、不快寄りの表情に見えます。一方で強い興奮はなく、軽い緊張・警戒程度の覚醒にとどまっています。
../database/final_database/064/009.jpg,64,009.jpg,5,-0.15,0.35,眉が寄り、目が細く口元も緊張しており、やや不快寄りの表情に見えます。一方で表情筋の緊張があり、覚醒度はやや高めと判断しました。
../database/final_database/064/009.jpg,64,009.jpg,6,-0.32,0.21,眉間にしわが寄り、目が細く口元も緊張しており不快寄りの表情に見えます。一方で表情の動きは強すぎず、覚醒度は中程度と判断しました。
../database/final_database/064/009.jpg,64,009.jpg,7,-0.26,0.22,眉間にしわが寄り、目が細く口元も緊張していて不快寄りに見えます。一方で表情の動きは強すぎず、覚醒度はやや低〜中程度です。
../database/final_database/064/009.jpg,64,009.jpg,8,-0.12,0.28,眉間にしわが寄り、目もやや細く不快・困惑寄りの表情に見えます。一方で口元は大きく開いておらず強い興奮ではないため、覚醒度は中程度と判断しました。
../database/final_database/064/009.jpg,64,009.jpg,9,-0.18,0.32,眉間にしわが寄り目が細く、やや不快・困惑寄りの表情に見えます。一方で口元に緊張があり、感情の強さは中程度で覚醒はやや高めです。
../database/final_database/064/009.jpg,64,009.jpg,10,-0.36,0.22,眉が寄り、目が細く口角も上がっていないため不快寄りの表情に見えます。一方で驚きや強い興奮は少なく、覚醒度はやや低め～中程度と判断しました。
../database/final_database/064/010.jpg,64,010.jpg,1,-0.12,0.18,口元はやや上がっていますが眉間にしわが寄っており、少し不快・困惑寄りの表情に見えます。表情の強度は高くなく、覚醒度は低～中程度と判断しました。
../database/final_database/064/010.jpg,64,010.jpg,2,-0.05,0.25,眉がやや寄り、口元も引き気味で困惑・不満寄りの表情に見えるためvalenceはわずかに不快寄りです。目は開いており表情筋の緊張もあるので、覚醒度は低すぎない中程度と判断しました。
../database/final_database/064/010.jpg,64,010.jpg,3,-0.1,0.25,眉間にしわが寄り、口元も引き締まっており、やや不快・警戒の表情に見えます。一方で表情の動きは強すぎず、覚醒度は中程度と判断しました。
../database/final_database/064/010.jpg,64,010.jpg,4,-0.18,0.22,眉が寄り目が細く、口角もわずかに下がっており不快・困惑寄りの表情に見えます。一方で表情の緊張は強すぎず、覚醒度はやや低〜中程度と判断しました。
../database/final_database/064/010.jpg,64,010.jpg,5,-0.18,0.22,眉間にしわが寄り、口角も上がらずやや不快・困惑寄りの表情に見えます。一方で目は開いており緊張感が少しあるため、覚醒度はやや高めと判断しました。
../database/final_database/064/010.jpg,64,010.jpg,6,-0.18,0.22,眉間にしわが寄り、口角もあまり上がっていないためやや不快寄りに見えます。一方で表情の強さは中程度で、覚醒度は軽く高めと判断しました。
../database/final_database/064/010.jpg,64,010.jpg,7,-0.12,0.18,眉が寄って額にしわがあり、口元もやや緊張していて不快寄りに見えます。強い興奮ではないものの注意・警戒のような軽い覚醒が感じられます。
../database/final_database/064/010.jpg,64,010.jpg,8,-0.12,0.18,眉が寄って額にしわがあり、口元もやや緊張しているため快より不快寄りに見えます。一方で表情の強度は高くなく、落ち着いた状態に近いので覚醒度はわずかに高い程度です。
../database/final_database/064/010.jpg,64,010.jpg,9,-0.2,0.15,眉が寄っていて口元もやや緊張しており、不快寄りの表情に見えます。一方で表情の動きは強すぎず、覚醒度は低〜中程度と判断しました。
../database/final_database/064/010.jpg,64,010.jpg,10,-0.12,0.18,眉が寄り、口元も引き気味で不満・困惑のようなやや不快寄りの表情に見えます。一方で表情の強さは強烈ではなく、覚醒度は軽度にとどまるため低めの正の値にしました。
../database/final_database/065/001.jpg,65,001.jpg,1,-0.35,0.55,眉が中央に寄って持ち上がり、口角が下がって少し開いているため、不快寄りの感情（不安・困惑）に見えます。目もやや見開いており、緊張感があるので覚醒度は中程度に高いと判断しました。
../database/final_database/065/001.jpg,65,001.jpg,2,-0.45,0.35,眉が寄り口元が緊張しており、不快・不安寄りの表情に見えます。一方で目は開いており表情筋の動きもあるため、覚醒度はやや高めと判断しました。
../database/final_database/065/001.jpg,65,001.jpg,3,-0.35,0.5,眉が寄り、口元がやや引きつって見えるため不快寄りの感情が示唆されます。目が開いて緊張感があり、覚醒度は中程度に高いと判断しました。
../database/final_database/065/001.jpg,65,001.jpg,4,-0.35,0.55,眉が中央に寄り、口元が緊張して少し開いているため、不快寄りの情動が示唆されます。目もやや見開き気味で緊張感があり、覚醒度は中程度以上と判断します。
../database/final_database/065/001.jpg,65,001.jpg,5,-0.42,0.55,眉間にしわが寄り、口元もやや緊張していて不快寄りに見えます。目の開きと表情筋の強張りから覚醒度は中程度に高いと判断しました。
../database/final_database/065/001.jpg,65,001.jpg,6,-0.25,0.35,眉が寄り口角が下がり気味で、やや不快・不安そうな表情に見えます。目が開き緊張感もあるため覚醒度はやや高めと判断しました。
../database/final_database/065/001.jpg,65,001.jpg,7,-0.35,0.45,眉が寄り、口角も下がり気味で不快・不安寄りの表情に見えます。一方で目が開き緊張感があり、ある程度覚醒度は高いと判断しました。
../database/final_database/065/001.jpg,65,001.jpg,8,-0.55,0.4,眉間にしわが寄り、口元も緊張していて不快・困惑寄りの表情に見えます。一方で目や口が開き気味で反応性があり、覚醒度は中程度と判断しました。
../database/final_database/065/001.jpg,65,001.jpg,9,-0.28,0.42,眉が寄って口角がやや下がり、困惑・不快寄りの表情に見えます。一方で目や口元の緊張があり、覚醒度はやや高めです。
../database/final_database/065/001.jpg,65,001.jpg,10,-0.35,0.45,眉が中央に寄り、口元がやや緊張していて不快・不安寄りに見えます。一方で目と口の開きがあり、落ち着きよりもやや覚醒度が高い表情です。
../database/final_database/065/002.jpg,65,002.jpg,1,-0.35,0.2,眉が寄って目が細く、口元も緊張しており不快・困惑寄りの表情に見えます。一方で大きな驚きや興奮はなく覚醒度は中程度と判断しました。
../database/final_database/065/002.jpg,65,002.jpg,2,-0.35,0.25,眉が寄って目が細まり、口元もわずかに緊張していて不快・困惑寄りに見えます。一方で表情の強さは中程度で、強い興奮や沈静は感じにくいためarousalはやや高め程度です。
../database/final_database/065/002.jpg,65,002.jpg,3,-0.38,0.22,眉が中央に寄ってやや下がり、口元も緊張していて不快・困惑寄りの表情に見えます。一方で目は開いており表情筋の動きもあるため、覚醒度は低すぎないと判断しました。
../database/final_database/065/002.jpg,65,002.jpg,4,-0.32,0.28,眉が中央に寄り上がり、目が細く口角が下がり気味で不快・悲しみ寄りに見えます。一方で表情の緊張は強すぎず、覚醒度はやや低〜中程度と判断しました。
../database/final_database/065/002.jpg,65,002.jpg,5,-0.35,0.3,眉が寄り目が細く、口元も緊張していて不快・困惑の表情に見えます。一方で表情の緊張はあるため覚醒度はやや高めと判断しました。
../database/final_database/065/002.jpg,65,002.jpg,6,-0.35,0.2,眉が寄り、目が細く口角が下がり気味で不快・困惑の表情に見えます。一方で表情の強さは中程度で、興奮よりはやや覚醒した落ち着かない状態と判断しました。
../database/final_database/065/002.jpg,65,002.jpg,7,-0.32,0.21,眉が中央に寄って上がり、口角も下がり気味で不快・困惑寄りの表情に見えます。目の開きは中程度で強い興奮はなく、軽い覚醒レベルと判断しました。
../database/final_database/065/002.jpg,65,002.jpg,8,-0.28,0.22,眉が中央に寄って上がり、口角が下がり気味で不快・困惑の表情に見えます。一方で目は開いており表情筋の緊張もあるため、覚醒度はやや高めと判断しました。
../database/final_database/065/002.jpg,65,002.jpg,9,-0.25,0.15,眉が寄って目が細く、口元もやや緊張していて不快・困惑寄りの表情に見えます。一方で大きく驚いたり興奮しているほどではなく、覚醒度は中程度の低さです。
../database/final_database/065/002.jpg,65,002.jpg,10,-0.28,0.18,眉が内側に寄り、口角が下がり気味で不快・困惑の表情が示唆されます。一方で目の見開きや口の開きは大きくなく、覚醒度は中程度にとどまります。
../database/final_database/065/003.jpg,65,003.jpg,1,-0.15,0.35,眉が寄って目がやや見開かれ、口が開いて緊張感のある表情に見えるため不快寄りです。一方で表情の強さは中程度で、驚き・警戒のような覚醒が感じられます。
../database/final_database/065/003.jpg,65,003.jpg,2,-0.1,0.35,口がやや開き眉間に軽い緊張が見られ、快よりもわずかに不快寄りの表情です。一方で目の開きと表情筋の動きから、覚醒度は中程度に高いと判断しました。
../database/final_database/065/003.jpg,65,003.jpg,3,-0.12,0.34,眉が寄り気味で口元もやや緊張しており、快より不快寄りに見えます。一方で目は開いており緊張感があるため、覚醒度はやや高めと判断しました。
../database/final_database/065/003.jpg,65,003.jpg,4,-0.25,0.35,口がやや開いて眉間が少し寄っており、不快寄りの戸惑い・警戒の表情に見えます。目は開いていて緊張感があるため覚醒度はやや高めです。
../database/final_database/065/003.jpg,65,003.jpg,5,-0.1,0.35,口が少し開き眉間が寄っており、やや不快・困惑のニュアンスが見られます。一方で表情の緊張感があり、覚醒度は中程度に高いと判断しました。
../database/final_database/065/003.jpg,65,003.jpg,6,-0.22,0.18,口元が引きつり眉間に緊張が見られ、わずかに不快・警戒の表情に見えます。一方で目は開いており反応はあるため、覚醒度は低〜中程度と判断しました。
../database/final_database/065/003.jpg,65,003.jpg,7,-0.25,0.35,眉がやや寄って目が見開き気味で、口元も緊張しており不快寄りに見えます。一方で表情の緊張感があり、落ち着いた状態よりは覚醒度がやや高いと判断しました。
../database/final_database/065/003.jpg,65,003.jpg,8,-0.35,0.3,眉が内側に寄って口元も緊張しており、不快寄りの表情に見えます。一方で目は開いており表情の緊張もあるため、覚醒度はやや高めと判断しました。
../database/final_database/065/003.jpg,65,003.jpg,9,-0.22,0.34,眉がやや寄って口元が緊張しており、快より不快寄りに見えます。一方で目が開いて注意・警戒のような覚醒度が中程度にあります。
../database/final_database/065/003.jpg,65,003.jpg,10,-0.25,0.35,眉が寄り気味で口が少し開き、緊張や不安を感じさせる表情です。一方で強い怒りや喜びではなく、覚醒度は中程度に見えます。
../database/final_database/065/004.jpg,65,004.jpg,1,-0.15,0.25,眉が寄り気味で口元もやや緊張しており、わずかに不快寄りに見えます。一方で目は開いており表情筋の動きもあるため、覚醒度はやや高めと判断しました。
../database/final_database/065/004.jpg,65,004.jpg,2,-0.22,0.34,眉が寄って目元がやや細く、口角も上がっていないため不快寄りに見えます。一方で表情の緊張感があり、無表情よりは覚醒度がやや高い印象です。
../database/final_database/065/004.jpg,65,004.jpg,3,-0.25,0.35,眉がやや寄り、目元も緊張していて不快・困惑寄りの表情に見えます。一方で口が少し開き反応性があり、覚醒度は中程度と判断しました。
../database/final_database/065/004.jpg,65,004.jpg,4,-0.25,0.15,眉がやや寄っており口元も緊張して見えるため、快より不快寄りの表情です。一方で目の見開きは強くなく動きも大きくないため、覚醒度は低～中程度と判断しました。
../database/final_database/065/004.jpg,65,004.jpg,5,-0.15,0.35,眉間にしわが寄り、口元もやや緊張していて不快寄りに見えます。一方で目が開き気味で表情の緊張があるため覚醒度は中程度に高いと判断しました。
../database/final_database/065/004.jpg,65,004.jpg,6,-0.25,0.35,眉が寄り気味で口元も緊張しており、やや不快・困惑の表情に見えます。一方で目は開いていて表情の緊張があるため覚醒度はやや高めです。
../database/final_database/065/004.jpg,65,004.jpg,7,-0.32,0.28,眉が寄り、目元もやや緊張しており不快寄りの表情に見えます。一方で口がわずかに開き表情筋の動きがあるため、覚醒度は中程度と判断しました。
../database/final_database/065/004.jpg,65,004.jpg,8,-0.25,0.35,眉間にしわが寄り、口元もやや緊張していて不快寄りに見えます。一方で目が開いており表情の緊張感があるため、覚醒度は中程度と判断しました。
../database/final_database/065/004.jpg,65,004.jpg,9,-0.34,0.22,眉が寄っていて目が細く、口元も緊張しているため不快寄りに見えます。一方で表情の強さは中程度で、極端な興奮や沈静ではないため覚醒はやや低めです。
../database/final_database/065/004.jpg,65,004.jpg,10,-0.35,0.25,眉間にしわが寄り、口元も緊張して見えるため不快寄りの感情が示唆されます。一方で目は開いており表情の緊張もあるため、覚醒度はやや高めと判断しました。
../database/final_database/065/005.jpg,65,005.jpg,1,-0.35,0.55,口が開き眉がやや上がっており、困惑や不安を感じる表情に見えます。緊張感があり覚醒度は高めですが、快より不快寄りと判断しました。
../database/final_database/065/005.jpg,65,005.jpg,2,-0.55,0.65,眉が上がり目が見開かれ、口が半開きで緊張や不安が強く見えるため不快寄りです。表情の強度が高く、覚醒度も高いと判断しました。
../database/final_database/065/005.jpg,65,005.jpg,3,-0.35,0.55,眉が上がり口が半開きで、困惑や不安が感じられる表情です。否定的感情がやや強く、緊張に伴う覚醒度も中程度に高いと判断しました。
../database/final_database/065/005.jpg,65,005.jpg,4,-0.55,0.6,眉が上がり口が開いており、緊張や不安・驚きのような不快寄りの表情に見えます。目も見開き気味で覚醒度が高い印象です。
../database/final_database/065/005.jpg,65,005.jpg,5,-0.35,0.5,眉が上がり、口が半開きで緊張や不安が感じられるため不快寄りです。一方で表情の強さから覚醒度はやや高めと判断しました。
../database/final_database/065/005.jpg,65,005.jpg,6,-0.35,0.45,眉が上がり口が開いていて、困惑や不安を感じる表情に見えるため不快寄りのvalenceです。目の見開きと表情筋の緊張から、覚醒度はやや高めと判断しました。
../database/final_database/065/005.jpg,65,005.jpg,7,-0.42,0.35,口が半開きで口角が下がり、眉もやや寄っていて不安・困惑寄りの不快感が見られます。目は開いており表情の緊張感もあるため、覚醒度は中程度に高いと判断しました。
../database/final_database/065/005.jpg,65,005.jpg,8,-0.38,0.46,眉が上がり、口が半開きで緊張や不安が感じられる表情のため不快寄りのvalenceと判断しました。目が見開かれ気味で覚醒度はやや高いと見積もりました。
../database/final_database/065/005.jpg,65,005.jpg,9,-0.35,0.55,眉が上がり目が見開かれ、口が半開きで緊張や不安がうかがえるため不快寄りです。一方で表情の動きが大きく、驚き・警戒の要素があり覚醒度はやや高めです。
../database/final_database/065/005.jpg,65,005.jpg,10,-0.55,0.35,口が開き眉が上がっており、驚きや不安が混ざった不快寄りの表情に見えます。緊張感はあるものの極端ではないため覚醒度は中程度と判断しました。
../database/final_database/065/006.jpg,65,006.jpg,1,-0.58,0.52,眉が寄り、口角が下がって口が半開きで不安・不快そうな表情に見えます。目もやや見開かれており緊張感があるため覚醒度はやや高めと判断しました。
../database/final_database/065/006.jpg,65,006.jpg,2,-0.55,0.35,眉が寄り、口角が下がって半開きで不安・不快そうな表情に見えます。緊張や困惑があり覚醒度はやや高めですが、激しい興奮ほどではありません。
../database/final_database/065/006.jpg,65,006.jpg,3,-0.62,0.48,眉が寄り、口角が下がって不快・不安そうな表情に見えます。一方で目が開き気味で緊張感があり、覚醒度はやや高めです。
../database/final_database/065/006.jpg,65,006.jpg,4,-0.62,0.48,眉が中央に寄り、口が開いて下がって見えるため不快・不安寄りの表情です。目も緊張しており、覚醒度は中程度に高いと判断しました。
../database/final_database/065/006.jpg,65,006.jpg,5,-0.62,0.48,眉が中央に寄って上がり、口が開いて不安そうな表情で、不快・困惑寄りに見えます。緊張感はあるものの極端ではないため覚醒度は中程度です。
../database/final_database/065/006.jpg,65,006.jpg,6,-0.55,0.35,眉が寄って口角が下がり、不安・不快さが強い表情に見えます。目は開いており緊張感はあるため覚醒度はやや高めです。
../database/final_database/065/006.jpg,65,006.jpg,7,-0.62,0.48,眉が寄り、口が半開きで緊張や不快感が見られるためvalenceは低めです。一方で表情筋の収縮があり落ち着きよりは反応性が高いのでarousalはやや高めです。
../database/final_database/065/006.jpg,65,006.jpg,8,-0.55,0.35,眉が寄り、口角が下がって口が半開きで不安・不快の表情に見えます。一方で目は開いており表情の緊張があるため、覚醒度はやや高めと判断しました。
../database/final_database/065/006.jpg,65,006.jpg,9,-0.55,0.35,眉が寄り、口元がやや開いて不安・不快そうな表情に見えるためvalenceは低めです。一方で表情の緊張感はあるものの激しい興奮ではないためarousalは中程度にしました。
../database/final_database/065/006.jpg,65,006.jpg,10,-0.45,0.4,眉が寄り目がやや細く、口が開いて下がっており、不快・不安や困惑の表情に見えます。表情の緊張はあるものの強い興奮ではないため、覚醒度は中程度と判断しました。
../database/final_database/065/008.jpg,65,008.jpg,1,-0.75,0.65,眉が内側に寄り、口が開いて下がっており、泣き・苦痛・不快の表情に見えます。表情の緊張と動きが強く、覚醒度も高めと判断しました。
../database/final_database/065/008.jpg,65,008.jpg,2,-0.72,0.62,眉が寄り目が細く、口が開いて下がっており、泣き・苦痛の表情に見えるため不快寄りです。口が開いて顔の緊張も強く、情動の強度が高いので覚醒度は高めです。
../database/final_database/065/008.jpg,65,008.jpg,3,-0.72,0.66,眉が寄り、目が細く、口が開いて泣き出しそうな表情で不快感が強いです。一方で表情筋の緊張が強く、情動の高まり（覚醒）が感じられます。
../database/final_database/065/008.jpg,65,008.jpg,4,-0.78,0.62,眉が強く寄り、目が細まり口が開いて下がっており、泣き・苦痛・不快の表情に見えるためvalenceは低めです。表情の緊張感が強く、発声や泣きに伴う活性が感じられるためarousalは高めです。
../database/final_database/065/008.jpg,65,008.jpg,5,-0.72,0.64,眉が寄り、目が細まり、口が開いて苦痛・泣きそうな表情に見えるため不快寄りです。表情筋の緊張と訴えるような開口から覚醒度は高めと判断しました。
../database/final_database/065/008.jpg,65,008.jpg,6,-0.65,0.55,眉が寄り、口が開いて苦痛・泣きの表情に見えるため不快寄りです。表情の強度が中程度に高く、覚醒度もやや高いと判断しました。
../database/final_database/065/008.jpg,65,008.jpg,7,-0.72,0.64,眉が寄り、目が細まり、口が開いて泣き声を上げているように見え、不快・苦痛の感情が強い表情です。表情の強度が高く、興奮（覚醒）レベルも高めと判断しました。
../database/final_database/065/008.jpg,65,008.jpg,8,-0.62,0.55,眉が強く寄り、目が細まり、口角が下がって開口しており不快・苦痛の表情に見えます。表情の緊張と訴えかけるような動きがあり、覚醒度はやや高めと判断しました。
../database/final_database/065/008.jpg,65,008.jpg,9,-0.72,0.58,眉が寄り、口が開いて泣き出しそうな表情で不快感が強いです。涙や叫びに近い反応が示唆され、覚醒度も中程度以上と判断しました。
../database/final_database/065/008.jpg,65,008.jpg,10,-0.62,0.55,眉が寄って目が細まり、口が開いて下がるなど苦痛や不快を示す表情に見えます。表情の緊張が強く、泣き・叫びに近い反応で覚醒度も高めです。
../database/final_database/065/009.jpg,65,009.jpg,1,-0.62,0.58,眉が寄り、目が細まり、口が開いて緊張した表情で不快・苦痛寄りに見えます。表情の筋緊張が強く、感情の強度も中程度以上で覚醒度は高めです。
../database/final_database/065/009.jpg,65,009.jpg,2,-0.62,0.48,眉が強く寄り、口角が下がって口が半開きで不快・困惑（泣きそう）な表情に見えます。緊張感はあるものの極端ではないため、中程度の覚醒と判断しました。
../database/final_database/065/009.jpg,65,009.jpg,3,-0.65,0.55,眉が強く寄り、目が細く、口が開いて苦痛や不快感を示す表情に見えます。緊張や不安で覚醒度はやや高めと判断しました。
../database/final_database/065/009.jpg,65,009.jpg,4,-0.52,0.55,眉が寄って目が細く、口が開いて苦痛・不快そうな表情に見えます。緊張感があり感情の強さも中程度以上と判断しました。
../database/final_database/065/009.jpg,65,009.jpg,5,-0.55,0.4,眉間にしわが寄り、口が開いて不快感や困惑が示唆されます。緊張感があり、覚醒度は中程度と判断しました。
../database/final_database/065/009.jpg,65,009.jpg,6,-0.52,0.43,眉が寄り目が細く、口が開いて不快・困惑の表情に見えるためvalenceは負寄りです。表情の緊張感はある一方で極端ではないのでarousalは中程度の正寄りにしました。
../database/final_database/065/009.jpg,65,009.jpg,7,-0.55,0.4,眉が寄り目が細く、口が半開きで不快・困惑の表情に見えるためvalenceは低めです。表情の緊張はあるものの激しい動きではないためarousalは中程度にしました。
../database/final_database/065/009.jpg,65,009.jpg,8,-0.55,0.4,眉が寄り、目が細く、口が開いて不快・困惑の表情に見えるためvalenceは低めです。一方で表情筋の緊張があり反応性が高いのでarousalはやや高めにしました。
../database/final_database/065/009.jpg,65,009.jpg,9,-0.62,0.48,眉間にしわが寄り、目が細まり口角が下がっていて不快・苦痛寄りの表情です。口が開いて緊張が見られるため覚醒度は中程度に高いと判断しました。
../database/final_database/065/009.jpg,65,009.jpg,10,-0.55,0.45,眉間にしわが寄り、口が開いて不快・苦痛の表情に見えるためvalenceは低めです。一方で表情筋の緊張が強く、反応が活発なのでarousalはやや高めと判断しました。
../database/final_database/065/010.jpg,65,010.jpg,1,-0.55,0.62,眉が寄って目が見開かれ、口元も緊張しており、不安・恐怖や困惑のような不快寄りの表情に見えます。表情筋の緊張が強く覚醒度は高めです。
../database/final_database/065/010.jpg,65,010.jpg,2,-0.45,0.55,眉が強く寄り、口元が引きつって不安・困惑の表情に見えるため不快寄りです。目が見開かれ緊張感があり、覚醒度はやや高めと判断しました。
../database/final_database/065/010.jpg,65,010.jpg,3,-0.62,0.55,眉が寄り、目が見開き気味で口角が下がっており、不快・不安寄りの表情です。表情筋の緊張が強く、驚きや警戒による覚醒度もやや高いと判断しました。
../database/final_database/065/010.jpg,65,010.jpg,4,-0.55,0.6,眉が強く寄り、口元も緊張していて不快・不安の表情に見えます。目が開いており緊張感が高いため覚醒度は高めです。
../database/final_database/065/010.jpg,65,010.jpg,5,-0.55,0.6,眉が内側に寄り、口元が緊張して不安・困惑の表情に見えるため不快寄りです。目が開き気味で表情の緊張も強く、覚醒度はやや高いと判断しました。
../database/final_database/065/010.jpg,65,010.jpg,6,-0.45,0.55,眉が寄り、口が少し開いて緊張した表情で、不快・不安寄りに見えます。目も見開き気味で身体的な緊張を示し、覚醒度はやや高めです。
../database/final_database/065/010.jpg,65,010.jpg,7,-0.55,0.48,眉が寄り、目が見開き気味で口元もこわばっており、不安・恐怖や困惑を感じさせます。覚醒度は中程度で、緊張による高まりが見られます。
../database/final_database/065/010.jpg,65,010.jpg,8,-0.55,0.35,眉が寄り、目が開いて口角が下がっており、不快・不安寄りの表情に見えます。一方で緊張感はあるものの激しい興奮というほどではないため、中程度の覚醒と判断しました。
../database/final_database/065/010.jpg,65,010.jpg,9,-0.55,0.45,眉が寄り、口が少し開いて緊張・不安そうな表情に見えるため不快寄りです。目の開きもあり驚き/警戒の要素があるので覚醒度はやや高めと判断しました。
../database/final_database/065/010.jpg,65,010.jpg,10,-0.48,0.56,眉が強く寄り、口角が下がって緊張した表情で不快寄りに見えます。目が開き気味で表情筋の緊張も強く、覚醒度はやや高めです。
../database/final_database/066/002.jpg,66,002.jpg,1,-0.12,-0.18,口角がわずかに下がり、眉も少し寄っていて快より不快寄りに見えます。表情の変化は強くなく、全体として落ち着いた（低覚醒）印象です。
../database/final_database/066/002.jpg,66,002.jpg,2,-0.08,0.1,口元はわずかに上がっていますが、目元や眉の緊張が少なく全体として中立に近い表情です。強い喜び・怒りなどの高い覚醒を示すサインが少ないため、覚醒度は低めに見積もりました。
../database/final_database/066/002.jpg,66,002.jpg,3,0.05,-0.15,口元はわずかに上がっており強い不快感は見られませんが、目元や眉に緊張が少なく全体的に中立に近い印象です。表情の動きが小さいため覚醒度も低めと判断しました。
../database/final_database/066/002.jpg,66,002.jpg,4,0.05,-0.15,口角がわずかに上がり中立〜軽い快の表情ですが、目元の動きが少なく全体として落ち着いて見えます。驚きや緊張は強くなく覚醒度は低めです。
../database/final_database/066/002.jpg,66,002.jpg,5,0.1,-0.2,口角がわずかに上がりつつも全体的に表情の動きが少なく、感情は弱いポジティブ寄りに見えます。目元や眉の緊張が少なく落ち着いた印象なので覚醒度はやや低めです。
../database/final_database/066/002.jpg,66,002.jpg,6,0.1,-0.05,口角がわずかに上がっており強い不快感は見られない一方、表情筋の動きが少なく落ち着いた印象です。目元も大きな緊張や驚きがなく、覚醒度は低めと判断しました。
../database/final_database/066/002.jpg,66,002.jpg,7,0.1,-0.2,口角がわずかに上がり表情は穏やかで、強い不快感は見られません。一方で目元や表情筋の緊張が少なく、覚醒度は低めに見えます。
../database/final_database/066/002.jpg,66,002.jpg,8,0.12,-0.08,口元がわずかに上がり、全体として中立〜軽い快の印象です。一方で目元や眉の動きが小さく、興奮度は低めに見えます。
../database/final_database/066/002.jpg,66,002.jpg,9,0.05,-0.2,口元はわずかに上がっていますが、目元や眉に強い感情の動きが少なく全体として中立に近い表情です。緊張や興奮のサインも弱いため覚醒度は低めと判断しました。
../database/final_database/066/002.jpg,66,002.jpg,10,0.12,-0.18,口元はわずかに上がっており軽い快の印象ですが、目元や眉はあまり動きがなく全体に落ち着いた表情です。そのため覚醒度は低めに見積もりました。
../database/final_database/066/003.jpg,66,003.jpg,1,0.25,-0.35,口角がわずかに上がっており全体として穏やかな表情なので、快寄りのvalenceと判断しました。目元や表情筋の緊張が少なく落ち着いて見えるため、arousalは低めです。
../database/final_database/066/003.jpg,66,003.jpg,2,0.28,-0.22,口角がわずかに上がっており穏やかな微笑みが見られるため、やや快寄りのvalenceと判断しました。一方で表情の動きが小さくリラックスした印象のため、arousalは低めにしました。
../database/final_database/066/003.jpg,66,003.jpg,3,0.32,-0.18,口角がわずかに上がっており、全体として穏やかな微笑みで快寄りに見えます。目や眉の緊張が少なく、表情の動きも小さいため覚醒度は低めです。
../database/final_database/066/003.jpg,66,003.jpg,4,0.22,-0.18,口角がわずかに上がっており穏やかな微笑に見えるため、快方向のvalenceをやや高めにしました。目元の動きが少なく全体に落ち着いた表情なので、arousalはやや低めにしました。
../database/final_database/066/003.jpg,66,003.jpg,5,0.34,-0.18,口角がわずかに上がっており穏やかな微笑みで、全体として快の方向です。一方で目元や表情筋の緊張は強くなく、興奮度は低めに見えます。
../database/final_database/066/003.jpg,66,003.jpg,6,0.12,-0.28,口角がわずかに上がっており軽いポジティブさが見られる一方、目元や全体の表情変化が小さく落ち着いた印象です。強い緊張や興奮のサインは少ないため覚醒度は低めにしました。
../database/final_database/066/003.jpg,66,003.jpg,7,0.15,-0.2,口元がわずかに上がっており、軽い快の印象があります。一方で目元や表情筋の動きが小さく、全体として落ち着いた低覚醒に見えます。
../database/final_database/066/003.jpg,66,003.jpg,8,0.32,-0.18,口角がわずかに上がっており、穏やかな微笑に見えるため快寄りです。一方で目元や表情筋の緊張が弱く、落ち着いた低覚醒の状態に見えます。
../database/final_database/066/003.jpg,66,003.jpg,9,0.25,-0.2,口元がわずかに上がっていて軽い微笑みに見えるため快寄りです。一方で目元や表情筋の緊張が少なく、落ち着いた状態に見えるため覚醒度は低めと判断しました。
../database/final_database/066/003.jpg,66,003.jpg,10,0.25,-0.3,口角がわずかに上がった穏やかな表情で、不快さは見られません。目元や表情筋の緊張が少なく落ち着いているため、覚醒度は低めと判断しました。
../database/final_database/066/005.jpg,66,005.jpg,1,0.15,-0.25,口角がわずかに上がり、全体として中立〜軽い快の表情に見えます。一方で目元や眉の動きが小さく、興奮度は低めで落ち着いた状態と判断しました。
../database/final_database/066/005.jpg,66,005.jpg,2,0.3,-0.2,口角がわずかに上がり、全体として穏やかな表情で快寄りに見えます。一方で目の開きや表情筋の緊張が強くなく、落ち着いた低覚醒と判断しました。
../database/final_database/066/005.jpg,66,005.jpg,3,0.22,-0.18,口角がわずかに上がっており、全体として穏やかで軽いポジティブさが見られます。一方で目元の緊張が少なく表情変化も小さいため、覚醒度は低めと判断しました。
../database/final_database/066/005.jpg,66,005.jpg,4,0.35,-0.15,口元がわずかに上がっており全体に穏やかで軽いポジティブさが見られます。一方で目の開きや表情筋の緊張が強くなく、覚醒度はやや低めと判断しました。
../database/final_database/066/005.jpg,66,005.jpg,5,0.38,-0.12,口角がわずかに上がり、全体として穏やかな微笑みに見えるため快寄りです。一方で目の開きや表情筋の緊張が強くなく、落ち着いた状態に見えるため覚醒度は低めです。
../database/final_database/066/005.jpg,66,005.jpg,6,0.35,-0.2,口角がわずかに上がり、表情全体が穏やかで軽い快の印象です。一方で目元や筋緊張が強くなく、落ち着いた低覚醒に見えます。
../database/final_database/066/005.jpg,66,005.jpg,7,0.35,-0.25,口元がわずかに上がっており不快感は少なく、穏やかな微笑みに見えます。一方で目元や表情筋の緊張は弱く、覚醒度は低めと判断しました。
../database/final_database/066/005.jpg,66,005.jpg,8,0.24,-0.18,口角がわずかに上がり、全体として穏やかで軽いポジティブさが見られます。一方で目の開きや表情筋の緊張が強くなく、興奮度は低めに見えます。
../database/final_database/066/005.jpg,66,005.jpg,9,0.32,-0.18,口角がわずかに上がり、全体として穏やかな表情で軽い快の印象があります。一方で目元や表情筋の緊張が強くなく、興奮度は低めに見えます。
../database/final_database/066/005.jpg,66,005.jpg,10,0.18,-0.22,口角がわずかに上がっており全体として穏やかな表情で、弱いポジティブさが見られます。目元の緊張や驚きが少なくリラックスしているため覚醒度は低めです。
../database/final_database/066/008.jpg,66,008.jpg,1,-0.42,0.34,眉が寄って目が細まり、口元も引き締まっているため不快寄りの感情が示唆されます。一方で表情の緊張感はあるものの激しい興奮ではないため、覚醒度は中程度と判断します。
../database/final_database/066/008.jpg,66,008.jpg,2,-0.32,0.48,眉が中央に寄り、口元も引き締まっていて不快・困惑寄りの表情に見えます。視線が強く表情の緊張もあるため、覚醒度はやや高めと判断しました。
../database/final_database/066/008.jpg,66,008.jpg,3,-0.38,0.32,眉が寄り、口元も引き締まっていて不快・警戒のニュアンスが強いです。一方で視線がしっかりして表情の緊張もあり、覚醒度はやや高めと判断しました。
../database/final_database/066/008.jpg,66,008.jpg,4,-0.35,0.25,眉間にしわが寄り、口元も緊張していて不快寄りの表情に見えます。一方で強い興奮というよりは軽い警戒・困惑程度で覚醒は中低程度です。
../database/final_database/066/008.jpg,66,008.jpg,5,-0.28,0.22,眉間にしわが寄り、口角もやや下がっていて不快・困惑寄りの表情に見えます。一方で目は開いており緊張感はあるものの、強い興奮状態ではないため覚醒度は中程度と判断しました。
../database/final_database/066/008.jpg,66,008.jpg,6,-0.42,0.28,眉が強く寄り、口元も緊張して見えるため不快寄りの感情が示唆されます。一方で目の開きはある程度あり、軽い緊張・警戒による中程度の覚醒と判断しました。
../database/final_database/066/008.jpg,66,008.jpg,7,-0.35,0.2,眉が寄っており口元も緊張していて、不快・困惑寄りの表情に見えるためvalenceはやや低めです。一方で強い驚きや興奮はなく、覚醒度は軽度にとどまると判断しました。
../database/final_database/066/008.jpg,66,008.jpg,8,-0.35,0.25,口角が下がり眉間にしわが寄っており、不快・困惑寄りの表情に見えます。一方で目は開いていて緊張感があるため、覚醒度はやや高めと判断しました。
../database/final_database/066/008.jpg,66,008.jpg,9,-0.35,0.25,眉が強く寄り、口元も引き締まっていて不快・不満寄りの表情に見えます。一方で驚きほどの目の見開きはなく、覚醒度は中程度と判断しました。
../database/final_database/066/008.jpg,66,008.jpg,10,-0.25,0.35,眉間にしわが寄り口角も上がっておらず、やや不快・困惑の表情に見えます。一方で目の開きはあり緊張感が感じられるため覚醒度はやや高めです。
../database/final_database/066/009.jpg,66,009.jpg,1,0.18,-0.12,口角がわずかに上がり、表情は穏やかで軽い快の印象です。一方で目の開きや表情筋の緊張が強くなく、覚醒度は低めに見えます。
../database/final_database/066/009.jpg,66,009.jpg,2,0.12,-0.18,口元がわずかに上がり、全体として穏やかで中立〜軽い快の表情に見えます。目や眉の緊張が少なく動きも小さいため、覚醒度はやや低めと判断します。
../database/final_database/066/009.jpg,66,009.jpg,3,0.12,-0.18,口角がわずかに上がり穏やかな表情で、強い不快感は見られません。目元の動きや表情の緊張が少なく、落ち着いた低覚醒寄りと判断しました。
../database/final_database/066/009.jpg,66,009.jpg,4,0.15,-0.1,口角がわずかに上がり、全体として中立〜軽い快の表情に見えます。目や眉の緊張が少なく、強い覚醒感は感じられないためarousalはやや低めです。
../database/final_database/066/009.jpg,66,009.jpg,5,0.18,-0.12,口角がわずかに上がっており、全体として穏やかでやや快寄りの表情に見えます。一方で目元の緊張や動きが少なく、覚醒度は低めに感じられます。
../database/final_database/066/009.jpg,66,009.jpg,6,0.1,-0.2,口元がわずかに上がり、全体として中立〜やや快の表情に見えます。目の開きや表情筋の緊張が強くなく、覚醒度は低めに感じられます。
../database/final_database/066/009.jpg,66,009.jpg,7,0.22,-0.08,口元がわずかに上がり全体に穏やかな表情のため、やや快（正のvalence）と判断しました。目や口の開きが小さく緊張感が低いため、覚醒度は低め（arousalはやや負）です。
../database/final_database/066/009.jpg,66,009.jpg,8,0.22,-0.08,口角がわずかに上がり、全体として穏やかで軽い肯定的感情が読み取れます。一方で目の開きや表情筋の緊張が強くなく、覚醒度は低めです。
../database/final_database/066/009.jpg,66,009.jpg,9,0.05,-0.25,口角がわずかに上がり、全体として中立〜やや快の表情に見えます。一方で目元の緊張が少なく動きも穏やかで、覚醒度は低めと判断しました。
../database/final_database/066/009.jpg,66,009.jpg,10,0.15,-0.1,口角がわずかに上がり、全体として穏やかで中立〜やや快の表情に見えます。一方で目の開きや表情筋の緊張が強くなく、覚醒度は低めです。
../database/final_database/067/001.jpg,67,001.jpg,1,0.12,-0.18,口角がわずかに上がっており不快ではないが、表情全体は穏やかで感情の強度は低めに見えるため。目元や口元の緊張も強くなく、落ち着いた印象があるため。
../database/final_database/067/001.jpg,67,001.jpg,2,0.1,-0.2,口元がわずかに上がっており大きな不快表情は見られないため、valenceはやや快寄りと判断しました。目や眉の動きが小さく全体に落ち着いた表情なので、arousalはやや低めとしました。
../database/final_database/067/001.jpg,67,001.jpg,3,0.12,-0.08,口元がわずかに上がり、眉や目元の緊張も少なく中立〜軽い快の印象です。表情の動きが小さく、興奮や緊張も低めに見えるため覚醒度はやや低めです。
../database/final_database/067/001.jpg,67,001.jpg,4,0.18,-0.22,口角がわずかに上がり不快感は少ないため、valenceはやや快寄りと判断しました。一方で目の開きや表情筋の緊張が弱く、全体的に落ち着いた印象なのでarousalは低めです。
../database/final_database/067/001.jpg,67,001.jpg,5,0.1,-0.3,口角がわずかに上がり表情は比較的中立～軽い快ですが、目元の動きが少なく落ち着いた印象です。そのため覚醒度は低めと判断しました。
../database/final_database/067/001.jpg,67,001.jpg,6,0.12,-0.35,口元がわずかに上がった中立～軽い好意の表情で、不快サインは目立ちません。目の開きや表情筋の緊張が弱く、全体に落ち着いた低覚醒に見えます。
../database/final_database/067/001.jpg,67,001.jpg,7,0.12,-0.25,口角がわずかに上がり、全体として中立〜軽い快の表情に見えます。一方で目の開きや表情筋の動きが小さく、興奮度は低めです。
../database/final_database/067/001.jpg,67,001.jpg,8,0.12,-0.18,口元がわずかに上がり全体として中立〜軽いポジティブに見える一方、目や眉の動きが小さく落ち着いた表情で覚醒度は低めと判断しました。
../database/final_database/067/001.jpg,67,001.jpg,9,0.12,-0.18,口元がわずかに上がり全体として中立～やや快の表情に見えますが、目元の動きが少なく落ち着いた印象で覚醒度は低めです。
../database/final_database/067/001.jpg,67,001.jpg,10,0.15,-0.25,口角がわずかに上がり穏やかな表情で、全体として軽い快の印象があります。一方で目の開きや表情筋の緊張が強くなく、覚醒度は低めに見えます。
../database/final_database/067/002.jpg,67,002.jpg,1,-0.18,0.22,眉がやや寄り、口元も緊張していて不快寄りの表情に見えます。一方で目は開いており表情の緊張もあるため、覚醒度はやや高めと判断しました。
../database/final_database/067/002.jpg,67,002.jpg,2,-0.15,0.25,眉が寄り気味で口元も軽く緊張しており、不快寄りの表情に見えます。一方で表情の強さは中程度で、覚醒度はやや高めと判断しました。
../database/final_database/067/002.jpg,67,002.jpg,3,-0.18,0.22,眉が寄っており目元もやや緊張していて、不快・困惑寄りの表情に見えます。一方で口元は大きく崩れておらず強い興奮は感じないため、覚醒度はやや低め〜中程度です。
../database/final_database/067/002.jpg,67,002.jpg,4,-0.15,0.25,眉が寄ってやや困惑・不快寄りの表情で、口元の緊張も見られます。一方で強い興奮や激しい感情はなく、覚醒度は中程度にとどまります。
../database/final_database/067/002.jpg,67,002.jpg,5,-0.15,0.25,眉が寄って目元がやや緊張しており、不快寄りの表情に見えます。一方で口元は大きく開いておらず動きも小さいため、覚醒度は中程度と判断しました。
../database/final_database/067/002.jpg,67,002.jpg,6,-0.1,0.15,眉が寄り気味で口元もやや緊張しており、少し不快・困惑寄りの表情に見えます。一方で目は開いていて表情筋の緊張もあるため、覚醒度はわずかに高めと判断しました。
../database/final_database/067/002.jpg,67,002.jpg,7,-0.15,0.25,口角がわずかに下がり、眉間に軽いしわが見られるため不快寄りに判断しました。一方で表情の緊張は中程度で、強い興奮や沈静は感じられないためやや覚醒寄りです。
../database/final_database/067/002.jpg,67,002.jpg,8,-0.2,0.1,眉が寄って口角があまり上がっておらず、やや不快・困惑気味の表情に見えます。一方で表情の強さは中程度で、覚醒度は低〜やや高め程度と判断しました。
../database/final_database/067/002.jpg,67,002.jpg,9,-0.12,0.18,眉が寄り気味で口元も軽く緊張しており、やや不快寄りの表情に見えます。一方で目は開いており表情筋の動きもあるため、覚醒度は低すぎず中程度です。
../database/final_database/067/002.jpg,67,002.jpg,10,-0.22,0.18,眉が寄っており口角も上がっていないため、やや不快・不安寄りの表情に見えます。一方で表情の強さは大きくなく、覚醒度は低〜中程度と判断しました。
../database/final_database/067/003.jpg,67,003.jpg,1,-0.42,0.36,眉が中央に寄り、口元が引きつっていて不快・不安寄りの表情に見えます。一方で目が開き、表情筋の緊張があるため覚醒度はやや高めです。
../database/final_database/067/003.jpg,67,003.jpg,2,-0.38,0.22,口角がわずかに下がり、眉間に軽い緊張が見られるため不快寄りの表情です。一方で目の開きは極端ではなく、強い興奮や沈静は感じにくいので覚醒度は低〜中程度です。
../database/final_database/067/003.jpg,67,003.jpg,3,-0.25,0.3,口角がやや下がり、眉間に軽い緊張が見られるため不快寄りの印象です。一方で目の開きや表情筋の動きがあり、覚醒度はやや高めと判断しました。
../database/final_database/067/003.jpg,67,003.jpg,4,-0.22,0.18,口角がやや下がり眉間に軽い緊張が見られ、快より不快寄りの表情です。一方で表情の強さは中程度で、覚醒度はわずかに高めと判断しました。
../database/final_database/067/003.jpg,67,003.jpg,5,-0.32,0.28,口角が下がり気味で眉間にもわずかな緊張があり、不快寄りの表情に見えます。一方で目の開きや口の動きから軽い覚醒（不安・戸惑い）も感じられます。
../database/final_database/067/003.jpg,67,003.jpg,6,-0.22,0.25,口角がやや下がり眉間に緊張が見られ、不快寄りの表情に見えます。一方で目は開いており表情筋の動きもあるため覚醒度はやや高めと判断しました。
../database/final_database/067/003.jpg,67,003.jpg,7,-0.35,0.25,口角が下がり気味で眉間にも緊張が見られ、不快寄りの表情に見えます。一方で目は開いており軽い緊張・警戒があるため覚醒はやや高めと判断しました。
../database/final_database/067/003.jpg,67,003.jpg,8,-0.32,0.35,眉が中央に寄り、口角が下がり気味で不快・不安寄りの表情に見えます。一方で目は開いており表情筋の緊張もあるため、覚醒度はやや高めと判断しました。
../database/final_database/067/003.jpg,67,003.jpg,9,-0.42,0.28,眉が内側に寄り、口角が下がり気味で不快・不安のニュアンスが見られます。一方で目は大きく開いており、緊張感があるため覚醒度はやや高めです。
../database/final_database/067/003.jpg,67,003.jpg,10,-0.35,0.4,口角がやや下がり眉間に緊張が見られ、不快・困惑寄りの表情に見えます。一方で目は開いており表情筋の動きもあるため、覚醒度は中程度です。
../database/final_database/067/004.jpg,67,004.jpg,1,-0.38,0.42,眉が寄り、口角が下がり気味で不快・困惑の表情に見えるためvalenceは低めです。一方で目や口周りに緊張があり、感情の動きは中程度に感じられるためarousalはやや高めです。
../database/final_database/067/004.jpg,67,004.jpg,2,-0.35,0.45,眉が寄り、口元が引きつっており不快・困惑の表情が強いです。目が開き緊張感もあるため覚醒度はやや高めと判断しました。
../database/final_database/067/004.jpg,67,004.jpg,3,-0.35,0.4,眉が中央に寄って上がり、口元も緊張していて不安・困惑の表情に見えるため快ではなくやや不快寄りです。一方で目が開き顔の筋緊張があるため覚醒度は中程度と判断します。
../database/final_database/067/004.jpg,67,004.jpg,4,-0.35,0.4,眉が寄り気味で口角も下がっており、不快・困惑寄りの表情に見えます。一方で目が開いていて緊張感があるため覚醒度はやや高めと判断しました。
../database/final_database/067/004.jpg,67,004.jpg,5,-0.35,0.3,眉が寄り口角が下がり気味で、苦痛や不快さがうかがえるためvalenceは負寄りです。目がやや見開かれ緊張感もあるのでarousalは中程度の覚醒と判断しました。
../database/final_database/067/004.jpg,67,004.jpg,6,-0.42,0.35,眉が中央に寄って上がり、口角が下がり気味で不快・困惑の表情に見えます。一方で目が開いて緊張が感じられるため、覚醒度はやや高めと判断しました。
../database/final_database/067/004.jpg,67,004.jpg,7,-0.38,0.34,眉が寄り、口角が下がり気味で不快・困惑のニュアンスが強いためvalenceは負寄りです。一方で目が開き表情の緊張があり、覚醒度はやや高めと判断しました。
../database/final_database/067/004.jpg,67,004.jpg,8,-0.45,0.35,眉が寄って目元が細く、口角も下がり気味で不快・困惑寄りの表情に見えます。表情の緊張はあるものの激しい興奮ではなく、中程度の覚醒と判断しました。
../database/final_database/067/004.jpg,67,004.jpg,9,-0.35,0.25,眉が寄り気味で口元も緊張しており、不快・困惑のニュアンスが見られます。一方で表情の強度は中程度で、覚醒度はやや高い程度と判断しました。
../database/final_database/067/004.jpg,67,004.jpg,10,-0.43,0.34,眉が寄り、口角が下がり気味で不快・困惑の要素が強く見えます。一方で目の開きや表情の緊張があり、覚醒度はやや高めです。
../database/final_database/067/005.jpg,67,005.jpg,1,-0.35,-0.25,目を閉じて眉間にしわが寄っており、口元も下がり気味で不快・苦痛寄りの表情に見えます。動きは少なく緊張は強くないため、覚醒度はやや低めと判断しました。
../database/final_database/067/005.jpg,67,005.jpg,2,-0.35,-0.1,眉間にしわが寄り、口角もやや下がっていて不快寄りの表情に見えます。一方で目を閉じて力みは強くなく、覚醒度は低めと判断しました。
../database/final_database/067/005.jpg,67,005.jpg,3,-0.45,-0.35,目を閉じて眉間にしわが寄り、口角も下がり気味で不快・悲しみ寄りの表情に見えます。動きや緊張感は強くなく、覚醒度はやや低めと判断しました。
../database/final_database/067/005.jpg,67,005.jpg,4,-0.35,-0.25,眉が寄って目が閉じ、口角もやや下がっており不快・悲しみ寄りの表情に見えます。表情の動きは強くなく、覚醒度は低めと判断しました。
../database/final_database/067/005.jpg,67,005.jpg,5,-0.42,-0.28,眉が寄り目が閉じ気味で、口元もやや下がっており不快・悲しみ寄りの表情に見えます。動きの強い緊張感は小さく、覚醒度はやや低めと判断しました。
../database/final_database/067/005.jpg,67,005.jpg,6,-0.25,-0.35,目を強く閉じて眉間にしわが寄っており、口元も緊張しているため不快寄りに見えます。一方で動きの大きい表情ではなく沈静的なので覚醒度はやや低めと判断しました。
../database/final_database/067/005.jpg,67,005.jpg,7,-0.35,-0.2,目を閉じて眉が中央に寄り、口角もやや下がっているため不快寄り（悲しみ・痛み）の表情に見えます。一方で動きは小さく力みも強くないため覚醒度は低めと判断しました。
../database/final_database/067/005.jpg,67,005.jpg,8,-0.55,-0.25,眉が寄り、口角も下がっており不快・悲しみ寄りの表情に見えます。一方で目を閉じて力みが強すぎず、興奮度は低～中程度と判断しました。
../database/final_database/067/005.jpg,67,005.jpg,9,-0.55,0.15,眉が強く寄り、目を閉じて口角も下がり気味で不快・苦痛寄りの表情に見えます。一方で表情の動きは強い怒りほどではなく、覚醒度は低〜中程度と判断しました。
../database/final_database/067/005.jpg,67,005.jpg,10,-0.35,0.2,眉間にしわが寄り、口角も下がり気味で不快・困惑寄りの表情に見えます。一方で目は閉じており動きは強くないため、覚醒度は中程度と判断しました。
../database/final_database/067/006.jpg,67,006.jpg,1,0.12,-0.28,口元がわずかに上がっており大きな不快表情は見られないため、軽い快寄りと判断しました。目の開きや表情筋の緊張が弱く全体に落ち着いた印象なので、覚醒度はやや低めです。
../database/final_database/067/006.jpg,67,006.jpg,2,0.12,-0.28,口元がわずかに上がっており強い不快感は見られないため、valenceはやや快寄りです。一方で目の開きや表情筋の緊張が弱く、落ち着いた低覚醒の印象です。
../database/final_database/067/006.jpg,67,006.jpg,3,0.12,-0.28,口角がわずかに上がっており弱い快感情が見られますが、目元や表情筋の動きが小さく全体に落ち着いているため覚醒度は低めと判断しました。
../database/final_database/067/006.jpg,67,006.jpg,4,0.18,-0.22,口元がわずかに上がっていて不快感は弱く、全体に穏やかな表情です。目の開きや表情筋の緊張が少なく、覚醒度は低めに見えます。
../database/final_database/067/006.jpg,67,006.jpg,5,0.1,-0.3,口元がわずかに上がっており強い不快感は見られない一方、目元や表情筋の動きが少なく落ち着いた印象です。そのため快は弱めで、覚醒度も低めと判断しました。
../database/final_database/067/006.jpg,67,006.jpg,6,0.22,-0.18,口元がわずかに上がっており穏やかな快の表情に見える一方、目や眉の動きが小さく全体として落ち着いた低覚醒の印象です。
../database/final_database/067/006.jpg,67,006.jpg,7,0.12,-0.18,口元がわずかに上がっており大きな不快サインは見られないため、軽い快寄りと判断しました。一方で目の開きが小さく表情変化も弱いため、覚醒度は低めです。
../database/final_database/067/006.jpg,67,006.jpg,8,0.12,-0.18,口角がわずかに上がっており軽い好意・落ち着きを感じる一方、目元や表情筋の動きが小さく全体として覚醒度は低めに見えるためです。
../database/final_database/067/006.jpg,67,006.jpg,9,0.1,-0.2,口元がわずかに上がっており軽い快の印象ですが、目元や表情の動きが小さく全体として落ち着いて見えます。強い緊張や興奮は感じられないためarousalは低めです。
../database/final_database/067/006.jpg,67,006.jpg,10,0.18,-0.22,口元がわずかに上がり穏やかな表情で、強い不快感は見られません。一方で目の開きが小さく全体に落ち着いており、覚醒度は低めと判断しました。
../database/final_database/067/007.jpg,67,007.jpg,1,-0.38,0.34,眉が寄って目が細く、口元が歪んでいるため不快・嫌悪寄りの表情に見えます。一方で顔の緊張があり、覚醒度はやや高めと判断しました。
../database/final_database/067/007.jpg,67,007.jpg,2,-0.45,0.25,眉が寄って目が細く、口角も下がり気味で不快・困惑寄りの表情に見えます。一方で動きは強くなく、覚醒度は中程度と判断しました。
../database/final_database/067/007.jpg,67,007.jpg,3,-0.55,0.2,眉間にしわが寄り、目が細く口元も緊張しており不快寄りの表情に見えます。一方で動きや驚きは小さく、覚醒度は中低程度と判断しました。
../database/final_database/067/007.jpg,67,007.jpg,4,-0.38,0.32,眉がひそまり目が細く、口元も引きつったように見えるため不快寄りの感情が示唆されます。一方で表情の緊張感があり、覚醒度はやや高めと判断しました。
../database/final_database/067/007.jpg,67,007.jpg,5,-0.42,0.12,眉が寄り目が細く、口元も引きつったように見え、不快・嫌悪寄りの表情です。一方で強い驚きや興奮は見られず、覚醒度は低〜中程度です。
../database/final_database/067/007.jpg,67,007.jpg,6,-0.34,0.22,眉が寄り目が細く、口元も歪んでおり不快・困惑寄りの表情に見えます。一方で表情の強い緊張や興奮は大きくなく、覚醒度はやや低〜中程度です。
../database/final_database/067/007.jpg,67,007.jpg,7,-0.55,0.25,口角が下がり目が細く、嫌悪や不快感を示す表情に見えます。一方で大きな驚きや興奮はなく緊張は中程度のため覚醒はやや低めです。
../database/final_database/067/007.jpg,67,007.jpg,8,-0.42,0.18,眉間にしわが寄り目が細く、口元も不満そうに歪んでおり不快寄りの表情に見えます。一方で動きは大きくなく緊張は中程度なので覚醒度はやや低め～中程度と判断しました。
../database/final_database/067/007.jpg,67,007.jpg,9,-0.35,0.25,目を細めて口角がやや下がり、眉間に力が入っているため不快寄りの表情に見えます。一方で強い驚きや興奮はなく、緊張・不快感が軽度にある程度の覚醒と判断しました。
../database/final_database/067/007.jpg,67,007.jpg,10,-0.45,0.35,眉が寄って目が細く、口角も下がり気味で不快・不満の表情に見えます。一方で表情筋の緊張はあるため覚醒度はやや高めと判断しました。
../database/final_database/067/008.jpg,67,008.jpg,1,-0.12,0.18,口角はわずかに上がっていますが、眉が寄って不安・困惑の要素が見られるため、快は弱くやや不快寄りです。表情の強さは中程度で緊張感が少しあるため、覚醒度はやや高めと判断しました。
../database/final_database/067/008.jpg,67,008.jpg,2,-0.2,0.15,口角がやや下がり、眉が少し寄っていて不快寄りの表情に見えます。一方で目の開きや顔の緊張は強くなく、覚醒度は低め～中程度です。
../database/final_database/067/008.jpg,67,008.jpg,3,-0.1,0.05,口角がわずかに下がり、眉間に軽いしわが見えるため少し不快寄りに見えます。一方で目の開きや表情筋の緊張は強くなく、覚醒度は低め〜中立程度です。
../database/final_database/067/008.jpg,67,008.jpg,4,-0.08,0.12,口角がやや下がり、眉間に軽いしわが見えるため少し不快寄りに見えます。一方で表情の強さは弱く、緊張や興奮は高くないため覚醒度は低めの中立と判断しました。
../database/final_database/067/008.jpg,67,008.jpg,5,-0.18,0.12,眉が少し寄り、口角がやや下がって見えるため軽い不快寄りの表情です。一方で目の開きは普通で強い緊張は感じにくく、覚醒度は低〜中程度です。
../database/final_database/067/008.jpg,67,008.jpg,6,-0.15,0.05,口角がわずかに下がり眉間に軽いしわが見られ、快より不快寄りの表情に見えます。一方で目の開きや表情筋の緊張は強くなく、覚醒度は中立に近いです。
../database/final_database/067/008.jpg,67,008.jpg,7,-0.15,-0.05,眉が少し寄っていて口角もほぼ上がっておらず、わずかに不快・困惑寄りの表情に見えます。一方で表情の強さは弱く、興奮や緊張は低めです。
../database/final_database/067/008.jpg,67,008.jpg,8,-0.12,0.18,口角がわずかに下がり眉が内側に寄っており、少し不快・不安寄りの表情に見えます。一方で表情の強度は弱く、覚醒度は低〜中程度です。
../database/final_database/067/008.jpg,67,008.jpg,9,-0.18,-0.12,口元がわずかに下がり、眉も少し内側に寄っていて軽い不快・不安寄りに見えます。表情の動きは強くなく全体に落ち着いているため覚醒度は低めです。
../database/final_database/067/008.jpg,67,008.jpg,10,-0.18,0.22,眉が内側に寄り、口元がやや下がって不安・困惑寄りの表情に見えるためvalenceはやや負。表情の動きは強くなく落ち着いているが、緊張感が少しあるためarousalは軽く正。
../database/final_database/067/009.jpg,67,009.jpg,1,0.1,-0.05,口角がわずかに上がり不快感は強くない一方、目元や眉の動きが少なく表情の強度は低めに見えます。全体として穏やかでややニュートラル寄りです。
../database/final_database/067/009.jpg,67,009.jpg,2,0.12,-0.05,口元はわずかに上がっており中立〜軽い快の印象ですが、目元や眉の動きが小さく感情の強度は低めです。そのため快寄りだが落ち着いた（低覚醒）状態と判断しました。
../database/final_database/067/009.jpg,67,009.jpg,3,0.12,-0.18,口元がわずかに上がり不快感は弱い一方、目元や眉の動きが少なく表情の活性は低めに見えます。全体として軽い快・低覚醒寄りと判断しました。
../database/final_database/067/009.jpg,67,009.jpg,4,0.05,-0.25,口元はわずかに上がっており中立〜軽い快の印象ですが、目元や眉の動きが少なく感情表出は弱いです。全体として落ち着いた表情で覚醒度は低めに見えます。
../database/final_database/067/009.jpg,67,009.jpg,5,0.1,-0.05,口元はわずかに上がり中立〜軽い快の印象ですが、目元や眉はあまり動きがなく感情の強度は低めです。全体として落ち着いた表情で覚醒度はほぼ中立に近いと判断しました。
../database/final_database/067/009.jpg,67,009.jpg,6,-0.05,-0.2,口元はわずかに上がっていますが、眉間に軽い緊張があり全体として中立〜やや不快寄りに見えます。表情の動きは小さく落ち着いているため覚醒度は低めです。
../database/final_database/067/009.jpg,67,009.jpg,7,-0.05,-0.15,口元はわずかに上がっていますが、眉が寄っており全体として中立〜やや不快寄りに見えます。表情の動きが小さく、覚醒度も低めと判断しました。
../database/final_database/067/009.jpg,67,009.jpg,8,0.1,-0.2,口元はわずかに上がっており不快ではない一方、目元や眉の動きが少なく感情表出は弱めに見えます。全体として落ち着いた（低覚醒）ニュートラル寄りの表情です。
../database/final_database/067/009.jpg,67,009.jpg,9,0.05,-0.2,口元はわずかに上がっていますが、目元や眉の動きが少なく全体として感情表出は弱いです。落ち着いた表情で覚醒度は低めと判断しました。
../database/final_database/067/009.jpg,67,009.jpg,10,0.05,-0.1,口角がわずかに上がっているものの、目や眉の動きが少なく全体として中立に近い表情です。緊張や興奮は強く見られず、落ち着いた低めの覚醒度と判断しました。
../database/final_database/067/010.jpg,67,010.jpg,1,-0.22,0.18,口角がやや下がり、目も細めで不快・困惑寄りの表情に見えます。一方で表情の強さは中程度で、興奮というより軽い覚醒状態です。
../database/final_database/067/010.jpg,67,010.jpg,2,-0.28,0.12,口角がやや下がり、目も細めで不快・困惑寄りの表情に見えます。一方で大きな驚きや興奮はなく、覚醒度は低め～中程度です。
../database/final_database/067/010.jpg,67,010.jpg,3,-0.32,0.12,口角がやや下がり、目も細く緊張や不快感がうかがえるためvalenceは低めです。一方で強い驚きや興奮は見られず、覚醒度は軽度にとどまるためarousalは小さめにしました。
../database/final_database/067/010.jpg,67,010.jpg,4,-0.28,-0.12,口角がやや下がり、眉・目元も緊張が少なく不快寄りの表情に見えます。一方で強い驚きや興奮はなく、覚醒度は低めです。
../database/final_database/067/010.jpg,67,010.jpg,5,-0.33,0.18,眉がやや寄り、目が細く口元が引きつった表情で、不快・困惑寄りに見えます。一方で動きや緊張は強くなく、覚醒度は低〜中程度と判断しました。
../database/final_database/067/010.jpg,67,010.jpg,6,-0.38,0.12,目が細く口角がやや下がり、眉間もわずかに寄っているため不快寄りに見えます。一方で表情の動きは大きくなく、覚醒度は低〜中程度と判断しました。
../database/final_database/067/010.jpg,67,010.jpg,7,-0.34,0.22,眉がやや寄り、口元も引きつったように見え、不快・困惑寄りの表情です。一方で表情の強さは中程度で、覚醒度はやや高めにとどまります。
../database/final_database/067/010.jpg,67,010.jpg,8,-0.35,0.15,口角が下がり気味で目もやや細く、快より不快寄りの表情に見えます。一方で表情の強い緊張や興奮は少なく、覚醒度は低〜中程度と判断しました。
../database/final_database/067/010.jpg,67,010.jpg,9,-0.35,0.15,眉がやや寄り、目が細く口元が歪んでおり、不快・困惑寄りの表情に見えます。一方で動きは強くなく、覚醒度は低〜中程度と判断しました。
../database/final_database/067/010.jpg,67,010.jpg,10,-0.35,0.25,眉間がやや寄り、目が細く口角も下がり気味で不快・困惑寄りの表情に見えます。一方で表情の強い緊張や驚きは小さく、覚醒度は低〜中程度と判断しました。
../database/final_database/068/001.jpg,68,001.jpg,1,-0.42,0.15,眉が寄って目が細く、口角もわずかに下がっており、不快・悲しみ寄りの表情に見えます。一方で表情の強度は高くなく、覚醒度は低〜中程度と判断しました。
../database/final_database/068/001.jpg,68,001.jpg,2,-0.25,0.2,眉が寄り、目が閉じ気味で口角も下がっており、やや不快・悲しみ寄りの表情に見えます。一方で強い驚きや興奮はなく、覚醒度は低〜中程度と判断しました。
../database/final_database/068/001.jpg,68,001.jpg,3,-0.38,0.12,口角が下がり気味で眉も寄っており、不快・悲しみ寄りの表情に見えます。一方で目は閉じ気味で動きも小さく、強い興奮は感じにくいため覚醒度は低めです。
../database/final_database/068/001.jpg,68,001.jpg,4,-0.35,0.1,眉が寄り、目が細く口角が下がっており不快寄りの表情に見えます。一方で表情の強さは中程度で、覚醒度はやや低めと判断しました。
../database/final_database/068/001.jpg,68,001.jpg,5,-0.28,0.12,眉が寄り、目が細く口角もわずかに下がっており不快・苦痛寄りの表情に見えます。一方で表情の強い緊張や驚きは少なく、覚醒度は低〜中程度です。
../database/final_database/068/001.jpg,68,001.jpg,6,-0.45,0.15,眉が中央に寄り、口角もわずかに下がっていて不快・悲しみ寄りの表情に見えます。一方で目は閉じ気味で動きが少なく、覚醒度は高くないと判断しました。
../database/final_database/068/001.jpg,68,001.jpg,7,-0.32,0.1,眉が中央に寄り、目が細く口角も下がり気味で不快・悲しみ寄りの表情に見えます。一方で表情の強さは中程度で、覚醒度は低〜やや低めと判断しました。
../database/final_database/068/001.jpg,68,001.jpg,8,-0.35,-0.2,眉が中央に寄って上がり、目が細く口角がやや下がっており、不快・悲しみ寄りの表情に見えます。大きな開口や強い緊張はなく、覚醒度は低めと判断します。
../database/final_database/068/001.jpg,68,001.jpg,9,-0.35,0.1,眉が内側に寄り、目が細く口角も下がり気味で、不快・悲しみ寄りの表情に見えます。一方で表情の強い緊張や驚きは少なく、覚醒度は低めです。
../database/final_database/068/001.jpg,68,001.jpg,10,-0.55,-0.15,眉が寄って目が閉じ気味で、口角も下がり不快・悲しみ寄りの表情に見えます。一方で動きは強くなく落ち着いた印象のため覚醒度はやや低めです。
../database/final_database/068/002.jpg,68,002.jpg,1,-0.25,-0.15,口角がわずかに下がり、眉間にも軽い緊張が見られるためやや不快寄りです。一方で表情の動きは小さく、興奮や強い緊張は感じにくいため覚醒度は低めと判断しました。
../database/final_database/068/002.jpg,68,002.jpg,2,-0.25,-0.1,口角がやや下がり、眉間に軽い緊張が見られるため不快寄りの印象です。一方で表情の動きは小さく、覚醒度は低めと判断しました。
../database/final_database/068/002.jpg,68,002.jpg,3,-0.25,-0.15,口角がやや下がり、眉間に軽い緊張が見られるため不快寄りの表情です。目の開きや表情筋の動きが強くないので覚醒度は低めです。
../database/final_database/068/002.jpg,68,002.jpg,4,-0.25,-0.15,口角がやや下がり、眉間に軽い緊張が見られるため不快寄りの感情と判断しました。一方で表情の強い動きは少なく、覚醒度は低めに見えます。
../database/final_database/068/002.jpg,68,002.jpg,5,-0.18,-0.12,口角がわずかに下がり、眉間にも軽い緊張が見られるためやや不快寄りです。一方で表情の強さは弱く、覚醒度は低めに見えます。
../database/final_database/068/002.jpg,68,002.jpg,6,-0.18,0.05,口角がやや下がり、眉間に軽い緊張が見られるため不快寄りと判断しました。一方で表情の強さは弱く、覚醒度はほぼ中立に近いです。
../database/final_database/068/002.jpg,68,002.jpg,7,-0.22,-0.18,口角がわずかに下がり、眉間も少し寄っていて軽い不快・不安の表情に見えます。一方で目の開きは強くなく、表情の緊張も弱めなので覚醒度は低めです。
../database/final_database/068/002.jpg,68,002.jpg,8,-0.28,-0.12,口角がやや下がり、眉間に軽い緊張が見られるため不快寄りの感情と判断しました。一方で表情の動きは小さく、覚醒度は低めです。
../database/final_database/068/002.jpg,68,002.jpg,9,-0.28,-0.12,口角がわずかに下がり、眉間に軽い緊張が見られるためやや不快寄りに判断しました。一方で表情の強さは弱く、覚醒度は低めです。
../database/final_database/068/002.jpg,68,002.jpg,10,-0.25,-0.2,口角がやや下がり、眉間に軽いしわが見られるため不快寄りの表情です。一方で目の開きや表情筋の緊張は強くなく、覚醒度は低めと判断しました。
../database/final_database/068/003.jpg,68,003.jpg,1,-0.52,0.18,眉が内側に寄り、口角が下がって少し開いているため不快・悲しみ寄りの表情に見えます。一方で目の見開きや緊張は強くなく、覚醒度は低〜中程度です。
../database/final_database/068/003.jpg,68,003.jpg,2,-0.55,0.2,口角が下がり気味で眉間もやや寄っており、不快・悲しみ寄りの表情に見えます。一方で目の見開きや筋緊張は強くなく、覚醒度は低～中程度です。
../database/final_database/068/003.jpg,68,003.jpg,3,-0.35,-0.05,眉がやや下がり目が細く、口角も下がっていて不快・悲しさ寄りの表情に見えます。一方で表情の強い緊張や驚きは少なく、覚醒度は低めです。
../database/final_database/068/003.jpg,68,003.jpg,4,-0.55,0.3,口角が下がり気味で、眉間がわずかに寄っており不快・不安寄りの表情に見えます。一方で目は開いており表情の緊張もあるため、覚醒度は低すぎず中程度と判断しました。
../database/final_database/068/003.jpg,68,003.jpg,5,-0.42,0.18,口角が下がり気味で眉もやや内側に寄っており、不快・悲しみ寄りの表情に見えます。一方で目の見開きや表情筋の緊張は強くなく、覚醒度は低〜中程度です。
../database/final_database/068/003.jpg,68,003.jpg,6,-0.42,0.18,口角が下がり、眉もやや内寄りで不快・悲しみ寄りの表情に見えます。一方で目の見開きや筋緊張は強くなく、覚醒度は低〜中程度です。
../database/final_database/068/003.jpg,68,003.jpg,7,-0.42,0.18,口角が下がり気味で眉間もやや寄っており、不快・悲しみ寄りの表情に見えます。一方で目の開きや表情筋の緊張は強くなく、覚醒度は低〜中程度と判断しました。
../database/final_database/068/003.jpg,68,003.jpg,8,-0.55,0.1,口角が下がり、眉がわずかに寄っていて不快・悲しみ寄りの表情に見えます。一方で目の見開きや緊張は強くなく、覚醒度は低めです。
../database/final_database/068/003.jpg,68,003.jpg,9,-0.42,0.12,眉が内側に寄り、口角が下がり気味で不快・悲しみ寄りの表情に見えます。一方で目の見開きや口の緊張は強くなく、覚醒度は低〜中程度と判断しました。
../database/final_database/068/003.jpg,68,003.jpg,10,-0.45,0.15,口角が下がり気味で眉もやや内側に寄っており、不快・悲しみ寄りの表情に見えます。一方で目の見開きや緊張は強くなく、覚醒度は低〜中程度です。
../database/final_database/068/004.jpg,68,004.jpg,1,0.1,-0.55,口角がわずかに上がり苦痛や怒りの強いサインは見られないため、valenceは弱くポジティブ寄りです。一方で目が閉じ気味で表情筋の緊張も低く、落ち着いた（低覚醒）状態に見えます。
../database/final_database/068/004.jpg,68,004.jpg,2,0.18,-0.42,口角がわずかに上がり全体として穏やかな表情で、軽い快の印象です。一方で目が閉じ気味で表情の動きが小さく、覚醒度は低めに見えます。
../database/final_database/068/004.jpg,68,004.jpg,3,0.12,-0.38,口元がわずかに緩んでいて強い不快感は見られず、全体として中立〜わずかに快寄りに見えます。目が閉じ気味で表情の動きが少なく、覚醒度は低めと判断しました。
../database/final_database/068/004.jpg,68,004.jpg,4,0.23,-0.47,口角がわずかに上がり、表情全体は穏やかで軽い快の印象です。一方で目がほぼ閉じており筋緊張も低く、覚醒度は低めに見えます。
../database/final_database/068/004.jpg,68,004.jpg,5,0.12,-0.48,口角がわずかに上がり表情は穏やかで、不快さは強く感じられません。一方で目が細くリラックスしており、覚醒度は低めに見えます。
../database/final_database/068/004.jpg,68,004.jpg,6,0.18,-0.35,目がほぼ閉じており表情筋の緊張が少なく、落ち着いた（やや眠そうな）印象です。口元はわずかに上がっているため不快ではなく、軽い快寄りと判断しました。
../database/final_database/068/004.jpg,68,004.jpg,7,0.18,-0.42,口元がわずかに上がり全体として穏やかな表情で、軽い快の方向に見えます。目が閉じ気味で筋緊張も低く、覚醒度は低めと判断しました。
../database/final_database/068/004.jpg,68,004.jpg,8,0.1,-0.55,口角がわずかに上がり、表情は穏やかで軽い快の印象があります。一方で目が閉じ気味で筋緊張が低く、覚醒度は低めに見えます。
../database/final_database/068/004.jpg,68,004.jpg,9,0.22,-0.32,口角がわずかに上がり表情は穏やかで、軽い快の印象です。一方で目が閉じ気味で緊張感が少なく、覚醒度は低めに見えます。
../database/final_database/068/004.jpg,68,004.jpg,10,0.18,-0.35,目が閉じ気味で表情筋の動きが少なく、全体に落ち着いていて眠そうな印象です。口元はわずかに上がっており、強い不快ではなく軽い快寄りに見えます。
../database/final_database/068/005.jpg,68,005.jpg,1,-0.55,0.62,眉が寄って口が開き、苦痛・不快や不安を示す表情に見えます。目の開きと口の緊張から覚醒度も高めと判断しました。
../database/final_database/068/005.jpg,68,005.jpg,2,-0.62,0.55,眉が寄り口が開いており、不快・困惑や不安の表情に見えます。表情筋の緊張があり反応も強めなので覚醒度はやや高めと判断しました。
../database/final_database/068/005.jpg,68,005.jpg,3,-0.52,0.42,眉が強く寄り、口が開いて緊張や不快感（泣き・怒り寄り）が見られるためvalenceは負寄りです。一方で表情の筋緊張と口の開きから覚醒度はやや高めと判断しました。
../database/final_database/068/005.jpg,68,005.jpg,4,-0.55,0.6,眉が強く寄って口が開き、苦痛や不快感・泣きそうな表情に見えます。表情の緊張が強く、覚醒度は高めです。
../database/final_database/068/005.jpg,68,005.jpg,5,-0.55,0.62,眉が強く寄り、口が開いて緊張した表情で、不快・困惑や不安が示唆されます。表情の収縮が強く、覚醒度は高めに見えます。
../database/final_database/068/005.jpg,68,005.jpg,6,-0.62,0.54,眉が寄り口が開いており、不快や困惑・苦痛に近い表情に見えます。一方で表情の緊張が強く、覚醒度は中程度に高いと判断しました。
../database/final_database/068/005.jpg,68,005.jpg,7,-0.62,0.55,眉間にしわが寄り口が開いており、苦痛や不快感・不安を示す表情に見えます。一方で表情筋の緊張が強く、覚醒度はやや高めと判断しました。
../database/final_database/068/005.jpg,68,005.jpg,8,-0.62,0.53,眉間にしわが寄り、口が開いて不快・困惑や嫌悪の表情に見えます。表情の緊張があり反応も強めなので覚醒度は中程度に高いと判断しました。
../database/final_database/068/005.jpg,68,005.jpg,9,-0.55,0.4,眉が寄り、口が開いて不快・困惑の表情に見えるためvalenceは低めです。一方で表情の緊張や反応が見られ、arousalはやや高めと判断しました。
../database/final_database/068/005.jpg,68,005.jpg,10,-0.55,0.4,眉間にしわが寄り口が開いており、苦痛や不快感・不安を示す表情に見えます。一方で表情の緊張があり、落ち着いた状態よりは覚醒度がやや高いと判断しました。
../database/final_database/068/006.jpg,68,006.jpg,1,-0.12,-0.28,口角がわずかに下がり、目も細めで笑顔の要素が少ないため軽い不快寄りと判断しました。表情変化が小さく緊張や興奮の兆候も弱いので覚醒度は低めです。
../database/final_database/068/006.jpg,68,006.jpg,2,-0.22,-0.12,口角がやや下がり気味で目も細く、快の表情よりは軽い不快・困惑寄りに見えます。表情の動きは小さく、興奮度は低め（落ち着いた状態）と判断しました。
../database/final_database/068/006.jpg,68,006.jpg,3,-0.18,-0.28,口角がやや下がり、目も半開きで表情が沈んで見えるため不快寄りと判断しました。動きの少ない落ち着いた表情で、覚醒度も低めです。
../database/final_database/068/006.jpg,68,006.jpg,4,-0.25,-0.15,口角がやや下がり、目も細く緊張や不快感が少し見られる一方、表情の動きは強くなく落ち着いた状態に見えます。
../database/final_database/068/006.jpg,68,006.jpg,5,-0.22,-0.18,口角がわずかに下がり、目元も力が抜けていて不快寄りの表情に見えます。表情筋の緊張が強くなく、覚醒度は低めと判断しました。
../database/final_database/068/006.jpg,68,006.jpg,6,-0.28,-0.18,口角が下がり気味で目も細く、全体としてやや不快・落ち込み寄りの表情に見えます。一方で表情の動きは小さく、強い緊張や興奮は感じられないため覚醒度は低めです。
../database/final_database/068/006.jpg,68,006.jpg,7,-0.28,-0.12,目が半閉じで口角も下がり気味で、不快・落ち込み寄りの表情に見えます。表情の動きが小さく全体に静的なので覚醒度はやや低めと判断しました。
../database/final_database/068/006.jpg,68,006.jpg,8,-0.2,-0.1,目が細く口角も下がり気味で、全体としてやや不快・不満そうな表情に見えます。一方で表情筋の緊張や動きは強くなく、覚醒度は低めと判断しました。
../database/final_database/068/006.jpg,68,006.jpg,9,-0.15,-0.35,口角がわずかに下がり、目も半開きで快表情が弱く、やや不快寄りに見えます。表情筋の動きが小さく全体に落ち着いており、覚醒度は低めです。
../database/final_database/068/006.jpg,68,006.jpg,10,-0.18,-0.22,口角がやや下がり、目も半開きで快の表情は弱く、わずかに不快寄りに見えます。表情変化が小さく全体に落ち着いているため覚醒度も低めです。
../database/final_database/068/007.jpg,68,007.jpg,1,-0.62,0.38,眉が寄り目が細く、口角が下がって不快・悲しみ/苦痛寄りの表情に見えます。一方で表情筋の緊張があり、覚醒度はやや高めと判断しました。
../database/final_database/068/007.jpg,68,007.jpg,2,-0.62,0.28,眉が寄り、目が細く口角が下がっており不快・悲しみ/つらさ寄りの表情に見えます。一方で激しい驚きや興奮はなく、覚醒度は中程度と判断しました。
../database/final_database/068/007.jpg,68,007.jpg,3,-0.62,0.18,口角が下がり、眉が中央に寄って目が細くなるなど不快・悲しみ寄りの表情に見えます。一方で動きは強くなく、覚醒度は低〜中程度と判断しました。
../database/final_database/068/007.jpg,68,007.jpg,4,-0.62,0.18,眉が内側に寄って目が細まり、口角も下がっており不快・悲しみ寄りの表情に見えます。一方で動きは強くなく、覚醒度は低〜中程度と判断しました。
../database/final_database/068/007.jpg,68,007.jpg,5,-0.62,0.18,眉が内側に寄り、目が細く口角が下がっており、不快・悲しみ寄りの表情に見えます。一方で動きは強くなく、覚醒度は低〜中程度と判断しました。
../database/final_database/068/007.jpg,68,007.jpg,6,-0.62,0.28,眉が寄って目が細く、口角も下がり気味で不快・悲しみ寄りの表情に見えます。一方で強い驚きや興奮はなく、覚醒度は中程度と判断しました。
../database/final_database/068/007.jpg,68,007.jpg,7,-0.6,0.3,眉が中央に寄り、目が細く口角が下がっていて不快・悲しみ寄りの表情に見えるためvalenceは低めです。一方で表情の緊張はあるものの激しい驚きや怒りほどではないため、arousalはやや高めに留まります。
../database/final_database/068/007.jpg,68,007.jpg,8,-0.62,0.44,眉が中央に寄って上がり、目が細く口角が下がっているため不快・悲痛寄りの表情に見えます。一方で表情筋の緊張はあるので覚醒度はやや高めと判断しました。
../database/final_database/068/007.jpg,68,007.jpg,9,-0.55,0.1,眉が中央に寄って上がり、目が細く口角が下がっており、不快・悲しみ寄りの表情に見えます。一方で動きは強くなく、覚醒度は低～中程度と判断しました。
../database/final_database/068/007.jpg,68,007.jpg,10,-0.62,0.28,眉が内側に寄り、目が細く口角が下がっており不快・悲しみ寄りの表情に見えるためvalenceは低めです。一方で表情の緊張はあるものの強い興奮や活発さは感じにくいためarousalはやや低〜中程度にしました。
../database/final_database/068/008.jpg,68,008.jpg,1,-0.28,0.22,眉間にしわが寄り、目元もやや細く緊張した表情で、不快寄りに見えます。一方で口元の動きは小さく激しい興奮はなく、覚醒度はやや低〜中程度です。
../database/final_database/068/008.jpg,68,008.jpg,2,-0.36,0.18,眉が寄って目が細まり、口元も緊張していて不快・不満寄りの表情に見えます。一方で動きは強くなく、覚醒度は中低程度に留まります。
../database/final_database/068/008.jpg,68,008.jpg,3,-0.45,0.2,眉間にしわが寄り、口元も緊張していて不快・不満寄りの表情に見えます。一方で動きや驚きは強くなく、覚醒度は中低程度と判断しました。
../database/final_database/068/008.jpg,68,008.jpg,4,-0.45,0.3,眉が寄り、目が細く口元も緊張して見えるため不快寄りの感情が示唆されます。一方で強い興奮というよりは中程度の緊張・注意の高さに見えるため覚醒はやや高めです。
../database/final_database/068/008.jpg,68,008.jpg,5,-0.18,0.22,口元がやや下がり眉間に軽い緊張が見られるため、わずかに不快寄りです。一方で表情の強度は強すぎず、軽い覚醒（注意・緊張）程度と判断しました。
../database/final_database/068/008.jpg,68,008.jpg,6,-0.32,0.12,眉が中央に寄り目が細く、口元も緊張して見えるため不快寄りです。一方で動きは小さく落ち着いた表情なので覚醒度はやや低めと判断しました。
../database/final_database/068/008.jpg,68,008.jpg,7,-0.32,0.18,眉が寄って目が細く、口元も引き締まっており不快・困惑寄りの表情に見えます。一方で動きは強くなく、覚醒度は低〜中程度と判断しました。
../database/final_database/068/008.jpg,68,008.jpg,8,-0.35,0.2,眉が内側に寄り、口元が緊張しており、不快・不満寄りの表情に見えます。一方で目は大きく見開かれておらず、興奮度は中程度と判断しました。
../database/final_database/068/008.jpg,68,008.jpg,9,-0.22,0.31,眉が寄り、目が細く口元も緊張していて快より不快寄りに見えます。一方で表情の強さは中程度で、覚醒度はやや高めと判断しました。
../database/final_database/068/008.jpg,68,008.jpg,10,-0.35,0.25,眉間にしわが寄り、口元も下がり気味で不快・困惑寄りの表情に見えます。一方で目は開いており表情の緊張もあるため、覚醒度はやや高めと判断しました。
../database/final_database/068/009.jpg,68,009.jpg,1,-0.62,0.28,口角が下がり、眉も内側に寄っていて不快・苦痛の表情に見えます。一方で目は大きく見開いておらず、強い興奮というよりは中程度の覚醒です。
../database/final_database/068/009.jpg,68,009.jpg,2,-0.62,0.28,口角が下がり、眉も寄っていて不快・悲しみ寄りの表情に見えます。一方で目の開きは大きくなく、強い驚きや興奮は感じにくいので覚醒度は中程度です。
../database/final_database/068/009.jpg,68,009.jpg,3,-0.62,0.28,口角が下がり、眉間に力が入った苦痛・不快寄りの表情に見えます。一方で表情の緊張は中程度で、強い興奮や驚きほどの覚醒は感じません。
../database/final_database/068/009.jpg,68,009.jpg,4,-0.62,0.34,口角が下がり、眉間もやや寄っていて不快・悲痛寄りの表情に見えます。一方で目は半開きで激しい興奮はなく、中程度の覚醒と判断しました。
../database/final_database/068/009.jpg,68,009.jpg,5,-0.62,0.35,口元が下がり、眉間もやや寄っていて不快・苦痛寄りの表情に見えます。一方で目は大きく見開いておらず、強い興奮よりは中程度の覚醒と判断しました。
../database/final_database/068/009.jpg,68,009.jpg,6,-0.62,0.28,眉が下がり、目が細く半開きで口角も下がっており、不快・悲しみ寄りの表情に見えます。一方で表情の緊張は強すぎず、覚醒度は中程度と判断しました。
../database/final_database/068/009.jpg,68,009.jpg,7,-0.62,0.28,口角が下がり、眉間が寄って不快・苦痛の表情に見えます。一方で目の開きや表情の緊張は強すぎず、覚醒度は中程度と判断しました。
../database/final_database/068/009.jpg,68,009.jpg,8,-0.62,0.28,口角が下がり、眉が寄って目も細く、苦痛や不快感を示す表情に見えます。一方で驚きや興奮ほどの強い緊張はなく、覚醒度は中程度と判断しました。
../database/final_database/068/009.jpg,68,009.jpg,9,-0.62,0.18,口角が下がり、眉もやや内側に寄っていて不快・悲しみ寄りの表情に見えます。目の開きは強くなく動きも小さそうなので、覚醒度は低〜中程度と判断しました。
../database/final_database/068/009.jpg,68,009.jpg,10,-0.62,0.18,眉が内側に寄り、口角が下がって半開きで、苦痛・不快の表情に見えます。動きは大きくなく強い興奮よりも低〜中程度の覚醒です。
../database/final_database/068/010.jpg,68,010.jpg,1,-0.36,-0.22,目を閉じて眉間にしわが寄り、口元も下がり気味で不快・苦痛寄りの表情に見えます。一方で動きや緊張感は強くなく、覚醒度はやや低めと判断しました。
../database/final_database/068/010.jpg,68,010.jpg,2,-0.55,-0.1,口角が下がり目を強く閉じた表情で、不快・悲しみ寄りのネガティブさが強いです。一方で動きは大きいものの緊張や興奮は高くなく、覚醒度は低めと判断しました。
../database/final_database/068/010.jpg,68,010.jpg,3,-0.42,0.18,目を強く閉じ口元がへの字で、苦痛や不快感を示す表情に見えます。一方で身体の緊張は強すぎず、覚醒度はやや低〜中程度と判断しました。
../database/final_database/068/010.jpg,68,010.jpg,4,-0.58,0.18,目を閉じて眉間にしわが寄り、口元も緊張しており不快寄りの表情です。一方で大きな驚きや興奮はなく、覚醒度はやや低めに見えます。
../database/final_database/068/010.jpg,68,010.jpg,5,-0.35,-0.25,目を閉じて口角が下がり、眉間に力が入っているため不快寄りの感情が示唆されます。動きや緊張感は強くなく、覚醒度はやや低めに見えます。
../database/final_database/068/010.jpg,68,010.jpg,6,-0.55,-0.25,目を閉じて眉が内側に寄り、口元が下がり気味で不快・悲しみ寄りの表情に見えます。一方で動きや緊張感は強くなく、覚醒度はやや低めと判断しました。
../database/final_database/068/010.jpg,68,010.jpg,7,-0.35,-0.25,目を閉じて口角が下がり、眉間に寄りがあるため不快寄りの表情に見えます。動きや緊張感は強くなく、覚醒度はやや低めと判断しました。
../database/final_database/068/010.jpg,68,010.jpg,8,-0.42,-0.18,眉が寄り目を閉じて口角が下がっており、不快・苦痛寄りの表情に見えます。一方で動きは小さく緊張感が強くないため、覚醒度は低めと判断しました。
../database/final_database/068/010.jpg,68,010.jpg,9,-0.35,-0.2,眉が下がり目を強く閉じて口角も下がっており、不快・悲しみ寄りの表情に見えます。一方で動きは小さく、覚醒度は低～中程度と判断しました。
../database/final_database/068/010.jpg,68,010.jpg,10,-0.55,0.1,目を閉じて眉間にしわが寄り、口元も下がり気味で不快・苦痛の表情に見えます。一方で動きは少なく強い興奮は感じられないため覚醒度は低めです。
../database/final_database/069/001.jpg,69,001.jpg,1,0.2,-0.15,口元がわずかに上がり、表情全体は穏やかで軽い好意（快）を示しています。一方で目の開きや顔の緊張が少なく、興奮度は低めに見えます。
../database/final_database/069/001.jpg,69,001.jpg,2,0.18,-0.22,口元がわずかに上がり、全体として穏やかで軽い好意的表情に見えます。一方で目の開きや表情筋の動きが小さく、落ち着いた低覚醒寄りです。
../database/final_database/069/001.jpg,69,001.jpg,3,0.12,-0.28,口角がわずかに上がり穏やかな表情で、強い不快感は見られません。一方で目の開きや表情筋の緊張が弱く、全体的に落ち着いた低覚醒に見えます。
../database/final_database/069/001.jpg,69,001.jpg,4,0.22,-0.18,口角がわずかに上がり全体として穏やかな表情で、軽い快の方向に見えます。一方で目元や表情筋の緊張が少なく、興奮度は低めに感じられます。
../database/final_database/069/001.jpg,69,001.jpg,5,0.25,-0.15,口角がわずかに上がり、全体として穏やかで軽い好意・安心感のある表情に見えます。一方で目の開きや表情筋の緊張が強くなく、興奮度は低めです。
../database/final_database/069/001.jpg,69,001.jpg,6,0.22,-0.18,口角がわずかに上がり、全体として穏やかで軽いポジティブさが見られます。一方で目元や表情筋の緊張は強くなく、落ち着いた低めの覚醒度に見えます。
../database/final_database/069/001.jpg,69,001.jpg,7,0.25,-0.15,口角がわずかに上がり、全体として穏やかな表情でやや快の印象です。目元や表情筋の緊張が少なく、興奮度は低めに見えます。
../database/final_database/069/001.jpg,69,001.jpg,8,0.22,-0.18,口角がわずかに上がり穏やかな表情で、全体として軽い快の印象です。一方で目元や筋緊張が強くなく落ち着いているため、覚醒度はやや低めと判断しました。
../database/final_database/069/001.jpg,69,001.jpg,9,0.12,-0.28,口元がわずかに上がり、全体として中立〜軽い好意的表情に見えます。一方で目の開きや表情筋の緊張が強くなく、落ち着いた低覚醒寄りです。
../database/final_database/069/001.jpg,69,001.jpg,10,0.35,-0.15,口元がわずかに上がっており、穏やかで軽い好意・安心感が見られるためvalenceはやや正寄りです。一方で目の開きや表情筋の緊張が強くなく、落ち着いた状態に見えるためarousalはやや低めです。
../database/final_database/069/002.jpg,69,002.jpg,1,0.1,0.05,口元がわずかに開いており中立〜軽い微笑のように見える一方、眉や目元の緊張は強くなく落ち着いた表情です。強い喜び/不快のサインが少ないためvalenceとarousalはいずれも小さめにしました。
../database/final_database/069/002.jpg,69,002.jpg,2,0.05,-0.1,口が少し開き目元も力が弱く、強い喜びや怒りといった感情は見られません。全体として中立に近いがわずかに不安・困惑が混じるため、valenceはやや低め、arousalも低めと判断しました。
../database/final_database/069/002.jpg,69,002.jpg,3,0.15,0.05,口がわずかに開いていて不快感は強くなく、全体として中立〜やや快寄りに見えます。目元や眉の動きが小さく表情の強度は低いため、覚醒度も低めです。
../database/final_database/069/002.jpg,69,002.jpg,4,0.12,-0.18,口元がわずかに開いているものの笑顔は弱く、全体として中立～やや快の表情に見えます。目元や眉の緊張が少なく、興奮度は低めで落ち着いた印象です。
../database/final_database/069/002.jpg,69,002.jpg,5,0.18,0.12,口がわずかに開いていて軽い微笑にも見える一方、目元の緊張が少なく全体として落ち着いた表情です。そのため快寄りだが強くはなく、覚醒度も低めと判断しました。
../database/final_database/069/002.jpg,69,002.jpg,6,0.1,-0.05,口が少し開き、眉や目元の緊張が弱く中立に近い表情です。強い喜びや怒りなどの高覚醒サインが少ないため、わずかに快寄り・低覚醒と判断しました。
../database/final_database/069/002.jpg,69,002.jpg,7,0.08,0.22,口がわずかに開き、表情は中立寄りで軽い関心・戸惑いが感じられます。強い喜怒哀楽は見られず覚醒度も低〜中程度です。
../database/final_database/069/002.jpg,69,002.jpg,8,0.12,-0.08,口元がわずかに上がりつつも、目元や眉に強い感情の緊張が見られず、全体として穏やかで中立寄りに見えます。表情の強度が低いため覚醒度もやや低めと判断しました。
../database/final_database/069/002.jpg,69,002.jpg,9,0.12,0.18,口がわずかに開き、表情は中立に近いものの少しだけ好意的に見えます。目元の緊張が強くなく、驚きや強い興奮は感じられないため覚醒度は低めです。
../database/final_database/069/002.jpg,69,002.jpg,10,0.1,0.05,口元がわずかに開きつつも、口角の上がりが少なく全体として中立に近い表情です。目元の緊張も強くないため、覚醒度も低めと判断しました。
../database/final_database/069/003.jpg,69,003.jpg,1,0.12,-0.18,口角がわずかに上がり全体に穏やかな表情で、不快さはあまり見られません。一方で目元や表情筋の緊張が少なく、覚醒度は低めに見えます。
../database/final_database/069/003.jpg,69,003.jpg,2,0.15,-0.35,口角がわずかに上がっており軽い快の印象ですが、目元や表情筋の動きが少なく全体として落ち着いた（低覚醒）状態に見えます。
../database/final_database/069/003.jpg,69,003.jpg,3,0.1,-0.3,口角がわずかに上がり表情は概ね中立〜軽い快の方向ですが、目元の動きが少なく落ち着いた印象です。全体として感情の強度は低く、覚醒度はやや低めと判断しました。
../database/final_database/069/003.jpg,69,003.jpg,4,0.1,-0.35,口元がわずかに上がっており大きな不快サインは見られないため、軽い快寄りと判断しました。目元や眉の動きが小さく全体に表情の起伏が少ないため、覚醒度は低めです。
../database/final_database/069/003.jpg,69,003.jpg,5,0.12,-0.18,口角がわずかに上がっており不快感は少ない一方、目元や眉の動きが小さく全体に落ち着いた表情です。強い興奮や緊張は見られません。
../database/final_database/069/003.jpg,69,003.jpg,6,0.05,-0.35,口元がわずかに上がっているものの、目元の緊張や表情の動きが少なく全体として中立寄りに見えます。刺激性も低く、落ち着いた（やや非覚醒）状態と判断しました。
../database/final_database/069/003.jpg,69,003.jpg,7,0.12,-0.18,口元がわずかに上がり、全体として中立〜やや快の表情に見えます。一方で目元や表情筋の動きが小さく、興奮度は低め（落ち着いた状態）と判断しました。
../database/final_database/069/003.jpg,69,003.jpg,8,0.15,-0.25,口角がわずかに上がっており表情は穏やかで、強い不快感は見られません。一方で目元や顔全体の緊張が少なく、興奮・覚醒度は低めに見えます。
../database/final_database/069/003.jpg,69,003.jpg,9,0.15,-0.25,口元がわずかに上がっており大きな不快感は見られないため、やや快寄りと判断しました。一方で目元や表情筋の緊張が少なく落ち着いた印象なので、覚醒度は低めです。
../database/final_database/069/003.jpg,69,003.jpg,10,0.1,-0.2,口元がわずかに上がっており軽いポジティブさはあるものの、目元の動きが少なく全体として落ち着いた（低覚醒）表情に見えます。強い喜びや緊張は感じられません。
../database/final_database/069/004.jpg,69,004.jpg,1,0.12,-0.18,口元がわずかに上がっており不快感は弱い一方、目や眉の動きが少なく全体に落ち着いた表情で覚醒度は低めに見えます。
../database/final_database/069/004.jpg,69,004.jpg,2,0.15,-0.1,口元がわずかに緩み、眉や目元に強い緊張が見られないため、軽い快寄りの中立表情に見えます。表情の変化が小さく動的な興奮も少ないため、覚醒度はやや低めと判断しました。
../database/final_database/069/004.jpg,69,004.jpg,3,0.12,-0.18,口角がわずかに上がり、表情は中立寄りで軽い快が見られます。一方で目元や眉の緊張が少なく、全体に落ち着いた印象のため覚醒度は低めです。
../database/final_database/069/004.jpg,69,004.jpg,4,0.15,-0.2,口元がわずかに緩んでいて軽い好意的（中立寄り）な表情に見えます。一方で目元や表情筋の緊張が少なく、覚醒度は低めに感じられます。
../database/final_database/069/004.jpg,69,004.jpg,5,0.15,-0.1,口角がわずかに上がり全体に穏やかな表情で、強い不快・快は見られません。目元の緊張も少なく落ち着いた状態のため覚醒度は低めと判断しました。
../database/final_database/069/004.jpg,69,004.jpg,6,0.22,-0.18,口角がわずかに上がり全体として穏やかな表情に見えるため、valenceはやや快寄りです。一方で目の開きや表情筋の緊張が強くなく、落ち着いた印象なのでarousalはやや低めです。
../database/final_database/069/004.jpg,69,004.jpg,7,0.1,-0.2,口元がわずかに緩み中立〜軽い快の印象ですが、目元や眉の動きが少なく全体として落ち着いた表情です。強い興奮や緊張は見られないため覚醒度は低めにしました。
../database/final_database/069/004.jpg,69,004.jpg,8,0.22,-0.18,口元がわずかに緩み中立〜軽い快の印象ですが、目元や眉の動きが小さく感情の強さは低めです。全体として落ち着いた表情で覚醒度はやや低いと判断しました。
../database/final_database/069/004.jpg,69,004.jpg,9,0.18,-0.22,口角がわずかに上がり、表情は穏やかで軽い肯定的感情が見られます。一方で目元や筋緊張が強くなく、全体に落ち着いているため覚醒度は低めです。
../database/final_database/069/004.jpg,69,004.jpg,10,0.05,-0.15,口元がわずかに緩んでいるものの、目元の緊張や大きな表情変化が少なく中性的に見えます。動きや表情の強さが弱いため覚醒度はやや低めと判断しました。
../database/final_database/069/005.jpg,69,005.jpg,1,-0.35,0.2,口角が下がり気味で表情が硬く、快より不快寄りに見えます。一方で目の開きや表情の緊張は強すぎず、覚醒度は中程度に留まります。
../database/final_database/069/005.jpg,69,005.jpg,2,0.05,-0.1,口元がわずかに緩んでおり強い不快感は見られない一方、目元や表情筋の動きが少なく感情の高まりは低めに見えます。全体としてほぼ中立で、わずかに落ち着いた状態と判断しました。
../database/final_database/069/005.jpg,69,005.jpg,3,-0.22,-0.08,口角がやや下がり気味で表情が硬く、快の要素が少ないためvalenceは軽い不快寄りです。目の開きや表情筋の動きが小さく、興奮度は低めなのでarousalはわずかに非覚醒寄りです。
../database/final_database/069/005.jpg,69,005.jpg,4,-0.12,-0.18,口角がやや下がり、目元も緊張や喜びが少なく中立〜わずかに不快寄りに見えます。表情の動きが小さく、全体として落ち着いた（低覚醒）印象です。
../database/final_database/069/005.jpg,69,005.jpg,5,-0.1,-0.2,口元がやや下がり、目も力が弱く無表情に近いため、快・不快はやや不快寄りと判断しました。表情の動きが少なく緊張や興奮のサインも弱いので、覚醒度は低めです。
../database/final_database/069/005.jpg,69,005.jpg,6,-0.15,-0.2,口元がやや下がり、表情全体に緊張や不快感が少し見られる一方、目や眉の動きが弱く強い興奮は感じられません。落ち着いた低覚醒寄りのネガティブ気味の表情です。
../database/final_database/069/005.jpg,69,005.jpg,7,-0.12,-0.28,口角があまり上がらず表情が硬めで、快のサインが弱い一方、驚きや怒りなどの強い覚醒表情も見られません。全体としてやや不快寄り・低覚醒寄りに見えます。
../database/final_database/069/005.jpg,69,005.jpg,8,-0.12,-0.18,口角があまり上がらず表情が硬めで、わずかに不快寄りに見えます。目元の緊張も弱く全体に落ち着いた（低覚醒）印象です。
../database/final_database/069/005.jpg,69,005.jpg,9,-0.22,-0.08,口角がやや下がり、目元も緊張や喜びが少ないため、やや不快寄りの中立に見えます。表情の動きが小さく落ち着いているので覚醒度は低めです。
../database/final_database/069/005.jpg,69,005.jpg,10,-0.18,-0.32,口元がわずかに下がり、目も半開きで表情のポジティブさが弱く、軽い不快・無関心寄りに見えます。動きの強い表情（驚きや強い怒りなど）はなく、覚醒度は低めです。
../database/final_database/069/006.jpg,69,006.jpg,1,0.15,-0.2,口元がわずかに上がり、表情は穏やかで大きな不快感は見られません。一方で目の開きや表情筋の動きが小さく、全体として落ち着いた低覚醒の状態に見えます。
../database/final_database/069/006.jpg,69,006.jpg,2,0.12,-0.35,口元がわずかに上がっており不快ではない一方、目元はリラックスしていて強い喜びや緊張は感じません。全体として落ち着いた、ややポジティブ寄りの表情です。
../database/final_database/069/006.jpg,69,006.jpg,3,0.1,-0.2,口元がわずかに上がっており不快ではないものの、目元や表情筋の動きが少なく全体として中立寄りに見えます。動きや緊張感が弱く、覚醒度は低めと判断しました。
../database/final_database/069/006.jpg,69,006.jpg,4,0.1,-0.3,口元にわずかな笑みがあり不快感は強くないためvalenceはやや正寄りです。一方で目元や表情筋の動きが小さく落ち着いて見えるためarousalは低めと判断しました。
../database/final_database/069/006.jpg,69,006.jpg,5,0.05,-0.35,口元がわずかに上がっており大きな不快感は見られない一方、目の開きや表情筋の緊張が弱く落ち着いた印象です。全体として中立寄りで低覚醒と判断しました。
../database/final_database/069/006.jpg,69,006.jpg,6,0.12,-0.28,口角がわずかに上がり表情はやや快寄りですが、目元の緊張が少なく落ち着いた印象です。全体として静的で覚醒度は低めに見えます。
../database/final_database/069/006.jpg,69,006.jpg,7,0.12,-0.28,口角がわずかに上がっており不快感は強くない一方、目元や表情筋の動きが少なく全体に落ち着いた印象です。緊張や興奮は低めで、軽い快の状態と判断しました。
../database/final_database/069/006.jpg,69,006.jpg,8,0.12,-0.34,口角がわずかに上がっており不快ではないが、目元の緊張が少なく表情は控えめで中立寄りに見えます。動きや緊張感が低く、落ち着いた低覚醒の印象です。
../database/final_database/069/006.jpg,69,006.jpg,9,0.12,-0.28,口元がわずかに上がっており軽い好意・安心寄りに見えますが、目元の動きが小さく全体として落ち着いた低覚醒の表情です。
../database/final_database/069/006.jpg,69,006.jpg,10,0.12,-0.22,口元がわずかに上がっており不快というより中立～軽い快の表情に見えます。一方で目元の開きが小さく、表情の動きも控えめなので覚醒度はやや低めと判断しました。
../database/final_database/069/007.jpg,69,007.jpg,1,0.12,-0.18,口元がわずかに上がり、全体として中立〜軽い快の表情に見えます。一方で目の開きや表情筋の緊張が強くなく、覚醒度はやや低めと判断しました。
../database/final_database/069/007.jpg,69,007.jpg,2,0.12,-0.28,口角がわずかに上がり全体として中立〜軽い好意の表情に見えますが、目元の緊張が少なく落ち着いた印象で覚醒度は低めです。
../database/final_database/069/007.jpg,69,007.jpg,3,0.12,-0.18,口角がわずかに上がっており軽い肯定的感情が示唆されますが、目元の動きが少なく全体として落ち着いた表情です。強い緊張や興奮は見られないため覚醒度はやや低めと判断しました。
../database/final_database/069/007.jpg,69,007.jpg,4,0.12,-0.28,口元がわずかに上がっており弱い快の表情ですが、目元の緊張が少なく全体的に落ち着いて見えます。そのためvalenceはやや正、arousalは低めと判断しました。
../database/final_database/069/007.jpg,69,007.jpg,5,0.08,-0.22,口元がわずかに上がっており軽い好意・落ち着きを示す一方、目元の動きが小さく表情全体は穏やかで覚醒度は低めに見えます。
../database/final_database/069/007.jpg,69,007.jpg,6,0.15,-0.25,口元がわずかに上がり、全体として穏やかで軽い好意・安心感が見られます。一方で目元や表情筋の動きは小さく、興奮や緊張は低めに見えます。
../database/final_database/069/007.jpg,69,007.jpg,7,0.15,-0.25,口元にわずかな微笑みがあり不快感は弱い一方、目元や表情筋の動きが小さく落ち着いた印象です。全体として軽い快・低覚醒寄りと判断しました。
../database/final_database/069/007.jpg,69,007.jpg,8,0.18,-0.22,口角がわずかに上がり表情は穏やかで、軽い快の方向に見えます。一方で目や顔全体の緊張が少なく、覚醒度はやや低めに見えます。
../database/final_database/069/007.jpg,69,007.jpg,9,0.12,-0.08,口元がわずかに上がっており強い不快感は見られない一方、目元や表情全体の動きが少なく落ち着いた印象です。そのためやや快寄りだが覚醒度は低めと判断しました。
../database/final_database/069/007.jpg,69,007.jpg,10,0.12,-0.28,口角がわずかに上がっており、強い不快感は見られないためvalenceは軽く正寄りです。一方で目元や表情筋の緊張が弱く、全体に落ち着いた印象なのでarousalは低めにしました。
../database/final_database/069/008.jpg,69,008.jpg,1,0.05,-0.35,口元がわずかに上がっているように見え、不快さは強くありません。一方で目の開きが小さく表情筋の緊張も弱いため、覚醒度は低めと判断しました。
../database/final_database/069/008.jpg,69,008.jpg,2,0.12,-0.28,口角がわずかに上がっており大きな不快サインは見られないため、valenceはやや正にしました。一方で目の開きや表情の動きが小さく落ち着いた印象なので、arousalは低めにしました。
../database/final_database/069/008.jpg,69,008.jpg,3,0.1,-0.25,口元がわずかに上がっており、全体として中立〜やや快の表情に見えます。一方で目の開きが小さく表情の動きが少ないため、覚醒度は低めと判断しました。
../database/final_database/069/008.jpg,69,008.jpg,4,0.18,-0.32,口元がわずかに上がっており軽い快の印象ですが、目元が半開きで表情全体は落ち着いています。強い緊張や興奮は見られず、覚醒度は低めです。
../database/final_database/069/008.jpg,69,008.jpg,5,0.15,-0.35,口角がわずかに上がっており大きな不快サインは見られないため、弱い快を示します。一方で目の開きや表情筋の緊張が少なく、落ち着いた低覚醒に見えます。
../database/final_database/069/008.jpg,69,008.jpg,6,0.05,-0.25,口元がわずかに上がっており強い不快感は見られないため、valenceは中立寄りのわずかに快と判断しました。目の開きや表情の動きが小さく落ち着いて見えるため、arousalはやや低めです。
../database/final_database/069/008.jpg,69,008.jpg,7,0.12,-0.28,口角がわずかに上がっており不快ではないため、軽い快の方向に寄っています。一方で目の開きや表情筋の緊張が弱く、全体として落ち着いた低覚醒に見えます。
../database/final_database/069/008.jpg,69,008.jpg,8,0.12,-0.28,口元がわずかに上がり穏やかな表情で、強い不快感は見られません。一方で目の開きや表情筋の動きが小さく、覚醒度は低めに見えます。
../database/final_database/069/008.jpg,69,008.jpg,9,0.12,-0.38,口元がわずかに上がっており強い不快感は見られないため、valenceはやや快寄りです。一方で目や表情筋の動きが小さく落ち着いた印象なので、arousalは低めと判断しました。
../database/final_database/069/008.jpg,69,008.jpg,10,0.12,-0.28,口角がわずかに上がっており軽い好意・安堵が示唆されますが、目元や表情筋の動きが小さく全体として落ち着いた低覚醒に見えます。
../database/final_database/069/009.jpg,69,009.jpg,1,0.18,-0.12,口角がわずかに上がり、全体として中立〜軽い好意的表情に見えます。一方で目の開きや表情筋の緊張が強くなく、覚醒度はやや低めと判断しました。
../database/final_database/069/009.jpg,69,009.jpg,2,0.35,-0.1,口角がわずかに上がり、全体として穏やかで軽い微笑みが見られるため快寄りです。一方で目の開きや表情筋の緊張が弱く、興奮度は低めに見えます。
../database/final_database/069/009.jpg,69,009.jpg,3,0.42,-0.12,口角がやや上がり、目元も緊張が少ないため軽い快の表情に見えます。一方で表情の動きは大きくなく、興奮度は低めです。
../database/final_database/069/009.jpg,69,009.jpg,4,0.25,-0.05,口角がわずかに上がり、全体として穏やかな表情で軽い快の印象です。一方で目の開きや表情筋の緊張が強くなく、覚醒度は中立に近い低めと判断しました。
../database/final_database/069/009.jpg,69,009.jpg,5,0.22,-0.18,口角がわずかに上がり穏やかな表情で、強い否定的感情は見られません。一方で目の開きや表情筋の緊張が弱く、全体として落ち着いた低覚醒に見えます。
../database/final_database/069/009.jpg,69,009.jpg,6,0.25,-0.05,口角がわずかに上がり、全体として穏やかで軽い好意的表情に見えます。一方で目の開きや表情筋の緊張は強くなく、覚醒度は低めです。
../database/final_database/069/009.jpg,69,009.jpg,7,0.25,-0.05,口角がわずかに上がり、全体として穏やかで軽い肯定的感情が見られます。一方で目元や表情筋の緊張が強くなく、覚醒度は低めです。
../database/final_database/069/009.jpg,69,009.jpg,8,0.12,-0.08,口角がわずかに上がっており軽い快の表情に見えますが、目元の動きが小さく全体として落ち着いた（低覚醒）印象です。
../database/final_database/069/009.jpg,69,009.jpg,9,0.32,-0.18,口角がわずかに上がり、表情全体が穏やかで軽い快の印象があります。一方で目元や筋緊張が強くなく、興奮度は低めに見えます。
../database/final_database/069/009.jpg,69,009.jpg,10,0.18,-0.12,口角がわずかに上がり表情は穏やかで、軽い快の感情が見られます。一方で目元や顔全体の緊張が少なく、覚醒度は低めに見えます。
../database/final_database/069/010.jpg,69,010.jpg,1,0.12,-0.18,口元がわずかに上がっており大きな不快感は見られない一方、目元や表情筋の動きが小さく全体として落ち着いた印象です。強い興奮や緊張は感じにくいため覚醒度は低めにしました。
../database/final_database/069/010.jpg,69,010.jpg,2,0.1,-0.25,口元がわずかに上がり、全体として穏やかで中立寄りの表情に見えます。眉や目の緊張が少なく、興奮度は低めと判断しました。
../database/final_database/069/010.jpg,69,010.jpg,3,0.05,-0.3,口元の変化が小さく、笑顔や怒りなどの明確な快・不快のサインが弱いため中立に近い快寄りと判断しました。目や眉の緊張も少なく全体に落ち着いた表情なので覚醒度は低めです。
../database/final_database/069/010.jpg,69,010.jpg,4,0.08,-0.22,口元はわずかに上がっているものの、目元の動きが少なく全体として中立に近い表情です。表情の強度が低く落ち着いた印象のため、覚醒度はやや低めと判断しました。
../database/final_database/069/010.jpg,69,010.jpg,5,0.05,-0.2,口元がわずかに上がっているものの、目元の緊張が少なく全体として中立に近い表情です。表情の動きが小さく落ち着いて見えるため覚醒度はやや低めにしました。
../database/final_database/069/010.jpg,69,010.jpg,6,0.12,-0.18,口角がわずかに上がっており全体として中立〜軽い快の表情ですが、目元の動きが少なく落ち着いた印象です。強い緊張や興奮は見られないため覚醒度はやや低めと判断しました。
../database/final_database/069/010.jpg,69,010.jpg,7,0.05,-0.35,口元のわずかな上がりはあるものの全体的に表情変化が少なく、中立に近い印象です。目や眉の動きも小さく、覚醒度は低めに見えます。
../database/final_database/069/010.jpg,69,010.jpg,8,0.05,-0.25,口元にわずかな上向きが見られる一方、目元の動きが少なく全体として中立に近い印象です。表情の強度が弱く、落ち着いた状態に見えるため覚醒度は低めと判断しました。
../database/final_database/069/010.jpg,69,010.jpg,9,0.12,-0.18,口元がわずかに上がっているものの、目元の緊張が少なく表情は全体にニュートラル寄りです。刺激度も低く落ち着いた印象のため、arousalはやや低めにしました。
../database/final_database/069/010.jpg,69,010.jpg,10,0.12,-0.18,口角がわずかに上がっていて大きな不快表情ではない一方、目元の動きが少なく感情の強さは弱めに見えます。全体として落ち着いた中立〜わずかに快の表情と判断しました。
../database/final_database/070/001.jpg,70,001.jpg,1,0.24,-0.18,口角がやや上がり、全体として穏やかな微笑みに見えるため快寄りです。一方で目元や表情筋の緊張が強くなく、落ち着いた状態に見えるため覚醒度は低めです。
../database/final_database/070/001.jpg,70,001.jpg,2,0.32,-0.18,口角がやや上がり、全体的に穏やかな表情で軽い快が見られます。一方で目元や筋緊張が強くなく、落ち着いた低めの覚醒度です。
../database/final_database/070/001.jpg,70,001.jpg,3,0.32,-0.18,口角がわずかに上がっており、全体として穏やかな微笑に見えるため快寄りです。一方で目の開きや表情の動きが控えめで、興奮度は低めに見えます。
../database/final_database/070/001.jpg,70,001.jpg,4,0.32,-0.08,口角がわずかに上がっており、全体として穏やかなポジティブさが見られます。一方で目の開きや表情筋の緊張が強くなく、覚醒度は低めです。
../database/final_database/070/001.jpg,70,001.jpg,5,0.35,-0.1,口角がわずかに上がっており、軽い微笑みで快の方向が見られます。一方で目や表情筋の緊張は強くなく、興奮度は低めに見えます。
../database/final_database/070/001.jpg,70,001.jpg,6,0.35,0.1,口角がやや上がり、全体として穏やかな微笑に見えるため快方向のvalenceです。一方で目の開きや表情の強さは控えめで、覚醒度は低めと判断しました。
../database/final_database/070/001.jpg,70,001.jpg,7,0.35,-0.25,口角がわずかに上がり、全体として穏やかな微笑みが見られるため快寄りです。一方で目の開きや表情筋の緊張が強くなく、興奮度は低めに見えます。
../database/final_database/070/001.jpg,70,001.jpg,8,0.32,-0.18,口角がわずかに上がり、全体として穏やかな微笑みに見えるため快寄りです。一方で目の開きや表情の強度が弱く、興奮度は低めに見えます。
../database/final_database/070/001.jpg,70,001.jpg,9,0.32,-0.08,口角がやや上がっており軽い微笑みに見えるため快寄りのvalenceです。一方で目元の緊張や開きが強くなく、表情全体のエネルギーは低めなのでarousalはわずかに低めと判断しました。
../database/final_database/070/001.jpg,70,001.jpg,10,0.42,-0.12,口角がやや上がっており、穏やかな微笑みで快方向の感情が示唆されます。一方で目元の緊張や表情の強さは控えめで、覚醒度は低めに見えます。
../database/final_database/070/002.jpg,70,002.jpg,1,0.28,0.22,口角がやや上がり口が少し開いていて、軽い微笑み（快寄り）が見られます。一方で目元の緊張が強くなく全体の表情変化も小さいため、覚醒度は低めと判断しました。
../database/final_database/070/002.jpg,70,002.jpg,2,0.35,0.1,口角がやや上がり、表情は軽い微笑みに見えるため快寄りです。一方で目元の緊張や動きは強くなく、覚醒度は低〜中程度と判断しました。
../database/final_database/070/002.jpg,70,002.jpg,3,0.15,0.1,口角がやや上がり表情は軽い肯定的（ほほえみ）に見える一方、目元の強い緊張は少なく興奮度は低めに見えるためです。
../database/final_database/070/002.jpg,70,002.jpg,4,0.3,0.1,口角がやや上がり、表情は軽い微笑みに見えるため快（正のvalence）寄りです。一方で目元や顔全体の緊張は強くなく、興奮度は低めと判断しました。
../database/final_database/070/002.jpg,70,002.jpg,5,0.34,0.12,口角がやや上がり、表情は軽い微笑みに見えるため快寄りです。一方で目の開きや表情筋の動きが控えめで、興奮度は低めに感じられます。
../database/final_database/070/002.jpg,70,002.jpg,6,0.25,0.3,口角がやや上がり、表情が比較的柔らかいため軽い快の印象です。一方で目の開きが小さく、興奮や緊張は強くないため覚醒度は中程度にとどまります。
../database/final_database/070/002.jpg,70,002.jpg,7,0.18,0.12,口がわずかに開き、目元も強い緊張がなく、軽い微笑に近い表情に見えます。一方で喜びの強さは大きくなく、落ち着いた状態なので覚醒度は低めにしました。
../database/final_database/070/002.jpg,70,002.jpg,8,0.27,0.18,口角がやや上がり、全体的に穏やかな表情で軽い快が見られます。一方で目の開きや筋緊張は強くなく、覚醒度は低めです。
../database/final_database/070/002.jpg,70,002.jpg,9,0.32,0.18,口角がやや上がり、表情は軽い微笑みに見えるため快寄りです。一方で目元や顔全体の緊張は強くなく、覚醒度は低めと判断しました。
../database/final_database/070/002.jpg,70,002.jpg,10,0.32,0.1,口角がやや上がり、全体として軽い微笑みに見えるため快寄りです。一方で目元や表情筋の緊張は強くなく、落ち着いた状態で覚醒度は低めと判断しました。
../database/final_database/070/004.jpg,70,004.jpg,1,0.28,-0.22,口角がわずかに上がっており全体として穏やかな表情なので、軽い快の方向に寄っています。目や眉の緊張が少なく動きも小さいため、覚醒度はやや低めと判断しました。
../database/final_database/070/004.jpg,70,004.jpg,2,0.25,-0.15,口角がわずかに上がっており全体として穏やかで軽い快の表情に見えます。一方で目元の動きや緊張感は強くなく、覚醒度は低めです。
../database/final_database/070/004.jpg,70,004.jpg,3,0.28,-0.22,口角がわずかに上がった穏やかな表情で、不快感は少ないため快寄りです。一方で目や表情筋の緊張が強くなく、落ち着いた印象なので覚醒度は低めです。
../database/final_database/070/004.jpg,70,004.jpg,4,0.32,-0.08,口角がわずかに上がっており、全体として穏やかで軽い快の表情に見えます。目や眉の緊張が少なく、興奮度は低めで落ち着いた状態と判断しました。
../database/final_database/070/004.jpg,70,004.jpg,5,0.35,-0.15,口角がわずかに上がった穏やかな微笑みで、不快感は見られません。目や表情筋の動きは小さく落ち着いているため、覚醒度はやや低めと判断しました。
../database/final_database/070/004.jpg,70,004.jpg,6,0.34,-0.18,口角がわずかに上がった穏やかな表情で、全体としてやや快寄りに見えます。目や眉の緊張が少なく表情の動きも小さいため、覚醒度は低めと判断しました。
../database/final_database/070/004.jpg,70,004.jpg,7,0.25,-0.05,口元がわずかに上がった穏やかな微笑で、全体として快寄りに見えます。一方で目や眉の動きが小さく、興奮度は低めで落ち着いた印象です。
../database/final_database/070/004.jpg,70,004.jpg,8,0.28,-0.12,口角がわずかに上がっており、全体として穏やかで軽いポジティブさが感じられます。一方で目元や表情の動きは小さく、興奮度は低めに見えます。
../database/final_database/070/004.jpg,70,004.jpg,9,0.22,-0.18,口角がわずかに上がっており軽い微笑みで快寄りですが、表情筋の動きが小さく落ち着いた印象です。目元の緊張も少なく、覚醒度は低めと判断しました。
../database/final_database/070/004.jpg,70,004.jpg,10,0.32,-0.12,口角がわずかに上がった穏やかな微笑で、不快感は見られません。表情の動きは小さく落ち着いているため、覚醒度はやや低めと判断しました。
../database/final_database/070/005.jpg,70,005.jpg,1,0.35,0.25,口角がやや上がり、目元も柔らかく見えるため軽い快の表情と判断しました。一方で驚きや強い緊張を示す要素は少なく、覚醒度は中程度より低めです。
../database/final_database/070/005.jpg,70,005.jpg,2,0.35,0.2,口角がわずかに上がり、表情は穏やかで軽い微笑みに見えるため快（正のvalence）寄りです。一方で目の開きや表情筋の緊張は強くなく、興奮度は低めなのでarousalはやや低めにしました。
../database/final_database/070/005.jpg,70,005.jpg,3,0.35,0.3,口角がやや上がり、目元もリラックスしていて軽い快の表情に見えます。一方で驚きや強い緊張は少なく、覚醒度は中程度に留まります。
../database/final_database/070/005.jpg,70,005.jpg,4,0.45,0.25,口角がやや上がり、表情は全体に穏やかで軽い喜び（快）が見られます。一方で目の開きや筋緊張は強くなく、興奮度は低〜中程度です。
../database/final_database/070/005.jpg,70,005.jpg,5,0.41,0.18,口角がわずかに上がり、目元も強い緊張が見られないため、やや快の印象です。驚きや強い興奮は少なく、覚醒度は低めに見えます。
../database/final_database/070/005.jpg,70,005.jpg,6,0.35,0.25,口角がやや上がり、目元も柔らかく全体に穏やかな表情のため快寄りと判断しました。一方で驚きや強い緊張は見られず、覚醒度は低〜中程度です。
../database/final_database/070/005.jpg,70,005.jpg,7,0.35,0.25,口角がやや上がり、目元も大きく開いていて全体に穏やかなポジティブ感があるためvalenceはやや高めです。一方で驚きや緊張の強さは小さく、表情のエネルギーは中低程度なのでarousalは軽くプラスにしました。
../database/final_database/070/005.jpg,70,005.jpg,8,0.32,0.18,口角がやや上がり、目元も緊張が少ないため軽い快の表情に見えます。一方で驚きや強い興奮のサインは弱く、覚醒度は低めと判断しました。
../database/final_database/070/005.jpg,70,005.jpg,9,0.32,0.18,口角がやや上がり、目元も緊張が少ないため軽い快の感情が見られます。一方で表情の動きは強くなく、驚きや興奮は小さいので覚醒度は低めです。
../database/final_database/070/005.jpg,70,005.jpg,10,0.45,0.1,口角がやや上がり、目元も比較的リラックスしているため、軽い快の感情が見られます。一方で表情の強い緊張や驚きは少なく、覚醒度は低めです。
../database/final_database/070/006.jpg,70,006.jpg,1,0.22,0.18,口角がわずかに上がり、目元も緊張が少ないため軽い快の感情が示唆されます。一方で表情の動きは控えめで、覚醒度は低～中程度に見えます。
../database/final_database/070/006.jpg,70,006.jpg,2,0.25,0.1,口角がやや上がり、表情全体に軽いポジティブさが見られる一方、目元の緊張が少なく興奮度は高くありません。落ち着いた軽い喜び・安心に近い印象です。
../database/final_database/070/006.jpg,70,006.jpg,3,0.24,0.18,口角がやや上がり口が少し開いた表情で、弱い快の印象があります。一方で目元や眉の動きが小さく、興奮度は低めに見えます。
../database/final_database/070/006.jpg,70,006.jpg,4,0.32,0.18,口がやや開き、表情に軽い笑みと安心感が見られるため快寄りです。一方で目や眉の動きが大きくなく、興奮や緊張は強くないので覚醒度は低めです。
../database/final_database/070/006.jpg,70,006.jpg,5,0.35,0.15,口角がやや上がり、表情全体が穏やかで軽いポジティブさが見られます。一方で目の開きや表情筋の緊張は強くなく、覚醒度は低めです。
../database/final_database/070/006.jpg,70,006.jpg,6,0.25,0.1,口角がわずかに上がり表情はおだやかで、全体として軽い快の印象です。一方で目元や筋緊張は強くなく、覚醒度は低めに見えます。
../database/final_database/070/006.jpg,70,006.jpg,7,0.35,0.1,口角がやや上がり、目元も緊張が少ないため軽い快の表情に見えます。一方で驚きや強い興奮を示す開眼・筋緊張は弱く、覚醒度は低めです。
../database/final_database/070/006.jpg,70,006.jpg,8,0.42,0.2,口角がやや上がり、全体として穏やかな笑顔に見えるため快寄りです。一方で目の見開きや緊張感は強くなく、落ち着いた覚醒度だと判断しました。
../database/final_database/070/006.jpg,70,006.jpg,9,0.22,0.18,口角がやや上がり、表情は穏やかで軽い快の印象があります。一方で目元の緊張は強くなく、興奮度は低めに見えます。
../database/final_database/070/006.jpg,70,006.jpg,10,0.28,0.18,口角がやや上がり、表情全体に軽い快の印象があります。一方で目元の強い緊張や大きな開きは少なく、覚醒度は低〜中程度に見えます。
../database/final_database/070/007.jpg,70,007.jpg,1,0.35,-0.15,口角がやや上がり、リラックスした微笑に見えるため快寄りのvalenceです。一方で目が閉じ気味で表情の動きも小さく、覚醒度は低めと判断しました。
../database/final_database/070/007.jpg,70,007.jpg,2,0.42,0.08,口角がやや上がり穏やかな表情で、快の方向に寄っています。目が閉じていて動きも少なく見えるため覚醒度は低めです。
../database/final_database/070/007.jpg,70,007.jpg,3,0.35,0.15,口角がやや上がり、表情全体が穏やかで軽いポジティブさが見られます。目は閉じ気味で緊張感が少なく、覚醒度は低めです。
../database/final_database/070/007.jpg,70,007.jpg,4,0.35,-0.2,目が閉じて口角がやや上がっており、穏やかで軽い快の表情に見えます。一方で動きは少なくリラックスした状態のため覚醒度は低めと判断しました。
../database/final_database/070/007.jpg,70,007.jpg,5,0.55,0.25,目を閉じて口角がやや上がっており、穏やかな微笑み（快）に見えます。表情筋の緊張は強くなく、興奮より落ち着きが優勢なので覚醒度は低めです。
../database/final_database/070/007.jpg,70,007.jpg,6,0.3,-0.1,口角がやや上がりリラックスした表情で、全体としてわずかに快の印象です。目が閉じ気味で筋緊張が低く、覚醒度は低めに見えます。
../database/final_database/070/007.jpg,70,007.jpg,7,0.42,-0.08,口角がやや上がり、全体としてリラックスした穏やかな表情に見えるため快寄りです。目が閉じ気味で緊張感が少なく、覚醒度はやや低めと判断しました。
../database/final_database/070/007.jpg,70,007.jpg,8,0.32,0.18,口角がわずかに上がりリラックスした表情で、軽い快の感情が見られます。目を閉じており緊張感が低いため覚醒度は低めです。
../database/final_database/070/007.jpg,70,007.jpg,9,0.45,-0.05,口元がやや上がりリラックスした微笑に見えるため快寄りです。目を閉じており表情筋の緊張が少ないので覚醒度は低めと判断しました。
../database/final_database/070/007.jpg,70,007.jpg,10,0.35,-0.15,口角がわずかに上がり穏やかな表情で、全体としてやや快の印象です。目を閉じて力みが少なく、興奮度は低めに見えます。
../database/final_database/070/008.jpg,70,008.jpg,1,-0.12,0.18,口角がやや下がり眉間に軽いしわがあり、快よりも不快寄りに見えます。一方で表情の強い緊張や驚きは少なく、覚醒度は低〜中程度です。
../database/final_database/070/008.jpg,70,008.jpg,2,0.23,0.12,口角がわずかに上がり全体として中立寄りの軽い快の表情に見えます。一方で目が細く力みが少ないため覚醒度は低めと判断しました。
../database/final_database/070/008.jpg,70,008.jpg,3,0.15,-0.1,口角がわずかに上がり、全体として穏やかな表情で軽い快の印象があります。一方で目の開きが小さく力みが少ないため、覚醒度はやや低めに見えます。
../database/final_database/070/008.jpg,70,008.jpg,4,0.15,0.05,口元はわずかに上がっており軽い快の印象ですが、目元がやや細く力が抜けていて強い感情は感じません。全体として落ち着いた低覚醒の表情です。
../database/final_database/070/008.jpg,70,008.jpg,5,0.12,0.05,口角がわずかに上がり苦痛よりは中立〜やや快の表情ですが、目の細まりと眉間の寄りから戸惑いや不快感も少し混じっています。表情の強さは弱く、覚醒度は低めに見えます。
../database/final_database/070/008.jpg,70,008.jpg,6,0.15,-0.05,口角がわずかに上がり苦痛や怒りは強く見られないため、軽い快寄りです。一方で目の開きが小さく表情の動きも控えめなので覚醒度は低めと判断しました。
../database/final_database/070/008.jpg,70,008.jpg,7,0.1,0.05,口角がわずかに上がり不快感は強くない一方、目が細く表情のエネルギーは低めに見えます。そのため快は弱く、覚醒度も低～中程度と判断しました。
../database/final_database/070/008.jpg,70,008.jpg,8,0.12,0.08,口角がわずかに上がりつつも目元がやや緊張しており、強い喜びではなく軽い快の表情に見えます。表情の動きは小さく、覚醒度も低め～中程度と判断しました。
../database/final_database/070/008.jpg,70,008.jpg,9,-0.12,0.18,口角がやや下がり、目も細めで不快・困惑寄りの表情に見えるためvalenceはわずかに負寄りです。一方で表情筋の動きは弱く、強い興奮や緊張は感じにくいのでarousalは軽度の覚醒に留めました。
../database/final_database/070/008.jpg,70,008.jpg,10,0.12,-0.08,口角がわずかに上がりつつも目元がやや細く、困惑や遠慮が混じった軽いポジティブに見えます。表情の動きは小さく落ち着いているため覚醒度は低めです。
../database/final_database/070/009.jpg,70,009.jpg,1,0.28,-0.12,口元がわずかに上がり、全体として穏やかで軽い好意的な表情に見えます。目や眉の緊張は強くなく、落ち着いた低覚醒寄りと判断しました。
../database/final_database/070/009.jpg,70,009.jpg,2,0.22,-0.08,口角がわずかに上がり、全体として穏やかで軽い快の表情に見えます。目元や眉の緊張が少なく、興奮度は低めで落ち着いた状態です。
../database/final_database/070/009.jpg,70,009.jpg,3,0.23,-0.12,口角がわずかに上がり、全体として穏やかな表情で軽い快の印象です。一方で目の見開きや筋緊張が強くなく、覚醒度は低めに見えます。
../database/final_database/070/009.jpg,70,009.jpg,4,0.12,-0.08,口角がわずかに上がり全体に穏やかな表情で、強い不快や喜びは見られません。目元の緊張も少なく落ち着いた状態に見えるため覚醒度は低めです。
../database/final_database/070/009.jpg,70,009.jpg,5,0.18,-0.12,口角がわずかに上がり、表情は穏やかで軽い快感情が示唆されます。一方で目元や顔全体の緊張が少なく、興奮度は低めに見えます。
../database/final_database/070/009.jpg,70,009.jpg,6,0.12,-0.08,口角がわずかに上がり、表情は中立～軽い好意的に見えます。一方で目元や眉の動きが小さく、興奮度は低めです。
../database/final_database/070/009.jpg,70,009.jpg,7,0.42,-0.08,口角がわずかに上がり、眉や目元の緊張も弱いため軽い快の表情に見えます。一方で目の見開きや表情筋の動きが小さく、落ち着いた低覚醒寄りです。
../database/final_database/070/009.jpg,70,009.jpg,8,0.28,-0.12,口角がわずかに上がっており不快感は弱く、全体として穏やかな表情です。目の開きや表情筋の緊張が強くないため覚醒度は低めと判断しました。
../database/final_database/070/009.jpg,70,009.jpg,9,0.18,-0.08,口角がわずかに上がり、全体として穏やかで軽い好意的表情に見えます。一方で目元や表情筋の緊張は強くなく、覚醒度は低めです。
../database/final_database/070/009.jpg,70,009.jpg,10,0.22,-0.08,口角がわずかに上がり、表情は穏やかで軽いポジティブさが見られます。一方で目の開きや顔の緊張が強くなく、興奮度は低めです。
../database/final_database/070/010.jpg,70,010.jpg,1,0.35,-0.1,口角がわずかに上がっており、全体として穏やかな微笑みで快寄りです。一方で目の開きや表情筋の緊張が弱く、落ち着いた低覚醒に見えます。
../database/final_database/070/010.jpg,70,010.jpg,2,0.32,-0.18,口元がわずかに上がり、全体として穏やかな微笑みに見えるため快寄りです。一方で目の開きや表情筋の緊張が強くなく、落ち着いた状態に見えるため覚醒度はやや低めです。
../database/final_database/070/010.jpg,70,010.jpg,3,0.3,-0.2,口元がわずかに上がっており穏やかな微笑みに見えるため、快（正のvalence）寄りです。一方で目の開きや表情筋の緊張が強くなく落ち着いた印象なので、覚醒度はやや低めと判断しました。
../database/final_database/070/010.jpg,70,010.jpg,4,0.35,-0.2,口元がわずかに上がり穏やかな微笑みが見られるため快寄りのvalenceです。一方で目の開きや表情筋の緊張が強くなく落ち着いた印象なのでarousalはやや低めです。
../database/final_database/070/010.jpg,70,010.jpg,5,0.32,-0.18,口角がわずかに上がり穏やかな微笑みに見えるため快寄りのvalenceです。一方で目元の緊張や動きが少なく落ち着いた表情なのでarousalはやや低めです。
../database/final_database/070/010.jpg,70,010.jpg,6,0.35,-0.1,口角がわずかに上がり、全体として穏やかな微笑みに見えるため快寄りです。一方で目元の動きが小さく落ち着いた表情なので覚醒度は低めです。
../database/final_database/070/010.jpg,70,010.jpg,7,0.32,-0.18,口角がわずかに上がっており全体として穏やかな微笑みに見えるため、快寄りのvalenceと判断しました。一方で目元や表情の強さが控えめで興奮・緊張は低そうなのでarousalはやや低めです。
../database/final_database/070/010.jpg,70,010.jpg,8,0.18,-0.22,口角がわずかに上がり、表情は穏やかで軽いポジティブさが見られます。一方で目元の動きが少なく全体として落ち着いており、覚醒度はやや低めです。
../database/final_database/070/010.jpg,70,010.jpg,9,0.32,-0.12,口角がわずかに上がっており、全体として穏やかな微笑に見えるため快寄りです。目の開きや表情筋の緊張が強くなく、落ち着いた状態に見えるため覚醒度はやや低めです。
../database/final_database/070/010.jpg,70,010.jpg,10,0.28,-0.22,口角がわずかに上がっており、全体として穏やかな微笑に見えるためvalenceはやや正寄りです。一方で目の開きが小さく表情の動きも強くないため、arousalは低めと判断しました。
../database/final_database/071/001.jpg,71,001.jpg,1,0.22,-0.18,口角がわずかに上がり、全体として穏やかで軽い好意的表情に見えます。一方で目元や表情筋の動きが小さく、興奮度は低めと判断しました。
../database/final_database/071/001.jpg,71,001.jpg,2,0.18,-0.22,口角がわずかに上がり全体として穏やかな表情のため、やや快寄りです。一方で目元や表情筋の緊張が強くなく落ち着いた印象なので、覚醒度はやや低めと判断しました。
../database/final_database/071/001.jpg,71,001.jpg,3,0.22,-0.08,口角がわずかに上がり、全体として穏やかで軽い肯定的表情に見えます。一方で目元の動きが少なく表情の強度は低いため、覚醒度はやや低めと判断しました。
../database/final_database/071/001.jpg,71,001.jpg,4,0.18,-0.22,口角がわずかに上がり全体に穏やかな表情で、軽い快の印象があります。一方で目の開きや表情筋の緊張が弱く、覚醒度は低めに見えます。
../database/final_database/071/001.jpg,71,001.jpg,5,0.18,-0.12,口元がわずかに上がっており不快感は少ない一方、目元や表情筋の緊張が弱く全体に落ち着いた印象です。強い驚きや怒りなどの覚醒を示すサインは見られません。
../database/final_database/071/001.jpg,71,001.jpg,6,0.32,-0.18,口元がわずかに上がっており全体として穏やかでやや快の表情に見えます。一方で目の開きや表情筋の動きが小さく、覚醒度は低めと判断しました。
../database/final_database/071/001.jpg,71,001.jpg,7,0.22,-0.18,口角がわずかに上がっており全体として穏やかな表情のため、軽い快（ポジティブ）寄りです。一方で目の開きや表情筋の緊張が強くなく落ち着いて見えるので、覚醒度はやや低めと判断しました。
../database/final_database/071/001.jpg,71,001.jpg,8,0.2,-0.1,口角がわずかに上がっており全体として穏やかな表情で、軽い快の印象です。一方で目元や眉の動きが小さく緊張感が低いため、覚醒度はやや低めと判断しました。
../database/final_database/071/001.jpg,71,001.jpg,9,0.18,-0.12,口元がわずかに上がった中立〜軽い微笑で、強い不快感は見られません。目元や表情筋の動きが小さく、興奮度は低めに見えます。
../database/final_database/071/001.jpg,71,001.jpg,10,0.12,-0.28,口角がわずかに上がり表情は穏やかで、強い不快感は見られません。一方で目の開きが小さく表情変化も控えめなため、覚醒度はやや低めと判断しました。
../database/final_database/071/002.jpg,71,002.jpg,1,0.12,-0.28,口角がわずかに上がり、全体として中立〜軽い快の表情に見えます。一方で目元や表情筋の緊張が少なく、興奮度は低めに感じられます。
../database/final_database/071/002.jpg,71,002.jpg,2,0.24,-0.22,口角がわずかに上がり、全体として穏やかで軽い肯定的感情が見られます。一方で目元や表情筋の緊張が強くなく、興奮度は低めに感じられます。
../database/final_database/071/002.jpg,71,002.jpg,3,0.15,-0.05,口元がわずかに上がっており不快感は少ないため、valenceはやや正に寄せました。一方で目元や表情の動きが小さく落ち着いて見えるため、arousalはほぼ中立〜やや低めと判断しました。
../database/final_database/071/002.jpg,71,002.jpg,4,0.18,-0.12,口元がわずかに上がっており、全体として穏やかでやや好意的な表情に見えます。一方で目や眉の動きが少なく緊張感も低いため、覚醒度はやや低めと判断しました。
../database/final_database/071/002.jpg,71,002.jpg,5,0.18,-0.22,口角がわずかに上がっており軽い快の表情に見えますが、目元の緊張が少なく全体として落ち着いた印象のため覚醒度は低めです。
../database/final_database/071/002.jpg,71,002.jpg,6,0.18,-0.12,口角がわずかに上がっており、全体として穏やかで軽いポジティブさが見られます。一方で目や眉の動きが小さく、表情の活性度は低めに見えるため覚醒はやや低いと判断しました。
../database/final_database/071/002.jpg,71,002.jpg,7,0.18,-0.22,口元がわずかに上がり、全体として穏やかで軽い快の表情に見えます。一方で目や眉の動きが小さく、興奮度は低めで落ち着いた状態に見えます。
../database/final_database/071/002.jpg,71,002.jpg,8,0.12,-0.18,口角がわずかに上がり中立〜軽い快の表情ですが、目元や眉の動きが少なく落ち着いた印象です。全体として覚醒度は低めに見えます。
../database/final_database/071/002.jpg,71,002.jpg,9,0.18,-0.22,口角がわずかに上がっており不快感は少ない一方、目や眉の緊張が弱く全体に落ち着いた表情です。そのため快寄りだが覚醒度は低めと判断しました。
../database/final_database/071/002.jpg,71,002.jpg,10,0.25,-0.15,口角がわずかに上がっており全体として穏やかな表情なので快寄りです。一方で目や口周りの緊張が強くなく、興奮度は低めに見えます。
../database/final_database/071/003.jpg,71,003.jpg,1,0.35,-0.45,口角がわずかに上がり表情筋が緩んでおり、穏やかな快感情が示唆されます。一方で目が閉じ気味で活動性が低く、覚醒度は低めに見えます。
../database/final_database/071/003.jpg,71,003.jpg,2,0.35,-0.45,目を閉じて口角がわずかに上がっており、落ち着いた微笑みのように見えるため快寄りです。一方で表情の動きが少なくリラックスしている印象なので覚醒度は低めです。
../database/final_database/071/003.jpg,71,003.jpg,3,0.28,-0.42,目が閉じ気味で口元がわずかに上がっており、落ち着いた穏やかさ（やや快）を感じます。表情の動きが小さく緊張感も低いため、覚醒度は低めと判断しました。
../database/final_database/071/003.jpg,71,003.jpg,4,0.42,-0.35,目が閉じて口角がわずかに上がっており、落ち着いた穏やかな表情に見えます。表情の動きが小さくリラックスしているため覚醒度は低めと判断しました。
../database/final_database/071/003.jpg,71,003.jpg,5,0.38,-0.34,口角がわずかに上がり、眉や頬の緊張が少ないため軽い快の表情に見えます。一方で目が閉じ気味で表情筋の動きも小さく、覚醒度は低めと判断しました。
../database/final_database/071/003.jpg,71,003.jpg,6,0.35,-0.45,口角がわずかに上がり、全体的に穏やかで快寄りの表情に見えます。目が閉じていて筋緊張が低く、落ち着いた低覚醒の状態と判断しました。
../database/final_database/071/003.jpg,71,003.jpg,7,0.35,-0.4,目を閉じて口角がわずかに上がっており、穏やかで満足そうな表情に見えるため快寄りです。動きや緊張感が少なくリラックスしている印象なので覚醒度は低めです。
../database/final_database/071/003.jpg,71,003.jpg,8,0.42,-0.28,目を閉じて口元がわずかに上がっており、全体として穏やかでやや快の表情に見えます。緊張や興奮のサインが少なく、覚醒度は低めと判断しました。
../database/final_database/071/003.jpg,71,003.jpg,9,0.42,-0.28,口角がわずかに上がり、全体として穏やかで安心した表情に見えるため快寄りです。目を閉じて力みが少なく、活性は低めに見えるためarousalはやや低めにしました。
../database/final_database/071/003.jpg,71,003.jpg,10,0.42,-0.38,目が閉じ気味で口元がわずかに上がっており、穏やかで軽い快の表情に見えます。表情筋の動きが小さくリラックスしているため覚醒度は低めと判断しました。
../database/final_database/071/006.jpg,71,006.jpg,1,0.42,0.18,口角がわずかに上がり、目元も緊張が少なく穏やかな表情のため快寄りと判断しました。一方で驚きや強い緊張は見られず、覚醒度は低めです。
../database/final_database/071/006.jpg,71,006.jpg,2,0.36,0.1,口角がやや上がり、全体として穏やかな微笑に見えるため快寄りのvalenceと判断しました。目や口の開きが大きくなく緊張感も低いため、arousalは低めにしました。
../database/final_database/071/006.jpg,71,006.jpg,3,0.34,0.05,口角がやや上がり、目元も緩んでいるため軽い快（ポジティブ）に見えます。一方で表情の動きは小さく、興奮や緊張は強くないため覚醒度は低めです。
../database/final_database/071/006.jpg,71,006.jpg,4,0.35,0.05,口角がわずかに上がり、表情全体に軽い微笑が見られるため快寄りです。一方で目の開きや筋緊張が強くなく、落ち着いた状態に見えるため覚醒度は低めです。
../database/final_database/071/006.jpg,71,006.jpg,5,0.32,-0.08,口角がわずかに上がり、全体として穏やかな微笑みが見られるため快寄りです。一方で目の開きや表情筋の緊張は強くなく、覚醒度は低めと判断しました。
../database/final_database/071/006.jpg,71,006.jpg,6,0.35,-0.05,口角がやや上がり、目元も大きな緊張がなく穏やかな表情のため、やや快寄りと判断しました。動きや驚き・怒りの強いサインが少なく落ち着いて見えるため、覚醒度はほぼ中立〜やや低めです。
../database/final_database/071/006.jpg,71,006.jpg,7,0.35,-0.15,口角がやや上がり、目元も緩んでいて軽い微笑に見えるため快寄りです。一方で表情の動きは穏やかで興奮や緊張は強くないため、覚醒度はやや低めと判断しました。
../database/final_database/071/006.jpg,71,006.jpg,8,0.48,0.12,口角がやや上がり、目元も緩んでいるため全体として軽い快の表情に見えます。一方で動きや緊張感は強くなく、覚醒度は低めと判断しました。
../database/final_database/071/006.jpg,71,006.jpg,9,0.32,-0.08,口角がやや上がり、表情全体として軽い微笑みが見られるため快寄りです。一方で目元や筋緊張が強くなく、興奮度は低めに見えます。
../database/final_database/071/006.jpg,71,006.jpg,10,0.35,0.05,口角がわずかに上がり、目元も緊張が少ないため軽い快の表情に見えます。一方で表情の動きは小さく、興奮や緊張は低めで覚醒度はほぼ中立です。
../database/final_database/071/007.jpg,71,007.jpg,1,0.15,-0.2,口元がわずかに上がり穏やかな表情で、強い不快感は見られません。目や眉の緊張も小さく、全体として落ち着いた低覚醒の状態に見えます。
../database/final_database/071/007.jpg,71,007.jpg,2,0.12,-0.18,口元がわずかに上がり、表情は穏やかで中立〜軽い快の印象です。一方で目や眉の緊張が少なく、全体として落ち着いていて覚醒度は低めに見えます。
../database/final_database/071/007.jpg,71,007.jpg,3,0.12,-0.18,口角がわずかに上がっており強い不快感は見られない一方、目元や眉に緊張が少なく全体として落ち着いた表情に見えます。刺激や興奮のサインが弱いためarousalは低めにしました。
../database/final_database/071/007.jpg,71,007.jpg,4,0.15,-0.2,口角がわずかに上がっており大きな不快サインは見られないため、valenceはやや快寄りです。一方で目や眉の緊張が少なく表情変化も控えめなので、arousalは低めと判断しました。
../database/final_database/071/007.jpg,71,007.jpg,5,0.12,-0.18,口角がわずかに上がっており不快というより中立～軽い快の表情に見えます。一方で目元や全体の筋緊張が強くなく、覚醒度は低めに感じられます。
../database/final_database/071/007.jpg,71,007.jpg,6,0.12,-0.18,口角がわずかに上がっており不快感は少ない一方、目元や眉の緊張が弱く全体的に落ち着いた表情に見えます。そのため快寄りだが覚醒度は低めと判断しました。
../database/final_database/071/007.jpg,71,007.jpg,7,0.18,-0.12,口角がわずかに上がり全体として穏やかな表情のため、快寄りのvalenceです。一方で目の開きや表情筋の緊張が強くなく、落ち着いた印象なのでarousalは低めです。
../database/final_database/071/007.jpg,71,007.jpg,8,0.12,-0.18,口角がわずかに上がり表情は穏やかで、強い不快感は見られません。一方で目元や表情の動きが小さく、全体として落ち着いた低覚醒に見えます。
../database/final_database/071/007.jpg,71,007.jpg,9,0.18,-0.12,口角がわずかに上がり、全体として中立〜軽い快の表情に見えます。一方で目元や眉の緊張が少なく、興奮度は低め（落ち着いた状態）と判断しました。
../database/final_database/071/007.jpg,71,007.jpg,10,0.18,-0.22,口元がわずかに上がっており、全体として穏やかで軽い快の表情に見えます。目や眉の動きが小さく、緊張感が少ないため覚醒度はやや低めです。
../database/final_database/071/008.jpg,71,008.jpg,1,0.32,0.12,口角がわずかに上がり、表情全体に軽い微笑が見られるため快寄りのvalenceです。一方で目元や顔全体の緊張は強くなく、興奮度は低めなのでarousalはやや低めにしました。
../database/final_database/071/008.jpg,71,008.jpg,2,0.32,0.08,口角がわずかに上がり、全体として穏やかな微笑みが見られるため快寄りです。目元や表情の緊張が少なく動きも小さいので覚醒度は低めです。
../database/final_database/071/008.jpg,71,008.jpg,3,0.32,0.18,口角がわずかに上がっており軽い微笑みが見られるため、快寄りのvalenceと判断しました。一方で目の開きや表情筋の緊張が強くなく、落ち着いた印象のためarousalは低めです。
../database/final_database/071/008.jpg,71,008.jpg,4,0.23,0.08,口角がわずかに上がり、全体として穏やかな微笑みに見えるため快寄りです。一方で目の開きや表情筋の緊張は強くなく、覚醒度は低めと判断しました。
../database/final_database/071/008.jpg,71,008.jpg,5,0.42,-0.12,口角がやや上がり、全体として穏やかな微笑みに見えるため快寄りです。一方で目の開きや表情筋の緊張が強くなく、落ち着いた状態に見えるため覚醒度はやや低めです。
../database/final_database/071/008.jpg,71,008.jpg,6,0.23,-0.12,口角がやや上がり、全体として穏やかな微笑みに見えるため快寄りです。一方で目の開きや表情筋の動きが強くなく、落ち着いた状態に見えるため覚醒度はやや低めです。
../database/final_database/071/008.jpg,71,008.jpg,7,0.32,0.08,口角がわずかに上がり、全体として穏やかな微笑に見えるため快寄りです。目元や表情筋の緊張が強くなく落ち着いた印象なので覚醒度は低めです。
../database/final_database/071/008.jpg,71,008.jpg,8,0.25,-0.1,口角がわずかに上がっており、穏やかな微笑みに見えるため快寄りです。目元の緊張や大きな動きが少なく、落ち着いた低～中程度の覚醒と判断しました。
../database/final_database/071/008.jpg,71,008.jpg,9,0.32,-0.08,口角がわずかに上がり、全体として穏やかな微笑みに見えるため快（正のvalence）寄りです。一方で目の開きや表情の強さが控えめで落ち着いているため、覚醒度はやや低めと判断しました。
../database/final_database/071/008.jpg,71,008.jpg,10,0.32,-0.08,口角がわずかに上がっており、穏やかな微笑に見えるため快寄りです。一方で目元や表情筋の動きが小さく、興奮度は低めに見えます。
../database/final_database/071/009.jpg,71,009.jpg,1,0.24,-0.18,口角がわずかに上がった穏やかな微笑が見られ、全体として軽い快の印象です。一方で目元の緊張や大きな表情変化が少なく、覚醒度はやや低めと判断しました。
../database/final_database/071/009.jpg,71,009.jpg,2,0.36,-0.18,口角がわずかに上がっており全体として穏やかな微笑みが見られるため、快寄りのvalenceと判断しました。一方で目の開きや表情筋の緊張が強くなく落ち着いた印象なので、arousalはやや低めです。
../database/final_database/071/009.jpg,71,009.jpg,3,0.38,-0.12,口角がわずかに上がっており、全体として穏やかな微笑みで快寄りに見えます。一方で目元の動きが小さく表情の強度は低めのため、覚醒度はやや低いと判断しました。
../database/final_database/071/009.jpg,71,009.jpg,4,0.24,-0.22,口角がわずかに上がっており全体として穏やかな表情に見えるため、valenceはやや快寄りです。目の開きや表情筋の緊張が強くなく落ち着いた印象なので、arousalはやや低めにしました。
../database/final_database/071/009.jpg,71,009.jpg,5,0.35,-0.1,口元がわずかに上がり、全体として穏やかで軽い好意（快）の表情に見えます。一方で目や眉の動きが小さく、興奮や緊張は低めで落ち着いた状態と判断しました。
../database/final_database/071/009.jpg,71,009.jpg,6,0.18,-0.22,口元がわずかに上がっており穏やかな微笑に見えるため、快方向のvalenceを小さめに設定しました。目の開きや表情筋の緊張が強くなく落ち着いた印象なので、arousalはやや低めです。
../database/final_database/071/009.jpg,71,009.jpg,7,0.32,-0.18,口角がわずかに上がっており穏やかな微笑に見えるため、valenceはやや快寄りです。一方で目の開きや表情筋の緊張が強くなく落ち着いた印象なので、arousalはやや低めです。
../database/final_database/071/009.jpg,71,009.jpg,8,0.22,-0.12,口角がわずかに上がっており軽い微笑みで快寄りですが、目元や表情筋の緊張が少なく落ち着いた印象です。全体として穏やかで低覚醒と判断しました。
../database/final_database/071/009.jpg,71,009.jpg,9,0.22,-0.18,口角がわずかに上がっており全体として穏やかな表情で、軽い快の印象です。目元の緊張が少なく動きも控えめに見えるため、覚醒度はやや低めと判断しました。
../database/final_database/071/009.jpg,71,009.jpg,10,0.32,-0.18,口角がわずかに上がり、全体として穏やかな微笑みで快寄りの印象です。目や眉の動きが小さく緊張感が低いため、覚醒度はやや低めと判断しました。
../database/final_database/071/010.jpg,71,010.jpg,1,0.22,-0.18,口角がわずかに上がり、全体として穏やかで軽い好意的表情に見えます。一方で目元や表情筋の緊張が強くなく、覚醒度は低めです。
../database/final_database/071/010.jpg,71,010.jpg,2,0.22,-0.18,口角がわずかに上がり、表情は穏やかで軽いポジティブさが見られます。一方で目や眉の動きが小さく、興奮や緊張は低めに見えるため覚醒度はやや低いと判断しました。
../database/final_database/071/010.jpg,71,010.jpg,3,0.18,-0.28,口角がわずかに上がっており不快感は少ない一方、目や眉の動きが小さく表情の強さは控えめです。そのため快寄りだが落ち着いた（低覚醒）状態と判断しました。
../database/final_database/071/010.jpg,71,010.jpg,4,0.32,-0.18,口角がわずかに上がっており、全体として穏やかでやや快の表情に見えます。目や眉の動きが小さく緊張感が低いため、覚醒度はやや低めと判断しました。
../database/final_database/071/010.jpg,71,010.jpg,5,0.22,-0.28,口角がわずかに上がっており全体として穏やかな表情のため、快寄りのvalenceと判断しました。目元や表情筋の緊張が少なく落ち着いて見えるため、arousalは低めです。
../database/final_database/071/010.jpg,71,010.jpg,6,0.22,-0.28,口元がわずかに上がっており全体として穏やかな表情で、強い不快感は見られません。目や眉の動きが小さく落ち着いているため覚醒度は低めと判断しました。
../database/final_database/071/010.jpg,71,010.jpg,7,0.18,-0.22,口角がわずかに上がり表情は穏やかで、軽い快の印象があります。一方で目元や筋緊張が強くなく、全体として落ち着いた低覚醒に見えます。
../database/final_database/071/010.jpg,71,010.jpg,8,0.34,-0.22,口角がわずかに上がっており全体として穏やかな表情のため、快寄りのvalenceと判断しました。一方で目の開きや表情筋の緊張が強くなく落ち着いて見えるため、arousalはやや低めです。
../database/final_database/071/010.jpg,71,010.jpg,9,0.25,-0.3,口角がわずかに上がり穏やかな微笑に見えるため快寄りのvalenceです。一方で目の開きや表情筋の緊張が弱く、落ち着いた状態に見えるためarousalは低めです。
../database/final_database/071/010.jpg,71,010.jpg,10,0.32,-0.18,口角がわずかに上がっており全体として穏やかな表情で、軽い快の感情が見られます。一方で目や眉の緊張が少なく、覚醒度は低めに見えます。
../database/final_database/072/001.jpg,72,001.jpg,1,0.12,-0.18,口角がわずかに上がっており強い不快感は見られない一方、目元や眉の動きが小さく表情の活性は低めに見えます。全体として穏やかでやや中立寄りの感情と判断しました。
../database/final_database/072/001.jpg,72,001.jpg,2,0.15,-0.25,口角がわずかに上がり、全体として軽い快の表情に見えます。一方で目の開きや表情筋の緊張が弱く、覚醒度は低めです。
../database/final_database/072/001.jpg,72,001.jpg,3,0.12,-0.18,口元がわずかに上がっており軽いポジティブさがある一方、目元や眉の動きが小さく全体として落ち着いた表情です。強い緊張や興奮は見られないため覚醒度はやや低めと判断しました。
../database/final_database/072/001.jpg,72,001.jpg,4,0.12,-0.18,口角がわずかに上がっており軽い快の表情ですが、目元や眉の動きが小さく全体として落ち着いて見えるため覚醒度は低めと判断しました。
../database/final_database/072/001.jpg,72,001.jpg,5,0.12,-0.18,口元がわずかに上がっており軽い快の印象ですが、目元の動きが少なく全体として感情の強度は低めに見えます。緊張や興奮はあまり感じられず、落ち着いた状態に近いです。
../database/final_database/072/001.jpg,72,001.jpg,6,0.15,-0.25,口角がわずかに上がっており軽い快の表情ですが、目元の開きが小さく全体に落ち着いた印象で覚醒度は低めに見えます。強い喜びや緊張は感じられません。
../database/final_database/072/001.jpg,72,001.jpg,7,0.18,-0.12,口元がわずかに上がっており全体として中立〜軽い快の表情に見えます。一方で目元の動きが小さく表情の強度が低いため、覚醒度はやや低めと判断しました。
../database/final_database/072/001.jpg,72,001.jpg,8,0.1,-0.15,口角がわずかに上がっており全体として中立〜軽い快の表情に見えますが、目元の緊張が少なく活動性は低めに感じられます。
../database/final_database/072/001.jpg,72,001.jpg,9,0.12,-0.18,口角がわずかに上がっており大きな不快表情は見られないため、軽い快寄りと判断しました。目や眉の動きが小さく表情の強度も低いので、覚醒度はやや低めとしました。
../database/final_database/072/001.jpg,72,001.jpg,10,0.12,-0.18,口角がわずかに上がり中立〜軽い快の表情ですが、目元や眉の動きが小さく全体として落ち着いて見えます。強い緊張や興奮の兆候は少ないため覚醒度はやや低めです。
../database/final_database/072/002.jpg,72,002.jpg,1,0.05,-0.15,口元がわずかに上がっていますが、目元や眉の緊張は少なく全体として中立に近い表情です。強い興奮や緊迫感は見られないため、覚醒度はやや低めと判断しました。
../database/final_database/072/002.jpg,72,002.jpg,2,-0.1,-0.05,口角がほぼ水平で目元も緊張が少なく、わずかに困惑・不快寄りの中性的表情に見えます。表情の強度は低く、覚醒度もほぼ中程度と判断しました。
../database/final_database/072/002.jpg,72,002.jpg,3,-0.08,0.12,口元がやや引きつり、眉間に軽い緊張が見られるため快は低めです。一方で目の開きは普通で強い興奮はなく、覚醒度はわずかに高い程度です。
../database/final_database/072/002.jpg,72,002.jpg,4,-0.12,0.18,口元がわずかに下がり、眉間に軽い緊張が見られるため快よりやや不快寄りです。目の開きは中程度で強い興奮はなく、覚醒度は低〜中程度と判断しました。
../database/final_database/072/002.jpg,72,002.jpg,5,-0.05,0.1,口元はわずかに上がっているものの、眉間にしわが寄り目つきも緊張しており、快・不快はほぼ中立に近い印象です。表情の力みは軽度で、覚醒度もやや低～中程度と判断しました。
../database/final_database/072/002.jpg,72,002.jpg,6,-0.08,0.18,口元がやや引きつり、眉間に軽い緊張が見られるため快ではなく中立〜わずかに不快寄りです。一方で目が開いており表情筋の緊張も少しあるため、覚醒度はやや高めと判断しました。
../database/final_database/072/002.jpg,72,002.jpg,7,-0.18,-0.22,口元がわずかに下がり、眉間に軽いしわが見えるため、やや不快寄りの印象です。表情の動きは大きくなく落ち着いているため、覚醒度は低めと判断しました。
../database/final_database/072/002.jpg,72,002.jpg,8,0.12,-0.18,口角がわずかに上がりつつも目元が硬く、軽い戸惑い・ぎこちなさが混じった中立寄りの表情に見えます。表情の動きは小さく落ち着いているため覚醒度はやや低めと判断しました。
../database/final_database/072/002.jpg,72,002.jpg,9,-0.12,0.18,眉がやや寄り、口角が少し下がっていて軽い不快・困惑の表情に見えます。一方で目の開きは中程度で、強い興奮は感じられないため覚醒度は低〜中程度です。
../database/final_database/072/002.jpg,72,002.jpg,10,-0.12,-0.18,口角がやや下がり、眉間に軽い緊張が見られるため不快寄りの印象です。表情の動きは小さく、強い興奮は感じられないため低覚醒と判断しました。
../database/final_database/072/003.jpg,72,003.jpg,1,0.25,-0.35,口角がわずかに上がり、全体として軽い好意・落ち着きが感じられるためvalenceはやや正寄りです。一方で目元や表情筋の緊張が少なく、興奮度は低めに見えるためarousalは負寄りにしました。
../database/final_database/072/003.jpg,72,003.jpg,2,0.12,-0.28,口角がわずかに上がり表情は穏やかで、強い不快感は見られません。一方で目の開きや顔の緊張が少なく、全体として覚醒度は低めに見えます。
../database/final_database/072/003.jpg,72,003.jpg,3,0.12,-0.28,口角がわずかに上がり、目元も穏やかで軽い快の印象があります。一方で表情の動きが小さく落ち着いているため覚醒度は低めです。
../database/final_database/072/003.jpg,72,003.jpg,4,0.1,-0.3,口角がわずかに上がっており軽い肯定的感情が見られますが、目元や表情の動きが少なく全体として落ち着いています。
../database/final_database/072/003.jpg,72,003.jpg,5,0.12,-0.18,口角がわずかに上がり目元も緊張が少なく、軽い快の表情に見えます。一方で表情の動きは小さく落ち着いているため覚醒度は低めです。
../database/final_database/072/003.jpg,72,003.jpg,6,0.25,-0.35,口元がわずかに上がり、表情は穏やかで軽い快の印象です。一方で目の開きや表情筋の緊張が弱く、覚醒度は低めに見えます。
../database/final_database/072/003.jpg,72,003.jpg,7,0.18,-0.22,口角がわずかに上がり目元も緊張が少ないため、軽い快の印象です。一方で表情の動きが小さく落ち着いて見えるため、覚醒度はやや低めと判断しました。
../database/final_database/072/003.jpg,72,003.jpg,8,0.12,-0.28,口角がわずかに上がり不快感は弱い一方、目元や表情筋の動きが少なく落ち着いた印象です。強い興奮や緊張は見られません。
../database/final_database/072/003.jpg,72,003.jpg,9,0.12,-0.28,口角がわずかに上がり穏やかな表情で、強い不快感は見られません。一方で目の開きや表情筋の緊張が弱く、覚醒度は低めに見えます。
../database/final_database/072/003.jpg,72,003.jpg,10,0.12,-0.28,口元がわずかに上がり表情は穏やかで、強い不快感や怒りは見られません。一方で目の開きや表情筋の緊張が弱く、覚醒度は低めに見えます。
../database/final_database/072/004.jpg,72,004.jpg,1,-0.05,-0.3,口元はわずかに上がっていますが、目元や眉に感情の強い緊張が見られず全体的に中性的です。表情の動きが小さく落ち着いているため覚醒度は低めと判断しました。
../database/final_database/072/004.jpg,72,004.jpg,2,0.12,-0.22,口元がわずかに上がっており不快感は弱い一方、目や眉の動きが少なく全体に落ち着いた表情に見えます。強い興奮や緊張は感じられません。
../database/final_database/072/004.jpg,72,004.jpg,3,0.12,-0.28,口元がわずかに上がり中立〜軽い好意的感情に見える一方、目元や眉の動きが小さく全体として落ち着いた印象です。強い緊張や興奮のサインが少ないため覚醒度は低めと判断しました。
../database/final_database/072/004.jpg,72,004.jpg,4,0.1,-0.2,口元がわずかに上がっており大きな否定感は見られないため、valenceはやや快寄りです。一方で目や眉の動きが小さく表情の活性が低いので、arousalはやや低めと判断しました。
../database/final_database/072/004.jpg,72,004.jpg,5,0.05,-0.25,口元はわずかに上がっていますが、目元の表情変化が少なく全体として中立に近い印象です。動きや緊張感も強くなく、落ち着いた低覚醒寄りと判断しました。
../database/final_database/072/004.jpg,72,004.jpg,6,0.05,-0.15,口元がわずかに上がっており中立〜軽い快の印象ですが、目元の動きが少なく全体として落ち着いた表情に見えます。そのため快はごく小さく、覚醒度も低めにしました。
../database/final_database/072/004.jpg,72,004.jpg,7,0.05,-0.25,口元がわずかに緩んでいる一方、目元や眉の動きが少なく全体として表情が平坦に見えます。強い快・不快は感じにくく、覚醒度も低めと判断しました。
../database/final_database/072/004.jpg,72,004.jpg,8,0.1,-0.35,口元がわずかに上がり不快感は強くないため、valenceはやや正寄りです。一方で目元や表情筋の動きが小さく、落ち着いた/低活動な印象のためarousalは低めです。
../database/final_database/072/004.jpg,72,004.jpg,9,0.1,-0.25,口元がわずかに上がっており強い不快感は見られないため、valenceはやや正寄りです。一方で目や眉の動きが小さく全体に表情が落ち着いているため、arousalは低めと判断しました。
../database/final_database/072/004.jpg,72,004.jpg,10,0.05,-0.25,口角がわずかに上がっているものの全体として表情の変化が小さく、中立～わずかに快の印象です。目や眉の緊張も少なく、落ち着いた低覚醒に見えます。
../database/final_database/072/005.jpg,72,005.jpg,1,-0.35,0.15,眉が寄り気味で目が細く、口元も緊張しており不快寄りに見えます。一方で表情の動きは強くなく、覚醒度はやや低めです。
../database/final_database/072/005.jpg,72,005.jpg,2,-0.32,0.18,眉が寄って目が細く、口元もやや緊張しており不快寄りの表情に見えます。一方で動きは強くなく、覚醒度は低〜中程度と判断しました。
../database/final_database/072/005.jpg,72,005.jpg,3,-0.12,0.18,眉が少し寄って目が細く、口角も上がり切らないためわずかに不快寄りに見えます。一方で表情の強さは中程度で、覚醒度はやや低〜中程度と判断しました。
../database/final_database/072/005.jpg,72,005.jpg,4,0.1,-0.05,口元がわずかに上がっており中立〜軽い快の表情に見えますが、目が細く緊張感も少ないため覚醒度は低めです。
../database/final_database/072/005.jpg,72,005.jpg,5,-0.18,0.22,眉が中央に寄り、目が細く口角もあまり上がっていないため、やや不快・困惑寄りの表情に見えます。一方で表情の強さは中程度で、覚醒度はやや高めと判断しました。
../database/final_database/072/005.jpg,72,005.jpg,6,-0.18,0.12,眉が内側に寄り、目が細く口角もやや下がっており、軽い不快・困惑の表情に見えます。一方で口の開きや筋緊張は強くなく、覚醒度は低〜中程度です。
../database/final_database/072/005.jpg,72,005.jpg,7,-0.12,0.18,眉が中央に寄り目が細く、口元もわずかに下がっていて軽い不快・困惑の表情に見えます。一方で表情の強度は高くなく、覚醒度は中低程度と判断しました。
../database/final_database/072/005.jpg,72,005.jpg,8,-0.12,0.18,眉がやや寄り目が細く、口元も緊張しており不快寄りに見えます。一方で表情の強さは中程度で、覚醒度はやや低〜中程度と判断しました。
../database/final_database/072/005.jpg,72,005.jpg,9,-0.32,0.18,眉がやや寄り、目が細く口角も下がり気味で不快・困惑寄りの表情に見えます。一方で表情の強さは中程度で、覚醒度はやや低〜中程度と判断しました。
../database/final_database/072/005.jpg,72,005.jpg,10,-0.25,0.1,眉がやや寄り、目が細く口元もあまり上がっていないため、わずかに不快・不満寄りの表情に見えます。一方で表情の強さは弱く、覚醒度は中立に近い低めと判断しました。
../database/final_database/072/006.jpg,72,006.jpg,1,-0.18,0.08,口角がわずかに下がり眉間にも軽い緊張が見られるため、快よりやや不快寄りです。一方で目や口の開きは小さく、強い興奮は感じられないため覚醒度は低めです。
../database/final_database/072/006.jpg,72,006.jpg,2,-0.1,0.05,口角がほぼ水平で笑顔が弱く、眉間にわずかな緊張が見られるためやや不快寄りです。目の開きや表情の強さは穏やかで、覚醒度は低〜中程度と判断しました。
../database/final_database/072/006.jpg,72,006.jpg,3,-0.12,-0.22,口角がわずかに下がり、眉間に軽い緊張が見られるためやや不快寄りです。表情の変化が小さく全体に落ち着いているので覚醒度は低めと判断しました。
../database/final_database/072/006.jpg,72,006.jpg,4,-0.1,0.05,口角がわずかに下がり、眉間に軽い緊張が見られるため快は低めです。一方で表情の強い開きや驚きはなく、覚醒度は中立に近いと判断しました。
../database/final_database/072/006.jpg,72,006.jpg,5,-0.12,-0.18,口角がやや下がり、眉間に軽い緊張が見られるためわずかに不快寄りです。一方で表情の動きは小さく、全体として落ち着いた（低覚醒）状態に見えます。
../database/final_database/072/006.jpg,72,006.jpg,6,-0.12,0.05,口角がわずかに下がり、眉間に軽い緊張が見られるためやや不快寄りです。一方で表情の強度は弱く、覚醒度は低〜中程度に留まります。
../database/final_database/072/006.jpg,72,006.jpg,7,-0.18,0.12,口角がわずかに下がり、眉間に軽い緊張が見られるためやや不快寄りです。一方で表情の強い動きは少なく、覚醒度は低〜中程度と判断しました。
../database/final_database/072/006.jpg,72,006.jpg,8,-0.22,0.08,口角がわずかに下がり、眉間に軽い緊張が見られるためやや不快寄りです。一方で表情の動きは小さく、強い興奮や緊迫は感じないため覚醒度は低めです。
../database/final_database/072/006.jpg,72,006.jpg,9,-0.12,-0.18,口角がわずかに下がり、眉間に軽い緊張が見られるため快‐不快はやや不快寄りです。表情の変化は小さく全体に落ち着いているため覚醒度は低めと判断しました。
../database/final_database/072/006.jpg,72,006.jpg,10,-0.12,0.18,口角がわずかに下がり、眉間に軽い緊張が見られるため不快寄りです。一方で表情の強度は高くなく、覚醒度は軽度にとどまります。
../database/final_database/072/007.jpg,72,007.jpg,1,0.12,-0.18,口角がわずかに上がり目元も穏やかで、軽い快の表情に見えます。一方で表情の動きは小さく、興奮や緊張は低めで落ち着いた状態です。
../database/final_database/072/007.jpg,72,007.jpg,2,0.18,-0.22,口角がわずかに上がり全体として穏やかな表情で、強い不快感は見られません。一方で目元や表情筋の動きが小さく、興奮度は低めに見えます。
../database/final_database/072/007.jpg,72,007.jpg,3,0.18,-0.12,口元がわずかに上がり、全体として穏やかで軽い快の表情に見えます。一方で目や眉の動きが小さく、興奮や緊張は低めで落ち着いた状態に見えます。
../database/final_database/072/007.jpg,72,007.jpg,4,0.22,-0.28,口元がわずかに上がり全体に落ち着いた表情で、強い不快感は見られません。目や眉の動きが小さく緊張も低いため覚醒度はやや低めと判断しました。
../database/final_database/072/007.jpg,72,007.jpg,5,0.22,-0.18,口元がわずかに上がっており、不快というより穏やかな肯定的感情が見られます。一方で目の開きや表情筋の緊張が少なく、全体として落ち着いた低覚醒寄りです。
../database/final_database/072/007.jpg,72,007.jpg,6,0.1,-0.25,口元がわずかに上がっており大きな不快サインは見られないため、軽い快寄りと判断しました。目や眉の動きが小さく全体に落ち着いた表情なので、覚醒度は低めです。
../database/final_database/072/007.jpg,72,007.jpg,7,0.15,-0.35,口元がわずかに上がった穏やかな表情で、強い不快感は見られません。目元や表情筋の動きが少なく落ち着いているため覚醒度は低めです。
../database/final_database/072/007.jpg,72,007.jpg,8,0.12,-0.28,口角がわずかに上がり表情は中立〜軽い快の印象です。一方で目の開きや表情筋の緊張が少なく、落ち着いた低覚醒に見えます。
../database/final_database/072/007.jpg,72,007.jpg,9,0.12,-0.35,口角がわずかに上がり穏やかな表情で、強い不快さは見られません。一方で目元や表情筋の動きが小さく、落ち着いていて覚醒度は低めに見えます。
../database/final_database/072/007.jpg,72,007.jpg,10,0.1,-0.25,口角がわずかに上がり、眉や目元の緊張が少ないため、わずかに快の方向です。一方で表情の動きが小さくエネルギー感も低いため、やや非覚醒寄りと判断しました。
../database/final_database/072/008.jpg,72,008.jpg,1,-0.35,0.2,眉が寄り、口角がやや下がっていて不快・困惑寄りの表情に見えます。一方で目の開きは大きすぎず、興奮度は低〜中程度です。
../database/final_database/072/008.jpg,72,008.jpg,2,-0.18,0.12,眉が中央に寄り少し上がっており、口元も緊張して見えるため、わずかに不快寄りの表情に見えます。目は大きく開きすぎておらず全体の動きも強くないので、覚醒度は軽度にとどまります。
../database/final_database/072/008.jpg,72,008.jpg,3,-0.25,0.15,口角がわずかに下がり眉が寄っていて、不安・困惑のような不快寄りの表情に見えます。一方で目の開きは大きすぎず、強い興奮は感じられないため覚醒度はやや低めです。
../database/final_database/072/008.jpg,72,008.jpg,4,-0.35,0.1,眉が内側に寄り、口角が下がり気味で不快・困惑寄りの表情に見えます。一方で目の見開きや口の開きは小さく、覚醒度は低〜中程度です。
../database/final_database/072/008.jpg,72,008.jpg,5,-0.32,0.18,眉が中央に寄り、口角がやや下がって見えるため不快寄り（不安・困惑）に感じられます。一方で表情の強度は高くなく、覚醒度はやや低〜中程度です。
../database/final_database/072/008.jpg,72,008.jpg,6,-0.21,0.19,眉が中央に寄って上がり、口角はわずかに下がって見えるため不安・戸惑い寄りの不快感が示唆されます。表情の強度は強くなく、覚醒度は低〜中程度です。
../database/final_database/072/008.jpg,72,008.jpg,7,-0.32,0.18,眉が中央に寄り、口角もやや下がっており不安・戸惑いに近い表情で快は低めです。一方で目は開いており表情の緊張はあるため、覚醒度はわずかに高めと判断しました。
../database/final_database/072/008.jpg,72,008.jpg,8,-0.18,0.22,口角がわずかに下がり、眉が中央で寄っているため不快寄り（心配・困惑）の表情に見えます。一方で目は開いており表情筋の緊張もあるため、覚醒度はやや高めと判断しました。
../database/final_database/072/008.jpg,72,008.jpg,9,-0.22,0.18,口角がやや下がり、眉が少し寄っていて不安・不快寄りの表情に見えます。一方で目の見開きは強くなく、興奮度は低〜中程度です。
../database/final_database/072/008.jpg,72,008.jpg,10,-0.25,0.15,眉が内側に寄り、口角がやや下がっていて不安・戸惑い寄りの表情に見えます。一方で目の開きは大きすぎず、強い興奮や緊張は感じにくいため覚醒度は低めです。
../database/final_database/072/009.jpg,72,009.jpg,1,0.05,-0.15,口元がわずかに上がっており強い不快感は見られないため、valenceはほぼ中立〜やや快と判断しました。目や眉の緊張が少なく表情変化も小さいので、arousalは低めです。
../database/final_database/072/009.jpg,72,009.jpg,2,0.1,-0.2,口元がわずかに上がり全体的に落ち着いた表情で、強い喜怒哀楽は見られません。目や眉の緊張も弱く、覚醒度は低めと判断しました。
../database/final_database/072/009.jpg,72,009.jpg,3,0.18,-0.22,口角がわずかに上がり、全体として中立〜軽い快の表情に見えます。一方で目元や眉の動きが少なく、興奮度は低めで落ち着いた印象です。
../database/final_database/072/009.jpg,72,009.jpg,4,0.1,-0.2,口元がわずかに上がり、全体として穏やかで軽い肯定的感情が見られます。一方で目や眉の動きが小さく表情の強度は低いため、覚醒度はやや低めです。
../database/final_database/072/009.jpg,72,009.jpg,5,0.18,-0.12,口元がわずかに上がり全体として穏やかで、軽い快の印象です。目や眉の動きが小さく緊張感も低いため、覚醒度はやや低めと判断しました。
../database/final_database/072/009.jpg,72,009.jpg,6,0.12,-0.18,口元がわずかに上がり、全体として中立～軽い快の表情に見えます。一方で目の開きや表情筋の緊張が強くなく、覚醒度は低めと判断しました。
../database/final_database/072/009.jpg,72,009.jpg,7,0.1,-0.2,口角がわずかに上がっており強い不快感は見られませんが、表情の変化は小さくニュートラル寄りです。目元や眉の緊張も弱く、覚醒度はやや低めに見えます。
../database/final_database/072/009.jpg,72,009.jpg,8,0.1,-0.35,口元がわずかに上がっており大きな不快サインは見られないため、快は弱めに判断しました。表情の変化が小さく全体に落ち着いているため、覚醒度はやや低めです。
../database/final_database/072/009.jpg,72,009.jpg,9,0.1,-0.15,口元がわずかに上がっており全体として中立〜軽い快の表情に見えます。一方で目元や眉の動きが小さく、緊張感も低いため覚醒度はやや低めと判断します。
../database/final_database/072/009.jpg,72,009.jpg,10,0.15,-0.25,口元がわずかに上がり表情は穏やかで、強い不快感は見られません。一方で目元や全体の表情筋の動きが小さく、落ち着いた低覚醒の状態に見えます。
../database/final_database/072/010.jpg,72,010.jpg,1,-0.28,0.12,眉間にしわが寄り、口元も引き締まっていて不快・不満寄りの表情に見えます。一方で目の見開きや口の大きな動きは少なく、覚醒度は低め〜中程度です。
../database/final_database/072/010.jpg,72,010.jpg,2,-0.32,0.18,眉間にしわが寄り口角も下がり気味で、不快・不満のニュアンスが見られます。一方で表情の強度は高くなく、覚醒度はやや低め～中程度と判断しました。
../database/final_database/072/010.jpg,72,010.jpg,3,-0.22,0.28,眉がひそまり口角がやや下がっており、快よりも不快寄りの表情に見えます。一方で目は開いていて緊張感があり、覚醒度はやや高めと判断しました。
../database/final_database/072/010.jpg,72,010.jpg,4,-0.25,0.15,口角がやや下がり、眉間にしわが寄っていて不満・困惑寄りの不快感が見られます。一方で目の開きは大きくなく、強い緊張や興奮は感じにくいため覚醒度は低めです。
../database/final_database/072/010.jpg,72,010.jpg,5,-0.25,0.15,眉間にしわが寄り、口元が引き気味で不満・困惑のようなやや不快寄りの表情に見えます。一方で動きや緊張は強くなく、覚醒度は低〜中程度です。
../database/final_database/072/010.jpg,72,010.jpg,6,-0.27,0.18,眉間にしわが寄り、口角も上がっておらず不快・困惑寄りの表情に見えます。一方で目の開きは強すぎず、緊張はあるが高覚醒ではないため arousal はやや低めです。
../database/final_database/072/010.jpg,72,010.jpg,7,-0.22,0.18,眉が寄り、口元が引き締まっていて不満・困惑のような不快寄りの表情に見えます。一方で表情の強さは中程度で、覚醒度はやや低〜中程度と判断しました。
../database/final_database/072/010.jpg,72,010.jpg,8,-0.28,0.22,眉が寄り、口元がわずかに下がっていて不満・困惑寄りの表情に見えるためvalenceはやや低めです。一方で目は開いており緊張感が少しあるのでarousalは軽く高めと判断しました。
../database/final_database/072/010.jpg,72,010.jpg,9,-0.25,0.1,眉がひそみ口角も下がり気味で、やや不快・不満そうな表情に見えます。一方で目や口の緊張は強くなく、覚醒度は低〜中程度です。
../database/final_database/072/010.jpg,72,010.jpg,10,-0.18,0.12,眉が寄り気味で口元も引き締まり、やや不快・不満そうな表情に見えます。一方で目の開きは極端ではなく、興奮度は低め〜中程度と判断しました。
../database/final_database/073/001.jpg,73,001.jpg,1,-0.35,0.3,眉間にしわが寄り目が細く、口元も緊張しており不快寄りの表情に見えます。一方で表情筋の収縮が強く、やや覚醒度は高めです。
../database/final_database/073/001.jpg,73,001.jpg,2,-0.35,0.55,眉を寄せて目を細め、口元も緊張しており不快・困惑寄りの表情に見えます。一方で顔全体の筋緊張が強く、覚醒度はやや高めと判断しました。
../database/final_database/073/001.jpg,73,001.jpg,3,-0.35,0.4,眉間にしわが寄り、目が細く口元も緊張しており不快・苦痛寄りの表情に見えます。一方で表情筋の緊張が強く、覚醒度は中程度に高いと判断しました。
../database/final_database/073/001.jpg,73,001.jpg,4,-0.45,0.35,眉間にしわが寄り目が細く、口元も緊張していて不快・痛み/困惑寄りの表情に見えます。一方で表情筋の収縮が強く無表情ではないため覚醒度は中程度にしました。
../database/final_database/073/001.jpg,73,001.jpg,5,-0.35,0.45,眉が寄り目が細く、口もやや緊張しており不快・困惑寄りの表情に見えます。一方で表情筋の緊張があり、覚醒度はやや高めと判断しました。
../database/final_database/073/001.jpg,73,001.jpg,6,-0.42,0.31,眉間にしわが寄り、目を細めて口角も下がり気味で不快・困惑寄りの表情に見えます。一方で顔全体の緊張はあるため覚醒度はやや高めと判断しました。
../database/final_database/073/001.jpg,73,001.jpg,7,-0.35,0.45,眉間にしわが寄り目が細く、口元も緊張していて不快・苦痛寄りの表情に見えます。一方で表情筋の収縮が強く、緊張感があるため覚醒度はやや高めと判断しました。
../database/final_database/073/001.jpg,73,001.jpg,8,-0.55,0.35,眉が中央に寄り目が細く、口も不快そうに歪んでおりネガティブな情動が強いです。一方で泣き叫ぶほど強い表情ではなく、緊張・不快の中程度の覚醒と判断しました。
../database/final_database/073/001.jpg,73,001.jpg,9,-0.35,0.45,眉間にしわが寄り、目が細く口元も緊張していて不快寄りの表情に見えます。一方で顔の筋緊張が強く、反応性は中程度に高いので覚醒はやや高めと判断しました。
../database/final_database/073/001.jpg,73,001.jpg,10,-0.35,0.3,眉間にしわが寄り目も細く、口元も緊張していて不快・痛みのような表情に見えます。一方で表情筋の緊張があり、覚醒度はやや高めと判断しました。
../database/final_database/073/002.jpg,73,002.jpg,1,-0.25,0.15,眉が寄り目が細く、口元もわずかに緊張していて快より不快寄りに見えます。一方で表情の強い驚きや興奮はなく、覚醒度は低〜中程度です。
../database/final_database/073/002.jpg,73,002.jpg,2,-0.35,0.1,眉が寄り気味で目が細く、口角もやや下がって見えるため不快寄りの表情です。一方で表情の強さは中程度で、興奮・緊張はあまり高くないため覚醒度は低めと判断しました。
../database/final_database/073/002.jpg,73,002.jpg,3,-0.25,0.1,眉がやや寄り、口元も引き気味で快より不快寄りの表情に見えます。一方で目の開きや表情の強さは大きくなく、覚醒度は低～中程度です。
../database/final_database/073/002.jpg,73,002.jpg,4,-0.25,0.15,眉が寄り気味で口角も上がっておらず、やや不快・困惑寄りの表情に見えます。一方で目の開きや表情筋の緊張は強くないため、覚醒度は低め〜中程度と判断しました。
../database/final_database/073/002.jpg,73,002.jpg,5,-0.22,0.18,眉が寄り気味で口元も緊張しており、不快寄りの表情に見えます。一方で目は開いていて表情の動きもあるため、覚醒度はやや高めです。
../database/final_database/073/002.jpg,73,002.jpg,6,-0.35,0.25,眉が寄り気味で目が細く、口元も引き締まっており不快・困惑寄りの表情に見えます。一方で強い興奮や活発さはなく、覚醒度はやや低〜中程度と判断しました。
../database/final_database/073/002.jpg,73,002.jpg,7,-0.28,0.22,眉が寄り気味で口元も緊張しており、快よりやや不快寄りに見えます。一方で目は開いていて表情の緊張があるため、覚醒度は中程度に近い軽いプラスと判断しました。
../database/final_database/073/002.jpg,73,002.jpg,8,-0.28,0.12,眉が寄り気味で目も細く、口元も緊張していて不快寄りの表情に見えます。一方で強い興奮や活発さは感じにくく、覚醒度はやや低めです。
../database/final_database/073/002.jpg,73,002.jpg,9,-0.25,0.15,眉が寄って目が細く、口元も緊張しており不快寄りの表情に見えます。一方で驚きや強い興奮はなく、覚醒度はやや低め〜中程度です。
../database/final_database/073/002.jpg,73,002.jpg,10,-0.25,0.15,眉が寄り、目が細く口元も緊張していて、快より不快寄りの表情に見えます。一方で強い驚きや興奮はなく、覚醒度はやや低め～中程度です。
../database/final_database/073/003.jpg,73,003.jpg,1,0.12,0.18,口元がわずかに上がっており不快感は強くない一方、目元の緊張は弱く全体として中立寄りの表情です。表情の強度も高くないため覚醒度は低〜中程度と判断しました。
../database/final_database/073/003.jpg,73,003.jpg,2,-0.12,0.18,口元がやや緊張していて笑顔ではなく、目元も穏やかだが喜びは強くないためvalenceはやや不快寄りです。一方で表情の動きは小さく落ち着いているため、arousalは低〜中程度の覚醒にとどまります。
../database/final_database/073/003.jpg,73,003.jpg,3,-0.12,0.18,口元がやや緊張して開き、笑顔というより困惑・不快寄りの表情に見えます。一方で目元の強い緊張や激しい表出は少なく、覚醒度は低〜中程度です。
../database/final_database/073/003.jpg,73,003.jpg,4,-0.08,0.18,口元がやや歪み、目元も緊張して見えるため、快よりもわずかに不快寄りに判断しました。一方で表情の強い活発さは少なく、軽い覚醒レベルに留まっています。
../database/final_database/073/003.jpg,73,003.jpg,5,0.12,0.08,口角がわずかに上がり表情は穏やかで、強い不快感は見られません。一方で目の開きや顔の緊張が小さく、覚醒度は低めに見えます。
../database/final_database/073/003.jpg,73,003.jpg,6,0.12,0.08,表情は口角がわずかに上がり気味で、不快よりは中立〜わずかに快の印象です。一方で目元や眉の動きが小さく、全体として興奮度は低めに見えます。
../database/final_database/073/003.jpg,73,003.jpg,7,0.14,-0.08,口角がわずかに上がり不快感は強くない一方、目元の緊張が少なく全体に落ち着いた表情です。強い興奮や緊張は見られないため覚醒度は低めと判断しました。
../database/final_database/073/003.jpg,73,003.jpg,8,-0.15,0.1,口元がやや引きつり、目も細く緊張感があり、快・不快はわずかに不快寄りに見えます。一方で表情の動きは小さく、覚醒度は低〜中程度です。
../database/final_database/073/003.jpg,73,003.jpg,9,-0.08,0.22,口元がやや緊張しており、喜びよりも軽い不快・困惑寄りに見えます。一方で表情の強さは中程度で、覚醒度はやや高めと判断しました。
../database/final_database/073/003.jpg,73,003.jpg,10,0.25,0.1,口角がわずかに上がり全体として中立〜軽い快の表情に見えますが、目元の緊張が少なく興奮度は低めに見えます。
../database/final_database/073/005.jpg,73,005.jpg,1,-0.28,0.32,眉間にしわが寄り、口元も緊張していて不快寄りの表情に見えます。一方で目が開いて表情の緊張があるため、覚醒度はやや高めです。
../database/final_database/073/005.jpg,73,005.jpg,2,-0.22,0.18,眉が中央に寄り、目が細く口角も上がっていないため不快寄りの表情に見えます。一方で表情の動きは強くなく、覚醒度は低〜中程度です。
../database/final_database/073/005.jpg,73,005.jpg,3,-0.22,0.12,眉間にしわが寄り、口元もやや緊張していて快より不快寄りに見えます。一方で表情の強さは極端ではなく、覚醒度は軽度にとどまります。
../database/final_database/073/005.jpg,73,005.jpg,4,-0.22,0.18,眉間にしわが寄り、口元も緊張していてやや不快・不満寄りに見えます。一方で表情の強い興奮はなく、軽い緊張程度の覚醒水準と判断しました。
../database/final_database/073/005.jpg,73,005.jpg,5,-0.22,0.18,眉間にしわが寄り口角もやや下がっており、軽い不快・不満の表情に見えます。一方で目の開きや表情の強さは中程度で、覚醒度はわずかに高めです。
../database/final_database/073/005.jpg,73,005.jpg,6,-0.35,0.2,眉間にしわが寄り、口元も引き締まっていて不快・困惑寄りの表情に見えます。一方で目は開いており緊張感はあるものの強い興奮ではないため覚醒度は中程度と判断しました。
../database/final_database/073/005.jpg,73,005.jpg,7,-0.12,0.18,眉間にしわが寄り、口元もわずかに緊張していて不快寄りに見えます。一方で表情の強さは中程度で、覚醒度はやや高めと判断しました。
../database/final_database/073/005.jpg,73,005.jpg,8,-0.18,0.22,眉間にしわが寄り、口元もわずかに引きつって見えるため快より不快寄りです。一方で表情の強度は中程度で、軽い緊張・違和感程度の覚醒があると判断しました。
../database/final_database/073/005.jpg,73,005.jpg,9,-0.38,0.26,眉が寄り気味で目も細く、口元も緊張しているため不快寄りに見えます。一方で強い驚きや興奮はなく、覚醒度は中程度です。
../database/final_database/073/005.jpg,73,005.jpg,10,-0.28,0.12,眉間にしわが寄り、口元も引き締まっていてやや不快・困惑寄りの表情に見えます。一方で大きな驚きや強い緊張はなく、覚醒度は低め〜中程度です。
../database/final_database/073/006.jpg,73,006.jpg,1,-0.28,0.22,眉間にしわが寄り目を強く細めており、不快・困惑寄りの表情に見えます。一方で口元の緊張は強すぎず、覚醒度は中程度と判断しました。
../database/final_database/073/006.jpg,73,006.jpg,2,-0.22,0.18,目を強く細め眉間に力が入っており、わずかな不快感や緊張が感じられます。一方で口元は大きく開かず動きも小さいため、覚醒度は中程度に留まります。
../database/final_database/073/006.jpg,73,006.jpg,3,-0.35,0.3,眉間にしわが寄り、目を細めて口元も緊張しているため不快寄りの表情に見えます。一方で強い驚きや興奮ではなく、やや緊張・不快の覚醒度は中程度です。
../database/final_database/073/006.jpg,73,006.jpg,4,-0.25,0.15,眉間にしわが寄り目を強く細めており、口元も緊張していて不快寄りに見えます。一方で大きな驚きや興奮はなく、覚醒度はやや低め〜中程度です。
../database/final_database/073/006.jpg,73,006.jpg,5,-0.38,0.22,眉間にしわが寄り目を強く閉じており、不快・苦痛寄りの表情に見えます。一方で表情筋の緊張はあるものの激しい興奮ではなく中程度の覚醒です。
../database/final_database/073/006.jpg,73,006.jpg,6,-0.35,0.25,目を強く細め眉間にしわが寄っており、口元も緊張しているため不快寄りに見えます。一方で表情の強さは中程度で、覚醒度はやや高めと判断しました。
../database/final_database/073/006.jpg,73,006.jpg,7,-0.32,0.22,眉間にしわが寄り目を強く細めており、不快・困惑寄りの表情に見えます。一方で口元の緊張は中程度で、覚醒度は強すぎないためやや低〜中程度と判断しました。
../database/final_database/073/006.jpg,73,006.jpg,8,-0.35,0.25,眉間にしわが寄り目を強く細めており、不快感や痛みのようなネガティブさが見られます。一方で口元は大きく開かず動きも強烈ではないため、覚醒度は中程度と判断しました。
../database/final_database/073/006.jpg,73,006.jpg,9,-0.25,0.35,眉が寄り目が細く、口元も緊張しており不快・嫌悪や痛みを示す表情に見えます。一方で顔全体に力が入っているため覚醒度はやや高めと判断しました。
../database/final_database/073/006.jpg,73,006.jpg,10,-0.35,0.25,眉が強く寄り、目も細めで口角が下がっており、不快・嫌悪や痛みのようなネガティブ感情が示唆されます。一方で表情の緊張はあるものの激しい興奮ではないため、覚醒度はやや高い程度と判断しました。
../database/final_database/073/007.jpg,73,007.jpg,1,-0.62,0.48,目を強く閉じ、眉間にしわが寄って口角も下がっており、不快・苦痛の表情に見えます。表情の緊張感が強く、感情の強度も中程度以上で覚醒度はやや高めと判断しました。
../database/final_database/073/007.jpg,73,007.jpg,2,-0.55,0.35,目を強く閉じて眉が寄り、口が開いて苦痛や不快感が表れているためvalenceは低めです。一方で表情の緊張が強く、一定の覚醒度が見られるためarousalはやや高めと判断しました。
../database/final_database/073/007.jpg,73,007.jpg,3,-0.62,0.34,眉が寄り目が強く閉じられ、口角も下がっており不快・苦痛寄りの表情に見えます。顔全体に緊張があり、感情の強さは中程度なので覚醒はやや高めと判断しました。
../database/final_database/073/007.jpg,73,007.jpg,4,-0.63,0.41,眉が寄って目が強く閉じられ、口が半開きで苦痛や不快感を示す表情に見えます。一方で表情筋の緊張があり、落ち着いた無表情ではないため覚醒度はやや高めです。
../database/final_database/073/007.jpg,73,007.jpg,5,-0.62,0.48,眉が寄り目が閉じ気味で口元も緊張しており、不快・苦痛寄りの表情に見えます。一方で表情筋の緊張が強く、ある程度覚醒度は高いと判断しました。
../database/final_database/073/007.jpg,73,007.jpg,6,-0.62,0.28,目を強く閉じて眉間にしわが寄り、口がやや開いているため不快・苦痛寄りの表情に見えます。一方で動きは強くなく、覚醒度は中程度と判断しました。
../database/final_database/073/007.jpg,73,007.jpg,7,-0.55,0.45,眉が寄って目を閉じ、口元も緊張しており不快・苦痛寄りの表情に見えます。一方で表情筋の緊張が強く、落ち着いた状態より覚醒度はやや高いと判断しました。
../database/final_database/073/007.jpg,73,007.jpg,8,-0.62,0.48,眉が寄り、目を強く閉じて口が下がって開いており、不快・苦痛や泣きそうな表情に見えます。表情の緊張が強く、覚醒度は中程度に高いと判断しました。
../database/final_database/073/007.jpg,73,007.jpg,9,-0.62,0.34,目を強く閉じて眉を寄せ、口が苦しそうに開いており不快・苦痛の表情に見えます。一方で緊張感はあるものの激しい興奮ではなく中程度の覚醒と判断しました。
../database/final_database/073/007.jpg,73,007.jpg,10,-0.56,0.22,眉が寄り目が強く閉じられ、口角も下がっており不快・苦痛寄りの表情に見えます。一方で動きは大きいものの激しい興奮というほどではなく、中程度の覚醒と判断しました。
../database/final_database/073/009.jpg,73,009.jpg,1,-0.68,0.52,眉が寄って目元が緊張し、口が開いて不快・困惑の表情に見えます。表情筋の緊張と口の開きから覚醒度はやや高めと判断しました。
../database/final_database/073/009.jpg,73,009.jpg,2,-0.62,0.46,眉が寄って上まぶたが緊張し、口も開いて不快そうで、泣き・不満に近い表情に見えます。表情筋の緊張はあるものの極端ではないため、覚醒度は中程度と判断しました。
../database/final_database/073/009.jpg,73,009.jpg,3,-0.55,0.45,眉が強くひそまり、口が開いて不快そうな表情で、怒りや泣き出し前の不満が見られます。緊張感があり、感情の強さ（覚醒度）も中程度に高いと判断しました。
../database/final_database/073/009.jpg,73,009.jpg,4,-0.62,0.38,眉が寄って目が細まり、口が半開きで下がっており不快・困惑の表情に見えます。緊張感はあるものの激しい興奮ではないため覚醒は中程度と判断しました。
../database/final_database/073/009.jpg,73,009.jpg,5,-0.62,0.48,眉が強く寄り、口が開いて不快・困惑の表情に見えるため快からは離れています。目や口周りの緊張があり、ある程度の覚醒（興奮・ストレス）も感じられます。
../database/final_database/073/009.jpg,73,009.jpg,6,-0.62,0.44,眉間にしわが寄り口角が下がっており、不快・不満や泣きそうな表情に見えます。口が開いて緊張感があるため覚醒度は中程度に高いと判断しました。
../database/final_database/073/009.jpg,73,009.jpg,7,-0.62,0.55,眉が寄り、目が細く、口が開いて緊張した表情で、不快・不満や痛みを感じている印象です。表情筋の緊張が強く、覚醒度もやや高めと判断しました。
../database/final_database/073/009.jpg,73,009.jpg,8,-0.55,0.62,眉が強く寄り、口が開いて不快感や戸惑い・泣きそうな表情に見えるためvalenceは低めです。表情の緊張が強く、感情の活性も高いのでarousalは高めにしました。
../database/final_database/073/009.jpg,73,009.jpg,9,-0.62,0.55,眉が寄り、口が半開きで不快・困惑や嫌悪に近い表情に見えるためvalenceは低めです。一方で表情筋の緊張があり反応性が高いのでarousalはやや高めと判断しました。
../database/final_database/073/009.jpg,73,009.jpg,10,-0.55,0.55,眉間にしわが寄り、口が開いて不快・困惑の表情に見えるためvalenceは低めです。表情の緊張感があり覚醒度は中程度に高いと判断しました。
../database/final_database/073/010.jpg,73,010.jpg,1,-0.55,0.35,目が強く閉じられ、眉間に力が入り、口元も緊張していて不快（痛み・嫌悪）寄りに見えます。一方で表情の筋緊張が強く、反応性はやや高いので覚醒は中程度と判断しました。
../database/final_database/073/010.jpg,73,010.jpg,2,-0.35,0.45,目を強く閉じて口が歪み、眉間の緊張が見られるため不快寄りの感情に見えます。一方で表情の収縮が強く、身体的緊張を伴うため覚醒度はやや高めと判断します。
../database/final_database/073/010.jpg,73,010.jpg,3,-0.55,0.35,目を強く閉じて口元が歪み、眉間にも緊張が見られるため不快寄りの表情です。筋緊張が比較的強く、反応性もあるので覚醒度はやや高めと判断しました。
../database/final_database/073/010.jpg,73,010.jpg,4,-0.42,0.31,目が強く閉じられ、口元も緊張していて不快・困惑（痛み/嫌悪）寄りの表情に見えます。一方で表情筋の緊張があり反応ははっきりしているため、覚醒度はやや高めと判断しました。
../database/final_database/073/010.jpg,73,010.jpg,5,-0.55,0.35,目を強く閉じて眉が寄り、口元も緊張しているため不快寄り（苦痛・嫌悪）の表情に見えます。一方で筋緊張があり反応が強いので覚醒度はやや高めと判断しました。
../database/final_database/073/010.jpg,73,010.jpg,6,-0.35,0.45,目が強く閉じられ口がやや開いて歯が見え、苦痛や不快感を示す表情に見えます。一方で顔の緊張があり、覚醒度は中程度に高いと判断しました。
../database/final_database/073/010.jpg,73,010.jpg,7,-0.58,0.32,眉間にしわが寄り、目を強く閉じて口も緊張しており、不快・苦痛寄りの表情に見えます。一方で表情筋の緊張が強いため覚醒度はやや高めと判断しました。
../database/final_database/073/010.jpg,73,010.jpg,8,-0.62,0.48,眉間が寄り、目が強く閉じ気味で口も緊張しており、不快・苦痛寄りの表情に見えます。一方で顔全体に力が入っているため覚醒度は中程度以上と判断しました。
../database/final_database/073/010.jpg,73,010.jpg,9,-0.55,0.35,目を強く細めて眉間にしわが寄り、口もやや開いて緊張感があるため不快寄りに見えます。一方で表情の力みがあり、覚醒度は中程度と判断しました。
../database/final_database/073/010.jpg,73,010.jpg,10,-0.38,0.52,目を強く細め口が歪んでおり、苦痛や不快感の表情に見えるためvalenceは低めです。一方で顔の緊張が強く反応も大きいのでarousalはやや高めと判断しました。
../database/final_database/074/001.jpg,74,001.jpg,1,0.32,0.12,口角がわずかに上がり、表情全体が穏やかで軽い微笑みが見られるため快寄りです。一方で目元や筋緊張が強くなく、興奮度は低めに見えます。
../database/final_database/074/001.jpg,74,001.jpg,2,0.25,0.1,口角がわずかに上がり、全体として穏やかで軽い快の表情に見えます。目の開きや表情筋の緊張は強くなく、覚醒度は低めです。
../database/final_database/074/001.jpg,74,001.jpg,3,0.32,0.08,口角がわずかに上がり、全体として穏やかな表情で軽い快の印象があります。一方で目や口の開きは大きくなく、緊張感も低いため覚醒度は低めです。
../database/final_database/074/001.jpg,74,001.jpg,4,0.35,0.1,口角がわずかに上がり、表情全体に軽い肯定的な雰囲気があるためvalenceはやや快寄りです。一方で目元や表情筋の緊張が強くなく、興奮度は低めに見えるためarousalは小さめにしました。
../database/final_database/074/001.jpg,74,001.jpg,5,0.18,0.08,口角がわずかに上がり、表情は穏やかで軽い肯定感が見られます。一方で目元の開きや表情筋の動きは控えめで、興奮度は低めです。
../database/final_database/074/001.jpg,74,001.jpg,6,0.32,0.18,口角がやや上がり、表情は軽い微笑みに見えるため快方向のvalenceです。一方で目元や口の緊張が強くなく、興奮度は低めなのでarousalは弱い覚醒にとどまります。
../database/final_database/074/001.jpg,74,001.jpg,7,0.25,0.1,口角がわずかに上がり、全体として中立〜軽いポジティブさが見られます。一方で目元や表情筋の緊張は強くなく、覚醒度は低めです。
../database/final_database/074/001.jpg,74,001.jpg,8,0.35,0.15,口角がわずかに上がり、表情全体として軽い好意・安心感が見られるためvalenceはやや正寄りです。一方で目の開きや表情の強度が控えめで、興奮度は低めなのでarousalは小さく正寄りにしました。
../database/final_database/074/001.jpg,74,001.jpg,9,0.35,0.1,口角がわずかに上がり、全体として穏やかで軽い肯定的感情が見られます。目の開きや表情の緊張が強くなく、覚醒度は低めです。
../database/final_database/074/001.jpg,74,001.jpg,10,0.25,0.15,口角がやや上がり軽い微笑みが見られるため快（正のvalence）寄りです。一方で目元や表情筋の緊張が強くなく、興奮度は低めなのでarousalはやや低めにしました。
../database/final_database/074/002.jpg,74,002.jpg,1,-0.05,-0.35,口角がやや下がり気味で表情の明確な喜びが見られず、わずかに不快寄りに見えます。目の開きや表情筋の動きが小さく、全体として落ち着いた（低覚醒）状態に見えます。
../database/final_database/074/002.jpg,74,002.jpg,2,0.12,-0.18,口角がわずかに上がり不快さは強くない一方、目の開きが小さく表情の動きが少ないため落ち着いた（低覚醒）印象です。
../database/final_database/074/002.jpg,74,002.jpg,3,-0.18,-0.32,口元がわずかに下がり、目も細めで全体としてやや不快寄りに見えます。表情の動きは弱く落ち着いており、覚醒度は低めです。
../database/final_database/074/002.jpg,74,002.jpg,4,0.1,-0.2,口元がわずかに上がっており弱いポジティブさが見られる一方、目の開きが小さく全体に落ち着いた表情で覚醒度は低めに感じられます。
../database/final_database/074/002.jpg,74,002.jpg,5,-0.12,-0.25,口角がわずかに下がり、目も細く力が抜けた表情で、快よりやや不快寄りに見えます。表情筋の緊張が少なく全体に落ち着いているため、覚醒度は低めです。
../database/final_database/074/002.jpg,74,002.jpg,6,0.05,-0.35,口角がわずかに上がっているものの、目元の活力が少なく全体として中立に近い表情です。動きや緊張感が弱く落ち着いた印象のため覚醒度は低めです。
../database/final_database/074/002.jpg,74,002.jpg,7,0.12,-0.18,口元がわずかに上がっており強い不快感は見られないため、valenceはやや正寄りです。一方で目の開きが小さく表情の動きも弱いので、arousalはやや低めと判断しました。
../database/final_database/074/002.jpg,74,002.jpg,8,0.12,-0.18,口元はわずかに上がっており不快さは強くない一方、目元や表情筋の動きが少なく落ち着いた印象です。そのため快寄りだが低覚醒の値にしました。
../database/final_database/074/002.jpg,74,002.jpg,9,0.1,-0.2,口元がわずかに上がり中立〜軽い快の印象ですが、目の開きが小さく表情の動きが少ないため覚醒度は低めに見えます。
../database/final_database/074/002.jpg,74,002.jpg,10,0.05,-0.25,口元がわずかに緩んでおり大きな不快サインは見られないため快はごく弱めです。一方で目の開きや表情筋の緊張が低く、全体に落ち着いた印象なので覚醒度は低めです。
../database/final_database/074/003.jpg,74,003.jpg,1,-0.18,0.22,口が少し開き、眉や目元にわずかな緊張が見られるため不快寄りに判断しました。一方で表情の動きは小さく、強い興奮ではないため覚醒度は低〜中程度です。
../database/final_database/074/003.jpg,74,003.jpg,2,-0.25,0.15,口が半開きで眉や目元にやや緊張があり、快よりも軽い不快・困惑の印象です。一方で表情の強い高揚は少なく、覚醒度は低〜中程度に見えます。
../database/final_database/074/003.jpg,74,003.jpg,3,-0.22,0.34,口が半開きで眉がやや寄り、困惑や不快寄りの表情に見えるためvalenceはややマイナス。目の開きと表情筋の緊張から、覚醒度は中程度にプラスと判断しました。
../database/final_database/074/003.jpg,74,003.jpg,4,-0.1,0.25,口が少し開き、眉や目元に緊張があり、やや不快・困惑寄りに見えます。表情の動きは大きくないものの、軽い覚醒（注意・緊張）が感じられます。
../database/final_database/074/003.jpg,74,003.jpg,5,-0.2,0.15,眉や目元の力が弱く、口が少し開いた不安・戸惑いに近い表情に見えます。強い興奮はなく軽い覚醒レベルと判断しました。
../database/final_database/074/003.jpg,74,003.jpg,6,-0.22,0.18,口が半開きで眉や目元にやや緊張があり、わずかに不快・困惑寄りに見えます。一方で表情の強い動きは少なく、覚醒度は低〜中程度です。
../database/final_database/074/003.jpg,74,003.jpg,7,-0.2,0.3,眉と目がやや細く、口が開いて緊張や不快寄りの表情に見えます。一方で驚き・発声のような要素があり、覚醒度は中程度と判断しました。
../database/final_database/074/003.jpg,74,003.jpg,8,-0.12,0.34,口が少し開いて眉間もわずかに寄っており、快より不快寄りの印象です。一方で眠そうな無表情ではなく、軽い緊張や不安を示す覚醒度が感じられます。
../database/final_database/074/003.jpg,74,003.jpg,9,-0.12,0.18,口が少し開き、眉や目元がやや緊張して見えるため、軽い不快・戸惑い寄りの表情です。一方で強い興奮や活発さはなく、覚醒度は低～中程度と判断しました。
../database/final_database/074/003.jpg,74,003.jpg,10,-0.15,0.25,口が半開きで眉や目元にわずかな緊張があり、快よりもやや不快寄りに見えます。一方で表情の強さは中程度で、覚醒度はやや高めと判断しました。
../database/final_database/074/004.jpg,74,004.jpg,1,0.28,-0.12,口角がわずかに上がり全体に穏やかな表情で、軽い快の感情が見られます。一方で目の開きや表情筋の緊張が強くなく、覚醒度はやや低めと判断しました。
../database/final_database/074/004.jpg,74,004.jpg,2,0.12,-0.08,口角がわずかに上がり、表情は軽い親和的（やや快）に見えます。一方で目元や筋緊張が弱く、全体として落ち着いた低覚醒寄りです。
../database/final_database/074/004.jpg,74,004.jpg,3,0.08,-0.22,口角がわずかに上がり、全体として中立～軽い快の表情に見えます。一方で目元や表情の動きが小さく、落ち着いた（低覚醒）状態に見えます。
../database/final_database/074/004.jpg,74,004.jpg,4,0.18,-0.12,口元がわずかに上がり、全体として中立～軽い快の表情に見えます。一方で目元や表情筋の緊張が強くなく、興奮度は低めです。
../database/final_database/074/004.jpg,74,004.jpg,5,0.12,-0.18,口角がわずかに上がり、全体として中立〜軽い快の表情に見えるためvalenceはやや正寄りです。目元や眉の緊張が少なく動きも小さいため、覚醒度は低めと判断しました。
../database/final_database/074/004.jpg,74,004.jpg,6,0.22,-0.08,口角がわずかに上がり、表情は穏やかで中立〜やや快の印象です。一方で目元や全体の緊張感が少なく、覚醒度は低めに見えます。
../database/final_database/074/004.jpg,74,004.jpg,7,0.12,-0.08,口元がわずかに緩んでおり強い不快感は見られないため、valenceはやや快寄りと判断しました。一方で目や口の動きが小さく表情の緊張も低いため、arousalは低めです。
../database/final_database/074/004.jpg,74,004.jpg,8,0.15,-0.05,口角がわずかに上がり、全体として穏やかで中立〜軽い好意の表情に見えます。一方で目元や表情筋の緊張は強くなく、覚醒度は低めです。
../database/final_database/074/004.jpg,74,004.jpg,9,0.22,-0.08,口元がわずかに上がり、表情全体は中立～軽い好意的に見えるためvalenceはやや正にしました。一方で目や眉の動きが少なく落ち着いた印象なのでarousalはほぼ中立でやや低めです。
../database/final_database/074/004.jpg,74,004.jpg,10,0.12,-0.08,口角がわずかに上がり穏やかな表情で、強い不快感や喜びは見られません。目や眉の動きも小さく、全体として落ち着いた低覚醒寄りに見えます。
../database/final_database/074/006.jpg,74,006.jpg,1,-0.38,-0.22,表情は目が伏せ気味で口元も緊張しており、快より不快寄りに見えます。動きや表情の強さが小さく、覚醒度はやや低めと判断しました。
../database/final_database/074/006.jpg,74,006.jpg,2,-0.45,-0.2,口が半開きで眉や目が下がり気味で、快よりも不快・困惑寄りに見えます。一方で表情の動きは強くなく、覚醒度は低めと判断しました。
../database/final_database/074/006.jpg,74,006.jpg,3,-0.35,-0.25,口がわずかに開き眉もやや下がって見え、快より不快寄りの表情です。目が閉じ気味で表情の動きも強くないため、覚醒度は低めと判断しました。
../database/final_database/074/006.jpg,74,006.jpg,4,-0.35,-0.2,目が閉じ気味で口元も力が抜けており、全体に沈んだ印象です。強い興奮や緊張は見られず覚醒度は低めと判断しました。
../database/final_database/074/006.jpg,74,006.jpg,5,-0.22,-0.31,口元がわずかに開いているものの笑顔ではなく、目も伏せ気味で全体的に沈んだ印象です。表情の動きが少なくリラックス寄りで、覚醒度は低めと判断しました。
../database/final_database/074/006.jpg,74,006.jpg,6,-0.18,-0.22,目が閉じ気味で口元も力が抜けており、全体として落ち着いた（低覚醒）印象です。口角が上がっておらずやや不快寄りの中性的な表情に見えます。
../database/final_database/074/006.jpg,74,006.jpg,7,-0.25,-0.35,目が閉じ気味で口元も下がり、リラックスというより不快・落ち込み寄りの表情に見えます。動きや緊張感は強くなく、覚醒度はやや低めと判断しました。
../database/final_database/074/006.jpg,74,006.jpg,8,-0.35,-0.1,口元がやや開いて緊張や不快寄りの印象があり、笑顔などの快のサインが見られません。目も閉じ気味で活動性が低く、覚醒度は中立〜やや低めと判断しました。
../database/final_database/074/006.jpg,74,006.jpg,9,-0.25,-0.35,目が閉じ気味で口元も緊張が少なく、全体として沈静的で活力が低い印象です。口がわずかに開き不快寄りのニュアンスがあるため、ややネガティブに寄せました。
../database/final_database/074/006.jpg,74,006.jpg,10,-0.35,-0.1,目が閉じ気味で口元も下がり、全体に沈んだ・不快寄りの表情に見えます。動きや緊張感は強くなく、覚醒度は低めと判断しました。
../database/final_database/074/007.jpg,74,007.jpg,1,0.05,0.55,口が開いて目もやや見開いており、驚き・戸惑いのような覚醒度の高い表情に見えます。笑顔ほど快ではないため快不快はほぼ中立寄りと判断しました。
../database/final_database/074/007.jpg,74,007.jpg,2,0.15,0.6,口が開き目が見開かれており、驚きや興奮のような覚醒度の高い表情に見えます。笑顔ほど快ではないものの、不快でもなくややポジティブ寄りと判断しました。
../database/final_database/074/007.jpg,74,007.jpg,3,0.05,0.45,口が半開きで目が見開かれており、驚き・困惑のような緊張感がある一方、強い不快や喜びは読み取りにくい表情です。覚醒度は中程度に高く、快不快はほぼ中立寄りと判断しました。
../database/final_database/074/007.jpg,74,007.jpg,4,0.1,0.55,口が開いて目が見開かれており、驚きや注目のような覚醒度の高い表情に見えます。笑顔ではなくやや緊張感もあるため、快・不快は中立寄りのわずかに快と判断しました。
../database/final_database/074/007.jpg,74,007.jpg,5,0.1,0.55,口が開いて目も見開き気味で、驚きや戸惑いのような覚醒度が高い表情に見えます。強い不快ではなく、やや中立〜わずかに快寄りと判断しました。
../database/final_database/074/007.jpg,74,007.jpg,6,0.25,0.55,口が開き目も見開き気味で、驚きや注意喚起のような覚醒度の高い表情に見えます。不快よりは中立〜やや快寄りですが、強い喜びではないためvalenceは控えめにしました。
../database/final_database/074/007.jpg,74,007.jpg,7,0.05,0.55,口が開き目もやや見開かれており、驚きや関心が高い状態で覚醒度は高めに見えます。笑顔は強くなく不快も明確ではないため、快・不快は中立付近と判断します。
../database/final_database/074/007.jpg,74,007.jpg,8,0.1,0.45,口が半開きで目が見開かれており、驚き・戸惑いに近い表情に見えるため快不快は中立寄りです。覚醒度はやや高めと判断しました。
../database/final_database/074/007.jpg,74,007.jpg,9,0.1,0.55,目が大きく開き口も開いており、驚きや注意喚起のような覚醒度の高い表情に見えます。口角の上がりは弱く快・不快は中立に近いものの、ややポジティブ寄りと判断しました。
../database/final_database/074/007.jpg,74,007.jpg,10,0.1,0.55,口が少し開き目が見開かれており、驚き・関心のような覚醒度の高い表情に見えます。口角の強い上がり下がりがなく快不快は中立寄りのため、valenceはわずかにプラスにしました。
../database/final_database/074/008.jpg,74,008.jpg,1,0.12,-0.18,口が少し開いて力が抜けた表情で、強い喜びや不快のサインは弱く全体に中立寄りに見えます。目も半開きで緊張感が低く、覚醒度はやや低めと判断しました。
../database/final_database/074/008.jpg,74,008.jpg,2,0.12,-0.18,口が少し開き目が細い状態で、強い喜びや怒りなどの高覚醒のサインは弱く、全体として中立〜わずかに快方向に見えます。緊張感が少なく落ち着いた印象のため、覚醒度はやや低めにしました。
../database/final_database/074/008.jpg,74,008.jpg,3,0.12,-0.18,口が少し開き、目が細く力が抜けた表情で、強い不快や快のサインは少ないためvalenceはわずかに正寄りと判断しました。表情筋の緊張が低く落ち着いた印象なのでarousalはやや低めです。
../database/final_database/074/008.jpg,74,008.jpg,4,-0.32,-0.18,目が細く半開きで口元も力が抜けており、快よりも不快・困惑寄りの表情に見えます。表情の動きが小さく全体に沈静的なので覚醒度はやや低めと判断しました。
../database/final_database/074/008.jpg,74,008.jpg,5,0.25,-0.1,口角がやや上がり気味で不快感は強くなく、軽い快の印象です。一方で目が細く力みが少ないため覚醒度はやや低めに見えます。
../database/final_database/074/008.jpg,74,008.jpg,6,-0.12,-0.08,目が細く口が少し開いており、笑顔の要素は弱く全体にぼんやりした印象で中立〜やや不快寄りに見えます。表情筋の緊張や動きが強くないため覚醒度も低めと判断しました。
../database/final_database/074/008.jpg,74,008.jpg,7,0.15,-0.35,目が細く口がやや開いており、笑顔というより力の抜けた穏やかな表情に見えます。強い緊張や興奮は感じられず、低めの覚醒度と判断しました。
../database/final_database/074/008.jpg,74,008.jpg,8,-0.15,-0.35,目が細く半開きで、口も力が抜けたように開いており、快でも強い不快でもない中立〜やや不快寄りに見えます。表情の筋緊張が低く、覚醒度も低めに感じられます。
../database/final_database/074/008.jpg,74,008.jpg,9,0.12,-0.08,目元が細まり口が少し開いており、強い不快や喜びは見られず中立寄りに感じます。表情の緊張や動きが小さく、覚醒度も低めと判断しました。
../database/final_database/074/008.jpg,74,008.jpg,10,-0.05,-0.35,まぶたが落ちて口が半開きで、強い喜びや怒りといった高覚醒の表情ではなく、やや不快寄りのぼんやりした状態に見えます。緊張感が低く、全体として非覚醒寄りと判断しました。
../database/final_database/074/009.jpg,74,009.jpg,1,0.1,0.35,口が開いており、表情はやや興味・驚き寄りで、強い不快感や怒りは見られません。反応は中程度に活性化している一方、快・不快はほぼ中立に近いと判断しました。
../database/final_database/074/009.jpg,74,009.jpg,2,0.1,0.25,口が少し開いており驚き・発声のような表情で、強い不快さは見られません。覚醒度は低〜中程度で、穏やかな興奮がある印象です。
../database/final_database/074/009.jpg,74,009.jpg,3,0.12,0.38,口が開いて頬や目元がやや緩んでおり、軽いポジティブさ（快）が感じられます。一方で強い笑顔や怒りのような高強度の表情ではなく、覚醒度は中程度です。
../database/final_database/074/009.jpg,74,009.jpg,4,0.12,0.18,口が少し開いており、眉や目元に強い緊張や怒りは見られないため、やや快寄りの中立と判断しました。表情の動きが小さく落ち着いているため、覚醒度は低〜中程度です。
../database/final_database/074/009.jpg,74,009.jpg,5,0.08,0.28,口が少し開き、目線も上向きで驚きや興味があるように見えるため覚醒度はやや高めです。一方で強い笑顔や怒りはなく、快不快はほぼ中立寄りと判断しました。
../database/final_database/074/009.jpg,74,009.jpg,6,0.22,0.18,口が少し開き、表情は中立〜わずかにポジティブに見えるためvalenceはやや高めです。驚きや強い緊張は見られず落ち着いた印象なのでarousalは低め寄りにしました。
../database/final_database/074/009.jpg,74,009.jpg,7,0.25,0.3,口が開いていて軽い笑み・発話中のような表情で、全体としてややポジティブに見えます。目の開きや顔の緊張は強くなく、覚醒度は中程度です。
../database/final_database/074/009.jpg,74,009.jpg,8,0.18,0.22,口が少し開いて表情はやや前向きに見える一方、笑顔は強くなく中立寄りです。視線が上向きで軽い関心・反応があり、覚醒度は低〜中程度と判断しました。
../database/final_database/074/009.jpg,74,009.jpg,9,0.1,0.35,口が少し開き、目線が上向きで驚きや関心に近い表情に見えるため、快は弱めでやや覚醒度が高いと判断しました。笑顔ほどの強いポジティブさは感じにくいです。
../database/final_database/074/009.jpg,74,009.jpg,10,0.12,0.28,口が開いており発声・驚き寄りの表情で、強い不快感は見られません。目元や口角の上がりは控えめで、快は弱め、覚醒度はやや高めと判断しました。
../database/final_database/074/010.jpg,74,010.jpg,1,0.12,-0.08,口角がわずかに上がり穏やかな表情で、全体として軽い快の印象です。目元や筋緊張が強くなく落ち着いているため覚醒度は低めと判断しました。
../database/final_database/074/010.jpg,74,010.jpg,2,0.12,0.05,口角がわずかに上がり、全体として中立〜軽い快の表情に見えます。一方で目元の動きや表情筋の緊張が強くなく、覚醒度は低めです。
../database/final_database/074/010.jpg,74,010.jpg,3,0.25,0.05,口角がわずかに上がり穏やかな表情で、強い不快感は見られません。目元の緊張や動きが少なく全体に落ち着いているため覚醒度は低めです。
../database/final_database/074/010.jpg,74,010.jpg,4,0.15,-0.05,口元がわずかに上がっており、軽いポジティブ感情が見られます。一方で目元や表情筋の緊張は強くなく、覚醒度は中立〜やや低めと判断しました。
../database/final_database/074/010.jpg,74,010.jpg,5,0.1,0.05,口角がわずかに上がり、全体として穏やかな表情で軽い快の印象があります。目元や眉の緊張が少なく、覚醒度は低め〜中立に近いと判断しました。
../database/final_database/074/010.jpg,74,010.jpg,6,0.12,0.1,口角がわずかに上がり、全体として穏やかな表情で軽い快の印象があります。目元の緊張や強い動きは少なく、覚醒度は低〜中程度に見えます。
../database/final_database/074/010.jpg,74,010.jpg,7,0.15,0.1,口角がわずかに上がり穏やかな表情で、強い不快感は見られません。一方で目元や表情の動きが小さく、覚醒度は低めに見えます。
../database/final_database/074/010.jpg,74,010.jpg,8,0.12,-0.18,口元がわずかに上がっており不快というより軽い好意・中立寄りに見えますが、目元の動きが小さく全体として落ち着いた表情なので覚醒度は低めと判断しました。
../database/final_database/074/010.jpg,74,010.jpg,9,0.12,0.08,口角がわずかに上がり、全体として軽い微笑のためやや快の方向です。一方で目元の動きが小さく表情の強度が低いので覚醒度は低めと判断しました。
../database/final_database/074/010.jpg,74,010.jpg,10,0.12,0.05,口角がわずかに上がり、全体として穏やかな表情で不快さは強くありません。一方で目元の緊張は弱く、覚醒度も高くないため低めに見積もりました。
../database/final_database/075/001.jpg,75,001.jpg,1,-0.25,0.15,眉が寄り、目が細く口角もわずかに下がっており、軽い不快・困惑の表情に見えます。一方で表情の強さは弱めで、覚醒度は高くありません。
../database/final_database/075/001.jpg,75,001.jpg,2,-0.28,0.22,目が細く口角がやや下がり、眉間にも緊張が見えるため不快寄りの表情です。一方で強い驚きや興奮はなく、軽い緊張・不快程度の覚醒にとどまっています。
../database/final_database/075/001.jpg,75,001.jpg,3,-0.35,0.25,眉が寄り目が細く、口元もわずかに下がっていて不快・嫌悪や困惑寄りの表情に見えます。一方で顔の緊張はあるものの激しい興奮ではなく、中程度の覚醒と判断しました。
../database/final_database/075/001.jpg,75,001.jpg,4,-0.35,0.1,眉が中央に寄って目が細く、口角も下がり気味で不快・困惑寄りの表情に見えます。一方で表情の緊張は強くなく、覚醒度は低〜中程度です。
../database/final_database/075/001.jpg,75,001.jpg,5,-0.15,0.1,眉間にしわが寄り、目が細く口角もやや下がっていて不快・困惑寄りの表情に見えます。一方で表情の強さは中程度で、興奮よりは低～軽い覚醒に留まっています。
../database/final_database/075/001.jpg,75,001.jpg,6,-0.22,0.28,眉が下がり目が細く、口角も下がり気味で不快・苦痛寄りの表情に見えます。一方で顔全体の緊張は中程度で、強い興奮というより軽い覚醒状態と判断しました。
../database/final_database/075/001.jpg,75,001.jpg,7,-0.25,0.2,眉が内側に寄り目が細く、口角もやや下がっており不快・困惑寄りの表情に見えます。一方で表情の強さは中程度で、覚醒度はやや低～中程度と判断しました。
../database/final_database/075/001.jpg,75,001.jpg,8,-0.18,0.22,眉が内側に寄り、目が細く口角がやや下がっていて不快・困惑寄りに見えます。一方で表情の強度は中程度で、覚醒度はやや高めと判断しました。
../database/final_database/075/001.jpg,75,001.jpg,9,-0.1,0.05,口角がわずかに下がり、眉間にも軽い緊張が見られるため快よりやや不快寄りです。一方で表情全体の動きは小さく、強い興奮や活性は感じにくいため覚醒度は中立付近です。
../database/final_database/075/001.jpg,75,001.jpg,10,-0.25,0.1,口角がやや下がり、眉間に軽い緊張が見られるため不快寄りの表情です。一方で目や口の開きが小さく動きが少ないため、覚醒度は低め～中立程度です。
../database/final_database/075/002.jpg,75,002.jpg,1,-0.32,0.08,口角がやや下がり、眉間に軽いしわが見られるため不快寄りの表情です。一方で目の見開きや筋緊張は強くなく、覚醒度は低〜中程度に見えます。
../database/final_database/075/002.jpg,75,002.jpg,2,-0.35,0.15,眉間にしわが寄り、口元もやや下がっていて不快・困惑寄りの表情に見えます。一方で動きは強くなく、覚醒度は低〜中程度と判断しました。
../database/final_database/075/002.jpg,75,002.jpg,3,-0.35,0.15,口角が下がり気味で眉間にわずかな緊張があり、不快寄りの表情に見えます。一方で目の開きや表情筋の動きは強くなく、覚醒度は低〜中程度です。
../database/final_database/075/002.jpg,75,002.jpg,4,-0.15,0.1,口角がやや下がり、眉間にも軽い緊張が見られるため、わずかに不快寄りと判断しました。一方で表情の強さは弱く、覚醒度は低〜中程度です。
../database/final_database/075/002.jpg,75,002.jpg,5,-0.36,0.18,口角が下がり気味で眉間に軽い緊張があり、不快寄りの表情に見えます。一方で表情の強い動きは少なく、覚醒度は低〜中程度です。
../database/final_database/075/002.jpg,75,002.jpg,6,-0.35,0.15,口角がやや下がり、眉間にも軽い緊張が見られるため不快寄りに判断しました。一方で表情の強さは中程度で、興奮や強い緊張は少ないため覚醒度はやや低めです。
../database/final_database/075/002.jpg,75,002.jpg,7,-0.33,0.18,口角が下がり気味で目元もやや険しく、快より不快寄りの印象です。一方で表情の強い緊張や驚きは少なく、覚醒度は低〜中程度に見えます。
../database/final_database/075/002.jpg,75,002.jpg,8,-0.28,0.22,眉が寄り気味で口角もやや下がっており、快より不快寄りの表情に見えます。一方で目の開きは極端ではなく緊張感も強くないため、覚醒度は低～中程度と判断しました。
../database/final_database/075/002.jpg,75,002.jpg,9,-0.35,0.15,口角が下がり気味で眉間に軽い緊張があり、不快寄りの表情に見えます。一方で目の開きや表情筋の動きは強くなく、覚醒度は低〜中程度です。
../database/final_database/075/002.jpg,75,002.jpg,10,-0.32,0.18,口角がやや下がり、眉間に軽い緊張が見られるため不快寄りの表情です。一方で目の開きや表情筋の強い高ぶりは少なく、覚醒度は低～中程度と判断しました。
../database/final_database/075/003.jpg,75,003.jpg,1,0.05,-0.15,口角がわずかに上がりかけている一方、目が細く力の抜けた表情で、強い快・不快は感じにくい。全体として落ち着いており覚醒度も低めに見えるため。
../database/final_database/075/003.jpg,75,003.jpg,2,-0.28,0.12,目が細く眉がやや寄り、口元も緊張しているため不快寄りに見えます。一方で表情の強い高揚はなく、覚醒度はやや低めと判断しました。
../database/final_database/075/003.jpg,75,003.jpg,3,-0.35,0.2,眉がやや寄り、目が細く口元も緊張しており、快より不快寄りに見えます。一方で表情の強度は中程度で、強い興奮や沈静は感じにくいため覚醒度はやや低めです。
../database/final_database/075/003.jpg,75,003.jpg,4,-0.23,0.12,口元がやや引きつり、眉や目の緊張が見られるため快ではなく軽い不快寄りに判断しました。一方で大きな驚きや興奮はなく、覚醒度は低〜中程度です。
../database/final_database/075/003.jpg,75,003.jpg,5,-0.12,0.18,口角がやや下がり、目も細く不快・困惑寄りの表情に見えます。一方で表情の強さは中程度で、覚醒度はやや高めに留まります。
../database/final_database/075/003.jpg,75,003.jpg,6,-0.2,0.15,眉がやや寄り、目が細まり口角も下がり気味で、軽い不快・戸惑いが示唆されます。一方で表情の強度は高くなく、覚醒度はやや低〜中程度です。
../database/final_database/075/003.jpg,75,003.jpg,7,-0.15,0.25,目が細まり口角がやや下がっており、わずかな不快・困惑の表情に見えます。一方で表情の強度は高くなく、軽い緊張や注意程度の覚醒と判断しました。
../database/final_database/075/003.jpg,75,003.jpg,8,0.15,-0.1,目元が細く口角も大きく上がっておらず、軽い不快/困惑にも見えるが、強い否定感は少ないためやや快寄りにしました。表情変化が大きくなく落ち着いた印象なので覚醒度は低めです。
../database/final_database/075/003.jpg,75,003.jpg,9,0.1,-0.05,口角がわずかに上がり、全体として中立〜軽い快の表情に見えます。一方で目が細く力みが少ないため、覚醒度は低めと判断しました。
../database/final_database/075/003.jpg,75,003.jpg,10,0.12,0.18,口元がわずかに上がり、全体として中立〜軽い快の表情に見えます。一方で目が細く緊張感も少しあるため覚醒度は低〜中程度と判断しました。
../database/final_database/075/004.jpg,75,004.jpg,1,-0.35,0.45,目を強く細めて口元も引きつった表情で、不快・嫌悪や痛みを感じているように見えます。一方で顔の緊張が強く、情動の覚醒度はやや高めです。
../database/final_database/075/004.jpg,75,004.jpg,2,-0.34,0.62,眉間にしわが寄り目が強く細まり、口も緊張して開いているため不快・苦痛寄りの表情に見えます。一方で表情筋の収縮が強く、反応の強さから覚醒度は高めです。
../database/final_database/075/004.jpg,75,004.jpg,3,-0.55,0.35,目を強く細めて口角が下がり、眉間も寄っていて不快・嫌悪寄りの表情に見えます。一方で表情筋の緊張が強く、ある程度の覚醒（緊張・反応）が感じられます。
../database/final_database/075/004.jpg,75,004.jpg,4,-0.35,0.55,目を強く閉じて眉が寄り、口も緊張しているため不快寄りの表情に見えます。一方で顔全体の力みが強く、反応は比較的覚醒度が高いと判断しました。
../database/final_database/075/004.jpg,75,004.jpg,5,-0.55,0.5,目を強く閉じて口元が歪んでおり、苦痛・不快感の表情に見えます。表情の緊張が強く、覚醒度もやや高めです。
../database/final_database/075/004.jpg,75,004.jpg,6,-0.35,0.6,眉間にしわが寄り目を強く細め、口元も緊張しており不快・痛み/嫌悪寄りの表情に見えます。一方で顔全体の緊張が強く、覚醒度はやや高めと判断しました。
../database/final_database/075/004.jpg,75,004.jpg,7,-0.35,0.55,眉間にしわが寄り目を強くつぶって口角も下がっており、不快・痛みや嫌悪に近い表情です。口が開いて緊張が強く、覚醒度もやや高めに見えます。
../database/final_database/075/004.jpg,75,004.jpg,8,-0.42,0.55,眉間にしわが寄り目を強くつぶり、口元も緊張していて不快・痛み/嫌悪寄りの表情に見えます。一方で表情筋の収縮が強く、反応は覚醒度が高めです。
../database/final_database/075/004.jpg,75,004.jpg,9,-0.62,0.48,眉間にしわが寄り、目を強く閉じて口元も緊張しており不快・嫌悪や痛みを示す表情に見えます。一方で表情筋の収縮が強く、覚醒度は中程度に高いと判断しました。
../database/final_database/075/004.jpg,75,004.jpg,10,0.12,0.46,目を強く細め口が開いており、やや不快・緊張や努力が混じった表情に見えます。一方で表情筋の収縮が強く、覚醒度は中程度以上と判断しました。
../database/final_database/075/005.jpg,75,005.jpg,1,0.42,0.35,口角がやや上がり、目を細めた表情で軽い喜び・楽しさが感じられます。一方で動きは強くなく、覚醒度は中程度にとどまります。
../database/final_database/075/005.jpg,75,005.jpg,2,0.42,0.18,目が細まり口角がやや上がっており、軽い笑い・満足に近い快の表情に見えます。一方で動きは大きくなく落ち着いた印象のため、覚醒度は低めと判断しました。
../database/final_database/075/005.jpg,75,005.jpg,3,0.46,0.22,口角がやや上がり、表情全体として軽い笑い（快）に見える一方、目が細く開きが少ないため興奮度は高くなく落ち着いた状態に見えます。
../database/final_database/075/005.jpg,75,005.jpg,4,0.46,0.24,目が細く口角がやや上がっており、軽い笑い・楽しさの表情に見えるため快寄りです。一方で動きは大きくなく、興奮度は中程度なのでarousalはやや低めにしました。
../database/final_database/075/005.jpg,75,005.jpg,5,0.52,0.34,目が細く口角が上がり気味で、軽い笑い・楽しさが感じられる表情です。一方で動きは強くなく、興奮度は中程度に留まっています。
../database/final_database/075/005.jpg,75,005.jpg,6,0.52,0.34,口角が上がり気味で笑いに近い表情のため快（正のvalence）寄りです。一方で目が閉じ気味で表情筋の緊張は強くなく、覚醒度は中程度と判断しました。
../database/final_database/075/005.jpg,75,005.jpg,7,0.38,0.27,口角がやや上がり、表情全体は軽い微笑みに近く快寄りに見えます。目は細くリラックスしており強い緊張は感じないため、覚醒度はやや低めと判断しました。
../database/final_database/075/005.jpg,75,005.jpg,8,0.55,0.25,口角が上がり笑みの表情に見えるため快寄りのvalenceです。一方で目が閉じ気味で動きの強さは小さく、覚醒度はやや低めと判断しました。
../database/final_database/075/005.jpg,75,005.jpg,9,0.42,0.18,口角がやや上がり、苦痛や怒りよりも軽い快の表情に見えます。一方で目が閉じ気味で動きが小さく、強い興奮は感じにくいため覚醒度は低めです。
../database/final_database/075/005.jpg,75,005.jpg,10,0.62,0.38,目が細く口角が上がっており、笑いに近い快の表情に見えます。口が少し開いて発声しているようで、覚醒度は中程度と判断しました。
../database/final_database/075/006.jpg,75,006.jpg,1,-0.22,0.15,口角が下がり気味で眉間にわずかな緊張があり、不快寄り（ややネガティブ）に見えます。一方で表情の強い動きは少なく、覚醒度は低〜中程度です。
../database/final_database/075/006.jpg,75,006.jpg,2,-0.35,0.25,口角が下がり気味で眉間に軽い緊張があり、不快・不安寄りの表情に見えます。一方で目の開きは保たれており、強い沈静ではないため覚醒度はやや高めと判断しました。
../database/final_database/075/006.jpg,75,006.jpg,3,-0.35,0.1,口角が下がり気味で眉もやや寄っており、不快・不安寄りの表情に見えます。一方で目の開きや表情筋の緊張は強くなく、覚醒度は低〜中程度です。
../database/final_database/075/006.jpg,75,006.jpg,4,-0.3,0.2,眉が寄り、口角が下がって半開きで、やや不快・困惑の表情に見えます。一方で目の開きは大きくなく緊張は強くないため、覚醒度は低〜中程度と判断しました。
../database/final_database/075/006.jpg,75,006.jpg,5,-0.35,0.15,眉がやや寄り、口角が下がり気味で不快・困惑寄りの表情に見えます。一方で目の開きや表情筋の緊張は強くなく、覚醒度は低〜中程度です。
../database/final_database/075/006.jpg,75,006.jpg,6,-0.32,0.24,口角がやや下がり、眉も少し寄っていて不快・不安寄りの表情に見えます。一方で目は開いており緊張感があるため、覚醒度はやや高めと判断しました。
../database/final_database/075/006.jpg,75,006.jpg,7,-0.35,0.15,口角が下がり、眉間に軽い緊張が見られるため不快寄りの表情です。一方で目の開きや表情筋の緊張は強くなく、覚醒度はやや低めと判断しました。
../database/final_database/075/006.jpg,75,006.jpg,8,-0.32,0.18,口角が下がり気味で眉間にもわずかな緊張が見られ、不快寄りの表情に見えます。一方で目の見開きや筋緊張は強くなく、覚醒度はやや低〜中程度と判断しました。
../database/final_database/075/006.jpg,75,006.jpg,9,-0.35,0.1,口角が下がり気味で眉もやや寄っており、不快・不安寄りの表情に見えます。一方で表情の強い緊張や激しい驚きはなく、覚醒度は低〜中程度です。
../database/final_database/075/006.jpg,75,006.jpg,10,-0.35,0.25,口角が下がり、眉もわずかに寄っていて不快・不安寄りの表情に見えます。一方で目の開きは極端ではなく、強い興奮というより軽い覚醒レベルと判断しました。
../database/final_database/075/007.jpg,75,007.jpg,1,0.12,-0.28,目を閉じ口元がわずかに上がっており、全体として落ち着いた穏やかな表情に見えます。一方で表情の動きは小さく、覚醒度は低めと判断しました。
../database/final_database/075/007.jpg,75,007.jpg,2,0.15,-0.25,目は閉じ気味で口元も力が抜けており、全体として落ち着いた（低覚醒）表情に見えます。わずかに口角が上がっているため、快寄りのニュートラルと判断しました。
../database/final_database/075/007.jpg,75,007.jpg,3,0.12,-0.32,目を閉じて力が抜けた表情で、強い興奮や緊張は感じられません。口元はわずかに上がり気味で、全体としては軽い快寄りに見えます。
../database/final_database/075/007.jpg,75,007.jpg,4,0.15,-0.35,目は閉じ気味で表情筋の動きが少なく、落ち着いた（やや眠そうな）低覚醒の状態に見えます。口元はわずかに上がっており、強い不快感はなく軽い快方向と判断しました。
../database/final_database/075/007.jpg,75,007.jpg,5,0.25,-0.35,目を閉じて口元がわずかに緩んでおり、落ち着いた（やや快）表情に見えます。眉間の緊張は弱く、全体として覚醒度は低めです。
../database/final_database/075/007.jpg,75,007.jpg,6,0.1,-0.2,目を閉じて口元がわずかに上がっており、穏やかでやや快の表情に見えます。一方で表情の動きが小さくリラックスしているため覚醒度は低めです。
../database/final_database/075/007.jpg,75,007.jpg,7,0.18,-0.32,目を閉じて眉がやや寄り、口元も強い笑顔ではないため快は弱めに見えます。表情の動きが少なくリラックス寄りで、覚醒度は低めと判断しました。
../database/final_database/075/007.jpg,75,007.jpg,8,-0.12,-0.28,目を閉じて眉間にわずかな緊張があり、口元も強い笑顔ではないため快の度合いは小さめです。一方で表情全体は強い興奮や驚きがなく落ち着いて見えるため、覚醒度はやや低めと判断しました。
../database/final_database/075/007.jpg,75,007.jpg,9,0.1,-0.35,目を閉じて口元も強い笑顔ではなく、表情が落ち着いていて覚醒度は低めに見えます。口角はわずかに上がっており不快ではないため、valenceは軽く正寄りと判断します。
../database/final_database/075/007.jpg,75,007.jpg,10,-0.22,-0.35,目を閉じて眉間に軽いしわが寄り、口元もやや引き締まっているため不快寄りに見えます。動きや緊張感は強くなく、覚醒度は低めと判断しました。
../database/final_database/075/008.jpg,75,008.jpg,1,-0.18,-0.12,眉がやや寄り、口角が下がり気味で快より不快寄りの表情に見えます。目の開きや表情の強さが控えめで、覚醒度は低めと判断しました。
../database/final_database/075/008.jpg,75,008.jpg,2,-0.18,-0.1,眉がやや寄って目が細く、口角も上がりきらないため快よりは軽い不快寄りに見えます。表情の動きは小さく、興奮度は低めで落ち着いた状態に見えます。
../database/final_database/075/008.jpg,75,008.jpg,3,0.05,-0.1,口元はわずかに上がり、全体として中立〜軽い快の表情に見えます。目や眉の動きが小さく緊張感も低いため、覚醒度はやや低めと判断しました。
../database/final_database/075/008.jpg,75,008.jpg,4,0.1,-0.05,口元がわずかに上がっており大きな不快表情は見られないため、軽い快寄りのvalenceとしました。目や眉の動きが小さく表情の強度が低いので、arousalはほぼ中立でやや非覚醒寄りと判断しました。
../database/final_database/075/008.jpg,75,008.jpg,5,0.05,-0.15,口元はわずかに上がり、強い不快感は見られない一方、目元や眉の動きが小さく全体に落ち着いた表情です。緊張や興奮のサインが弱いため覚醒度はやや低めと判断しました。
../database/final_database/075/008.jpg,75,008.jpg,6,0.12,-0.18,口角がわずかに上がっている一方、眉や目元の緊張が少なく全体として落ち着いた表情に見えます。強い喜怒哀楽は感じられず、やや中立寄りの快・低覚醒と判断しました。
../database/final_database/075/008.jpg,75,008.jpg,7,0.18,-0.12,口角がわずかに上がり表情は軽く穏やかですが、目元は細く緊張や強い興奮は見られません。そのため快は弱めで、覚醒度も低めと判断しました。
../database/final_database/075/008.jpg,75,008.jpg,8,-0.15,-0.25,表情は口元がわずかに下がり、眉も少し寄っていて不快寄りに見えます。一方で目の開きや表情筋の緊張は強くなく、覚醒度は低めです。
../database/final_database/075/008.jpg,75,008.jpg,9,-0.1,-0.05,眉がやや寄り、口角も上がらず全体に不快寄りの中立表情に見えます。目の開きや表情筋の動きが小さく、覚醒度は低めです。
../database/final_database/075/008.jpg,75,008.jpg,10,0.05,-0.1,口元はわずかに上がっており中立〜軽い快の印象ですが、目元や眉の動きが小さく全体に落ち着いています。強い興奮や緊張は見られないため覚醒度は低めです。
../database/final_database/075/009.jpg,75,009.jpg,1,-0.38,0.12,眉がひそまり口角が下がり気味で、不快・不満そうな表情に見えます。一方で目や口の開きは大きくなく、強い興奮というより低～中程度の覚醒です。
../database/final_database/075/009.jpg,75,009.jpg,2,-0.35,0.25,眉が寄り気味で口角も下がり、やや不快・不満そうな表情に見えます。一方で目は大きく見開いておらず強い興奮は感じないため、覚醒度は低〜中程度と判断しました。
../database/final_database/075/009.jpg,75,009.jpg,3,-0.32,0.12,口角が下がり気味で眉間に軽いしわがあり、不快・困惑寄りに見えます。一方で表情の強度は強くなく、覚醒度は低〜中程度です。
../database/final_database/075/009.jpg,75,009.jpg,4,-0.62,0.18,眉が中央に寄り、口角が下がっていて不快・悲しみ/不満寄りの表情に見えます。一方で目の見開きや口の大きな開きが少なく、興奮度は低めです。
../database/final_database/075/009.jpg,75,009.jpg,5,-0.42,0.18,眉が寄り、口角が下がっているため不快寄り（悲しみ・不満）の表情に見えます。一方で動きや緊張感は強くなく、覚醒度は低〜中程度です。
../database/final_database/075/009.jpg,75,009.jpg,6,-0.35,0.25,眉が寄り気味で口元も下がっており、不快・困惑寄りの表情に見えます。一方で強い興奮や緊張は感じにくく、覚醒度はやや低めです。
../database/final_database/075/009.jpg,75,009.jpg,7,-0.35,0.15,眉が寄り気味で口角も下がっており、不快・困惑の表情に見えます。一方で目の開きや顔の緊張は強くなく、覚醒度は低〜中程度です。
../database/final_database/075/009.jpg,75,009.jpg,8,-0.35,0.25,眉が寄り、口元がわずかに下がっていて不快・困惑寄りの表情に見えます。一方で大きな驚きや興奮はなく、覚醒度は低〜中程度です。
../database/final_database/075/009.jpg,75,009.jpg,9,-0.35,0.2,眉間にしわが寄り口角が下がっており、不快・困惑寄りの表情に見えます。一方で動きは小さく、強い興奮や緊張は感じにくいため覚醒度は低めです。
../database/final_database/075/009.jpg,75,009.jpg,10,-0.32,0.18,口角が下がり眉間にやや緊張が見られ、快よりも不快寄りの表情です。一方で大きく目を見開くなど強い興奮はなく、覚醒度は低〜中程度に留まります。
../database/final_database/075/010.jpg,75,010.jpg,1,-0.25,0.15,口角がわずかに下がり、眉間に緊張が見られるためやや不快寄りの印象です。一方で表情の動きは強くなく、覚醒度は低〜中程度と判断しました。
../database/final_database/075/010.jpg,75,010.jpg,2,-0.18,0.12,目元が片方すぼまり、口元も強く笑っておらずやや不快・困惑寄りの表情に見えます。一方で表情の緊張は強すぎず、覚醒度は低〜中程度と判断しました。
../database/final_database/075/010.jpg,75,010.jpg,3,-0.22,0.1,眉間にしわが寄り、片目を細めたしかめ面でやや不快寄りに見えます。一方で口元の緊張は強すぎず、興奮度は低〜中程度と判断しました。
../database/final_database/075/010.jpg,75,010.jpg,4,-0.18,0.12,片目を細めて口角がやや下がっており、軽い不快感や戸惑いが示唆されます。表情の強度は高くなく、覚醒度は低～中程度に見えます。
../database/final_database/075/010.jpg,75,010.jpg,5,-0.18,0.12,片目をつぶり口角もやや下がっており、軽い不快感や困惑が示唆されます。一方で表情の動きは強くなく、覚醒度は低〜中程度にとどまります。
../database/final_database/075/010.jpg,75,010.jpg,6,-0.22,0.18,眉が寄って片目を細め、口角も下がり気味で不快・困惑寄りの表情に見えます。一方で大きな驚きや興奮はなく、覚醒度はやや低め～中程度です。
../database/final_database/075/010.jpg,75,010.jpg,7,-0.15,0.05,片目を細めて眉が寄り、口角も大きく上がっていないためやや不快寄りに見えます。一方で表情の緊張は強くなく、興奮度は低〜中程度です。
../database/final_database/075/010.jpg,75,010.jpg,8,-0.18,0.12,口角がわずかに下がり、眉間に力が入っていて不快寄りの表情に見えます。一方で表情の動きは強くなく、覚醒度はやや低め～中程度と判断しました。
../database/final_database/075/010.jpg,75,010.jpg,9,-0.15,0.1,口角がやや下がり、片目を強く閉じたしかめ面で軽い不快感が示唆されます。一方で動きは小さく、強い興奮や緊張は見られないため覚醒度は低めです。
../database/final_database/075/010.jpg,75,010.jpg,10,-0.12,0.08,片目を細めて眉間に軽い緊張があり、わずかに不快・困惑寄りに見えます。口元は大きく崩れておらず、覚醒度は低〜中程度です。
